solid CATIA STL
  facet normal -1.000000e+00  0.000000e+00  0.000000e+00
    outer loop
      vertex  8.750000e+01  4.050000e+01  5.000000e+00
      vertex  8.750000e+01 -4.050000e+01  5.000000e+00
      vertex  8.750000e+01 -2.799351e+01  1.601108e+01
    endloop
  endfacet
  facet normal -1.000000e+00  0.000000e+00  0.000000e+00
    outer loop
      vertex  8.750000e+01  4.050000e+01  5.000000e+00
      vertex  8.750000e+01 -2.799351e+01  1.601108e+01
      vertex  8.750000e+01 -2.700649e+01  1.601108e+01
    endloop
  endfacet
  facet normal -1.000000e+00  0.000000e+00  0.000000e+00
    outer loop
      vertex  8.750000e+01  4.050000e+01  5.000000e+00
      vertex  8.750000e+01 -2.700649e+01  1.601108e+01
      vertex  8.750000e+01 -2.602343e+01  1.609955e+01
    endloop
  endfacet
  facet normal -1.000000e+00  0.000000e+00  0.000000e+00
    outer loop
      vertex  8.750000e+01  4.050000e+01  5.000000e+00
      vertex  8.750000e+01 -2.602343e+01  1.609955e+01
      vertex  8.750000e+01 -2.505227e+01  1.627579e+01
    endloop
  endfacet
  facet normal -1.000000e+00  0.000000e+00  0.000000e+00
    outer loop
      vertex  8.750000e+01  4.050000e+01  5.000000e+00
      vertex  8.750000e+01 -2.505227e+01  1.627579e+01
      vertex  8.750000e+01 -2.410081e+01  1.653838e+01
    endloop
  endfacet
  facet normal -1.000000e+00  0.000000e+00  0.000000e+00
    outer loop
      vertex  8.750000e+01  4.050000e+01  5.000000e+00
      vertex  8.750000e+01 -2.410081e+01  1.653838e+01
      vertex  8.750000e+01 -2.317673e+01  1.688519e+01
    endloop
  endfacet
  facet normal -1.000000e+00  0.000000e+00  0.000000e+00
    outer loop
      vertex  8.750000e+01  4.050000e+01  5.000000e+00
      vertex  8.750000e+01 -2.317673e+01  1.688519e+01
      vertex  8.750000e+01 -2.228745e+01  1.731345e+01
    endloop
  endfacet
  facet normal -9.999999e-01  0.000000e+00  0.000000e+00
    outer loop
      vertex  8.750000e+01  4.050000e+01  5.000000e+00
      vertex  8.750000e+01 -2.228745e+01  1.731345e+01
      vertex  8.750000e+01  4.050000e+01  5.000000e+01
    endloop
  endfacet
  facet normal -1.000000e+00  0.000000e+00  0.000000e+00
    outer loop
      vertex  8.750000e+01  4.050000e+01  5.000000e+01
      vertex  8.750000e+01 -2.228745e+01  1.731345e+01
      vertex  8.750000e+01 -2.144013e+01  1.781969e+01
    endloop
  endfacet
  facet normal -1.000000e+00  0.000000e+00  0.000000e+00
    outer loop
      vertex  8.750000e+01  4.050000e+01  5.000000e+01
      vertex  8.750000e+01 -2.144013e+01  1.781969e+01
      vertex  8.750000e+01 -2.064161e+01  1.839985e+01
    endloop
  endfacet
  facet normal -1.000000e+00  0.000000e+00  0.000000e+00
    outer loop
      vertex  8.750000e+01  4.050000e+01  5.000000e+01
      vertex  8.750000e+01 -2.064161e+01  1.839985e+01
      vertex  8.750000e+01 -1.989831e+01  1.904926e+01
    endloop
  endfacet
  facet normal -1.000000e+00  0.000000e+00  0.000000e+00
    outer loop
      vertex  8.750000e+01  4.050000e+01  5.000000e+01
      vertex  8.750000e+01 -1.989831e+01  1.904926e+01
      vertex  8.750000e+01 -1.921621e+01  1.976267e+01
    endloop
  endfacet
  facet normal -9.999999e-01  0.000000e+00  0.000000e+00
    outer loop
      vertex  8.750000e+01  4.050000e+01  5.000000e+01
      vertex  8.750000e+01 -1.921621e+01  1.976267e+01
      vertex  8.750000e+01 -1.860081e+01  2.053436e+01
    endloop
  endfacet
  facet normal -1.000000e+00  0.000000e+00  0.000000e+00
    outer loop
      vertex  8.750000e+01  4.050000e+01  5.000000e+01
      vertex  8.750000e+01 -1.860081e+01  2.053436e+01
      vertex  8.750000e+01 -1.805706e+01  2.135811e+01
    endloop
  endfacet
  facet normal -1.000000e+00  0.000000e+00  0.000000e+00
    outer loop
      vertex  8.750000e+01  4.050000e+01  5.000000e+01
      vertex  8.750000e+01 -1.805706e+01  2.135811e+01
      vertex  8.750000e+01 -1.758934e+01  2.222728e+01
    endloop
  endfacet
  facet normal -1.000000e+00  0.000000e+00  0.000000e+00
    outer loop
      vertex  8.750000e+01  4.050000e+01  5.000000e+01
      vertex  8.750000e+01 -1.758934e+01  2.222728e+01
      vertex  8.750000e+01 -1.720142e+01  2.313488e+01
    endloop
  endfacet
  facet normal -1.000000e+00  0.000000e+00  0.000000e+00
    outer loop
      vertex  8.750000e+01  4.050000e+01  5.000000e+01
      vertex  8.750000e+01 -1.720142e+01  2.313488e+01
      vertex  8.750000e+01 -1.689641e+01  2.407360e+01
    endloop
  endfacet
  facet normal -9.999999e-01  0.000000e+00  0.000000e+00
    outer loop
      vertex  8.750000e+01  4.050000e+01  5.000000e+01
      vertex  8.750000e+01 -1.689641e+01  2.407360e+01
      vertex  8.750000e+01 -1.667677e+01  2.503587e+01
    endloop
  endfacet
  facet normal -1.000000e+00  0.000000e+00  0.000000e+00
    outer loop
      vertex  8.750000e+01  4.050000e+01  5.000000e+01
      vertex  8.750000e+01 -1.667677e+01  2.503587e+01
      vertex  8.750000e+01 -1.654428e+01  2.601397e+01
    endloop
  endfacet
  facet normal -1.000000e+00  0.000000e+00  0.000000e+00
    outer loop
      vertex  8.750000e+01  4.050000e+01  5.000000e+01
      vertex  8.750000e+01 -1.654428e+01  2.601397e+01
      vertex  8.750000e+01 -1.650000e+01  2.700000e+01
    endloop
  endfacet
  facet normal -1.000000e+00  0.000000e+00  0.000000e+00
    outer loop
      vertex  8.750000e+01  4.050000e+01  5.000000e+01
      vertex  8.750000e+01 -1.650000e+01  2.700000e+01
      vertex  8.750000e+01 -1.654428e+01  2.798603e+01
    endloop
  endfacet
  facet normal -1.000000e+00  0.000000e+00  0.000000e+00
    outer loop
      vertex  8.750000e+01  4.050000e+01  5.000000e+01
      vertex  8.750000e+01 -1.654428e+01  2.798603e+01
      vertex  8.750000e+01 -1.667677e+01  2.896413e+01
    endloop
  endfacet
  facet normal -1.000000e+00  0.000000e+00  0.000000e+00
    outer loop
      vertex  8.750000e+01  4.050000e+01  5.000000e+01
      vertex  8.750000e+01 -1.667677e+01  2.896413e+01
      vertex  8.750000e+01 -1.689641e+01  2.992640e+01
    endloop
  endfacet
  facet normal -1.000000e+00  0.000000e+00  0.000000e+00
    outer loop
      vertex  8.750000e+01  4.050000e+01  5.000000e+01
      vertex  8.750000e+01 -1.689641e+01  2.992640e+01
      vertex  8.750000e+01 -1.720142e+01  3.086512e+01
    endloop
  endfacet
  facet normal -1.000000e+00  0.000000e+00  0.000000e+00
    outer loop
      vertex  8.750000e+01  4.050000e+01  5.000000e+01
      vertex  8.750000e+01 -1.720142e+01  3.086512e+01
      vertex  8.750000e+01 -1.758934e+01  3.177272e+01
    endloop
  endfacet
  facet normal -1.000000e+00  0.000000e+00  0.000000e+00
    outer loop
      vertex  8.750000e+01  4.050000e+01  5.000000e+01
      vertex  8.750000e+01 -1.758934e+01  3.177272e+01
      vertex  8.750000e+01 -1.805706e+01  3.264189e+01
    endloop
  endfacet
  facet normal -1.000000e+00  0.000000e+00  0.000000e+00
    outer loop
      vertex  8.750000e+01  4.050000e+01  5.000000e+01
      vertex  8.750000e+01 -1.805706e+01  3.264189e+01
      vertex  8.750000e+01 -1.860081e+01  3.346564e+01
    endloop
  endfacet
  facet normal -1.000000e+00  0.000000e+00  0.000000e+00
    outer loop
      vertex  8.750000e+01  4.050000e+01  5.000000e+01
      vertex  8.750000e+01 -1.860081e+01  3.346564e+01
      vertex  8.750000e+01 -1.921621e+01  3.423733e+01
    endloop
  endfacet
  facet normal -9.999999e-01  0.000000e+00  0.000000e+00
    outer loop
      vertex  8.750000e+01  4.050000e+01  5.000000e+01
      vertex  8.750000e+01 -1.921621e+01  3.423733e+01
      vertex  8.750000e+01 -1.989831e+01  3.495074e+01
    endloop
  endfacet
  facet normal -1.000000e+00  0.000000e+00  0.000000e+00
    outer loop
      vertex  8.750000e+01  4.050000e+01  5.000000e+01
      vertex  8.750000e+01 -1.989831e+01  3.495074e+01
      vertex  8.750000e+01 -2.064161e+01  3.560015e+01
    endloop
  endfacet
  facet normal -1.000000e+00  0.000000e+00  0.000000e+00
    outer loop
      vertex  8.750000e+01  4.050000e+01  5.000000e+01
      vertex  8.750000e+01 -2.064161e+01  3.560015e+01
      vertex  8.750000e+01 -2.144013e+01  3.618031e+01
    endloop
  endfacet
  facet normal -1.000000e+00  0.000000e+00  0.000000e+00
    outer loop
      vertex  8.750000e+01  4.050000e+01  5.000000e+01
      vertex  8.750000e+01 -2.144013e+01  3.618031e+01
      vertex  8.750000e+01 -2.228745e+01  3.668655e+01
    endloop
  endfacet
  facet normal -1.000000e+00  0.000000e+00  0.000000e+00
    outer loop
      vertex  8.750000e+01  4.050000e+01  5.000000e+01
      vertex  8.750000e+01 -2.228745e+01  3.668655e+01
      vertex  8.750000e+01 -2.317673e+01  3.711481e+01
    endloop
  endfacet
  facet normal -1.000000e+00  0.000000e+00  0.000000e+00
    outer loop
      vertex  8.750000e+01  4.050000e+01  5.000000e+01
      vertex  8.750000e+01 -2.317673e+01  3.711481e+01
      vertex  8.750000e+01 -2.410081e+01  3.746162e+01
    endloop
  endfacet
  facet normal -9.999999e-01  0.000000e+00  0.000000e+00
    outer loop
      vertex  8.750000e+01  4.050000e+01  5.000000e+01
      vertex  8.750000e+01 -2.410081e+01  3.746162e+01
      vertex  8.750000e+01 -2.505227e+01  3.772421e+01
    endloop
  endfacet
  facet normal -1.000000e+00  0.000000e+00  0.000000e+00
    outer loop
      vertex  8.750000e+01  4.050000e+01  5.000000e+01
      vertex  8.750000e+01 -2.505227e+01  3.772421e+01
      vertex  8.750000e+01 -2.602343e+01  3.790045e+01
    endloop
  endfacet
  facet normal -1.000000e+00  0.000000e+00  0.000000e+00
    outer loop
      vertex  8.750000e+01  4.050000e+01  5.000000e+01
      vertex  8.750000e+01 -2.602343e+01  3.790045e+01
      vertex  8.750000e+01 -2.700649e+01  3.798892e+01
    endloop
  endfacet
  facet normal -1.000000e+00  0.000000e+00  0.000000e+00
    outer loop
      vertex  8.750000e+01  4.050000e+01  5.000000e+01
      vertex  8.750000e+01 -2.700649e+01  3.798892e+01
      vertex  8.750000e+01 -2.799351e+01  3.798892e+01
    endloop
  endfacet
  facet normal -1.000000e+00  0.000000e+00  0.000000e+00
    outer loop
      vertex  8.750000e+01  4.050000e+01  5.000000e+01
      vertex  8.750000e+01 -2.799351e+01  3.798892e+01
      vertex  8.750000e+01 -4.050000e+01  5.000000e+01
    endloop
  endfacet
  facet normal -1.000000e+00  -0.000000e+00  0.000000e+00
    outer loop
      vertex  8.750000e+01 -4.050000e+01  5.000000e+01
      vertex  8.750000e+01 -2.799351e+01  3.798892e+01
      vertex  8.750000e+01 -2.897657e+01  3.790045e+01
    endloop
  endfacet
  facet normal -1.000000e+00  -0.000000e+00  0.000000e+00
    outer loop
      vertex  8.750000e+01 -4.050000e+01  5.000000e+01
      vertex  8.750000e+01 -2.897657e+01  3.790045e+01
      vertex  8.750000e+01 -2.994773e+01  3.772421e+01
    endloop
  endfacet
  facet normal -1.000000e+00  -0.000000e+00  0.000000e+00
    outer loop
      vertex  8.750000e+01 -4.050000e+01  5.000000e+01
      vertex  8.750000e+01 -2.994773e+01  3.772421e+01
      vertex  8.750000e+01 -3.089919e+01  3.746162e+01
    endloop
  endfacet
  facet normal -1.000000e+00  -0.000000e+00  0.000000e+00
    outer loop
      vertex  8.750000e+01 -4.050000e+01  5.000000e+01
      vertex  8.750000e+01 -3.089919e+01  3.746162e+01
      vertex  8.750000e+01 -3.182327e+01  3.711481e+01
    endloop
  endfacet
  facet normal -1.000000e+00  -0.000000e+00  0.000000e+00
    outer loop
      vertex  8.750000e+01 -4.050000e+01  5.000000e+01
      vertex  8.750000e+01 -3.182327e+01  3.711481e+01
      vertex  8.750000e+01 -3.271255e+01  3.668655e+01
    endloop
  endfacet
  facet normal -1.000000e+00  -0.000000e+00  0.000000e+00
    outer loop
      vertex  8.750000e+01 -4.050000e+01  5.000000e+01
      vertex  8.750000e+01 -3.271255e+01  3.668655e+01
      vertex  8.750000e+01 -3.355987e+01  3.618031e+01
    endloop
  endfacet
  facet normal -1.000000e+00  -0.000000e+00  0.000000e+00
    outer loop
      vertex  8.750000e+01 -4.050000e+01  5.000000e+01
      vertex  8.750000e+01 -3.355987e+01  3.618031e+01
      vertex  8.750000e+01 -3.435839e+01  3.560015e+01
    endloop
  endfacet
  facet normal -1.000000e+00  -0.000000e+00  0.000000e+00
    outer loop
      vertex  8.750000e+01 -4.050000e+01  5.000000e+01
      vertex  8.750000e+01 -3.435839e+01  3.560015e+01
      vertex  8.750000e+01 -3.510169e+01  3.495074e+01
    endloop
  endfacet
  facet normal -9.999999e-01  -0.000000e+00  0.000000e+00
    outer loop
      vertex  8.750000e+01 -4.050000e+01  5.000000e+01
      vertex  8.750000e+01 -3.510169e+01  3.495074e+01
      vertex  8.750000e+01 -3.578379e+01  3.423733e+01
    endloop
  endfacet
  facet normal -1.000000e+00  -0.000000e+00  0.000000e+00
    outer loop
      vertex  8.750000e+01 -4.050000e+01  5.000000e+01
      vertex  8.750000e+01 -3.578379e+01  3.423733e+01
      vertex  8.750000e+01 -3.639919e+01  3.346564e+01
    endloop
  endfacet
  facet normal -9.999999e-01  -0.000000e+00  0.000000e+00
    outer loop
      vertex  8.750000e+01 -4.050000e+01  5.000000e+01
      vertex  8.750000e+01 -3.639919e+01  3.346564e+01
      vertex  8.750000e+01 -3.694294e+01  3.264189e+01
    endloop
  endfacet
  facet normal -1.000000e+00  -0.000000e+00  0.000000e+00
    outer loop
      vertex  8.750000e+01 -4.050000e+01  5.000000e+01
      vertex  8.750000e+01 -3.694294e+01  3.264189e+01
      vertex  8.750000e+01 -3.741066e+01  3.177272e+01
    endloop
  endfacet
  facet normal -1.000000e+00  -0.000000e+00  0.000000e+00
    outer loop
      vertex  8.750000e+01 -4.050000e+01  5.000000e+01
      vertex  8.750000e+01 -3.741066e+01  3.177272e+01
      vertex  8.750000e+01 -3.779858e+01  3.086512e+01
    endloop
  endfacet
  facet normal -1.000000e+00  -0.000000e+00  0.000000e+00
    outer loop
      vertex  8.750000e+01 -4.050000e+01  5.000000e+01
      vertex  8.750000e+01 -3.779858e+01  3.086512e+01
      vertex  8.750000e+01 -3.810359e+01  2.992640e+01
    endloop
  endfacet
  facet normal -1.000000e+00  -0.000000e+00  0.000000e+00
    outer loop
      vertex  8.750000e+01 -4.050000e+01  5.000000e+01
      vertex  8.750000e+01 -3.810359e+01  2.992640e+01
      vertex  8.750000e+01 -3.832323e+01  2.896413e+01
    endloop
  endfacet
  facet normal -1.000000e+00  -0.000000e+00  0.000000e+00
    outer loop
      vertex  8.750000e+01 -4.050000e+01  5.000000e+01
      vertex  8.750000e+01 -3.832323e+01  2.896413e+01
      vertex  8.750000e+01 -3.845572e+01  2.798603e+01
    endloop
  endfacet
  facet normal -1.000000e+00  -0.000000e+00  0.000000e+00
    outer loop
      vertex  8.750000e+01 -4.050000e+01  5.000000e+01
      vertex  8.750000e+01 -3.845572e+01  2.798603e+01
      vertex  8.750000e+01 -3.850000e+01  2.700000e+01
    endloop
  endfacet
  facet normal -1.000000e+00  -0.000000e+00  0.000000e+00
    outer loop
      vertex  8.750000e+01 -4.050000e+01  5.000000e+01
      vertex  8.750000e+01 -3.850000e+01  2.700000e+01
      vertex  8.750000e+01 -4.050000e+01  5.000000e+00
    endloop
  endfacet
  facet normal -1.000000e+00  0.000000e+00  -0.000000e+00
    outer loop
      vertex  8.750000e+01 -4.050000e+01  5.000000e+00
      vertex  8.750000e+01 -3.850000e+01  2.700000e+01
      vertex  8.750000e+01 -3.845572e+01  2.601397e+01
    endloop
  endfacet
  facet normal -1.000000e+00  0.000000e+00  -0.000000e+00
    outer loop
      vertex  8.750000e+01 -4.050000e+01  5.000000e+00
      vertex  8.750000e+01 -3.845572e+01  2.601397e+01
      vertex  8.750000e+01 -3.832323e+01  2.503587e+01
    endloop
  endfacet
  facet normal -1.000000e+00  0.000000e+00  -0.000000e+00
    outer loop
      vertex  8.750000e+01 -4.050000e+01  5.000000e+00
      vertex  8.750000e+01 -3.832323e+01  2.503587e+01
      vertex  8.750000e+01 -3.810359e+01  2.407360e+01
    endloop
  endfacet
  facet normal -1.000000e+00  0.000000e+00  -0.000000e+00
    outer loop
      vertex  8.750000e+01 -4.050000e+01  5.000000e+00
      vertex  8.750000e+01 -3.810359e+01  2.407360e+01
      vertex  8.750000e+01 -3.779858e+01  2.313488e+01
    endloop
  endfacet
  facet normal -1.000000e+00  0.000000e+00  -0.000000e+00
    outer loop
      vertex  8.750000e+01 -4.050000e+01  5.000000e+00
      vertex  8.750000e+01 -3.779858e+01  2.313488e+01
      vertex  8.750000e+01 -3.741066e+01  2.222728e+01
    endloop
  endfacet
  facet normal -1.000000e+00  0.000000e+00  -0.000000e+00
    outer loop
      vertex  8.750000e+01 -4.050000e+01  5.000000e+00
      vertex  8.750000e+01 -3.741066e+01  2.222728e+01
      vertex  8.750000e+01 -3.694294e+01  2.135811e+01
    endloop
  endfacet
  facet normal -9.999999e-01  0.000000e+00  -0.000000e+00
    outer loop
      vertex  8.750000e+01 -4.050000e+01  5.000000e+00
      vertex  8.750000e+01 -3.694294e+01  2.135811e+01
      vertex  8.750000e+01 -3.639919e+01  2.053436e+01
    endloop
  endfacet
  facet normal -1.000000e+00  0.000000e+00  -0.000000e+00
    outer loop
      vertex  8.750000e+01 -4.050000e+01  5.000000e+00
      vertex  8.750000e+01 -3.639919e+01  2.053436e+01
      vertex  8.750000e+01 -3.578379e+01  1.976267e+01
    endloop
  endfacet
  facet normal -9.999999e-01  0.000000e+00  -0.000000e+00
    outer loop
      vertex  8.750000e+01 -4.050000e+01  5.000000e+00
      vertex  8.750000e+01 -3.578379e+01  1.976267e+01
      vertex  8.750000e+01 -3.510169e+01  1.904926e+01
    endloop
  endfacet
  facet normal -1.000000e+00  0.000000e+00  -0.000000e+00
    outer loop
      vertex  8.750000e+01 -4.050000e+01  5.000000e+00
      vertex  8.750000e+01 -3.510169e+01  1.904926e+01
      vertex  8.750000e+01 -3.435839e+01  1.839985e+01
    endloop
  endfacet
  facet normal -1.000000e+00  0.000000e+00  -0.000000e+00
    outer loop
      vertex  8.750000e+01 -4.050000e+01  5.000000e+00
      vertex  8.750000e+01 -3.435839e+01  1.839985e+01
      vertex  8.750000e+01 -3.355987e+01  1.781969e+01
    endloop
  endfacet
  facet normal -1.000000e+00  0.000000e+00  -0.000000e+00
    outer loop
      vertex  8.750000e+01 -4.050000e+01  5.000000e+00
      vertex  8.750000e+01 -3.355987e+01  1.781969e+01
      vertex  8.750000e+01 -3.271255e+01  1.731345e+01
    endloop
  endfacet
  facet normal -1.000000e+00  0.000000e+00  -0.000000e+00
    outer loop
      vertex  8.750000e+01 -4.050000e+01  5.000000e+00
      vertex  8.750000e+01 -3.271255e+01  1.731345e+01
      vertex  8.750000e+01 -3.182327e+01  1.688519e+01
    endloop
  endfacet
  facet normal -1.000000e+00  0.000000e+00  -0.000000e+00
    outer loop
      vertex  8.750000e+01 -4.050000e+01  5.000000e+00
      vertex  8.750000e+01 -3.182327e+01  1.688519e+01
      vertex  8.750000e+01 -3.089919e+01  1.653838e+01
    endloop
  endfacet
  facet normal -1.000000e+00  0.000000e+00  -0.000000e+00
    outer loop
      vertex  8.750000e+01 -4.050000e+01  5.000000e+00
      vertex  8.750000e+01 -3.089919e+01  1.653838e+01
      vertex  8.750000e+01 -2.994773e+01  1.627579e+01
    endloop
  endfacet
  facet normal -1.000000e+00  0.000000e+00  -0.000000e+00
    outer loop
      vertex  8.750000e+01 -4.050000e+01  5.000000e+00
      vertex  8.750000e+01 -2.994773e+01  1.627579e+01
      vertex  8.750000e+01 -2.897657e+01  1.609955e+01
    endloop
  endfacet
  facet normal -9.999999e-01  0.000000e+00  -0.000000e+00
    outer loop
      vertex  8.750000e+01 -4.050000e+01  5.000000e+00
      vertex  8.750000e+01 -2.897657e+01  1.609955e+01
      vertex  8.750000e+01 -2.799351e+01  1.601108e+01
    endloop
  endfacet
  facet normal  1.000000e+00  -0.000000e+00  0.000000e+00
    outer loop
      vertex  9.250000e+01  5.250000e+01  5.000000e+01
      vertex  9.250000e+01 -5.250000e+01  5.000000e+01
      vertex  9.250000e+01 -2.799351e+01  3.798892e+01
    endloop
  endfacet
  facet normal  1.000000e+00  0.000000e+00  0.000000e+00
    outer loop
      vertex  9.250000e+01  5.250000e+01  5.000000e+01
      vertex  9.250000e+01 -2.799351e+01  3.798892e+01
      vertex  9.250000e+01 -2.700649e+01  3.798892e+01
    endloop
  endfacet
  facet normal  9.999999e-01  -0.000000e+00  0.000000e+00
    outer loop
      vertex  9.250000e+01  5.250000e+01  5.000000e+01
      vertex  9.250000e+01 -2.700649e+01  3.798892e+01
      vertex  9.250000e+01 -2.602343e+01  3.790045e+01
    endloop
  endfacet
  facet normal  1.000000e+00  -0.000000e+00  0.000000e+00
    outer loop
      vertex  9.250000e+01  5.250000e+01  5.000000e+01
      vertex  9.250000e+01 -2.602343e+01  3.790045e+01
      vertex  9.250000e+01 -2.505227e+01  3.772421e+01
    endloop
  endfacet
  facet normal  1.000000e+00  -0.000000e+00  0.000000e+00
    outer loop
      vertex  9.250000e+01  5.250000e+01  5.000000e+01
      vertex  9.250000e+01 -2.505227e+01  3.772421e+01
      vertex  9.250000e+01 -2.410081e+01  3.746162e+01
    endloop
  endfacet
  facet normal  1.000000e+00  -0.000000e+00  0.000000e+00
    outer loop
      vertex  9.250000e+01  5.250000e+01  5.000000e+01
      vertex  9.250000e+01 -2.410081e+01  3.746162e+01
      vertex  9.250000e+01 -2.317673e+01  3.711481e+01
    endloop
  endfacet
  facet normal  1.000000e+00  -0.000000e+00  0.000000e+00
    outer loop
      vertex  9.250000e+01  5.250000e+01  5.000000e+01
      vertex  9.250000e+01 -2.317673e+01  3.711481e+01
      vertex  9.250000e+01 -2.228745e+01  3.668655e+01
    endloop
  endfacet
  facet normal  1.000000e+00  -0.000000e+00  0.000000e+00
    outer loop
      vertex  9.250000e+01  5.250000e+01  5.000000e+01
      vertex  9.250000e+01 -2.228745e+01  3.668655e+01
      vertex  9.250000e+01  5.250000e+01  0.000000e+00
    endloop
  endfacet
  facet normal  1.000000e+00  0.000000e+00  0.000000e+00
    outer loop
      vertex  9.250000e+01  5.250000e+01  0.000000e+00
      vertex  9.250000e+01 -2.228745e+01  3.668655e+01
      vertex  9.250000e+01 -2.144013e+01  3.618031e+01
    endloop
  endfacet
  facet normal  1.000000e+00  0.000000e+00  0.000000e+00
    outer loop
      vertex  9.250000e+01  5.250000e+01  0.000000e+00
      vertex  9.250000e+01 -2.144013e+01  3.618031e+01
      vertex  9.250000e+01 -2.064161e+01  3.560015e+01
    endloop
  endfacet
  facet normal  1.000000e+00  0.000000e+00  0.000000e+00
    outer loop
      vertex  9.250000e+01  5.250000e+01  0.000000e+00
      vertex  9.250000e+01 -2.064161e+01  3.560015e+01
      vertex  9.250000e+01 -1.989831e+01  3.495074e+01
    endloop
  endfacet
  facet normal  1.000000e+00  0.000000e+00  0.000000e+00
    outer loop
      vertex  9.250000e+01  5.250000e+01  0.000000e+00
      vertex  9.250000e+01 -1.989831e+01  3.495074e+01
      vertex  9.250000e+01 -1.921621e+01  3.423733e+01
    endloop
  endfacet
  facet normal  1.000000e+00  0.000000e+00  0.000000e+00
    outer loop
      vertex  9.250000e+01  5.250000e+01  0.000000e+00
      vertex  9.250000e+01 -1.921621e+01  3.423733e+01
      vertex  9.250000e+01 -1.860081e+01  3.346564e+01
    endloop
  endfacet
  facet normal  1.000000e+00  0.000000e+00  0.000000e+00
    outer loop
      vertex  9.250000e+01  5.250000e+01  0.000000e+00
      vertex  9.250000e+01 -1.860081e+01  3.346564e+01
      vertex  9.250000e+01 -1.805706e+01  3.264189e+01
    endloop
  endfacet
  facet normal  1.000000e+00  0.000000e+00  0.000000e+00
    outer loop
      vertex  9.250000e+01  5.250000e+01  0.000000e+00
      vertex  9.250000e+01 -1.805706e+01  3.264189e+01
      vertex  9.250000e+01 -1.758934e+01  3.177272e+01
    endloop
  endfacet
  facet normal  1.000000e+00  0.000000e+00  0.000000e+00
    outer loop
      vertex  9.250000e+01  5.250000e+01  0.000000e+00
      vertex  9.250000e+01 -1.758934e+01  3.177272e+01
      vertex  9.250000e+01 -1.720142e+01  3.086512e+01
    endloop
  endfacet
  facet normal  9.999999e-01  0.000000e+00  0.000000e+00
    outer loop
      vertex  9.250000e+01  5.250000e+01  0.000000e+00
      vertex  9.250000e+01 -1.720142e+01  3.086512e+01
      vertex  9.250000e+01 -1.689641e+01  2.992640e+01
    endloop
  endfacet
  facet normal  9.999999e-01  0.000000e+00  0.000000e+00
    outer loop
      vertex  9.250000e+01  5.250000e+01  0.000000e+00
      vertex  9.250000e+01 -1.689641e+01  2.992640e+01
      vertex  9.250000e+01 -1.667677e+01  2.896413e+01
    endloop
  endfacet
  facet normal  1.000000e+00  0.000000e+00  0.000000e+00
    outer loop
      vertex  9.250000e+01  5.250000e+01  0.000000e+00
      vertex  9.250000e+01 -1.667677e+01  2.896413e+01
      vertex  9.250000e+01 -1.654428e+01  2.798603e+01
    endloop
  endfacet
  facet normal  1.000000e+00  0.000000e+00  0.000000e+00
    outer loop
      vertex  9.250000e+01  5.250000e+01  0.000000e+00
      vertex  9.250000e+01 -1.654428e+01  2.798603e+01
      vertex  9.250000e+01 -1.650000e+01  2.700000e+01
    endloop
  endfacet
  facet normal  1.000000e+00  0.000000e+00  0.000000e+00
    outer loop
      vertex  9.250000e+01  5.250000e+01  0.000000e+00
      vertex  9.250000e+01 -1.650000e+01  2.700000e+01
      vertex  9.250000e+01 -1.654428e+01  2.601397e+01
    endloop
  endfacet
  facet normal  1.000000e+00  0.000000e+00  0.000000e+00
    outer loop
      vertex  9.250000e+01  5.250000e+01  0.000000e+00
      vertex  9.250000e+01 -1.654428e+01  2.601397e+01
      vertex  9.250000e+01 -1.667677e+01  2.503587e+01
    endloop
  endfacet
  facet normal  1.000000e+00  0.000000e+00  0.000000e+00
    outer loop
      vertex  9.250000e+01  5.250000e+01  0.000000e+00
      vertex  9.250000e+01 -1.667677e+01  2.503587e+01
      vertex  9.250000e+01 -1.689641e+01  2.407360e+01
    endloop
  endfacet
  facet normal  1.000000e+00  0.000000e+00  0.000000e+00
    outer loop
      vertex  9.250000e+01  5.250000e+01  0.000000e+00
      vertex  9.250000e+01 -1.689641e+01  2.407360e+01
      vertex  9.250000e+01 -1.720142e+01  2.313488e+01
    endloop
  endfacet
  facet normal  1.000000e+00  0.000000e+00  0.000000e+00
    outer loop
      vertex  9.250000e+01  5.250000e+01  0.000000e+00
      vertex  9.250000e+01 -1.720142e+01  2.313488e+01
      vertex  9.250000e+01 -1.758934e+01  2.222728e+01
    endloop
  endfacet
  facet normal  1.000000e+00  0.000000e+00  0.000000e+00
    outer loop
      vertex  9.250000e+01  5.250000e+01  0.000000e+00
      vertex  9.250000e+01 -1.758934e+01  2.222728e+01
      vertex  9.250000e+01 -1.805706e+01  2.135811e+01
    endloop
  endfacet
  facet normal  1.000000e+00  0.000000e+00  0.000000e+00
    outer loop
      vertex  9.250000e+01  5.250000e+01  0.000000e+00
      vertex  9.250000e+01 -1.805706e+01  2.135811e+01
      vertex  9.250000e+01 -1.860081e+01  2.053436e+01
    endloop
  endfacet
  facet normal  1.000000e+00  0.000000e+00  0.000000e+00
    outer loop
      vertex  9.250000e+01  5.250000e+01  0.000000e+00
      vertex  9.250000e+01 -1.860081e+01  2.053436e+01
      vertex  9.250000e+01 -1.921621e+01  1.976267e+01
    endloop
  endfacet
  facet normal  1.000000e+00  0.000000e+00  0.000000e+00
    outer loop
      vertex  9.250000e+01  5.250000e+01  0.000000e+00
      vertex  9.250000e+01 -1.921621e+01  1.976267e+01
      vertex  9.250000e+01 -1.989831e+01  1.904926e+01
    endloop
  endfacet
  facet normal  9.999999e-01  0.000000e+00  0.000000e+00
    outer loop
      vertex  9.250000e+01  5.250000e+01  0.000000e+00
      vertex  9.250000e+01 -1.989831e+01  1.904926e+01
      vertex  9.250000e+01 -2.064161e+01  1.839985e+01
    endloop
  endfacet
  facet normal  1.000000e+00  0.000000e+00  0.000000e+00
    outer loop
      vertex  9.250000e+01  5.250000e+01  0.000000e+00
      vertex  9.250000e+01 -2.064161e+01  1.839985e+01
      vertex  9.250000e+01 -2.144013e+01  1.781969e+01
    endloop
  endfacet
  facet normal  1.000000e+00  0.000000e+00  0.000000e+00
    outer loop
      vertex  9.250000e+01  5.250000e+01  0.000000e+00
      vertex  9.250000e+01 -2.144013e+01  1.781969e+01
      vertex  9.250000e+01 -2.228745e+01  1.731345e+01
    endloop
  endfacet
  facet normal  1.000000e+00  0.000000e+00  0.000000e+00
    outer loop
      vertex  9.250000e+01  5.250000e+01  0.000000e+00
      vertex  9.250000e+01 -2.228745e+01  1.731345e+01
      vertex  9.250000e+01 -2.317673e+01  1.688519e+01
    endloop
  endfacet
  facet normal  1.000000e+00  0.000000e+00  0.000000e+00
    outer loop
      vertex  9.250000e+01  5.250000e+01  0.000000e+00
      vertex  9.250000e+01 -2.317673e+01  1.688519e+01
      vertex  9.250000e+01 -2.410081e+01  1.653838e+01
    endloop
  endfacet
  facet normal  1.000000e+00  0.000000e+00  0.000000e+00
    outer loop
      vertex  9.250000e+01  5.250000e+01  0.000000e+00
      vertex  9.250000e+01 -2.410081e+01  1.653838e+01
      vertex  9.250000e+01 -2.505227e+01  1.627579e+01
    endloop
  endfacet
  facet normal  9.999999e-01  0.000000e+00  0.000000e+00
    outer loop
      vertex  9.250000e+01  5.250000e+01  0.000000e+00
      vertex  9.250000e+01 -2.505227e+01  1.627579e+01
      vertex  9.250000e+01 -2.602343e+01  1.609955e+01
    endloop
  endfacet
  facet normal  1.000000e+00  0.000000e+00  0.000000e+00
    outer loop
      vertex  9.250000e+01  5.250000e+01  0.000000e+00
      vertex  9.250000e+01 -2.602343e+01  1.609955e+01
      vertex  9.250000e+01 -2.700649e+01  1.601108e+01
    endloop
  endfacet
  facet normal  9.999999e-01  0.000000e+00  0.000000e+00
    outer loop
      vertex  9.250000e+01  5.250000e+01  0.000000e+00
      vertex  9.250000e+01 -2.700649e+01  1.601108e+01
      vertex  9.250000e+01 -2.799351e+01  1.601108e+01
    endloop
  endfacet
  facet normal  1.000000e+00  0.000000e+00  0.000000e+00
    outer loop
      vertex  9.250000e+01  5.250000e+01  0.000000e+00
      vertex  9.250000e+01 -2.799351e+01  1.601108e+01
      vertex  9.250000e+01 -5.250000e+01  0.000000e+00
    endloop
  endfacet
  facet normal  1.000000e+00  0.000000e+00  0.000000e+00
    outer loop
      vertex  9.250000e+01 -5.250000e+01  0.000000e+00
      vertex  9.250000e+01 -2.799351e+01  1.601108e+01
      vertex  9.250000e+01 -2.897657e+01  1.609955e+01
    endloop
  endfacet
  facet normal  1.000000e+00  0.000000e+00  0.000000e+00
    outer loop
      vertex  9.250000e+01 -5.250000e+01  0.000000e+00
      vertex  9.250000e+01 -2.897657e+01  1.609955e+01
      vertex  9.250000e+01 -2.994773e+01  1.627579e+01
    endloop
  endfacet
  facet normal  1.000000e+00  0.000000e+00  0.000000e+00
    outer loop
      vertex  9.250000e+01 -5.250000e+01  0.000000e+00
      vertex  9.250000e+01 -2.994773e+01  1.627579e+01
      vertex  9.250000e+01 -3.089919e+01  1.653838e+01
    endloop
  endfacet
  facet normal  1.000000e+00  0.000000e+00  0.000000e+00
    outer loop
      vertex  9.250000e+01 -5.250000e+01  0.000000e+00
      vertex  9.250000e+01 -3.089919e+01  1.653838e+01
      vertex  9.250000e+01 -3.182327e+01  1.688519e+01
    endloop
  endfacet
  facet normal  1.000000e+00  0.000000e+00  0.000000e+00
    outer loop
      vertex  9.250000e+01 -5.250000e+01  0.000000e+00
      vertex  9.250000e+01 -3.182327e+01  1.688519e+01
      vertex  9.250000e+01 -3.271255e+01  1.731345e+01
    endloop
  endfacet
  facet normal  1.000000e+00  0.000000e+00  0.000000e+00
    outer loop
      vertex  9.250000e+01 -5.250000e+01  0.000000e+00
      vertex  9.250000e+01 -3.271255e+01  1.731345e+01
      vertex  9.250000e+01 -3.355987e+01  1.781969e+01
    endloop
  endfacet
  facet normal  9.999999e-01  0.000000e+00  0.000000e+00
    outer loop
      vertex  9.250000e+01 -5.250000e+01  0.000000e+00
      vertex  9.250000e+01 -3.355987e+01  1.781969e+01
      vertex  9.250000e+01 -3.435839e+01  1.839985e+01
    endloop
  endfacet
  facet normal  1.000000e+00  0.000000e+00  0.000000e+00
    outer loop
      vertex  9.250000e+01 -5.250000e+01  0.000000e+00
      vertex  9.250000e+01 -3.435839e+01  1.839985e+01
      vertex  9.250000e+01 -3.510169e+01  1.904926e+01
    endloop
  endfacet
  facet normal  1.000000e+00  0.000000e+00  0.000000e+00
    outer loop
      vertex  9.250000e+01 -5.250000e+01  0.000000e+00
      vertex  9.250000e+01 -3.510169e+01  1.904926e+01
      vertex  9.250000e+01 -3.578379e+01  1.976267e+01
    endloop
  endfacet
  facet normal  1.000000e+00  0.000000e+00  0.000000e+00
    outer loop
      vertex  9.250000e+01 -5.250000e+01  0.000000e+00
      vertex  9.250000e+01 -3.578379e+01  1.976267e+01
      vertex  9.250000e+01 -3.639919e+01  2.053436e+01
    endloop
  endfacet
  facet normal  9.999999e-01  0.000000e+00  0.000000e+00
    outer loop
      vertex  9.250000e+01 -5.250000e+01  0.000000e+00
      vertex  9.250000e+01 -3.639919e+01  2.053436e+01
      vertex  9.250000e+01 -3.694294e+01  2.135811e+01
    endloop
  endfacet
  facet normal  9.999999e-01  0.000000e+00  0.000000e+00
    outer loop
      vertex  9.250000e+01 -5.250000e+01  0.000000e+00
      vertex  9.250000e+01 -3.694294e+01  2.135811e+01
      vertex  9.250000e+01 -3.741066e+01  2.222728e+01
    endloop
  endfacet
  facet normal  1.000000e+00  0.000000e+00  0.000000e+00
    outer loop
      vertex  9.250000e+01 -5.250000e+01  0.000000e+00
      vertex  9.250000e+01 -3.741066e+01  2.222728e+01
      vertex  9.250000e+01 -3.779858e+01  2.313488e+01
    endloop
  endfacet
  facet normal  1.000000e+00  0.000000e+00  0.000000e+00
    outer loop
      vertex  9.250000e+01 -5.250000e+01  0.000000e+00
      vertex  9.250000e+01 -3.779858e+01  2.313488e+01
      vertex  9.250000e+01 -3.810359e+01  2.407360e+01
    endloop
  endfacet
  facet normal  1.000000e+00  0.000000e+00  0.000000e+00
    outer loop
      vertex  9.250000e+01 -5.250000e+01  0.000000e+00
      vertex  9.250000e+01 -3.810359e+01  2.407360e+01
      vertex  9.250000e+01 -3.832323e+01  2.503587e+01
    endloop
  endfacet
  facet normal  1.000000e+00  0.000000e+00  0.000000e+00
    outer loop
      vertex  9.250000e+01 -5.250000e+01  0.000000e+00
      vertex  9.250000e+01 -3.832323e+01  2.503587e+01
      vertex  9.250000e+01 -3.845572e+01  2.601397e+01
    endloop
  endfacet
  facet normal  1.000000e+00  0.000000e+00  0.000000e+00
    outer loop
      vertex  9.250000e+01 -5.250000e+01  0.000000e+00
      vertex  9.250000e+01 -3.845572e+01  2.601397e+01
      vertex  9.250000e+01 -3.850000e+01  2.700000e+01
    endloop
  endfacet
  facet normal  1.000000e+00  0.000000e+00  0.000000e+00
    outer loop
      vertex  9.250000e+01 -5.250000e+01  0.000000e+00
      vertex  9.250000e+01 -3.850000e+01  2.700000e+01
      vertex  9.250000e+01 -5.250000e+01  5.000000e+01
    endloop
  endfacet
  facet normal  1.000000e+00  0.000000e+00  -0.000000e+00
    outer loop
      vertex  9.250000e+01 -5.250000e+01  5.000000e+01
      vertex  9.250000e+01 -3.850000e+01  2.700000e+01
      vertex  9.250000e+01 -3.845572e+01  2.798603e+01
    endloop
  endfacet
  facet normal  1.000000e+00  0.000000e+00  -0.000000e+00
    outer loop
      vertex  9.250000e+01 -5.250000e+01  5.000000e+01
      vertex  9.250000e+01 -3.845572e+01  2.798603e+01
      vertex  9.250000e+01 -3.832323e+01  2.896413e+01
    endloop
  endfacet
  facet normal  1.000000e+00  0.000000e+00  -0.000000e+00
    outer loop
      vertex  9.250000e+01 -5.250000e+01  5.000000e+01
      vertex  9.250000e+01 -3.832323e+01  2.896413e+01
      vertex  9.250000e+01 -3.810359e+01  2.992640e+01
    endloop
  endfacet
  facet normal  9.999999e-01  0.000000e+00  -0.000000e+00
    outer loop
      vertex  9.250000e+01 -5.250000e+01  5.000000e+01
      vertex  9.250000e+01 -3.810359e+01  2.992640e+01
      vertex  9.250000e+01 -3.779858e+01  3.086512e+01
    endloop
  endfacet
  facet normal  9.999999e-01  0.000000e+00  -0.000000e+00
    outer loop
      vertex  9.250000e+01 -5.250000e+01  5.000000e+01
      vertex  9.250000e+01 -3.779858e+01  3.086512e+01
      vertex  9.250000e+01 -3.741066e+01  3.177272e+01
    endloop
  endfacet
  facet normal  9.999999e-01  0.000000e+00  -0.000000e+00
    outer loop
      vertex  9.250000e+01 -5.250000e+01  5.000000e+01
      vertex  9.250000e+01 -3.741066e+01  3.177272e+01
      vertex  9.250000e+01 -3.694294e+01  3.264189e+01
    endloop
  endfacet
  facet normal  9.999999e-01  0.000000e+00  -0.000000e+00
    outer loop
      vertex  9.250000e+01 -5.250000e+01  5.000000e+01
      vertex  9.250000e+01 -3.694294e+01  3.264189e+01
      vertex  9.250000e+01 -3.639919e+01  3.346564e+01
    endloop
  endfacet
  facet normal  1.000000e+00  0.000000e+00  -0.000000e+00
    outer loop
      vertex  9.250000e+01 -5.250000e+01  5.000000e+01
      vertex  9.250000e+01 -3.639919e+01  3.346564e+01
      vertex  9.250000e+01 -3.578379e+01  3.423733e+01
    endloop
  endfacet
  facet normal  1.000000e+00  0.000000e+00  -0.000000e+00
    outer loop
      vertex  9.250000e+01 -5.250000e+01  5.000000e+01
      vertex  9.250000e+01 -3.578379e+01  3.423733e+01
      vertex  9.250000e+01 -3.510169e+01  3.495074e+01
    endloop
  endfacet
  facet normal  1.000000e+00  0.000000e+00  -0.000000e+00
    outer loop
      vertex  9.250000e+01 -5.250000e+01  5.000000e+01
      vertex  9.250000e+01 -3.510169e+01  3.495074e+01
      vertex  9.250000e+01 -3.435839e+01  3.560015e+01
    endloop
  endfacet
  facet normal  1.000000e+00  0.000000e+00  -0.000000e+00
    outer loop
      vertex  9.250000e+01 -5.250000e+01  5.000000e+01
      vertex  9.250000e+01 -3.435839e+01  3.560015e+01
      vertex  9.250000e+01 -3.355987e+01  3.618031e+01
    endloop
  endfacet
  facet normal  9.999999e-01  0.000000e+00  -0.000000e+00
    outer loop
      vertex  9.250000e+01 -5.250000e+01  5.000000e+01
      vertex  9.250000e+01 -3.355987e+01  3.618031e+01
      vertex  9.250000e+01 -3.271255e+01  3.668655e+01
    endloop
  endfacet
  facet normal  1.000000e+00  0.000000e+00  -0.000000e+00
    outer loop
      vertex  9.250000e+01 -5.250000e+01  5.000000e+01
      vertex  9.250000e+01 -3.271255e+01  3.668655e+01
      vertex  9.250000e+01 -3.182327e+01  3.711481e+01
    endloop
  endfacet
  facet normal  1.000000e+00  0.000000e+00  -0.000000e+00
    outer loop
      vertex  9.250000e+01 -5.250000e+01  5.000000e+01
      vertex  9.250000e+01 -3.182327e+01  3.711481e+01
      vertex  9.250000e+01 -3.089919e+01  3.746162e+01
    endloop
  endfacet
  facet normal  1.000000e+00  0.000000e+00  -0.000000e+00
    outer loop
      vertex  9.250000e+01 -5.250000e+01  5.000000e+01
      vertex  9.250000e+01 -3.089919e+01  3.746162e+01
      vertex  9.250000e+01 -2.994773e+01  3.772421e+01
    endloop
  endfacet
  facet normal  1.000000e+00  0.000000e+00  -0.000000e+00
    outer loop
      vertex  9.250000e+01 -5.250000e+01  5.000000e+01
      vertex  9.250000e+01 -2.994773e+01  3.772421e+01
      vertex  9.250000e+01 -2.897657e+01  3.790045e+01
    endloop
  endfacet
  facet normal  9.999999e-01  0.000000e+00  -0.000000e+00
    outer loop
      vertex  9.250000e+01 -5.250000e+01  5.000000e+01
      vertex  9.250000e+01 -2.897657e+01  3.790045e+01
      vertex  9.250000e+01 -2.799351e+01  3.798892e+01
    endloop
  endfacet
  facet normal  0.000000e+00  8.963718e-02 -9.959745e-01
    outer loop
      vertex  8.750000e+01 -2.799351e+01  3.798892e+01
      vertex  9.250000e+01 -2.897657e+01  3.790045e+01
      vertex  8.750000e+01 -2.897657e+01  3.790045e+01
    endloop
  endfacet
  facet normal  0.000000e+00  1.785555e-01 -9.839298e-01
    outer loop
      vertex  8.750000e+01 -2.897657e+01  3.790045e+01
      vertex  9.250000e+01 -2.897657e+01  3.790045e+01
      vertex  9.250000e+01 -2.994773e+01  3.772421e+01
    endloop
  endfacet
  facet normal  0.000000e+00  1.785555e-01 -9.839298e-01
    outer loop
      vertex  8.750000e+01 -2.897657e+01  3.790045e+01
      vertex  9.250000e+01 -2.994773e+01  3.772421e+01
      vertex  8.750000e+01 -2.994773e+01  3.772421e+01
    endloop
  endfacet
  facet normal  0.000000e+00  2.660400e-01 -9.639620e-01
    outer loop
      vertex  8.750000e+01 -2.994773e+01  3.772421e+01
      vertex  9.250000e+01 -2.994773e+01  3.772421e+01
      vertex  9.250000e+01 -3.089919e+01  3.746162e+01
    endloop
  endfacet
  facet normal  0.000000e+00  2.660400e-01 -9.639620e-01
    outer loop
      vertex  8.750000e+01 -2.994773e+01  3.772421e+01
      vertex  9.250000e+01 -3.089919e+01  3.746162e+01
      vertex  8.750000e+01 -3.089919e+01  3.746162e+01
    endloop
  endfacet
  facet normal  0.000000e+00  3.513725e-01 -9.362358e-01
    outer loop
      vertex  8.750000e+01 -3.089919e+01  3.746162e+01
      vertex  9.250000e+01 -3.089919e+01  3.746162e+01
      vertex  9.250000e+01 -3.182327e+01  3.711481e+01
    endloop
  endfacet
  facet normal  0.000000e+00  3.513725e-01 -9.362358e-01
    outer loop
      vertex  8.750000e+01 -3.089919e+01  3.746162e+01
      vertex  9.250000e+01 -3.182327e+01  3.711481e+01
      vertex  8.750000e+01 -3.182327e+01  3.711481e+01
    endloop
  endfacet
  facet normal  0.000000e+00  4.338855e-01 -9.009680e-01
    outer loop
      vertex  8.750000e+01 -3.182327e+01  3.711481e+01
      vertex  9.250000e+01 -3.182327e+01  3.711481e+01
      vertex  9.250000e+01 -3.271255e+01  3.668655e+01
    endloop
  endfacet
  facet normal  0.000000e+00  4.338855e-01 -9.009680e-01
    outer loop
      vertex  8.750000e+01 -3.182327e+01  3.711481e+01
      vertex  9.250000e+01 -3.271255e+01  3.668655e+01
      vertex  8.750000e+01 -3.271255e+01  3.668655e+01
    endloop
  endfacet
  facet normal  0.000000e+00  5.128983e-01 -8.584493e-01
    outer loop
      vertex  8.750000e+01 -3.271255e+01  3.668655e+01
      vertex  9.250000e+01 -3.271255e+01  3.668655e+01
      vertex  9.250000e+01 -3.355987e+01  3.618031e+01
    endloop
  endfacet
  facet normal  0.000000e+00  5.128983e-01 -8.584493e-01
    outer loop
      vertex  8.750000e+01 -3.271255e+01  3.668655e+01
      vertex  9.250000e+01 -3.355987e+01  3.618031e+01
      vertex  8.750000e+01 -3.355987e+01  3.618031e+01
    endloop
  endfacet
  facet normal  0.000000e+00  5.877854e-01 -8.090170e-01
    outer loop
      vertex  8.750000e+01 -3.355987e+01  3.618031e+01
      vertex  9.250000e+01 -3.355987e+01  3.618031e+01
      vertex  9.250000e+01 -3.435839e+01  3.560015e+01
    endloop
  endfacet
  facet normal  0.000000e+00  5.877854e-01 -8.090170e-01
    outer loop
      vertex  8.750000e+01 -3.355987e+01  3.618031e+01
      vertex  9.250000e+01 -3.435839e+01  3.560015e+01
      vertex  8.750000e+01 -3.435839e+01  3.560015e+01
    endloop
  endfacet
  facet normal  0.000000e+00  6.579386e-01 -7.530716e-01
    outer loop
      vertex  8.750000e+01 -3.435839e+01  3.560015e+01
      vertex  9.250000e+01 -3.435839e+01  3.560015e+01
      vertex  9.250000e+01 -3.510169e+01  3.495074e+01
    endloop
  endfacet
  facet normal  0.000000e+00  6.579386e-01 -7.530716e-01
    outer loop
      vertex  8.750000e+01 -3.435839e+01  3.560015e+01
      vertex  9.250000e+01 -3.510169e+01  3.495074e+01
      vertex  8.750000e+01 -3.510169e+01  3.495074e+01
    endloop
  endfacet
  facet normal  0.000000e+00  7.227939e-01 -6.910636e-01
    outer loop
      vertex  8.750000e+01 -3.510169e+01  3.495074e+01
      vertex  9.250000e+01 -3.510169e+01  3.495074e+01
      vertex  9.250000e+01 -3.578379e+01  3.423733e+01
    endloop
  endfacet
  facet normal  0.000000e+00  7.227939e-01 -6.910636e-01
    outer loop
      vertex  8.750000e+01 -3.510169e+01  3.495074e+01
      vertex  9.250000e+01 -3.578379e+01  3.423733e+01
      vertex  8.750000e+01 -3.578379e+01  3.423733e+01
    endloop
  endfacet
  facet normal  0.000000e+00  7.818335e-01 -6.234873e-01
    outer loop
      vertex  8.750000e+01 -3.578379e+01  3.423733e+01
      vertex  9.250000e+01 -3.578379e+01  3.423733e+01
      vertex  9.250000e+01 -3.639919e+01  3.346564e+01
    endloop
  endfacet
  facet normal  0.000000e+00  7.818335e-01 -6.234873e-01
    outer loop
      vertex  8.750000e+01 -3.578379e+01  3.423733e+01
      vertex  9.250000e+01 -3.639919e+01  3.346564e+01
      vertex  8.750000e+01 -3.639919e+01  3.346564e+01
    endloop
  endfacet
  facet normal  0.000000e+00  8.345728e-01 -5.508977e-01
    outer loop
      vertex  8.750000e+01 -3.639919e+01  3.346564e+01
      vertex  9.250000e+01 -3.639919e+01  3.346564e+01
      vertex  9.250000e+01 -3.694294e+01  3.264189e+01
    endloop
  endfacet
  facet normal  0.000000e+00  8.345728e-01 -5.508977e-01
    outer loop
      vertex  8.750000e+01 -3.639919e+01  3.346564e+01
      vertex  9.250000e+01 -3.694294e+01  3.264189e+01
      vertex  8.750000e+01 -3.694294e+01  3.264189e+01
    endloop
  endfacet
  facet normal  0.000000e+00  8.805959e-01 -4.738679e-01
    outer loop
      vertex  8.750000e+01 -3.694294e+01  3.264189e+01
      vertex  9.250000e+01 -3.694294e+01  3.264189e+01
      vertex  9.250000e+01 -3.741066e+01  3.177272e+01
    endloop
  endfacet
  facet normal  0.000000e+00  8.805959e-01 -4.738679e-01
    outer loop
      vertex  8.750000e+01 -3.694294e+01  3.264189e+01
      vertex  9.250000e+01 -3.741066e+01  3.177272e+01
      vertex  8.750000e+01 -3.741066e+01  3.177272e+01
    endloop
  endfacet
  facet normal  0.000000e+00  9.195269e-01 -3.930273e-01
    outer loop
      vertex  8.750000e+01 -3.741066e+01  3.177272e+01
      vertex  9.250000e+01 -3.741066e+01  3.177272e+01
      vertex  9.250000e+01 -3.779858e+01  3.086512e+01
    endloop
  endfacet
  facet normal  0.000000e+00  9.195269e-01 -3.930273e-01
    outer loop
      vertex  8.750000e+01 -3.741066e+01  3.177272e+01
      vertex  9.250000e+01 -3.779858e+01  3.086512e+01
      vertex  8.750000e+01 -3.779858e+01  3.086512e+01
    endloop
  endfacet
  facet normal  0.000000e+00  9.510566e-01 -3.090167e-01
    outer loop
      vertex  8.750000e+01 -3.779858e+01  3.086512e+01
      vertex  9.250000e+01 -3.779858e+01  3.086512e+01
      vertex  9.250000e+01 -3.810359e+01  2.992640e+01
    endloop
  endfacet
  facet normal  0.000000e+00  9.510566e-01 -3.090167e-01
    outer loop
      vertex  8.750000e+01 -3.779858e+01  3.086512e+01
      vertex  9.250000e+01 -3.810359e+01  2.992640e+01
      vertex  8.750000e+01 -3.810359e+01  2.992640e+01
    endloop
  endfacet
  facet normal  0.000000e+00  9.749276e-01 -2.225221e-01
    outer loop
      vertex  8.750000e+01 -3.810359e+01  2.992640e+01
      vertex  9.250000e+01 -3.810359e+01  2.992640e+01
      vertex  9.250000e+01 -3.832323e+01  2.896413e+01
    endloop
  endfacet
  facet normal  0.000000e+00  9.749276e-01 -2.225221e-01
    outer loop
      vertex  8.750000e+01 -3.810359e+01  2.992640e+01
      vertex  9.250000e+01 -3.832323e+01  2.896413e+01
      vertex  8.750000e+01 -3.832323e+01  2.896413e+01
    endloop
  endfacet
  facet normal  0.000000e+00  9.909497e-01 -1.342335e-01
    outer loop
      vertex  8.750000e+01 -3.832323e+01  2.896413e+01
      vertex  9.250000e+01 -3.832323e+01  2.896413e+01
      vertex  9.250000e+01 -3.845572e+01  2.798603e+01
    endloop
  endfacet
  facet normal  0.000000e+00  9.909497e-01 -1.342335e-01
    outer loop
      vertex  8.750000e+01 -3.832323e+01  2.896413e+01
      vertex  9.250000e+01 -3.845572e+01  2.798603e+01
      vertex  8.750000e+01 -3.845572e+01  2.798603e+01
    endloop
  endfacet
  facet normal  0.000000e+00  9.989932e-01 -4.486305e-02
    outer loop
      vertex  8.750000e+01 -3.845572e+01  2.798603e+01
      vertex  9.250000e+01 -3.845572e+01  2.798603e+01
      vertex  9.250000e+01 -3.850000e+01  2.700000e+01
    endloop
  endfacet
  facet normal  0.000000e+00  9.989932e-01 -4.486305e-02
    outer loop
      vertex  8.750000e+01 -3.845572e+01  2.798603e+01
      vertex  9.250000e+01 -3.850000e+01  2.700000e+01
      vertex  8.750000e+01 -3.850000e+01  2.700000e+01
    endloop
  endfacet
  facet normal  0.000000e+00  8.963718e-02 -9.959745e-01
    outer loop
      vertex  9.250000e+01 -2.897657e+01  3.790045e+01
      vertex  8.750000e+01 -2.799351e+01  3.798892e+01
      vertex  9.250000e+01 -2.799351e+01  3.798892e+01
    endloop
  endfacet
  facet normal  0.000000e+00  0.000000e+00 -1.000000e+00
    outer loop
      vertex  9.250000e+01 -2.799351e+01  3.798892e+01
      vertex  8.750000e+01 -2.799351e+01  3.798892e+01
      vertex  8.750000e+01 -2.700649e+01  3.798892e+01
    endloop
  endfacet
  facet normal  0.000000e+00  0.000000e+00 -1.000000e+00
    outer loop
      vertex  9.250000e+01 -2.799351e+01  3.798892e+01
      vertex  8.750000e+01 -2.700649e+01  3.798892e+01
      vertex  9.250000e+01 -2.700649e+01  3.798892e+01
    endloop
  endfacet
  facet normal  -0.000000e+00 -8.963718e-02 -9.959745e-01
    outer loop
      vertex  9.250000e+01 -2.700649e+01  3.798892e+01
      vertex  8.750000e+01 -2.700649e+01  3.798892e+01
      vertex  8.750000e+01 -2.602343e+01  3.790045e+01
    endloop
  endfacet
  facet normal  0.000000e+00 -8.963718e-02 -9.959745e-01
    outer loop
      vertex  9.250000e+01 -2.700649e+01  3.798892e+01
      vertex  8.750000e+01 -2.602343e+01  3.790045e+01
      vertex  9.250000e+01 -2.602343e+01  3.790045e+01
    endloop
  endfacet
  facet normal  -0.000000e+00 -1.785555e-01 -9.839298e-01
    outer loop
      vertex  9.250000e+01 -2.602343e+01  3.790045e+01
      vertex  8.750000e+01 -2.602343e+01  3.790045e+01
      vertex  8.750000e+01 -2.505227e+01  3.772421e+01
    endloop
  endfacet
  facet normal  0.000000e+00 -1.785555e-01 -9.839298e-01
    outer loop
      vertex  9.250000e+01 -2.602343e+01  3.790045e+01
      vertex  8.750000e+01 -2.505227e+01  3.772421e+01
      vertex  9.250000e+01 -2.505227e+01  3.772421e+01
    endloop
  endfacet
  facet normal  -0.000000e+00 -2.660400e-01 -9.639620e-01
    outer loop
      vertex  9.250000e+01 -2.505227e+01  3.772421e+01
      vertex  8.750000e+01 -2.505227e+01  3.772421e+01
      vertex  8.750000e+01 -2.410081e+01  3.746162e+01
    endloop
  endfacet
  facet normal  0.000000e+00 -2.660400e-01 -9.639620e-01
    outer loop
      vertex  9.250000e+01 -2.505227e+01  3.772421e+01
      vertex  8.750000e+01 -2.410081e+01  3.746162e+01
      vertex  9.250000e+01 -2.410081e+01  3.746162e+01
    endloop
  endfacet
  facet normal  -0.000000e+00 -3.513725e-01 -9.362358e-01
    outer loop
      vertex  9.250000e+01 -2.410081e+01  3.746162e+01
      vertex  8.750000e+01 -2.410081e+01  3.746162e+01
      vertex  8.750000e+01 -2.317673e+01  3.711481e+01
    endloop
  endfacet
  facet normal  0.000000e+00 -3.513725e-01 -9.362358e-01
    outer loop
      vertex  9.250000e+01 -2.410081e+01  3.746162e+01
      vertex  8.750000e+01 -2.317673e+01  3.711481e+01
      vertex  9.250000e+01 -2.317673e+01  3.711481e+01
    endloop
  endfacet
  facet normal  -0.000000e+00 -4.338855e-01 -9.009680e-01
    outer loop
      vertex  9.250000e+01 -2.317673e+01  3.711481e+01
      vertex  8.750000e+01 -2.317673e+01  3.711481e+01
      vertex  8.750000e+01 -2.228745e+01  3.668655e+01
    endloop
  endfacet
  facet normal  0.000000e+00 -4.338855e-01 -9.009680e-01
    outer loop
      vertex  9.250000e+01 -2.317673e+01  3.711481e+01
      vertex  8.750000e+01 -2.228745e+01  3.668655e+01
      vertex  9.250000e+01 -2.228745e+01  3.668655e+01
    endloop
  endfacet
  facet normal  -0.000000e+00 -5.128992e-01 -8.584489e-01
    outer loop
      vertex  9.250000e+01 -2.228745e+01  3.668655e+01
      vertex  8.750000e+01 -2.228745e+01  3.668655e+01
      vertex  8.750000e+01 -2.144013e+01  3.618031e+01
    endloop
  endfacet
  facet normal  0.000000e+00 -5.128992e-01 -8.584489e-01
    outer loop
      vertex  9.250000e+01 -2.228745e+01  3.668655e+01
      vertex  8.750000e+01 -2.144013e+01  3.618031e+01
      vertex  9.250000e+01 -2.144013e+01  3.618031e+01
    endloop
  endfacet
  facet normal  -0.000000e+00 -5.877844e-01 -8.090176e-01
    outer loop
      vertex  9.250000e+01 -2.144013e+01  3.618031e+01
      vertex  8.750000e+01 -2.144013e+01  3.618031e+01
      vertex  8.750000e+01 -2.064161e+01  3.560015e+01
    endloop
  endfacet
  facet normal  0.000000e+00 -5.877844e-01 -8.090176e-01
    outer loop
      vertex  9.250000e+01 -2.144013e+01  3.618031e+01
      vertex  8.750000e+01 -2.064161e+01  3.560015e+01
      vertex  9.250000e+01 -2.064161e+01  3.560015e+01
    endloop
  endfacet
  facet normal  -0.000000e+00 -6.579386e-01 -7.530716e-01
    outer loop
      vertex  9.250000e+01 -2.064161e+01  3.560015e+01
      vertex  8.750000e+01 -2.064161e+01  3.560015e+01
      vertex  8.750000e+01 -1.989831e+01  3.495074e+01
    endloop
  endfacet
  facet normal  0.000000e+00 -6.579386e-01 -7.530716e-01
    outer loop
      vertex  9.250000e+01 -2.064161e+01  3.560015e+01
      vertex  8.750000e+01 -1.989831e+01  3.495074e+01
      vertex  9.250000e+01 -1.989831e+01  3.495074e+01
    endloop
  endfacet
  facet normal  -0.000000e+00 -7.227939e-01 -6.910636e-01
    outer loop
      vertex  9.250000e+01 -1.989831e+01  3.495074e+01
      vertex  8.750000e+01 -1.989831e+01  3.495074e+01
      vertex  8.750000e+01 -1.921621e+01  3.423733e+01
    endloop
  endfacet
  facet normal  0.000000e+00 -7.227939e-01 -6.910636e-01
    outer loop
      vertex  9.250000e+01 -1.989831e+01  3.495074e+01
      vertex  8.750000e+01 -1.921621e+01  3.423733e+01
      vertex  9.250000e+01 -1.921621e+01  3.423733e+01
    endloop
  endfacet
  facet normal  -0.000000e+00 -7.818326e-01 -6.234884e-01
    outer loop
      vertex  9.250000e+01 -1.921621e+01  3.423733e+01
      vertex  8.750000e+01 -1.921621e+01  3.423733e+01
      vertex  8.750000e+01 -1.860081e+01  3.346564e+01
    endloop
  endfacet
  facet normal  0.000000e+00 -7.818326e-01 -6.234884e-01
    outer loop
      vertex  9.250000e+01 -1.921621e+01  3.423733e+01
      vertex  8.750000e+01 -1.860081e+01  3.346564e+01
      vertex  9.250000e+01 -1.860081e+01  3.346564e+01
    endloop
  endfacet
  facet normal  -0.000000e+00 -8.345737e-01 -5.508963e-01
    outer loop
      vertex  9.250000e+01 -1.860081e+01  3.346564e+01
      vertex  8.750000e+01 -1.860081e+01  3.346564e+01
      vertex  8.750000e+01 -1.805706e+01  3.264189e+01
    endloop
  endfacet
  facet normal  0.000000e+00 -8.345737e-01 -5.508963e-01
    outer loop
      vertex  9.250000e+01 -1.860081e+01  3.346564e+01
      vertex  8.750000e+01 -1.805706e+01  3.264189e+01
      vertex  9.250000e+01 -1.805706e+01  3.264189e+01
    endloop
  endfacet
  facet normal  -0.000000e+00 -8.805951e-01 -4.738694e-01
    outer loop
      vertex  9.250000e+01 -1.805706e+01  3.264189e+01
      vertex  8.750000e+01 -1.805706e+01  3.264189e+01
      vertex  8.750000e+01 -1.758934e+01  3.177272e+01
    endloop
  endfacet
  facet normal  0.000000e+00 -8.805951e-01 -4.738694e-01
    outer loop
      vertex  9.250000e+01 -1.805706e+01  3.264189e+01
      vertex  8.750000e+01 -1.758934e+01  3.177272e+01
      vertex  9.250000e+01 -1.758934e+01  3.177272e+01
    endloop
  endfacet
  facet normal  -0.000000e+00 -9.195275e-01 -3.930256e-01
    outer loop
      vertex  9.250000e+01 -1.758934e+01  3.177272e+01
      vertex  8.750000e+01 -1.758934e+01  3.177272e+01
      vertex  8.750000e+01 -1.720142e+01  3.086512e+01
    endloop
  endfacet
  facet normal  0.000000e+00 -9.195275e-01 -3.930256e-01
    outer loop
      vertex  9.250000e+01 -1.758934e+01  3.177272e+01
      vertex  8.750000e+01 -1.720142e+01  3.086512e+01
      vertex  9.250000e+01 -1.720142e+01  3.086512e+01
    endloop
  endfacet
  facet normal  -0.000000e+00 -9.510566e-01 -3.090167e-01
    outer loop
      vertex  9.250000e+01 -1.720142e+01  3.086512e+01
      vertex  8.750000e+01 -1.720142e+01  3.086512e+01
      vertex  8.750000e+01 -1.689641e+01  2.992640e+01
    endloop
  endfacet
  facet normal  0.000000e+00 -9.510566e-01 -3.090167e-01
    outer loop
      vertex  9.250000e+01 -1.720142e+01  3.086512e+01
      vertex  8.750000e+01 -1.689641e+01  2.992640e+01
      vertex  9.250000e+01 -1.689641e+01  2.992640e+01
    endloop
  endfacet
  facet normal  -0.000000e+00 -9.749281e-01 -2.225203e-01
    outer loop
      vertex  9.250000e+01 -1.689641e+01  2.992640e+01
      vertex  8.750000e+01 -1.689641e+01  2.992640e+01
      vertex  8.750000e+01 -1.667677e+01  2.896413e+01
    endloop
  endfacet
  facet normal  0.000000e+00 -9.749281e-01 -2.225203e-01
    outer loop
      vertex  9.250000e+01 -1.689641e+01  2.992640e+01
      vertex  8.750000e+01 -1.667677e+01  2.896413e+01
      vertex  9.250000e+01 -1.667677e+01  2.896413e+01
    endloop
  endfacet
  facet normal  -0.000000e+00 -9.909497e-01 -1.342335e-01
    outer loop
      vertex  9.250000e+01 -1.667677e+01  2.896413e+01
      vertex  8.750000e+01 -1.667677e+01  2.896413e+01
      vertex  8.750000e+01 -1.654428e+01  2.798603e+01
    endloop
  endfacet
  facet normal  0.000000e+00 -9.909497e-01 -1.342335e-01
    outer loop
      vertex  9.250000e+01 -1.667677e+01  2.896413e+01
      vertex  8.750000e+01 -1.654428e+01  2.798603e+01
      vertex  9.250000e+01 -1.654428e+01  2.798603e+01
    endloop
  endfacet
  facet normal  -0.000000e+00 -9.989930e-01 -4.486497e-02
    outer loop
      vertex  9.250000e+01 -1.654428e+01  2.798603e+01
      vertex  8.750000e+01 -1.654428e+01  2.798603e+01
      vertex  8.750000e+01 -1.650000e+01  2.700000e+01
    endloop
  endfacet
  facet normal  0.000000e+00 -9.989930e-01 -4.486497e-02
    outer loop
      vertex  9.250000e+01 -1.654428e+01  2.798603e+01
      vertex  8.750000e+01 -1.650000e+01  2.700000e+01
      vertex  9.250000e+01 -1.650000e+01  2.700000e+01
    endloop
  endfacet
  facet normal  0.000000e+00 -8.963910e-02  9.959742e-01
    outer loop
      vertex  8.750000e+01 -2.700649e+01  1.601108e+01
      vertex  9.250000e+01 -2.602343e+01  1.609955e+01
      vertex  8.750000e+01 -2.602343e+01  1.609955e+01
    endloop
  endfacet
  facet normal  0.000000e+00 -1.785574e-01  9.839295e-01
    outer loop
      vertex  8.750000e+01 -2.602343e+01  1.609955e+01
      vertex  9.250000e+01 -2.602343e+01  1.609955e+01
      vertex  9.250000e+01 -2.505227e+01  1.627579e+01
    endloop
  endfacet
  facet normal  0.000000e+00 -1.785574e-01  9.839295e-01
    outer loop
      vertex  8.750000e+01 -2.602343e+01  1.609955e+01
      vertex  9.250000e+01 -2.505227e+01  1.627579e+01
      vertex  8.750000e+01 -2.505227e+01  1.627579e+01
    endloop
  endfacet
  facet normal  0.000000e+00 -2.660364e-01  9.639630e-01
    outer loop
      vertex  8.750000e+01 -2.505227e+01  1.627579e+01
      vertex  9.250000e+01 -2.505227e+01  1.627579e+01
      vertex  9.250000e+01 -2.410081e+01  1.653838e+01
    endloop
  endfacet
  facet normal  0.000000e+00 -2.660364e-01  9.639630e-01
    outer loop
      vertex  8.750000e+01 -2.505227e+01  1.627579e+01
      vertex  9.250000e+01 -2.410081e+01  1.653838e+01
      vertex  8.750000e+01 -2.410081e+01  1.653838e+01
    endloop
  endfacet
  facet normal  0.000000e+00 -3.513758e-01  9.362345e-01
    outer loop
      vertex  8.750000e+01 -2.410081e+01  1.653838e+01
      vertex  9.250000e+01 -2.410081e+01  1.653838e+01
      vertex  9.250000e+01 -2.317673e+01  1.688519e+01
    endloop
  endfacet
  facet normal  0.000000e+00 -3.513758e-01  9.362345e-01
    outer loop
      vertex  8.750000e+01 -2.410081e+01  1.653838e+01
      vertex  9.250000e+01 -2.317673e+01  1.688519e+01
      vertex  8.750000e+01 -2.317673e+01  1.688519e+01
    endloop
  endfacet
  facet normal  0.000000e+00 -4.338840e-01  9.009688e-01
    outer loop
      vertex  8.750000e+01 -2.317673e+01  1.688519e+01
      vertex  9.250000e+01 -2.317673e+01  1.688519e+01
      vertex  9.250000e+01 -2.228745e+01  1.731345e+01
    endloop
  endfacet
  facet normal  0.000000e+00 -4.338840e-01  9.009688e-01
    outer loop
      vertex  8.750000e+01 -2.317673e+01  1.688519e+01
      vertex  9.250000e+01 -2.228745e+01  1.731345e+01
      vertex  8.750000e+01 -2.228745e+01  1.731345e+01
    endloop
  endfacet
  facet normal  0.000000e+00 -5.128992e-01  8.584489e-01
    outer loop
      vertex  8.750000e+01 -2.228745e+01  1.731345e+01
      vertex  9.250000e+01 -2.228745e+01  1.731345e+01
      vertex  9.250000e+01 -2.144013e+01  1.781969e+01
    endloop
  endfacet
  facet normal  0.000000e+00 -5.128992e-01  8.584489e-01
    outer loop
      vertex  8.750000e+01 -2.228745e+01  1.731345e+01
      vertex  9.250000e+01 -2.144013e+01  1.781969e+01
      vertex  8.750000e+01 -2.144013e+01  1.781969e+01
    endloop
  endfacet
  facet normal  0.000000e+00 -5.877844e-01  8.090176e-01
    outer loop
      vertex  8.750000e+01 -2.144013e+01  1.781969e+01
      vertex  9.250000e+01 -2.144013e+01  1.781969e+01
      vertex  9.250000e+01 -2.064161e+01  1.839985e+01
    endloop
  endfacet
  facet normal  0.000000e+00 -5.877844e-01  8.090176e-01
    outer loop
      vertex  8.750000e+01 -2.144013e+01  1.781969e+01
      vertex  9.250000e+01 -2.064161e+01  1.839985e+01
      vertex  8.750000e+01 -2.064161e+01  1.839985e+01
    endloop
  endfacet
  facet normal  0.000000e+00 -6.579397e-01  7.530707e-01
    outer loop
      vertex  8.750000e+01 -2.064161e+01  1.839985e+01
      vertex  9.250000e+01 -2.064161e+01  1.839985e+01
      vertex  9.250000e+01 -1.989831e+01  1.904926e+01
    endloop
  endfacet
  facet normal  0.000000e+00 -6.579397e-01  7.530707e-01
    outer loop
      vertex  8.750000e+01 -2.064161e+01  1.839985e+01
      vertex  9.250000e+01 -1.989831e+01  1.904926e+01
      vertex  8.750000e+01 -1.989831e+01  1.904926e+01
    endloop
  endfacet
  facet normal  0.000000e+00 -7.227939e-01  6.910636e-01
    outer loop
      vertex  8.750000e+01 -1.989831e+01  1.904926e+01
      vertex  9.250000e+01 -1.989831e+01  1.904926e+01
      vertex  9.250000e+01 -1.921621e+01  1.976267e+01
    endloop
  endfacet
  facet normal  0.000000e+00 -7.227939e-01  6.910636e-01
    outer loop
      vertex  8.750000e+01 -1.989831e+01  1.904926e+01
      vertex  9.250000e+01 -1.921621e+01  1.976267e+01
      vertex  8.750000e+01 -1.921621e+01  1.976267e+01
    endloop
  endfacet
  facet normal  0.000000e+00 -7.818319e-01  6.234894e-01
    outer loop
      vertex  8.750000e+01 -1.921621e+01  1.976267e+01
      vertex  9.250000e+01 -1.921621e+01  1.976267e+01
      vertex  9.250000e+01 -1.860081e+01  2.053436e+01
    endloop
  endfacet
  facet normal  0.000000e+00 -7.818319e-01  6.234894e-01
    outer loop
      vertex  8.750000e+01 -1.921621e+01  1.976267e+01
      vertex  9.250000e+01 -1.860081e+01  2.053436e+01
      vertex  8.750000e+01 -1.860081e+01  2.053436e+01
    endloop
  endfacet
  facet normal  0.000000e+00 -8.345737e-01  5.508963e-01
    outer loop
      vertex  8.750000e+01 -1.860081e+01  2.053436e+01
      vertex  9.250000e+01 -1.860081e+01  2.053436e+01
      vertex  9.250000e+01 -1.805706e+01  2.135811e+01
    endloop
  endfacet
  facet normal  0.000000e+00 -8.345737e-01  5.508963e-01
    outer loop
      vertex  8.750000e+01 -1.860081e+01  2.053436e+01
      vertex  9.250000e+01 -1.805706e+01  2.135811e+01
      vertex  8.750000e+01 -1.805706e+01  2.135811e+01
    endloop
  endfacet
  facet normal  0.000000e+00 -8.805951e-01  4.738694e-01
    outer loop
      vertex  8.750000e+01 -1.805706e+01  2.135811e+01
      vertex  9.250000e+01 -1.805706e+01  2.135811e+01
      vertex  9.250000e+01 -1.758934e+01  2.222728e+01
    endloop
  endfacet
  facet normal  0.000000e+00 -8.805951e-01  4.738694e-01
    outer loop
      vertex  8.750000e+01 -1.805706e+01  2.135811e+01
      vertex  9.250000e+01 -1.758934e+01  2.222728e+01
      vertex  8.750000e+01 -1.758934e+01  2.222728e+01
    endloop
  endfacet
  facet normal  0.000000e+00 -9.195275e-01  3.930256e-01
    outer loop
      vertex  8.750000e+01 -1.758934e+01  2.222728e+01
      vertex  9.250000e+01 -1.758934e+01  2.222728e+01
      vertex  9.250000e+01 -1.720142e+01  2.313488e+01
    endloop
  endfacet
  facet normal  0.000000e+00 -9.195275e-01  3.930256e-01
    outer loop
      vertex  8.750000e+01 -1.758934e+01  2.222728e+01
      vertex  9.250000e+01 -1.720142e+01  2.313488e+01
      vertex  8.750000e+01 -1.720142e+01  2.313488e+01
    endloop
  endfacet
  facet normal  0.000000e+00 -9.510566e-01  3.090167e-01
    outer loop
      vertex  8.750000e+01 -1.720142e+01  2.313488e+01
      vertex  9.250000e+01 -1.720142e+01  2.313488e+01
      vertex  9.250000e+01 -1.689641e+01  2.407360e+01
    endloop
  endfacet
  facet normal  0.000000e+00 -9.510566e-01  3.090167e-01
    outer loop
      vertex  8.750000e+01 -1.720142e+01  2.313488e+01
      vertex  9.250000e+01 -1.689641e+01  2.407360e+01
      vertex  8.750000e+01 -1.689641e+01  2.407360e+01
    endloop
  endfacet
  facet normal  0.000000e+00 -9.749281e-01  2.225203e-01
    outer loop
      vertex  8.750000e+01 -1.689641e+01  2.407360e+01
      vertex  9.250000e+01 -1.689641e+01  2.407360e+01
      vertex  9.250000e+01 -1.667677e+01  2.503587e+01
    endloop
  endfacet
  facet normal  0.000000e+00 -9.749281e-01  2.225203e-01
    outer loop
      vertex  8.750000e+01 -1.689641e+01  2.407360e+01
      vertex  9.250000e+01 -1.667677e+01  2.503587e+01
      vertex  8.750000e+01 -1.667677e+01  2.503587e+01
    endloop
  endfacet
  facet normal  0.000000e+00 -9.909497e-01  1.342335e-01
    outer loop
      vertex  8.750000e+01 -1.667677e+01  2.503587e+01
      vertex  9.250000e+01 -1.667677e+01  2.503587e+01
      vertex  9.250000e+01 -1.654428e+01  2.601397e+01
    endloop
  endfacet
  facet normal  0.000000e+00 -9.909497e-01  1.342335e-01
    outer loop
      vertex  8.750000e+01 -1.667677e+01  2.503587e+01
      vertex  9.250000e+01 -1.654428e+01  2.601397e+01
      vertex  8.750000e+01 -1.654428e+01  2.601397e+01
    endloop
  endfacet
  facet normal  0.000000e+00 -9.989930e-01  4.486497e-02
    outer loop
      vertex  8.750000e+01 -1.654428e+01  2.601397e+01
      vertex  9.250000e+01 -1.654428e+01  2.601397e+01
      vertex  9.250000e+01 -1.650000e+01  2.700000e+01
    endloop
  endfacet
  facet normal  0.000000e+00 -9.989930e-01  4.486497e-02
    outer loop
      vertex  8.750000e+01 -1.654428e+01  2.601397e+01
      vertex  9.250000e+01 -1.650000e+01  2.700000e+01
      vertex  8.750000e+01 -1.650000e+01  2.700000e+01
    endloop
  endfacet
  facet normal  0.000000e+00 -8.963910e-02  9.959742e-01
    outer loop
      vertex  9.250000e+01 -2.602343e+01  1.609955e+01
      vertex  8.750000e+01 -2.700649e+01  1.601108e+01
      vertex  9.250000e+01 -2.700649e+01  1.601108e+01
    endloop
  endfacet
  facet normal  0.000000e+00  0.000000e+00  1.000000e+00
    outer loop
      vertex  9.250000e+01 -2.700649e+01  1.601108e+01
      vertex  8.750000e+01 -2.700649e+01  1.601108e+01
      vertex  8.750000e+01 -2.799351e+01  1.601108e+01
    endloop
  endfacet
  facet normal  0.000000e+00  0.000000e+00  1.000000e+00
    outer loop
      vertex  9.250000e+01 -2.700649e+01  1.601108e+01
      vertex  8.750000e+01 -2.799351e+01  1.601108e+01
      vertex  9.250000e+01 -2.799351e+01  1.601108e+01
    endloop
  endfacet
  facet normal  0.000000e+00  8.963910e-02  9.959742e-01
    outer loop
      vertex  9.250000e+01 -2.799351e+01  1.601108e+01
      vertex  8.750000e+01 -2.799351e+01  1.601108e+01
      vertex  8.750000e+01 -2.897657e+01  1.609955e+01
    endloop
  endfacet
  facet normal  -0.000000e+00  8.963910e-02  9.959742e-01
    outer loop
      vertex  9.250000e+01 -2.799351e+01  1.601108e+01
      vertex  8.750000e+01 -2.897657e+01  1.609955e+01
      vertex  9.250000e+01 -2.897657e+01  1.609955e+01
    endloop
  endfacet
  facet normal  0.000000e+00  1.785574e-01  9.839295e-01
    outer loop
      vertex  9.250000e+01 -2.897657e+01  1.609955e+01
      vertex  8.750000e+01 -2.897657e+01  1.609955e+01
      vertex  8.750000e+01 -2.994773e+01  1.627579e+01
    endloop
  endfacet
  facet normal  -0.000000e+00  1.785574e-01  9.839295e-01
    outer loop
      vertex  9.250000e+01 -2.897657e+01  1.609955e+01
      vertex  8.750000e+01 -2.994773e+01  1.627579e+01
      vertex  9.250000e+01 -2.994773e+01  1.627579e+01
    endloop
  endfacet
  facet normal  0.000000e+00  2.660364e-01  9.639630e-01
    outer loop
      vertex  9.250000e+01 -2.994773e+01  1.627579e+01
      vertex  8.750000e+01 -2.994773e+01  1.627579e+01
      vertex  8.750000e+01 -3.089919e+01  1.653838e+01
    endloop
  endfacet
  facet normal  -0.000000e+00  2.660364e-01  9.639630e-01
    outer loop
      vertex  9.250000e+01 -2.994773e+01  1.627579e+01
      vertex  8.750000e+01 -3.089919e+01  1.653838e+01
      vertex  9.250000e+01 -3.089919e+01  1.653838e+01
    endloop
  endfacet
  facet normal  0.000000e+00  3.513758e-01  9.362345e-01
    outer loop
      vertex  9.250000e+01 -3.089919e+01  1.653838e+01
      vertex  8.750000e+01 -3.089919e+01  1.653838e+01
      vertex  8.750000e+01 -3.182327e+01  1.688519e+01
    endloop
  endfacet
  facet normal  -0.000000e+00  3.513758e-01  9.362345e-01
    outer loop
      vertex  9.250000e+01 -3.089919e+01  1.653838e+01
      vertex  8.750000e+01 -3.182327e+01  1.688519e+01
      vertex  9.250000e+01 -3.182327e+01  1.688519e+01
    endloop
  endfacet
  facet normal  0.000000e+00  4.338840e-01  9.009688e-01
    outer loop
      vertex  9.250000e+01 -3.182327e+01  1.688519e+01
      vertex  8.750000e+01 -3.182327e+01  1.688519e+01
      vertex  8.750000e+01 -3.271255e+01  1.731345e+01
    endloop
  endfacet
  facet normal  -0.000000e+00  4.338840e-01  9.009688e-01
    outer loop
      vertex  9.250000e+01 -3.182327e+01  1.688519e+01
      vertex  8.750000e+01 -3.271255e+01  1.731345e+01
      vertex  9.250000e+01 -3.271255e+01  1.731345e+01
    endloop
  endfacet
  facet normal  0.000000e+00  5.128983e-01  8.584493e-01
    outer loop
      vertex  9.250000e+01 -3.271255e+01  1.731345e+01
      vertex  8.750000e+01 -3.271255e+01  1.731345e+01
      vertex  8.750000e+01 -3.355987e+01  1.781969e+01
    endloop
  endfacet
  facet normal  -0.000000e+00  5.128983e-01  8.584493e-01
    outer loop
      vertex  9.250000e+01 -3.271255e+01  1.731345e+01
      vertex  8.750000e+01 -3.355987e+01  1.781969e+01
      vertex  9.250000e+01 -3.355987e+01  1.781969e+01
    endloop
  endfacet
  facet normal  0.000000e+00  5.877854e-01  8.090170e-01
    outer loop
      vertex  9.250000e+01 -3.355987e+01  1.781969e+01
      vertex  8.750000e+01 -3.355987e+01  1.781969e+01
      vertex  8.750000e+01 -3.435839e+01  1.839985e+01
    endloop
  endfacet
  facet normal  -0.000000e+00  5.877854e-01  8.090170e-01
    outer loop
      vertex  9.250000e+01 -3.355987e+01  1.781969e+01
      vertex  8.750000e+01 -3.435839e+01  1.839985e+01
      vertex  9.250000e+01 -3.435839e+01  1.839985e+01
    endloop
  endfacet
  facet normal  0.000000e+00  6.579397e-01  7.530707e-01
    outer loop
      vertex  9.250000e+01 -3.435839e+01  1.839985e+01
      vertex  8.750000e+01 -3.435839e+01  1.839985e+01
      vertex  8.750000e+01 -3.510169e+01  1.904926e+01
    endloop
  endfacet
  facet normal  -0.000000e+00  6.579397e-01  7.530707e-01
    outer loop
      vertex  9.250000e+01 -3.435839e+01  1.839985e+01
      vertex  8.750000e+01 -3.510169e+01  1.904926e+01
      vertex  9.250000e+01 -3.510169e+01  1.904926e+01
    endloop
  endfacet
  facet normal  0.000000e+00  7.227939e-01  6.910636e-01
    outer loop
      vertex  9.250000e+01 -3.510169e+01  1.904926e+01
      vertex  8.750000e+01 -3.510169e+01  1.904926e+01
      vertex  8.750000e+01 -3.578379e+01  1.976267e+01
    endloop
  endfacet
  facet normal  -0.000000e+00  7.227939e-01  6.910636e-01
    outer loop
      vertex  9.250000e+01 -3.510169e+01  1.904926e+01
      vertex  8.750000e+01 -3.578379e+01  1.976267e+01
      vertex  9.250000e+01 -3.578379e+01  1.976267e+01
    endloop
  endfacet
  facet normal  0.000000e+00  7.818328e-01  6.234882e-01
    outer loop
      vertex  9.250000e+01 -3.578379e+01  1.976267e+01
      vertex  8.750000e+01 -3.578379e+01  1.976267e+01
      vertex  8.750000e+01 -3.639919e+01  2.053436e+01
    endloop
  endfacet
  facet normal  -0.000000e+00  7.818328e-01  6.234882e-01
    outer loop
      vertex  9.250000e+01 -3.578379e+01  1.976267e+01
      vertex  8.750000e+01 -3.639919e+01  2.053436e+01
      vertex  9.250000e+01 -3.639919e+01  2.053436e+01
    endloop
  endfacet
  facet normal  0.000000e+00  8.345728e-01  5.508977e-01
    outer loop
      vertex  9.250000e+01 -3.639919e+01  2.053436e+01
      vertex  8.750000e+01 -3.639919e+01  2.053436e+01
      vertex  8.750000e+01 -3.694294e+01  2.135811e+01
    endloop
  endfacet
  facet normal  -0.000000e+00  8.345728e-01  5.508977e-01
    outer loop
      vertex  9.250000e+01 -3.639919e+01  2.053436e+01
      vertex  8.750000e+01 -3.694294e+01  2.135811e+01
      vertex  9.250000e+01 -3.694294e+01  2.135811e+01
    endloop
  endfacet
  facet normal  0.000000e+00  8.805959e-01  4.738679e-01
    outer loop
      vertex  9.250000e+01 -3.694294e+01  2.135811e+01
      vertex  8.750000e+01 -3.694294e+01  2.135811e+01
      vertex  8.750000e+01 -3.741066e+01  2.222728e+01
    endloop
  endfacet
  facet normal  -0.000000e+00  8.805959e-01  4.738679e-01
    outer loop
      vertex  9.250000e+01 -3.694294e+01  2.135811e+01
      vertex  8.750000e+01 -3.741066e+01  2.222728e+01
      vertex  9.250000e+01 -3.741066e+01  2.222728e+01
    endloop
  endfacet
  facet normal  0.000000e+00  9.195269e-01  3.930273e-01
    outer loop
      vertex  9.250000e+01 -3.741066e+01  2.222728e+01
      vertex  8.750000e+01 -3.741066e+01  2.222728e+01
      vertex  8.750000e+01 -3.779858e+01  2.313488e+01
    endloop
  endfacet
  facet normal  -0.000000e+00  9.195269e-01  3.930273e-01
    outer loop
      vertex  9.250000e+01 -3.741066e+01  2.222728e+01
      vertex  8.750000e+01 -3.779858e+01  2.313488e+01
      vertex  9.250000e+01 -3.779858e+01  2.313488e+01
    endloop
  endfacet
  facet normal  0.000000e+00  9.510566e-01  3.090167e-01
    outer loop
      vertex  9.250000e+01 -3.779858e+01  2.313488e+01
      vertex  8.750000e+01 -3.779858e+01  2.313488e+01
      vertex  8.750000e+01 -3.810359e+01  2.407360e+01
    endloop
  endfacet
  facet normal  -0.000000e+00  9.510566e-01  3.090167e-01
    outer loop
      vertex  9.250000e+01 -3.779858e+01  2.313488e+01
      vertex  8.750000e+01 -3.810359e+01  2.407360e+01
      vertex  9.250000e+01 -3.810359e+01  2.407360e+01
    endloop
  endfacet
  facet normal  0.000000e+00  9.749276e-01  2.225221e-01
    outer loop
      vertex  9.250000e+01 -3.810359e+01  2.407360e+01
      vertex  8.750000e+01 -3.810359e+01  2.407360e+01
      vertex  8.750000e+01 -3.832323e+01  2.503587e+01
    endloop
  endfacet
  facet normal  -0.000000e+00  9.749276e-01  2.225221e-01
    outer loop
      vertex  9.250000e+01 -3.810359e+01  2.407360e+01
      vertex  8.750000e+01 -3.832323e+01  2.503587e+01
      vertex  9.250000e+01 -3.832323e+01  2.503587e+01
    endloop
  endfacet
  facet normal  0.000000e+00  9.909497e-01  1.342335e-01
    outer loop
      vertex  9.250000e+01 -3.832323e+01  2.503587e+01
      vertex  8.750000e+01 -3.832323e+01  2.503587e+01
      vertex  8.750000e+01 -3.845572e+01  2.601397e+01
    endloop
  endfacet
  facet normal  -0.000000e+00  9.909497e-01  1.342335e-01
    outer loop
      vertex  9.250000e+01 -3.832323e+01  2.503587e+01
      vertex  8.750000e+01 -3.845572e+01  2.601397e+01
      vertex  9.250000e+01 -3.845572e+01  2.601397e+01
    endloop
  endfacet
  facet normal  0.000000e+00  9.989932e-01  4.486305e-02
    outer loop
      vertex  9.250000e+01 -3.845572e+01  2.601397e+01
      vertex  8.750000e+01 -3.845572e+01  2.601397e+01
      vertex  8.750000e+01 -3.850000e+01  2.700000e+01
    endloop
  endfacet
  facet normal  -0.000000e+00  9.989932e-01  4.486305e-02
    outer loop
      vertex  9.250000e+01 -3.845572e+01  2.601397e+01
      vertex  8.750000e+01 -3.850000e+01  2.700000e+01
      vertex  9.250000e+01 -3.850000e+01  2.700000e+01
    endloop
  endfacet
  facet normal  0.000000e+00  1.000000e+00  -0.000000e+00
    outer loop
      vertex -5.330648e+01  6.250000e+01  3.618021e+01
      vertex -5.698630e+01  6.250000e+01  2.549106e+01
      vertex -5.749862e+01  6.250000e+01  2.497874e+01
    endloop
  endfacet
  facet normal  0.000000e+00  1.000000e+00  -0.000000e+00
    outer loop
      vertex -5.330648e+01  6.250000e+01  3.618021e+01
      vertex -5.641595e+01  6.250000e+01  2.593790e+01
      vertex -5.698630e+01  6.250000e+01  2.549106e+01
    endloop
  endfacet
  facet normal  0.000000e+00  1.000000e+00  -0.000000e+00
    outer loop
      vertex -5.330648e+01  6.250000e+01  3.618021e+01
      vertex -5.579590e+01  6.250000e+01  2.631274e+01
      vertex -5.641595e+01  6.250000e+01  2.593790e+01
    endloop
  endfacet
  facet normal  0.000000e+00  1.000000e+00  -0.000000e+00
    outer loop
      vertex -5.330648e+01  6.250000e+01  3.618021e+01
      vertex -5.513519e+01  6.250000e+01  2.661010e+01
      vertex -5.579590e+01  6.250000e+01  2.631274e+01
    endloop
  endfacet
  facet normal  0.000000e+00  1.000000e+00  -0.000000e+00
    outer loop
      vertex -5.330648e+01  6.250000e+01  3.618021e+01
      vertex -5.444345e+01  6.250000e+01  2.682565e+01
      vertex -5.513519e+01  6.250000e+01  2.661010e+01
    endloop
  endfacet
  facet normal  0.000000e+00  9.999999e-01  -0.000000e+00
    outer loop
      vertex -5.330648e+01  6.250000e+01  3.618021e+01
      vertex -5.373078e+01  6.250000e+01  2.695625e+01
      vertex -5.444345e+01  6.250000e+01  2.682565e+01
    endloop
  endfacet
  facet normal  0.000000e+00  1.000000e+00  0.000000e+00
    outer loop
      vertex -4.900756e+01  6.250000e+01  4.016903e+01
      vertex  5.801461e+01  6.250000e+01  3.389777e+01
      vertex  5.741676e+01  6.250000e+01  3.389777e+01
    endloop
  endfacet
  facet normal  0.000000e+00  9.999999e-01  0.000000e+00
    outer loop
      vertex -4.900756e+01  6.250000e+01  4.016903e+01
      vertex  5.741676e+01  6.250000e+01  3.389777e+01
      vertex  5.682560e+01  6.250000e+01  3.380867e+01
    endloop
  endfacet
  facet normal  0.000000e+00  1.000000e+00  0.000000e+00
    outer loop
      vertex -4.900756e+01  6.250000e+01  4.016903e+01
      vertex  5.682560e+01  6.250000e+01  3.380867e+01
      vertex  5.625432e+01  6.250000e+01  3.363245e+01
    endloop
  endfacet
  facet normal  0.000000e+00  1.000000e+00  0.000000e+00
    outer loop
      vertex -4.900756e+01  6.250000e+01  4.016903e+01
      vertex  5.625432e+01  6.250000e+01  3.363245e+01
      vertex  5.571568e+01  6.250000e+01  3.337306e+01
    endloop
  endfacet
  facet normal  0.000000e+00  1.000000e+00  0.000000e+00
    outer loop
      vertex -4.900756e+01  6.250000e+01  4.016903e+01
      vertex  5.571568e+01  6.250000e+01  3.337306e+01
      vertex  5.522173e+01  6.250000e+01  3.303629e+01
    endloop
  endfacet
  facet normal  0.000000e+00  1.000000e+00  0.000000e+00
    outer loop
      vertex -4.900756e+01  6.250000e+01  4.016903e+01
      vertex  5.522173e+01  6.250000e+01  3.303629e+01
      vertex  5.478348e+01  6.250000e+01  3.262965e+01
    endloop
  endfacet
  facet normal  0.000000e+00  1.000000e+00  0.000000e+00
    outer loop
      vertex -4.900756e+01  6.250000e+01  4.016903e+01
      vertex  5.478348e+01  6.250000e+01  3.262965e+01
      vertex  3.301461e+01  6.250000e+01  3.389777e+01
    endloop
  endfacet
  facet normal  0.000000e+00  1.000000e+00  0.000000e+00
    outer loop
      vertex -4.900756e+01  6.250000e+01  4.016903e+01
      vertex  3.301461e+01  6.250000e+01  3.389777e+01
      vertex  3.241676e+01  6.250000e+01  3.389777e+01
    endloop
  endfacet
  facet normal  0.000000e+00  1.000000e+00  0.000000e+00
    outer loop
      vertex -4.900756e+01  6.250000e+01  4.016903e+01
      vertex  3.241676e+01  6.250000e+01  3.389777e+01
      vertex  3.182560e+01  6.250000e+01  3.380867e+01
    endloop
  endfacet
  facet normal  0.000000e+00  1.000000e+00  0.000000e+00
    outer loop
      vertex -4.900756e+01  6.250000e+01  4.016903e+01
      vertex  3.182560e+01  6.250000e+01  3.380867e+01
      vertex  3.125432e+01  6.250000e+01  3.363245e+01
    endloop
  endfacet
  facet normal  0.000000e+00  1.000000e+00  0.000000e+00
    outer loop
      vertex -4.900756e+01  6.250000e+01  4.016903e+01
      vertex  3.125432e+01  6.250000e+01  3.363245e+01
      vertex  3.071568e+01  6.250000e+01  3.337306e+01
    endloop
  endfacet
  facet normal  0.000000e+00  1.000000e+00  0.000000e+00
    outer loop
      vertex -4.900756e+01  6.250000e+01  4.016903e+01
      vertex  3.071568e+01  6.250000e+01  3.337306e+01
      vertex  3.022173e+01  6.250000e+01  3.303629e+01
    endloop
  endfacet
  facet normal  0.000000e+00  1.000000e+00  0.000000e+00
    outer loop
      vertex -4.900756e+01  6.250000e+01  4.016903e+01
      vertex  3.022173e+01  6.250000e+01  3.303629e+01
      vertex  2.978348e+01  6.250000e+01  3.262965e+01
    endloop
  endfacet
  facet normal  0.000000e+00  1.000000e+00  0.000000e+00
    outer loop
      vertex -4.900756e+01  6.250000e+01  4.016903e+01
      vertex  2.978348e+01  6.250000e+01  3.262965e+01
      vertex  2.941073e+01  6.250000e+01  3.216224e+01
    endloop
  endfacet
  facet normal  0.000000e+00  1.000000e+00  0.000000e+00
    outer loop
      vertex -4.900756e+01  6.250000e+01  4.016903e+01
      vertex  2.941073e+01  6.250000e+01  3.216224e+01
      vertex  2.911181e+01  6.250000e+01  3.164450e+01
    endloop
  endfacet
  facet normal  0.000000e+00  9.999999e-01  0.000000e+00
    outer loop
      vertex -4.900756e+01  6.250000e+01  4.016903e+01
      vertex  2.911181e+01  6.250000e+01  3.164450e+01
      vertex  8.014606e+00  6.250000e+01  3.389777e+01
    endloop
  endfacet
  facet normal  0.000000e+00  1.000000e+00  0.000000e+00
    outer loop
      vertex -4.900756e+01  6.250000e+01  4.016903e+01
      vertex  8.014606e+00  6.250000e+01  3.389777e+01
      vertex  7.416765e+00  6.250000e+01  3.389777e+01
    endloop
  endfacet
  facet normal  0.000000e+00  1.000000e+00  0.000000e+00
    outer loop
      vertex -4.900756e+01  6.250000e+01  4.016903e+01
      vertex  7.416765e+00  6.250000e+01  3.389777e+01
      vertex  6.825601e+00  6.250000e+01  3.380867e+01
    endloop
  endfacet
  facet normal  0.000000e+00  1.000000e+00  0.000000e+00
    outer loop
      vertex -4.900756e+01  6.250000e+01  4.016903e+01
      vertex  6.825601e+00  6.250000e+01  3.380867e+01
      vertex  6.254321e+00  6.250000e+01  3.363245e+01
    endloop
  endfacet
  facet normal  0.000000e+00  1.000000e+00  0.000000e+00
    outer loop
      vertex -4.900756e+01  6.250000e+01  4.016903e+01
      vertex  6.254321e+00  6.250000e+01  3.363245e+01
      vertex  5.715685e+00  6.250000e+01  3.337306e+01
    endloop
  endfacet
  facet normal  0.000000e+00  1.000000e+00  0.000000e+00
    outer loop
      vertex -4.900756e+01  6.250000e+01  4.016903e+01
      vertex  5.715685e+00  6.250000e+01  3.337306e+01
      vertex  5.221725e+00  6.250000e+01  3.303629e+01
    endloop
  endfacet
  facet normal  0.000000e+00  1.000000e+00  0.000000e+00
    outer loop
      vertex -4.900756e+01  6.250000e+01  4.016903e+01
      vertex  5.221725e+00  6.250000e+01  3.303629e+01
      vertex  4.783477e+00  6.250000e+01  3.262965e+01
    endloop
  endfacet
  facet normal  0.000000e+00  1.000000e+00  0.000000e+00
    outer loop
      vertex -4.900756e+01  6.250000e+01  4.016903e+01
      vertex  4.783477e+00  6.250000e+01  3.262965e+01
      vertex  4.410730e+00  6.250000e+01  3.216224e+01
    endloop
  endfacet
  facet normal  0.000000e+00  1.000000e+00  0.000000e+00
    outer loop
      vertex -4.900756e+01  6.250000e+01  4.016903e+01
      vertex  4.410730e+00  6.250000e+01  3.216224e+01
      vertex  4.111809e+00  6.250000e+01  3.164450e+01
    endloop
  endfacet
  facet normal  0.000000e+00  1.000000e+00  0.000000e+00
    outer loop
      vertex -4.900756e+01  6.250000e+01  4.016903e+01
      vertex  4.111809e+00  6.250000e+01  3.164450e+01
      vertex  3.893394e+00  6.250000e+01  3.108798e+01
    endloop
  endfacet
  facet normal  0.000000e+00  1.000000e+00  0.000000e+00
    outer loop
      vertex -4.900756e+01  6.250000e+01  4.016903e+01
      vertex  3.893394e+00  6.250000e+01  3.108798e+01
      vertex  3.760362e+00  6.250000e+01  3.050513e+01
    endloop
  endfacet
  facet normal  0.000000e+00  9.999999e-01  0.000000e+00
    outer loop
      vertex -4.900756e+01  6.250000e+01  4.016903e+01
      vertex  3.760362e+00  6.250000e+01  3.050513e+01
      vertex  3.715685e+00  6.250000e+01  2.990896e+01
    endloop
  endfacet
  facet normal  0.000000e+00  9.999999e-01  0.000000e+00
    outer loop
      vertex -4.900756e+01  6.250000e+01  4.016903e+01
      vertex  3.715685e+00  6.250000e+01  2.990896e+01
      vertex -1.639423e+01  6.250000e+01  3.380867e+01
    endloop
  endfacet
  facet normal  0.000000e+00  1.000000e+00  0.000000e+00
    outer loop
      vertex -4.900756e+01  6.250000e+01  4.016903e+01
      vertex -1.639423e+01  6.250000e+01  3.380867e+01
      vertex -1.698540e+01  6.250000e+01  3.389777e+01
    endloop
  endfacet
  facet normal  0.000000e+00  1.000000e+00  0.000000e+00
    outer loop
      vertex -4.900756e+01  6.250000e+01  4.016903e+01
      vertex -1.698540e+01  6.250000e+01  3.389777e+01
      vertex -1.758323e+01  6.250000e+01  3.389777e+01
    endloop
  endfacet
  facet normal  0.000000e+00  1.000000e+00  0.000000e+00
    outer loop
      vertex -4.900756e+01  6.250000e+01  4.016903e+01
      vertex -1.758323e+01  6.250000e+01  3.389777e+01
      vertex -1.817440e+01  6.250000e+01  3.380867e+01
    endloop
  endfacet
  facet normal  0.000000e+00  1.000000e+00  0.000000e+00
    outer loop
      vertex -4.900756e+01  6.250000e+01  4.016903e+01
      vertex -1.817440e+01  6.250000e+01  3.380867e+01
      vertex -1.874568e+01  6.250000e+01  3.363245e+01
    endloop
  endfacet
  facet normal  0.000000e+00  1.000000e+00  0.000000e+00
    outer loop
      vertex -4.900756e+01  6.250000e+01  4.016903e+01
      vertex -1.874568e+01  6.250000e+01  3.363245e+01
      vertex -1.928432e+01  6.250000e+01  3.337306e+01
    endloop
  endfacet
  facet normal  0.000000e+00  1.000000e+00  0.000000e+00
    outer loop
      vertex -4.900756e+01  6.250000e+01  4.016903e+01
      vertex -1.928432e+01  6.250000e+01  3.337306e+01
      vertex -1.977827e+01  6.250000e+01  3.303629e+01
    endloop
  endfacet
  facet normal  0.000000e+00  1.000000e+00  0.000000e+00
    outer loop
      vertex -4.900756e+01  6.250000e+01  4.016903e+01
      vertex -1.977827e+01  6.250000e+01  3.303629e+01
      vertex -2.021652e+01  6.250000e+01  3.262965e+01
    endloop
  endfacet
  facet normal  0.000000e+00  1.000000e+00  0.000000e+00
    outer loop
      vertex -4.900756e+01  6.250000e+01  4.016903e+01
      vertex -2.021652e+01  6.250000e+01  3.262965e+01
      vertex -2.058927e+01  6.250000e+01  3.216224e+01
    endloop
  endfacet
  facet normal  0.000000e+00  1.000000e+00  0.000000e+00
    outer loop
      vertex -4.900756e+01  6.250000e+01  4.016903e+01
      vertex -2.058927e+01  6.250000e+01  3.216224e+01
      vertex -2.088819e+01  6.250000e+01  3.164450e+01
    endloop
  endfacet
  facet normal  0.000000e+00  1.000000e+00  0.000000e+00
    outer loop
      vertex -4.900756e+01  6.250000e+01  4.016903e+01
      vertex -2.088819e+01  6.250000e+01  3.164450e+01
      vertex -2.110661e+01  6.250000e+01  3.108798e+01
    endloop
  endfacet
  facet normal  0.000000e+00  1.000000e+00  0.000000e+00
    outer loop
      vertex -4.900756e+01  6.250000e+01  4.016903e+01
      vertex -2.110661e+01  6.250000e+01  3.108798e+01
      vertex -2.123964e+01  6.250000e+01  3.050513e+01
    endloop
  endfacet
  facet normal  0.000000e+00  1.000000e+00  0.000000e+00
    outer loop
      vertex -4.900756e+01  6.250000e+01  4.016903e+01
      vertex -2.123964e+01  6.250000e+01  3.050513e+01
      vertex -2.128432e+01  6.250000e+01  2.990896e+01
    endloop
  endfacet
  facet normal  0.000000e+00  9.999999e-01  0.000000e+00
    outer loop
      vertex -4.700756e+01  6.250000e+01  2.100000e+01
      vertex -2.128432e+01  6.250000e+01  2.990896e+01
      vertex -2.123964e+01  6.250000e+01  2.931279e+01
    endloop
  endfacet
  facet normal  0.000000e+00  1.000000e+00  0.000000e+00
    outer loop
      vertex -4.700756e+01  6.250000e+01  2.100000e+01
      vertex -2.123964e+01  6.250000e+01  2.931279e+01
      vertex -2.110661e+01  6.250000e+01  2.872994e+01
    endloop
  endfacet
  facet normal  0.000000e+00  1.000000e+00  0.000000e+00
    outer loop
      vertex -4.700756e+01  6.250000e+01  2.100000e+01
      vertex -2.110661e+01  6.250000e+01  2.872994e+01
      vertex -2.088819e+01  6.250000e+01  2.817343e+01
    endloop
  endfacet
  facet normal  0.000000e+00  1.000000e+00  0.000000e+00
    outer loop
      vertex -4.700756e+01  6.250000e+01  2.100000e+01
      vertex -2.088819e+01  6.250000e+01  2.817343e+01
      vertex -2.058927e+01  6.250000e+01  2.765568e+01
    endloop
  endfacet
  facet normal  0.000000e+00  9.999999e-01  0.000000e+00
    outer loop
      vertex -4.700756e+01  6.250000e+01  2.100000e+01
      vertex -2.058927e+01  6.250000e+01  2.765568e+01
      vertex -2.021652e+01  6.250000e+01  2.718827e+01
    endloop
  endfacet
  facet normal  0.000000e+00  1.000000e+00  0.000000e+00
    outer loop
      vertex -4.700756e+01  6.250000e+01  2.100000e+01
      vertex -2.021652e+01  6.250000e+01  2.718827e+01
      vertex -1.977827e+01  6.250000e+01  2.678164e+01
    endloop
  endfacet
  facet normal  0.000000e+00  1.000000e+00  0.000000e+00
    outer loop
      vertex -4.700756e+01  6.250000e+01  2.100000e+01
      vertex -1.977827e+01  6.250000e+01  2.678164e+01
      vertex -1.928432e+01  6.250000e+01  2.644486e+01
    endloop
  endfacet
  facet normal  0.000000e+00  1.000000e+00  0.000000e+00
    outer loop
      vertex -4.700756e+01  6.250000e+01  2.100000e+01
      vertex -1.928432e+01  6.250000e+01  2.644486e+01
      vertex -1.874568e+01  6.250000e+01  2.618546e+01
    endloop
  endfacet
  facet normal  0.000000e+00  1.000000e+00  0.000000e+00
    outer loop
      vertex -4.700756e+01  6.250000e+01  2.100000e+01
      vertex -1.874568e+01  6.250000e+01  2.618546e+01
      vertex -1.817440e+01  6.250000e+01  2.600925e+01
    endloop
  endfacet
  facet normal  0.000000e+00  1.000000e+00  0.000000e+00
    outer loop
      vertex -4.700756e+01  6.250000e+01  2.100000e+01
      vertex -1.817440e+01  6.250000e+01  2.600925e+01
      vertex -1.758323e+01  6.250000e+01  2.592015e+01
    endloop
  endfacet
  facet normal  -0.000000e+00  9.999999e-01  0.000000e+00
    outer loop
      vertex -4.700756e+01  6.250000e+01  2.100000e+01
      vertex -1.758323e+01  6.250000e+01  2.592015e+01
      vertex -1.698540e+01  6.250000e+01  2.592015e+01
    endloop
  endfacet
  facet normal  -0.000000e+00  1.000000e+00  0.000000e+00
    outer loop
      vertex -4.700756e+01  6.250000e+01  2.100000e+01
      vertex -1.698540e+01  6.250000e+01  2.592015e+01
      vertex  4.111809e+00  6.250000e+01  2.817343e+01
    endloop
  endfacet
  facet normal  0.000000e+00  1.000000e+00  0.000000e+00
    outer loop
      vertex -4.700756e+01  6.250000e+01  2.100000e+01
      vertex  4.111809e+00  6.250000e+01  2.817343e+01
      vertex  4.410730e+00  6.250000e+01  2.765568e+01
    endloop
  endfacet
  facet normal  0.000000e+00  1.000000e+00  0.000000e+00
    outer loop
      vertex -4.700756e+01  6.250000e+01  2.100000e+01
      vertex  4.410730e+00  6.250000e+01  2.765568e+01
      vertex  4.783477e+00  6.250000e+01  2.718827e+01
    endloop
  endfacet
  facet normal  0.000000e+00  1.000000e+00  0.000000e+00
    outer loop
      vertex -4.700756e+01  6.250000e+01  2.100000e+01
      vertex  4.783477e+00  6.250000e+01  2.718827e+01
      vertex  5.221725e+00  6.250000e+01  2.678164e+01
    endloop
  endfacet
  facet normal  0.000000e+00  1.000000e+00  0.000000e+00
    outer loop
      vertex -4.700756e+01  6.250000e+01  2.100000e+01
      vertex  5.221725e+00  6.250000e+01  2.678164e+01
      vertex  5.715685e+00  6.250000e+01  2.644486e+01
    endloop
  endfacet
  facet normal  0.000000e+00  1.000000e+00  0.000000e+00
    outer loop
      vertex -4.700756e+01  6.250000e+01  2.100000e+01
      vertex  5.715685e+00  6.250000e+01  2.644486e+01
      vertex  6.254321e+00  6.250000e+01  2.618546e+01
    endloop
  endfacet
  facet normal  0.000000e+00  1.000000e+00  0.000000e+00
    outer loop
      vertex -4.700756e+01  6.250000e+01  2.100000e+01
      vertex  6.254321e+00  6.250000e+01  2.618546e+01
      vertex  6.825601e+00  6.250000e+01  2.600925e+01
    endloop
  endfacet
  facet normal  0.000000e+00  1.000000e+00  0.000000e+00
    outer loop
      vertex -4.700756e+01  6.250000e+01  2.100000e+01
      vertex  6.825601e+00  6.250000e+01  2.600925e+01
      vertex  7.416765e+00  6.250000e+01  2.592015e+01
    endloop
  endfacet
  facet normal  -0.000000e+00  1.000000e+00  0.000000e+00
    outer loop
      vertex -4.700756e+01  6.250000e+01  2.100000e+01
      vertex  7.416765e+00  6.250000e+01  2.592015e+01
      vertex  8.014606e+00  6.250000e+01  2.592015e+01
    endloop
  endfacet
  facet normal  -0.000000e+00  1.000000e+00  0.000000e+00
    outer loop
      vertex -4.700756e+01  6.250000e+01  2.100000e+01
      vertex  8.014606e+00  6.250000e+01  2.592015e+01
      vertex  2.941073e+01  6.250000e+01  2.765568e+01
    endloop
  endfacet
  facet normal  0.000000e+00  1.000000e+00  0.000000e+00
    outer loop
      vertex -4.700756e+01  6.250000e+01  2.100000e+01
      vertex  2.941073e+01  6.250000e+01  2.765568e+01
      vertex  2.978348e+01  6.250000e+01  2.718827e+01
    endloop
  endfacet
  facet normal  0.000000e+00  1.000000e+00  0.000000e+00
    outer loop
      vertex -4.700756e+01  6.250000e+01  2.100000e+01
      vertex  2.978348e+01  6.250000e+01  2.718827e+01
      vertex  3.022173e+01  6.250000e+01  2.678164e+01
    endloop
  endfacet
  facet normal  0.000000e+00  1.000000e+00  0.000000e+00
    outer loop
      vertex -4.700756e+01  6.250000e+01  2.100000e+01
      vertex  3.022173e+01  6.250000e+01  2.678164e+01
      vertex  3.071568e+01  6.250000e+01  2.644486e+01
    endloop
  endfacet
  facet normal  0.000000e+00  1.000000e+00  0.000000e+00
    outer loop
      vertex -4.700756e+01  6.250000e+01  2.100000e+01
      vertex  3.071568e+01  6.250000e+01  2.644486e+01
      vertex  3.125432e+01  6.250000e+01  2.618546e+01
    endloop
  endfacet
  facet normal  0.000000e+00  1.000000e+00  0.000000e+00
    outer loop
      vertex -4.700756e+01  6.250000e+01  2.100000e+01
      vertex  3.125432e+01  6.250000e+01  2.618546e+01
      vertex  3.182560e+01  6.250000e+01  2.600925e+01
    endloop
  endfacet
  facet normal  0.000000e+00  1.000000e+00  0.000000e+00
    outer loop
      vertex -4.700756e+01  6.250000e+01  2.100000e+01
      vertex  3.182560e+01  6.250000e+01  2.600925e+01
      vertex  3.241676e+01  6.250000e+01  2.592015e+01
    endloop
  endfacet
  facet normal  -0.000000e+00  9.999999e-01  0.000000e+00
    outer loop
      vertex -4.700756e+01  6.250000e+01  2.100000e+01
      vertex  3.241676e+01  6.250000e+01  2.592015e+01
      vertex  3.301461e+01  6.250000e+01  2.592015e+01
    endloop
  endfacet
  facet normal  -0.000000e+00  1.000000e+00  0.000000e+00
    outer loop
      vertex -4.700756e+01  6.250000e+01  2.100000e+01
      vertex  3.301461e+01  6.250000e+01  2.592015e+01
      vertex  5.478348e+01  6.250000e+01  2.718827e+01
    endloop
  endfacet
  facet normal  0.000000e+00  1.000000e+00  0.000000e+00
    outer loop
      vertex -4.700756e+01  6.250000e+01  2.100000e+01
      vertex  5.478348e+01  6.250000e+01  2.718827e+01
      vertex  5.522173e+01  6.250000e+01  2.678164e+01
    endloop
  endfacet
  facet normal  0.000000e+00  1.000000e+00  0.000000e+00
    outer loop
      vertex -4.700756e+01  6.250000e+01  2.100000e+01
      vertex  5.522173e+01  6.250000e+01  2.678164e+01
      vertex  5.571568e+01  6.250000e+01  2.644486e+01
    endloop
  endfacet
  facet normal  0.000000e+00  1.000000e+00  0.000000e+00
    outer loop
      vertex -4.700756e+01  6.250000e+01  2.100000e+01
      vertex  5.571568e+01  6.250000e+01  2.644486e+01
      vertex  5.625432e+01  6.250000e+01  2.618546e+01
    endloop
  endfacet
  facet normal  0.000000e+00  1.000000e+00  0.000000e+00
    outer loop
      vertex -4.700756e+01  6.250000e+01  2.100000e+01
      vertex  5.625432e+01  6.250000e+01  2.618546e+01
      vertex  5.682560e+01  6.250000e+01  2.600925e+01
    endloop
  endfacet
  facet normal  0.000000e+00  1.000000e+00  0.000000e+00
    outer loop
      vertex -4.700756e+01  6.250000e+01  2.100000e+01
      vertex  5.682560e+01  6.250000e+01  2.600925e+01
      vertex  5.741676e+01  6.250000e+01  2.592015e+01
    endloop
  endfacet
  facet normal  -0.000000e+00  9.999999e-01  0.000000e+00
    outer loop
      vertex -4.700756e+01  6.250000e+01  2.100000e+01
      vertex  5.741676e+01  6.250000e+01  2.592015e+01
      vertex  5.801461e+01  6.250000e+01  2.592015e+01
    endloop
  endfacet
  facet normal  0.000000e+00  1.000000e+00  -0.000000e+00
    outer loop
      vertex -2.128432e+01  6.250000e+01  2.990896e+01
      vertex -4.700756e+01  6.250000e+01  2.100000e+01
      vertex -4.705131e+01  6.250000e+01  2.172322e+01
    endloop
  endfacet
  facet normal  0.000000e+00  1.000000e+00  -0.000000e+00
    outer loop
      vertex -2.128432e+01  6.250000e+01  2.990896e+01
      vertex -4.705131e+01  6.250000e+01  2.172322e+01
      vertex -4.718191e+01  6.250000e+01  2.243589e+01
    endloop
  endfacet
  facet normal  0.000000e+00  1.000000e+00  -0.000000e+00
    outer loop
      vertex -2.128432e+01  6.250000e+01  2.990896e+01
      vertex -4.718191e+01  6.250000e+01  2.243589e+01
      vertex -4.739746e+01  6.250000e+01  2.312763e+01
    endloop
  endfacet
  facet normal  0.000000e+00  1.000000e+00  -0.000000e+00
    outer loop
      vertex -2.128432e+01  6.250000e+01  2.990896e+01
      vertex -4.739746e+01  6.250000e+01  2.312763e+01
      vertex -4.769482e+01  6.250000e+01  2.378834e+01
    endloop
  endfacet
  facet normal  0.000000e+00  1.000000e+00  -0.000000e+00
    outer loop
      vertex -2.128432e+01  6.250000e+01  2.990896e+01
      vertex -4.769482e+01  6.250000e+01  2.378834e+01
      vertex -4.806966e+01  6.250000e+01  2.440839e+01
    endloop
  endfacet
  facet normal  0.000000e+00  1.000000e+00  -0.000000e+00
    outer loop
      vertex -2.128432e+01  6.250000e+01  2.990896e+01
      vertex -4.806966e+01  6.250000e+01  2.440839e+01
      vertex -4.851649e+01  6.250000e+01  2.497874e+01
    endloop
  endfacet
  facet normal  0.000000e+00  1.000000e+00  -0.000000e+00
    outer loop
      vertex -2.128432e+01  6.250000e+01  2.990896e+01
      vertex -4.851649e+01  6.250000e+01  2.497874e+01
      vertex -4.902882e+01  6.250000e+01  2.549106e+01
    endloop
  endfacet
  facet normal  0.000000e+00  1.000000e+00  -0.000000e+00
    outer loop
      vertex -2.128432e+01  6.250000e+01  2.990896e+01
      vertex -4.902882e+01  6.250000e+01  2.549106e+01
      vertex -4.959917e+01  6.250000e+01  2.593790e+01
    endloop
  endfacet
  facet normal  0.000000e+00  1.000000e+00  -0.000000e+00
    outer loop
      vertex -2.128432e+01  6.250000e+01  2.990896e+01
      vertex -4.959917e+01  6.250000e+01  2.593790e+01
      vertex -5.021922e+01  6.250000e+01  2.631274e+01
    endloop
  endfacet
  facet normal  0.000000e+00  1.000000e+00  -0.000000e+00
    outer loop
      vertex -2.128432e+01  6.250000e+01  2.990896e+01
      vertex -5.021922e+01  6.250000e+01  2.631274e+01
      vertex -5.087993e+01  6.250000e+01  2.661010e+01
    endloop
  endfacet
  facet normal  0.000000e+00  1.000000e+00  -0.000000e+00
    outer loop
      vertex -2.128432e+01  6.250000e+01  2.990896e+01
      vertex -5.087993e+01  6.250000e+01  2.661010e+01
      vertex -5.157167e+01  6.250000e+01  2.682565e+01
    endloop
  endfacet
  facet normal  0.000000e+00  1.000000e+00  -0.000000e+00
    outer loop
      vertex -2.128432e+01  6.250000e+01  2.990896e+01
      vertex -5.157167e+01  6.250000e+01  2.682565e+01
      vertex -5.228434e+01  6.250000e+01  2.695625e+01
    endloop
  endfacet
  facet normal  0.000000e+00  1.000000e+00  -0.000000e+00
    outer loop
      vertex -2.128432e+01  6.250000e+01  2.990896e+01
      vertex -5.228434e+01  6.250000e+01  2.695625e+01
      vertex -5.300756e+01  6.250000e+01  2.700000e+01
    endloop
  endfacet
  facet normal  0.000000e+00  1.000000e+00  -0.000000e+00
    outer loop
      vertex -2.128432e+01  6.250000e+01  2.990896e+01
      vertex -5.300756e+01  6.250000e+01  2.700000e+01
      vertex -5.373078e+01  6.250000e+01  2.695625e+01
    endloop
  endfacet
  facet normal  0.000000e+00  1.000000e+00  0.000000e+00
    outer loop
      vertex -2.128432e+01  6.250000e+01  2.990896e+01
      vertex -5.373078e+01  6.250000e+01  2.695625e+01
      vertex -5.330648e+01  6.250000e+01  3.618021e+01
    endloop
  endfacet
  facet normal  -0.000000e+00  9.999999e-01  0.000000e+00
    outer loop
      vertex -2.128432e+01  6.250000e+01  2.990896e+01
      vertex -5.330648e+01  6.250000e+01  3.618021e+01
      vertex -5.270864e+01  6.250000e+01  3.618021e+01
    endloop
  endfacet
  facet normal  -0.000000e+00  1.000000e+00  0.000000e+00
    outer loop
      vertex -2.128432e+01  6.250000e+01  2.990896e+01
      vertex -5.270864e+01  6.250000e+01  3.618021e+01
      vertex -5.211748e+01  6.250000e+01  3.626932e+01
    endloop
  endfacet
  facet normal  -0.000000e+00  1.000000e+00  0.000000e+00
    outer loop
      vertex -2.128432e+01  6.250000e+01  2.990896e+01
      vertex -5.211748e+01  6.250000e+01  3.626932e+01
      vertex -5.154620e+01  6.250000e+01  3.644553e+01
    endloop
  endfacet
  facet normal  -0.000000e+00  1.000000e+00  0.000000e+00
    outer loop
      vertex -2.128432e+01  6.250000e+01  2.990896e+01
      vertex -5.154620e+01  6.250000e+01  3.644553e+01
      vertex -5.100756e+01  6.250000e+01  3.670493e+01
    endloop
  endfacet
  facet normal  -0.000000e+00  1.000000e+00  0.000000e+00
    outer loop
      vertex -2.128432e+01  6.250000e+01  2.990896e+01
      vertex -5.100756e+01  6.250000e+01  3.670493e+01
      vertex -5.051360e+01  6.250000e+01  3.704170e+01
    endloop
  endfacet
  facet normal  -0.000000e+00  9.999999e-01  0.000000e+00
    outer loop
      vertex -2.128432e+01  6.250000e+01  2.990896e+01
      vertex -5.051360e+01  6.250000e+01  3.704170e+01
      vertex -5.007535e+01  6.250000e+01  3.744834e+01
    endloop
  endfacet
  facet normal  -0.000000e+00  1.000000e+00  0.000000e+00
    outer loop
      vertex -2.128432e+01  6.250000e+01  2.990896e+01
      vertex -5.007535e+01  6.250000e+01  3.744834e+01
      vertex -4.970261e+01  6.250000e+01  3.791575e+01
    endloop
  endfacet
  facet normal  -0.000000e+00  1.000000e+00  0.000000e+00
    outer loop
      vertex -2.128432e+01  6.250000e+01  2.990896e+01
      vertex -4.970261e+01  6.250000e+01  3.791575e+01
      vertex -4.940368e+01  6.250000e+01  3.843349e+01
    endloop
  endfacet
  facet normal  -0.000000e+00  1.000000e+00  0.000000e+00
    outer loop
      vertex -2.128432e+01  6.250000e+01  2.990896e+01
      vertex -4.940368e+01  6.250000e+01  3.843349e+01
      vertex -4.918527e+01  6.250000e+01  3.899001e+01
    endloop
  endfacet
  facet normal  -0.000000e+00  1.000000e+00  0.000000e+00
    outer loop
      vertex -2.128432e+01  6.250000e+01  2.990896e+01
      vertex -4.918527e+01  6.250000e+01  3.899001e+01
      vertex -4.905224e+01  6.250000e+01  3.957286e+01
    endloop
  endfacet
  facet normal  -0.000000e+00  1.000000e+00  0.000000e+00
    outer loop
      vertex -2.128432e+01  6.250000e+01  2.990896e+01
      vertex -4.905224e+01  6.250000e+01  3.957286e+01
      vertex -4.900756e+01  6.250000e+01  4.016903e+01
    endloop
  endfacet
  facet normal  0.000000e+00  1.000000e+00  0.000000e+00
    outer loop
      vertex  3.715685e+00  6.250000e+01  2.990896e+01
      vertex -1.582295e+01  6.250000e+01  2.618546e+01
      vertex -1.528432e+01  6.250000e+01  2.644486e+01
    endloop
  endfacet
  facet normal  0.000000e+00  1.000000e+00  0.000000e+00
    outer loop
      vertex  3.715685e+00  6.250000e+01  2.990896e+01
      vertex -1.528432e+01  6.250000e+01  2.644486e+01
      vertex -1.479036e+01  6.250000e+01  2.678164e+01
    endloop
  endfacet
  facet normal  0.000000e+00  9.999999e-01  0.000000e+00
    outer loop
      vertex  3.715685e+00  6.250000e+01  2.990896e+01
      vertex -1.479036e+01  6.250000e+01  2.678164e+01
      vertex -1.435211e+01  6.250000e+01  2.718827e+01
    endloop
  endfacet
  facet normal  0.000000e+00  9.999999e-01  0.000000e+00
    outer loop
      vertex  3.715685e+00  6.250000e+01  2.990896e+01
      vertex -1.435211e+01  6.250000e+01  2.718827e+01
      vertex -1.397936e+01  6.250000e+01  2.765568e+01
    endloop
  endfacet
  facet normal  0.000000e+00  1.000000e+00  0.000000e+00
    outer loop
      vertex  3.715685e+00  6.250000e+01  2.990896e+01
      vertex -1.397936e+01  6.250000e+01  2.765568e+01
      vertex -1.368044e+01  6.250000e+01  2.817343e+01
    endloop
  endfacet
  facet normal  0.000000e+00  1.000000e+00  0.000000e+00
    outer loop
      vertex  3.715685e+00  6.250000e+01  2.990896e+01
      vertex -1.368044e+01  6.250000e+01  2.817343e+01
      vertex -1.346202e+01  6.250000e+01  2.872994e+01
    endloop
  endfacet
  facet normal  0.000000e+00  1.000000e+00  0.000000e+00
    outer loop
      vertex  3.715685e+00  6.250000e+01  2.990896e+01
      vertex -1.346202e+01  6.250000e+01  2.872994e+01
      vertex -1.332899e+01  6.250000e+01  2.931279e+01
    endloop
  endfacet
  facet normal  0.000000e+00  1.000000e+00  0.000000e+00
    outer loop
      vertex  3.715685e+00  6.250000e+01  2.990896e+01
      vertex -1.332899e+01  6.250000e+01  2.931279e+01
      vertex -1.328432e+01  6.250000e+01  2.990896e+01
    endloop
  endfacet
  facet normal  0.000000e+00  1.000000e+00  -0.000000e+00
    outer loop
      vertex  3.715685e+00  6.250000e+01  2.990896e+01
      vertex -1.328432e+01  6.250000e+01  2.990896e+01
      vertex -1.332899e+01  6.250000e+01  3.050513e+01
    endloop
  endfacet
  facet normal  -0.000000e+00  1.000000e+00  -0.000000e+00
    outer loop
      vertex  3.715685e+00  6.250000e+01  2.990896e+01
      vertex -1.332899e+01  6.250000e+01  3.050513e+01
      vertex -1.346202e+01  6.250000e+01  3.108798e+01
    endloop
  endfacet
  facet normal  -0.000000e+00  1.000000e+00  -0.000000e+00
    outer loop
      vertex  3.715685e+00  6.250000e+01  2.990896e+01
      vertex -1.346202e+01  6.250000e+01  3.108798e+01
      vertex -1.368044e+01  6.250000e+01  3.164450e+01
    endloop
  endfacet
  facet normal  -0.000000e+00  1.000000e+00  -0.000000e+00
    outer loop
      vertex  3.715685e+00  6.250000e+01  2.990896e+01
      vertex -1.368044e+01  6.250000e+01  3.164450e+01
      vertex -1.397936e+01  6.250000e+01  3.216224e+01
    endloop
  endfacet
  facet normal  -0.000000e+00  1.000000e+00  -0.000000e+00
    outer loop
      vertex  3.715685e+00  6.250000e+01  2.990896e+01
      vertex -1.397936e+01  6.250000e+01  3.216224e+01
      vertex -1.435211e+01  6.250000e+01  3.262965e+01
    endloop
  endfacet
  facet normal  -0.000000e+00  1.000000e+00  -0.000000e+00
    outer loop
      vertex  3.715685e+00  6.250000e+01  2.990896e+01
      vertex -1.435211e+01  6.250000e+01  3.262965e+01
      vertex -1.479036e+01  6.250000e+01  3.303629e+01
    endloop
  endfacet
  facet normal  -0.000000e+00  1.000000e+00  -0.000000e+00
    outer loop
      vertex  3.715685e+00  6.250000e+01  2.990896e+01
      vertex -1.479036e+01  6.250000e+01  3.303629e+01
      vertex -1.528432e+01  6.250000e+01  3.337306e+01
    endloop
  endfacet
  facet normal  -0.000000e+00  1.000000e+00  -0.000000e+00
    outer loop
      vertex  3.715685e+00  6.250000e+01  2.990896e+01
      vertex -1.528432e+01  6.250000e+01  3.337306e+01
      vertex -1.582295e+01  6.250000e+01  3.363245e+01
    endloop
  endfacet
  facet normal  -0.000000e+00  1.000000e+00  -0.000000e+00
    outer loop
      vertex  3.715685e+00  6.250000e+01  2.990896e+01
      vertex -1.582295e+01  6.250000e+01  3.363245e+01
      vertex -1.639423e+01  6.250000e+01  3.380867e+01
    endloop
  endfacet
  facet normal  0.000000e+00  1.000000e+00  0.000000e+00
    outer loop
      vertex  2.871568e+01  6.250000e+01  2.990896e+01
      vertex  9.177049e+00  6.250000e+01  2.618546e+01
      vertex  9.715685e+00  6.250000e+01  2.644486e+01
    endloop
  endfacet
  facet normal  0.000000e+00  1.000000e+00  0.000000e+00
    outer loop
      vertex  2.871568e+01  6.250000e+01  2.990896e+01
      vertex  9.715685e+00  6.250000e+01  2.644486e+01
      vertex  1.020964e+01  6.250000e+01  2.678164e+01
    endloop
  endfacet
  facet normal  0.000000e+00  9.999999e-01  0.000000e+00
    outer loop
      vertex  2.871568e+01  6.250000e+01  2.990896e+01
      vertex  1.020964e+01  6.250000e+01  2.678164e+01
      vertex  1.064789e+01  6.250000e+01  2.718827e+01
    endloop
  endfacet
  facet normal  0.000000e+00  9.999999e-01  0.000000e+00
    outer loop
      vertex  2.871568e+01  6.250000e+01  2.990896e+01
      vertex  1.064789e+01  6.250000e+01  2.718827e+01
      vertex  1.102064e+01  6.250000e+01  2.765568e+01
    endloop
  endfacet
  facet normal  0.000000e+00  1.000000e+00  0.000000e+00
    outer loop
      vertex  2.871568e+01  6.250000e+01  2.990896e+01
      vertex  1.102064e+01  6.250000e+01  2.765568e+01
      vertex  1.131956e+01  6.250000e+01  2.817343e+01
    endloop
  endfacet
  facet normal  0.000000e+00  1.000000e+00  0.000000e+00
    outer loop
      vertex  2.871568e+01  6.250000e+01  2.990896e+01
      vertex  1.131956e+01  6.250000e+01  2.817343e+01
      vertex  1.153798e+01  6.250000e+01  2.872994e+01
    endloop
  endfacet
  facet normal  0.000000e+00  1.000000e+00  0.000000e+00
    outer loop
      vertex  2.871568e+01  6.250000e+01  2.990896e+01
      vertex  1.153798e+01  6.250000e+01  2.872994e+01
      vertex  1.167101e+01  6.250000e+01  2.931279e+01
    endloop
  endfacet
  facet normal  0.000000e+00  1.000000e+00  0.000000e+00
    outer loop
      vertex  2.871568e+01  6.250000e+01  2.990896e+01
      vertex  1.167101e+01  6.250000e+01  2.931279e+01
      vertex  1.171568e+01  6.250000e+01  2.990896e+01
    endloop
  endfacet
  facet normal  0.000000e+00  1.000000e+00  -0.000000e+00
    outer loop
      vertex  2.871568e+01  6.250000e+01  2.990896e+01
      vertex  1.171568e+01  6.250000e+01  2.990896e+01
      vertex  1.167101e+01  6.250000e+01  3.050513e+01
    endloop
  endfacet
  facet normal  -0.000000e+00  1.000000e+00  -0.000000e+00
    outer loop
      vertex  2.871568e+01  6.250000e+01  2.990896e+01
      vertex  1.167101e+01  6.250000e+01  3.050513e+01
      vertex  1.153798e+01  6.250000e+01  3.108798e+01
    endloop
  endfacet
  facet normal  -0.000000e+00  1.000000e+00  -0.000000e+00
    outer loop
      vertex  2.871568e+01  6.250000e+01  2.990896e+01
      vertex  1.153798e+01  6.250000e+01  3.108798e+01
      vertex  1.131956e+01  6.250000e+01  3.164450e+01
    endloop
  endfacet
  facet normal  -0.000000e+00  1.000000e+00  -0.000000e+00
    outer loop
      vertex  2.871568e+01  6.250000e+01  2.990896e+01
      vertex  1.131956e+01  6.250000e+01  3.164450e+01
      vertex  1.102064e+01  6.250000e+01  3.216224e+01
    endloop
  endfacet
  facet normal  -0.000000e+00  1.000000e+00  -0.000000e+00
    outer loop
      vertex  2.871568e+01  6.250000e+01  2.990896e+01
      vertex  1.102064e+01  6.250000e+01  3.216224e+01
      vertex  1.064789e+01  6.250000e+01  3.262965e+01
    endloop
  endfacet
  facet normal  -0.000000e+00  1.000000e+00  -0.000000e+00
    outer loop
      vertex  2.871568e+01  6.250000e+01  2.990896e+01
      vertex  1.064789e+01  6.250000e+01  3.262965e+01
      vertex  1.020964e+01  6.250000e+01  3.303629e+01
    endloop
  endfacet
  facet normal  -0.000000e+00  1.000000e+00  -0.000000e+00
    outer loop
      vertex  2.871568e+01  6.250000e+01  2.990896e+01
      vertex  1.020964e+01  6.250000e+01  3.303629e+01
      vertex  9.715685e+00  6.250000e+01  3.337306e+01
    endloop
  endfacet
  facet normal  -0.000000e+00  1.000000e+00  -0.000000e+00
    outer loop
      vertex  2.871568e+01  6.250000e+01  2.990896e+01
      vertex  9.715685e+00  6.250000e+01  3.337306e+01
      vertex  9.177049e+00  6.250000e+01  3.363245e+01
    endloop
  endfacet
  facet normal  0.000000e+00  9.999999e-01  0.000000e+00
    outer loop
      vertex  5.371568e+01  6.250000e+01  2.990896e+01
      vertex  3.417705e+01  6.250000e+01  2.618546e+01
      vertex  3.471568e+01  6.250000e+01  2.644486e+01
    endloop
  endfacet
  facet normal  0.000000e+00  1.000000e+00  0.000000e+00
    outer loop
      vertex  5.371568e+01  6.250000e+01  2.990896e+01
      vertex  3.471568e+01  6.250000e+01  2.644486e+01
      vertex  3.520964e+01  6.250000e+01  2.678164e+01
    endloop
  endfacet
  facet normal  0.000000e+00  1.000000e+00  0.000000e+00
    outer loop
      vertex  5.371568e+01  6.250000e+01  2.990896e+01
      vertex  3.520964e+01  6.250000e+01  2.678164e+01
      vertex  3.564789e+01  6.250000e+01  2.718827e+01
    endloop
  endfacet
  facet normal  0.000000e+00  9.999999e-01  0.000000e+00
    outer loop
      vertex  5.371568e+01  6.250000e+01  2.990896e+01
      vertex  3.564789e+01  6.250000e+01  2.718827e+01
      vertex  3.602064e+01  6.250000e+01  2.765568e+01
    endloop
  endfacet
  facet normal  0.000000e+00  1.000000e+00  0.000000e+00
    outer loop
      vertex  5.371568e+01  6.250000e+01  2.990896e+01
      vertex  3.602064e+01  6.250000e+01  2.765568e+01
      vertex  3.631956e+01  6.250000e+01  2.817343e+01
    endloop
  endfacet
  facet normal  0.000000e+00  1.000000e+00  0.000000e+00
    outer loop
      vertex  5.371568e+01  6.250000e+01  2.990896e+01
      vertex  3.631956e+01  6.250000e+01  2.817343e+01
      vertex  3.653798e+01  6.250000e+01  2.872994e+01
    endloop
  endfacet
  facet normal  0.000000e+00  1.000000e+00  0.000000e+00
    outer loop
      vertex  5.371568e+01  6.250000e+01  2.990896e+01
      vertex  3.653798e+01  6.250000e+01  2.872994e+01
      vertex  3.667101e+01  6.250000e+01  2.931279e+01
    endloop
  endfacet
  facet normal  0.000000e+00  1.000000e+00  0.000000e+00
    outer loop
      vertex  5.371568e+01  6.250000e+01  2.990896e+01
      vertex  3.667101e+01  6.250000e+01  2.931279e+01
      vertex  3.671568e+01  6.250000e+01  2.990896e+01
    endloop
  endfacet
  facet normal  0.000000e+00  1.000000e+00  -0.000000e+00
    outer loop
      vertex  5.371568e+01  6.250000e+01  2.990896e+01
      vertex  3.671568e+01  6.250000e+01  2.990896e+01
      vertex  3.667101e+01  6.250000e+01  3.050513e+01
    endloop
  endfacet
  facet normal  -0.000000e+00  1.000000e+00  -0.000000e+00
    outer loop
      vertex  5.371568e+01  6.250000e+01  2.990896e+01
      vertex  3.667101e+01  6.250000e+01  3.050513e+01
      vertex  3.653798e+01  6.250000e+01  3.108798e+01
    endloop
  endfacet
  facet normal  -0.000000e+00  1.000000e+00  -0.000000e+00
    outer loop
      vertex  5.371568e+01  6.250000e+01  2.990896e+01
      vertex  3.653798e+01  6.250000e+01  3.108798e+01
      vertex  3.631956e+01  6.250000e+01  3.164450e+01
    endloop
  endfacet
  facet normal  -0.000000e+00  1.000000e+00  -0.000000e+00
    outer loop
      vertex  5.371568e+01  6.250000e+01  2.990896e+01
      vertex  3.631956e+01  6.250000e+01  3.164450e+01
      vertex  3.602064e+01  6.250000e+01  3.216224e+01
    endloop
  endfacet
  facet normal  -0.000000e+00  1.000000e+00  -0.000000e+00
    outer loop
      vertex  5.371568e+01  6.250000e+01  2.990896e+01
      vertex  3.602064e+01  6.250000e+01  3.216224e+01
      vertex  3.564789e+01  6.250000e+01  3.262965e+01
    endloop
  endfacet
  facet normal  -0.000000e+00  1.000000e+00  -0.000000e+00
    outer loop
      vertex  5.371568e+01  6.250000e+01  2.990896e+01
      vertex  3.564789e+01  6.250000e+01  3.262965e+01
      vertex  3.520964e+01  6.250000e+01  3.303629e+01
    endloop
  endfacet
  facet normal  -0.000000e+00  1.000000e+00  -0.000000e+00
    outer loop
      vertex  5.371568e+01  6.250000e+01  2.990896e+01
      vertex  3.520964e+01  6.250000e+01  3.303629e+01
      vertex  3.471568e+01  6.250000e+01  3.337306e+01
    endloop
  endfacet
  facet normal  -0.000000e+00  1.000000e+00  -0.000000e+00
    outer loop
      vertex  5.371568e+01  6.250000e+01  2.990896e+01
      vertex  3.471568e+01  6.250000e+01  3.337306e+01
      vertex  3.417705e+01  6.250000e+01  3.363245e+01
    endloop
  endfacet
  facet normal  0.000000e+00  1.000000e+00  0.000000e+00
    outer loop
      vertex  8.250000e+01  6.250000e+01  0.000000e+00
      vertex -8.250000e+01  6.250000e+01  0.000000e+00
      vertex -5.021922e+01  6.250000e+01  1.568726e+01
    endloop
  endfacet
  facet normal  -0.000000e+00  1.000000e+00  0.000000e+00
    outer loop
      vertex  8.250000e+01  6.250000e+01  0.000000e+00
      vertex -5.021922e+01  6.250000e+01  1.568726e+01
      vertex -4.959917e+01  6.250000e+01  1.606210e+01
    endloop
  endfacet
  facet normal  -0.000000e+00  1.000000e+00  0.000000e+00
    outer loop
      vertex  8.250000e+01  6.250000e+01  0.000000e+00
      vertex -4.959917e+01  6.250000e+01  1.606210e+01
      vertex -4.902882e+01  6.250000e+01  1.650894e+01
    endloop
  endfacet
  facet normal  -0.000000e+00  1.000000e+00  0.000000e+00
    outer loop
      vertex  8.250000e+01  6.250000e+01  0.000000e+00
      vertex -4.902882e+01  6.250000e+01  1.650894e+01
      vertex -4.851649e+01  6.250000e+01  1.702126e+01
    endloop
  endfacet
  facet normal  -0.000000e+00  9.999999e-01  0.000000e+00
    outer loop
      vertex  8.250000e+01  6.250000e+01  0.000000e+00
      vertex -4.851649e+01  6.250000e+01  1.702126e+01
      vertex -4.806966e+01  6.250000e+01  1.759161e+01
    endloop
  endfacet
  facet normal  -0.000000e+00  1.000000e+00  0.000000e+00
    outer loop
      vertex  8.250000e+01  6.250000e+01  0.000000e+00
      vertex -4.806966e+01  6.250000e+01  1.759161e+01
      vertex -4.769482e+01  6.250000e+01  1.821166e+01
    endloop
  endfacet
  facet normal  -0.000000e+00  1.000000e+00  0.000000e+00
    outer loop
      vertex  8.250000e+01  6.250000e+01  0.000000e+00
      vertex -4.769482e+01  6.250000e+01  1.821166e+01
      vertex -4.739746e+01  6.250000e+01  1.887237e+01
    endloop
  endfacet
  facet normal  -0.000000e+00  9.999999e-01  0.000000e+00
    outer loop
      vertex  8.250000e+01  6.250000e+01  0.000000e+00
      vertex -4.739746e+01  6.250000e+01  1.887237e+01
      vertex -4.718191e+01  6.250000e+01  1.956411e+01
    endloop
  endfacet
  facet normal  -0.000000e+00  1.000000e+00  0.000000e+00
    outer loop
      vertex  8.250000e+01  6.250000e+01  0.000000e+00
      vertex -4.718191e+01  6.250000e+01  1.956411e+01
      vertex -4.705131e+01  6.250000e+01  2.027678e+01
    endloop
  endfacet
  facet normal  -0.000000e+00  1.000000e+00  0.000000e+00
    outer loop
      vertex  8.250000e+01  6.250000e+01  0.000000e+00
      vertex -4.705131e+01  6.250000e+01  2.027678e+01
      vertex -4.700756e+01  6.250000e+01  2.100000e+01
    endloop
  endfacet
  facet normal  -0.000000e+00  9.999999e-01  0.000000e+00
    outer loop
      vertex  8.250000e+01  6.250000e+01  0.000000e+00
      vertex -4.700756e+01  6.250000e+01  2.100000e+01
      vertex  5.801461e+01  6.250000e+01  2.592015e+01
    endloop
  endfacet
  facet normal  -0.000000e+00  1.000000e+00  0.000000e+00
    outer loop
      vertex  8.250000e+01  6.250000e+01  0.000000e+00
      vertex  5.801461e+01  6.250000e+01  2.592015e+01
      vertex  5.860577e+01  6.250000e+01  2.600925e+01
    endloop
  endfacet
  facet normal  -0.000000e+00  1.000000e+00  0.000000e+00
    outer loop
      vertex  8.250000e+01  6.250000e+01  0.000000e+00
      vertex  5.860577e+01  6.250000e+01  2.600925e+01
      vertex  5.917705e+01  6.250000e+01  2.618546e+01
    endloop
  endfacet
  facet normal  -0.000000e+00  1.000000e+00  0.000000e+00
    outer loop
      vertex  8.250000e+01  6.250000e+01  0.000000e+00
      vertex  5.917705e+01  6.250000e+01  2.618546e+01
      vertex  5.971568e+01  6.250000e+01  2.644486e+01
    endloop
  endfacet
  facet normal  -0.000000e+00  1.000000e+00  0.000000e+00
    outer loop
      vertex  8.250000e+01  6.250000e+01  0.000000e+00
      vertex  5.971568e+01  6.250000e+01  2.644486e+01
      vertex  6.020964e+01  6.250000e+01  2.678164e+01
    endloop
  endfacet
  facet normal  -0.000000e+00  1.000000e+00  0.000000e+00
    outer loop
      vertex  8.250000e+01  6.250000e+01  0.000000e+00
      vertex  6.020964e+01  6.250000e+01  2.678164e+01
      vertex  6.064789e+01  6.250000e+01  2.718827e+01
    endloop
  endfacet
  facet normal  -0.000000e+00  1.000000e+00  0.000000e+00
    outer loop
      vertex  8.250000e+01  6.250000e+01  0.000000e+00
      vertex  6.064789e+01  6.250000e+01  2.718827e+01
      vertex  6.102064e+01  6.250000e+01  2.765568e+01
    endloop
  endfacet
  facet normal  -0.000000e+00  1.000000e+00  0.000000e+00
    outer loop
      vertex  8.250000e+01  6.250000e+01  0.000000e+00
      vertex  6.102064e+01  6.250000e+01  2.765568e+01
      vertex  6.131956e+01  6.250000e+01  2.817343e+01
    endloop
  endfacet
  facet normal  -0.000000e+00  1.000000e+00  0.000000e+00
    outer loop
      vertex  8.250000e+01  6.250000e+01  0.000000e+00
      vertex  6.131956e+01  6.250000e+01  2.817343e+01
      vertex  6.153798e+01  6.250000e+01  2.872994e+01
    endloop
  endfacet
  facet normal  -0.000000e+00  1.000000e+00  0.000000e+00
    outer loop
      vertex  8.250000e+01  6.250000e+01  0.000000e+00
      vertex  6.153798e+01  6.250000e+01  2.872994e+01
      vertex  6.167101e+01  6.250000e+01  2.931279e+01
    endloop
  endfacet
  facet normal  -0.000000e+00  1.000000e+00  0.000000e+00
    outer loop
      vertex  8.250000e+01  6.250000e+01  0.000000e+00
      vertex  6.167101e+01  6.250000e+01  2.931279e+01
      vertex  6.171568e+01  6.250000e+01  2.990896e+01
    endloop
  endfacet
  facet normal  -0.000000e+00  9.999999e-01  -0.000000e+00
    outer loop
      vertex  8.250000e+01  6.250000e+01  0.000000e+00
      vertex  6.171568e+01  6.250000e+01  2.990896e+01
      vertex  6.167101e+01  6.250000e+01  3.050513e+01
    endloop
  endfacet
  facet normal  -0.000000e+00  1.000000e+00  -0.000000e+00
    outer loop
      vertex  8.250000e+01  6.250000e+01  0.000000e+00
      vertex  6.167101e+01  6.250000e+01  3.050513e+01
      vertex  6.153798e+01  6.250000e+01  3.108798e+01
    endloop
  endfacet
  facet normal  -0.000000e+00  1.000000e+00  -0.000000e+00
    outer loop
      vertex  8.250000e+01  6.250000e+01  0.000000e+00
      vertex  6.153798e+01  6.250000e+01  3.108798e+01
      vertex  6.131956e+01  6.250000e+01  3.164450e+01
    endloop
  endfacet
  facet normal  -0.000000e+00  1.000000e+00  -0.000000e+00
    outer loop
      vertex  8.250000e+01  6.250000e+01  0.000000e+00
      vertex  6.131956e+01  6.250000e+01  3.164450e+01
      vertex  6.102064e+01  6.250000e+01  3.216224e+01
    endloop
  endfacet
  facet normal  -0.000000e+00  9.999999e-01  -0.000000e+00
    outer loop
      vertex  5.801461e+01  6.250000e+01  3.389777e+01
      vertex -4.900756e+01  6.250000e+01  4.016903e+01
      vertex -4.905224e+01  6.250000e+01  4.076520e+01
    endloop
  endfacet
  facet normal  -0.000000e+00  9.999999e-01  -0.000000e+00
    outer loop
      vertex  5.801461e+01  6.250000e+01  3.389777e+01
      vertex -4.905224e+01  6.250000e+01  4.076520e+01
      vertex -4.918527e+01  6.250000e+01  4.134805e+01
    endloop
  endfacet
  facet normal  -0.000000e+00  1.000000e+00  -0.000000e+00
    outer loop
      vertex  5.801461e+01  6.250000e+01  3.389777e+01
      vertex -4.918527e+01  6.250000e+01  4.134805e+01
      vertex -4.940368e+01  6.250000e+01  4.190456e+01
    endloop
  endfacet
  facet normal  -0.000000e+00  1.000000e+00  -0.000000e+00
    outer loop
      vertex  5.801461e+01  6.250000e+01  3.389777e+01
      vertex -4.940368e+01  6.250000e+01  4.190456e+01
      vertex -4.970261e+01  6.250000e+01  4.242231e+01
    endloop
  endfacet
  facet normal  -0.000000e+00  1.000000e+00  -0.000000e+00
    outer loop
      vertex  5.801461e+01  6.250000e+01  3.389777e+01
      vertex -4.970261e+01  6.250000e+01  4.242231e+01
      vertex -5.007535e+01  6.250000e+01  4.288972e+01
    endloop
  endfacet
  facet normal  -0.000000e+00  1.000000e+00  -0.000000e+00
    outer loop
      vertex  5.801461e+01  6.250000e+01  3.389777e+01
      vertex -5.007535e+01  6.250000e+01  4.288972e+01
      vertex -5.051360e+01  6.250000e+01  4.329635e+01
    endloop
  endfacet
  facet normal  -0.000000e+00  1.000000e+00  -0.000000e+00
    outer loop
      vertex  5.801461e+01  6.250000e+01  3.389777e+01
      vertex -5.051360e+01  6.250000e+01  4.329635e+01
      vertex -5.100756e+01  6.250000e+01  4.363313e+01
    endloop
  endfacet
  facet normal  -0.000000e+00  1.000000e+00  -0.000000e+00
    outer loop
      vertex  5.801461e+01  6.250000e+01  3.389777e+01
      vertex -5.100756e+01  6.250000e+01  4.363313e+01
      vertex -5.154620e+01  6.250000e+01  4.389252e+01
    endloop
  endfacet
  facet normal  -0.000000e+00  1.000000e+00  -0.000000e+00
    outer loop
      vertex  5.801461e+01  6.250000e+01  3.389777e+01
      vertex -5.154620e+01  6.250000e+01  4.389252e+01
      vertex -5.211748e+01  6.250000e+01  4.406874e+01
    endloop
  endfacet
  facet normal  -0.000000e+00  1.000000e+00  -0.000000e+00
    outer loop
      vertex  5.801461e+01  6.250000e+01  3.389777e+01
      vertex -5.211748e+01  6.250000e+01  4.406874e+01
      vertex -5.270864e+01  6.250000e+01  4.415784e+01
    endloop
  endfacet
  facet normal  -0.000000e+00  9.999999e-01  0.000000e+00
    outer loop
      vertex  5.801461e+01  6.250000e+01  3.389777e+01
      vertex -5.270864e+01  6.250000e+01  4.415784e+01
      vertex  8.250000e+01  6.250000e+01  5.000000e+01
    endloop
  endfacet
  facet normal  0.000000e+00  1.000000e+00  -0.000000e+00
    outer loop
      vertex  8.250000e+01  6.250000e+01  5.000000e+01
      vertex  8.250000e+01  6.250000e+01  0.000000e+00
      vertex  6.102064e+01  6.250000e+01  3.216224e+01
    endloop
  endfacet
  facet normal  0.000000e+00  1.000000e+00  -0.000000e+00
    outer loop
      vertex  8.250000e+01  6.250000e+01  5.000000e+01
      vertex  6.102064e+01  6.250000e+01  3.216224e+01
      vertex  6.064789e+01  6.250000e+01  3.262965e+01
    endloop
  endfacet
  facet normal  0.000000e+00  1.000000e+00  -0.000000e+00
    outer loop
      vertex  8.250000e+01  6.250000e+01  5.000000e+01
      vertex  6.064789e+01  6.250000e+01  3.262965e+01
      vertex  6.020964e+01  6.250000e+01  3.303629e+01
    endloop
  endfacet
  facet normal  0.000000e+00  1.000000e+00  -0.000000e+00
    outer loop
      vertex  8.250000e+01  6.250000e+01  5.000000e+01
      vertex  6.020964e+01  6.250000e+01  3.303629e+01
      vertex  5.971568e+01  6.250000e+01  3.337306e+01
    endloop
  endfacet
  facet normal  0.000000e+00  1.000000e+00  -0.000000e+00
    outer loop
      vertex  8.250000e+01  6.250000e+01  5.000000e+01
      vertex  5.971568e+01  6.250000e+01  3.337306e+01
      vertex  5.917705e+01  6.250000e+01  3.363245e+01
    endloop
  endfacet
  facet normal  0.000000e+00  9.999999e-01  -0.000000e+00
    outer loop
      vertex  8.250000e+01  6.250000e+01  5.000000e+01
      vertex  5.917705e+01  6.250000e+01  3.363245e+01
      vertex  5.860577e+01  6.250000e+01  3.380867e+01
    endloop
  endfacet
  facet normal  0.000000e+00  1.000000e+00  -0.000000e+00
    outer loop
      vertex  8.250000e+01  6.250000e+01  5.000000e+01
      vertex  5.860577e+01  6.250000e+01  3.380867e+01
      vertex  5.801461e+01  6.250000e+01  3.389777e+01
    endloop
  endfacet
  facet normal  0.000000e+00  1.000000e+00  0.000000e+00
    outer loop
      vertex -8.250000e+01  6.250000e+01  0.000000e+00
      vertex -8.250000e+01  6.250000e+01  5.000000e+01
      vertex -5.700756e+01  6.250000e+01  4.016903e+01
    endloop
  endfacet
  facet normal  0.000000e+00  1.000000e+00  0.000000e+00
    outer loop
      vertex -8.250000e+01  6.250000e+01  0.000000e+00
      vertex -5.700756e+01  6.250000e+01  4.016903e+01
      vertex -5.696288e+01  6.250000e+01  3.957286e+01
    endloop
  endfacet
  facet normal  0.000000e+00  1.000000e+00  0.000000e+00
    outer loop
      vertex -8.250000e+01  6.250000e+01  0.000000e+00
      vertex -5.696288e+01  6.250000e+01  3.957286e+01
      vertex -5.682985e+01  6.250000e+01  3.899001e+01
    endloop
  endfacet
  facet normal  0.000000e+00  1.000000e+00  0.000000e+00
    outer loop
      vertex -8.250000e+01  6.250000e+01  0.000000e+00
      vertex -5.682985e+01  6.250000e+01  3.899001e+01
      vertex -5.661143e+01  6.250000e+01  3.843349e+01
    endloop
  endfacet
  facet normal  0.000000e+00  1.000000e+00  0.000000e+00
    outer loop
      vertex -8.250000e+01  6.250000e+01  0.000000e+00
      vertex -5.661143e+01  6.250000e+01  3.843349e+01
      vertex -5.631252e+01  6.250000e+01  3.791575e+01
    endloop
  endfacet
  facet normal  0.000000e+00  1.000000e+00  0.000000e+00
    outer loop
      vertex -8.250000e+01  6.250000e+01  0.000000e+00
      vertex -5.631252e+01  6.250000e+01  3.791575e+01
      vertex -5.593977e+01  6.250000e+01  3.744834e+01
    endloop
  endfacet
  facet normal  0.000000e+00  1.000000e+00  0.000000e+00
    outer loop
      vertex -8.250000e+01  6.250000e+01  0.000000e+00
      vertex -5.593977e+01  6.250000e+01  3.744834e+01
      vertex -5.550152e+01  6.250000e+01  3.704170e+01
    endloop
  endfacet
  facet normal  0.000000e+00  9.999999e-01  0.000000e+00
    outer loop
      vertex -8.250000e+01  6.250000e+01  0.000000e+00
      vertex -5.550152e+01  6.250000e+01  3.704170e+01
      vertex -5.500756e+01  6.250000e+01  3.670493e+01
    endloop
  endfacet
  facet normal  0.000000e+00  1.000000e+00  0.000000e+00
    outer loop
      vertex -8.250000e+01  6.250000e+01  0.000000e+00
      vertex -5.500756e+01  6.250000e+01  3.670493e+01
      vertex -5.446893e+01  6.250000e+01  3.644553e+01
    endloop
  endfacet
  facet normal  0.000000e+00  1.000000e+00  0.000000e+00
    outer loop
      vertex -8.250000e+01  6.250000e+01  0.000000e+00
      vertex -5.446893e+01  6.250000e+01  3.644553e+01
      vertex -5.389764e+01  6.250000e+01  3.626932e+01
    endloop
  endfacet
  facet normal  0.000000e+00  9.999999e-01  0.000000e+00
    outer loop
      vertex -8.250000e+01  6.250000e+01  0.000000e+00
      vertex -5.389764e+01  6.250000e+01  3.626932e+01
      vertex -5.330648e+01  6.250000e+01  3.618021e+01
    endloop
  endfacet
  facet normal  0.000000e+00  1.000000e+00  0.000000e+00
    outer loop
      vertex -8.250000e+01  6.250000e+01  0.000000e+00
      vertex -5.330648e+01  6.250000e+01  3.618021e+01
      vertex -5.749862e+01  6.250000e+01  2.497874e+01
    endloop
  endfacet
  facet normal  0.000000e+00  1.000000e+00  0.000000e+00
    outer loop
      vertex -8.250000e+01  6.250000e+01  0.000000e+00
      vertex -5.749862e+01  6.250000e+01  2.497874e+01
      vertex -5.794547e+01  6.250000e+01  2.440839e+01
    endloop
  endfacet
  facet normal  0.000000e+00  1.000000e+00  0.000000e+00
    outer loop
      vertex -8.250000e+01  6.250000e+01  0.000000e+00
      vertex -5.794547e+01  6.250000e+01  2.440839e+01
      vertex -5.832030e+01  6.250000e+01  2.378834e+01
    endloop
  endfacet
  facet normal  0.000000e+00  1.000000e+00  0.000000e+00
    outer loop
      vertex -8.250000e+01  6.250000e+01  0.000000e+00
      vertex -5.832030e+01  6.250000e+01  2.378834e+01
      vertex -5.861766e+01  6.250000e+01  2.312763e+01
    endloop
  endfacet
  facet normal  0.000000e+00  1.000000e+00  0.000000e+00
    outer loop
      vertex -8.250000e+01  6.250000e+01  0.000000e+00
      vertex -5.861766e+01  6.250000e+01  2.312763e+01
      vertex -5.883321e+01  6.250000e+01  2.243589e+01
    endloop
  endfacet
  facet normal  0.000000e+00  1.000000e+00  0.000000e+00
    outer loop
      vertex -8.250000e+01  6.250000e+01  0.000000e+00
      vertex -5.883321e+01  6.250000e+01  2.243589e+01
      vertex -5.896381e+01  6.250000e+01  2.172322e+01
    endloop
  endfacet
  facet normal  0.000000e+00  1.000000e+00  0.000000e+00
    outer loop
      vertex -8.250000e+01  6.250000e+01  0.000000e+00
      vertex -5.896381e+01  6.250000e+01  2.172322e+01
      vertex -5.900756e+01  6.250000e+01  2.100000e+01
    endloop
  endfacet
  facet normal  0.000000e+00  1.000000e+00  0.000000e+00
    outer loop
      vertex -8.250000e+01  6.250000e+01  0.000000e+00
      vertex -5.900756e+01  6.250000e+01  2.100000e+01
      vertex -5.896381e+01  6.250000e+01  2.027678e+01
    endloop
  endfacet
  facet normal  0.000000e+00  9.999999e-01  0.000000e+00
    outer loop
      vertex -8.250000e+01  6.250000e+01  0.000000e+00
      vertex -5.896381e+01  6.250000e+01  2.027678e+01
      vertex -5.883321e+01  6.250000e+01  1.956411e+01
    endloop
  endfacet
  facet normal  0.000000e+00  1.000000e+00  0.000000e+00
    outer loop
      vertex -8.250000e+01  6.250000e+01  0.000000e+00
      vertex -5.883321e+01  6.250000e+01  1.956411e+01
      vertex -5.861766e+01  6.250000e+01  1.887237e+01
    endloop
  endfacet
  facet normal  0.000000e+00  1.000000e+00  0.000000e+00
    outer loop
      vertex -8.250000e+01  6.250000e+01  0.000000e+00
      vertex -5.861766e+01  6.250000e+01  1.887237e+01
      vertex -5.832030e+01  6.250000e+01  1.821166e+01
    endloop
  endfacet
  facet normal  0.000000e+00  1.000000e+00  0.000000e+00
    outer loop
      vertex -8.250000e+01  6.250000e+01  0.000000e+00
      vertex -5.832030e+01  6.250000e+01  1.821166e+01
      vertex -5.794547e+01  6.250000e+01  1.759161e+01
    endloop
  endfacet
  facet normal  0.000000e+00  1.000000e+00  0.000000e+00
    outer loop
      vertex -8.250000e+01  6.250000e+01  0.000000e+00
      vertex -5.794547e+01  6.250000e+01  1.759161e+01
      vertex -5.749862e+01  6.250000e+01  1.702126e+01
    endloop
  endfacet
  facet normal  0.000000e+00  9.999999e-01  0.000000e+00
    outer loop
      vertex -8.250000e+01  6.250000e+01  0.000000e+00
      vertex -5.749862e+01  6.250000e+01  1.702126e+01
      vertex -5.698630e+01  6.250000e+01  1.650894e+01
    endloop
  endfacet
  facet normal  0.000000e+00  1.000000e+00  0.000000e+00
    outer loop
      vertex -8.250000e+01  6.250000e+01  0.000000e+00
      vertex -5.698630e+01  6.250000e+01  1.650894e+01
      vertex -5.641595e+01  6.250000e+01  1.606210e+01
    endloop
  endfacet
  facet normal  0.000000e+00  1.000000e+00  0.000000e+00
    outer loop
      vertex -8.250000e+01  6.250000e+01  0.000000e+00
      vertex -5.641595e+01  6.250000e+01  1.606210e+01
      vertex -5.579590e+01  6.250000e+01  1.568726e+01
    endloop
  endfacet
  facet normal  0.000000e+00  9.999999e-01  0.000000e+00
    outer loop
      vertex -8.250000e+01  6.250000e+01  0.000000e+00
      vertex -5.579590e+01  6.250000e+01  1.568726e+01
      vertex -5.513519e+01  6.250000e+01  1.538990e+01
    endloop
  endfacet
  facet normal  0.000000e+00  1.000000e+00  0.000000e+00
    outer loop
      vertex -8.250000e+01  6.250000e+01  0.000000e+00
      vertex -5.513519e+01  6.250000e+01  1.538990e+01
      vertex -5.444345e+01  6.250000e+01  1.517435e+01
    endloop
  endfacet
  facet normal  0.000000e+00  9.999999e-01  0.000000e+00
    outer loop
      vertex -8.250000e+01  6.250000e+01  0.000000e+00
      vertex -5.444345e+01  6.250000e+01  1.517435e+01
      vertex -5.373078e+01  6.250000e+01  1.504375e+01
    endloop
  endfacet
  facet normal  0.000000e+00  9.999999e-01  0.000000e+00
    outer loop
      vertex -8.250000e+01  6.250000e+01  0.000000e+00
      vertex -5.373078e+01  6.250000e+01  1.504375e+01
      vertex -5.300756e+01  6.250000e+01  1.500000e+01
    endloop
  endfacet
  facet normal  -0.000000e+00  1.000000e+00  0.000000e+00
    outer loop
      vertex -8.250000e+01  6.250000e+01  0.000000e+00
      vertex -5.300756e+01  6.250000e+01  1.500000e+01
      vertex -5.228434e+01  6.250000e+01  1.504375e+01
    endloop
  endfacet
  facet normal  -0.000000e+00  1.000000e+00  0.000000e+00
    outer loop
      vertex -8.250000e+01  6.250000e+01  0.000000e+00
      vertex -5.228434e+01  6.250000e+01  1.504375e+01
      vertex -5.157167e+01  6.250000e+01  1.517435e+01
    endloop
  endfacet
  facet normal  -0.000000e+00  1.000000e+00  0.000000e+00
    outer loop
      vertex -8.250000e+01  6.250000e+01  0.000000e+00
      vertex -5.157167e+01  6.250000e+01  1.517435e+01
      vertex -5.087993e+01  6.250000e+01  1.538990e+01
    endloop
  endfacet
  facet normal  -0.000000e+00  1.000000e+00  0.000000e+00
    outer loop
      vertex -8.250000e+01  6.250000e+01  0.000000e+00
      vertex -5.087993e+01  6.250000e+01  1.538990e+01
      vertex -5.021922e+01  6.250000e+01  1.568726e+01
    endloop
  endfacet
  facet normal  -0.000000e+00  1.000000e+00  0.000000e+00
    outer loop
      vertex -1.639423e+01  6.250000e+01  2.600925e+01
      vertex -1.582295e+01  6.250000e+01  2.618546e+01
      vertex  3.715685e+00  6.250000e+01  2.990896e+01
    endloop
  endfacet
  facet normal  0.000000e+00  9.999999e-01  0.000000e+00
    outer loop
      vertex -1.639423e+01  6.250000e+01  2.600925e+01
      vertex  3.715685e+00  6.250000e+01  2.990896e+01
      vertex  3.760362e+00  6.250000e+01  2.931279e+01
    endloop
  endfacet
  facet normal  0.000000e+00  1.000000e+00  0.000000e+00
    outer loop
      vertex -1.639423e+01  6.250000e+01  2.600925e+01
      vertex  3.760362e+00  6.250000e+01  2.931279e+01
      vertex  3.893394e+00  6.250000e+01  2.872994e+01
    endloop
  endfacet
  facet normal  0.000000e+00  9.999999e-01  0.000000e+00
    outer loop
      vertex -1.639423e+01  6.250000e+01  2.600925e+01
      vertex  3.893394e+00  6.250000e+01  2.872994e+01
      vertex  4.111809e+00  6.250000e+01  2.817343e+01
    endloop
  endfacet
  facet normal  0.000000e+00  1.000000e+00  0.000000e+00
    outer loop
      vertex -1.639423e+01  6.250000e+01  2.600925e+01
      vertex  4.111809e+00  6.250000e+01  2.817343e+01
      vertex -1.698540e+01  6.250000e+01  2.592015e+01
    endloop
  endfacet
  facet normal  -0.000000e+00  1.000000e+00  0.000000e+00
    outer loop
      vertex  8.605768e+00  6.250000e+01  2.600925e+01
      vertex  9.177049e+00  6.250000e+01  2.618546e+01
      vertex  2.871568e+01  6.250000e+01  2.990896e+01
    endloop
  endfacet
  facet normal  0.000000e+00  1.000000e+00  0.000000e+00
    outer loop
      vertex  8.605768e+00  6.250000e+01  2.600925e+01
      vertex  2.871568e+01  6.250000e+01  2.990896e+01
      vertex  2.876036e+01  6.250000e+01  2.931279e+01
    endloop
  endfacet
  facet normal  0.000000e+00  9.999999e-01  0.000000e+00
    outer loop
      vertex  8.605768e+00  6.250000e+01  2.600925e+01
      vertex  2.876036e+01  6.250000e+01  2.931279e+01
      vertex  2.889339e+01  6.250000e+01  2.872994e+01
    endloop
  endfacet
  facet normal  0.000000e+00  1.000000e+00  0.000000e+00
    outer loop
      vertex  8.605768e+00  6.250000e+01  2.600925e+01
      vertex  2.889339e+01  6.250000e+01  2.872994e+01
      vertex  2.911181e+01  6.250000e+01  2.817343e+01
    endloop
  endfacet
  facet normal  0.000000e+00  1.000000e+00  0.000000e+00
    outer loop
      vertex  8.605768e+00  6.250000e+01  2.600925e+01
      vertex  2.911181e+01  6.250000e+01  2.817343e+01
      vertex  2.941073e+01  6.250000e+01  2.765568e+01
    endloop
  endfacet
  facet normal  0.000000e+00  1.000000e+00  0.000000e+00
    outer loop
      vertex  8.605768e+00  6.250000e+01  2.600925e+01
      vertex  2.941073e+01  6.250000e+01  2.765568e+01
      vertex  8.014606e+00  6.250000e+01  2.592015e+01
    endloop
  endfacet
  facet normal  -0.000000e+00  1.000000e+00  0.000000e+00
    outer loop
      vertex  3.360577e+01  6.250000e+01  2.600925e+01
      vertex  3.417705e+01  6.250000e+01  2.618546e+01
      vertex  5.371568e+01  6.250000e+01  2.990896e+01
    endloop
  endfacet
  facet normal  0.000000e+00  1.000000e+00  0.000000e+00
    outer loop
      vertex  3.360577e+01  6.250000e+01  2.600925e+01
      vertex  5.371568e+01  6.250000e+01  2.990896e+01
      vertex  5.376036e+01  6.250000e+01  2.931279e+01
    endloop
  endfacet
  facet normal  0.000000e+00  1.000000e+00  0.000000e+00
    outer loop
      vertex  3.360577e+01  6.250000e+01  2.600925e+01
      vertex  5.376036e+01  6.250000e+01  2.931279e+01
      vertex  5.389339e+01  6.250000e+01  2.872994e+01
    endloop
  endfacet
  facet normal  0.000000e+00  1.000000e+00  0.000000e+00
    outer loop
      vertex  3.360577e+01  6.250000e+01  2.600925e+01
      vertex  5.389339e+01  6.250000e+01  2.872994e+01
      vertex  5.411181e+01  6.250000e+01  2.817343e+01
    endloop
  endfacet
  facet normal  -0.000000e+00  1.000000e+00  0.000000e+00
    outer loop
      vertex  3.301461e+01  6.250000e+01  2.592015e+01
      vertex  3.360577e+01  6.250000e+01  2.600925e+01
      vertex  5.411181e+01  6.250000e+01  2.817343e+01
    endloop
  endfacet
  facet normal  0.000000e+00  1.000000e+00  0.000000e+00
    outer loop
      vertex  3.301461e+01  6.250000e+01  2.592015e+01
      vertex  5.411181e+01  6.250000e+01  2.817343e+01
      vertex  5.441073e+01  6.250000e+01  2.765568e+01
    endloop
  endfacet
  facet normal  0.000000e+00  1.000000e+00  0.000000e+00
    outer loop
      vertex  3.301461e+01  6.250000e+01  2.592015e+01
      vertex  5.441073e+01  6.250000e+01  2.765568e+01
      vertex  5.478348e+01  6.250000e+01  2.718827e+01
    endloop
  endfacet
  facet normal  0.000000e+00  1.000000e+00  0.000000e+00
    outer loop
      vertex  8.605768e+00  6.250000e+01  3.380867e+01
      vertex  8.014606e+00  6.250000e+01  3.389777e+01
      vertex  2.911181e+01  6.250000e+01  3.164450e+01
    endloop
  endfacet
  facet normal  0.000000e+00  1.000000e+00  0.000000e+00
    outer loop
      vertex  8.605768e+00  6.250000e+01  3.380867e+01
      vertex  2.911181e+01  6.250000e+01  3.164450e+01
      vertex  2.889339e+01  6.250000e+01  3.108798e+01
    endloop
  endfacet
  facet normal  0.000000e+00  9.999999e-01  0.000000e+00
    outer loop
      vertex  8.605768e+00  6.250000e+01  3.380867e+01
      vertex  2.889339e+01  6.250000e+01  3.108798e+01
      vertex  2.876036e+01  6.250000e+01  3.050513e+01
    endloop
  endfacet
  facet normal  0.000000e+00  1.000000e+00  0.000000e+00
    outer loop
      vertex  8.605768e+00  6.250000e+01  3.380867e+01
      vertex  2.876036e+01  6.250000e+01  3.050513e+01
      vertex  2.871568e+01  6.250000e+01  2.990896e+01
    endloop
  endfacet
  facet normal  0.000000e+00  1.000000e+00  0.000000e+00
    outer loop
      vertex  8.605768e+00  6.250000e+01  3.380867e+01
      vertex  2.871568e+01  6.250000e+01  2.990896e+01
      vertex  9.177049e+00  6.250000e+01  3.363245e+01
    endloop
  endfacet
  facet normal  0.000000e+00  1.000000e+00  0.000000e+00
    outer loop
      vertex  3.360577e+01  6.250000e+01  3.380867e+01
      vertex  5.411181e+01  6.250000e+01  3.164450e+01
      vertex  5.389339e+01  6.250000e+01  3.108798e+01
    endloop
  endfacet
  facet normal  0.000000e+00  1.000000e+00  0.000000e+00
    outer loop
      vertex  3.360577e+01  6.250000e+01  3.380867e+01
      vertex  5.389339e+01  6.250000e+01  3.108798e+01
      vertex  5.376036e+01  6.250000e+01  3.050513e+01
    endloop
  endfacet
  facet normal  0.000000e+00  1.000000e+00  0.000000e+00
    outer loop
      vertex  3.360577e+01  6.250000e+01  3.380867e+01
      vertex  5.376036e+01  6.250000e+01  3.050513e+01
      vertex  5.371568e+01  6.250000e+01  2.990896e+01
    endloop
  endfacet
  facet normal  0.000000e+00  1.000000e+00  0.000000e+00
    outer loop
      vertex  3.360577e+01  6.250000e+01  3.380867e+01
      vertex  5.371568e+01  6.250000e+01  2.990896e+01
      vertex  3.417705e+01  6.250000e+01  3.363245e+01
    endloop
  endfacet
  facet normal  0.000000e+00  1.000000e+00  0.000000e+00
    outer loop
      vertex  3.301461e+01  6.250000e+01  3.389777e+01
      vertex  5.478348e+01  6.250000e+01  3.262965e+01
      vertex  5.441073e+01  6.250000e+01  3.216224e+01
    endloop
  endfacet
  facet normal  0.000000e+00  1.000000e+00  0.000000e+00
    outer loop
      vertex  3.301461e+01  6.250000e+01  3.389777e+01
      vertex  5.441073e+01  6.250000e+01  3.216224e+01
      vertex  5.411181e+01  6.250000e+01  3.164450e+01
    endloop
  endfacet
  facet normal  0.000000e+00  1.000000e+00  0.000000e+00
    outer loop
      vertex  3.301461e+01  6.250000e+01  3.389777e+01
      vertex  5.411181e+01  6.250000e+01  3.164450e+01
      vertex  3.360577e+01  6.250000e+01  3.380867e+01
    endloop
  endfacet
  facet normal  0.000000e+00  1.000000e+00  0.000000e+00
    outer loop
      vertex -8.250000e+01  6.250000e+01  5.000000e+01
      vertex  8.250000e+01  6.250000e+01  5.000000e+01
      vertex -5.270864e+01  6.250000e+01  4.415784e+01
    endloop
  endfacet
  facet normal  0.000000e+00  1.000000e+00  0.000000e+00
    outer loop
      vertex -8.250000e+01  6.250000e+01  5.000000e+01
      vertex -5.270864e+01  6.250000e+01  4.415784e+01
      vertex -5.330648e+01  6.250000e+01  4.415784e+01
    endloop
  endfacet
  facet normal  0.000000e+00  1.000000e+00  0.000000e+00
    outer loop
      vertex -8.250000e+01  6.250000e+01  5.000000e+01
      vertex -5.330648e+01  6.250000e+01  4.415784e+01
      vertex -5.389764e+01  6.250000e+01  4.406874e+01
    endloop
  endfacet
  facet normal  0.000000e+00  1.000000e+00  0.000000e+00
    outer loop
      vertex -8.250000e+01  6.250000e+01  5.000000e+01
      vertex -5.389764e+01  6.250000e+01  4.406874e+01
      vertex -5.446893e+01  6.250000e+01  4.389252e+01
    endloop
  endfacet
  facet normal  0.000000e+00  1.000000e+00  0.000000e+00
    outer loop
      vertex -8.250000e+01  6.250000e+01  5.000000e+01
      vertex -5.446893e+01  6.250000e+01  4.389252e+01
      vertex -5.500756e+01  6.250000e+01  4.363313e+01
    endloop
  endfacet
  facet normal  0.000000e+00  9.999999e-01  0.000000e+00
    outer loop
      vertex -8.250000e+01  6.250000e+01  5.000000e+01
      vertex -5.500756e+01  6.250000e+01  4.363313e+01
      vertex -5.550152e+01  6.250000e+01  4.329635e+01
    endloop
  endfacet
  facet normal  0.000000e+00  1.000000e+00  0.000000e+00
    outer loop
      vertex -8.250000e+01  6.250000e+01  5.000000e+01
      vertex -5.550152e+01  6.250000e+01  4.329635e+01
      vertex -5.593977e+01  6.250000e+01  4.288972e+01
    endloop
  endfacet
  facet normal  0.000000e+00  1.000000e+00  0.000000e+00
    outer loop
      vertex -8.250000e+01  6.250000e+01  5.000000e+01
      vertex -5.593977e+01  6.250000e+01  4.288972e+01
      vertex -5.631252e+01  6.250000e+01  4.242231e+01
    endloop
  endfacet
  facet normal  0.000000e+00  1.000000e+00  0.000000e+00
    outer loop
      vertex -8.250000e+01  6.250000e+01  5.000000e+01
      vertex -5.631252e+01  6.250000e+01  4.242231e+01
      vertex -5.661143e+01  6.250000e+01  4.190456e+01
    endloop
  endfacet
  facet normal  0.000000e+00  1.000000e+00  0.000000e+00
    outer loop
      vertex -8.250000e+01  6.250000e+01  5.000000e+01
      vertex -5.661143e+01  6.250000e+01  4.190456e+01
      vertex -5.682985e+01  6.250000e+01  4.134805e+01
    endloop
  endfacet
  facet normal  0.000000e+00  1.000000e+00  0.000000e+00
    outer loop
      vertex -8.250000e+01  6.250000e+01  5.000000e+01
      vertex -5.682985e+01  6.250000e+01  4.134805e+01
      vertex -5.696288e+01  6.250000e+01  4.076520e+01
    endloop
  endfacet
  facet normal  0.000000e+00  1.000000e+00  0.000000e+00
    outer loop
      vertex -8.250000e+01  6.250000e+01  5.000000e+01
      vertex -5.696288e+01  6.250000e+01  4.076520e+01
      vertex -5.700756e+01  6.250000e+01  4.016903e+01
    endloop
  endfacet
  facet normal  0.000000e+00 -1.000000e+00  0.000000e+00
    outer loop
      vertex -4.900756e+01  5.750000e+01  4.016903e+01
      vertex -2.128432e+01  5.750000e+01  2.990896e+01
      vertex -2.123964e+01  5.750000e+01  3.050513e+01
    endloop
  endfacet
  facet normal  0.000000e+00 -1.000000e+00  0.000000e+00
    outer loop
      vertex -4.900756e+01  5.750000e+01  4.016903e+01
      vertex -2.123964e+01  5.750000e+01  3.050513e+01
      vertex -2.110661e+01  5.750000e+01  3.108798e+01
    endloop
  endfacet
  facet normal  0.000000e+00 -1.000000e+00  0.000000e+00
    outer loop
      vertex -4.900756e+01  5.750000e+01  4.016903e+01
      vertex -2.110661e+01  5.750000e+01  3.108798e+01
      vertex -2.088819e+01  5.750000e+01  3.164450e+01
    endloop
  endfacet
  facet normal  0.000000e+00 -1.000000e+00  0.000000e+00
    outer loop
      vertex -4.900756e+01  5.750000e+01  4.016903e+01
      vertex -2.088819e+01  5.750000e+01  3.164450e+01
      vertex -2.058927e+01  5.750000e+01  3.216224e+01
    endloop
  endfacet
  facet normal  0.000000e+00 -1.000000e+00  0.000000e+00
    outer loop
      vertex -4.900756e+01  5.750000e+01  4.016903e+01
      vertex -2.058927e+01  5.750000e+01  3.216224e+01
      vertex -2.021652e+01  5.750000e+01  3.262965e+01
    endloop
  endfacet
  facet normal  0.000000e+00 -1.000000e+00  0.000000e+00
    outer loop
      vertex -4.900756e+01  5.750000e+01  4.016903e+01
      vertex -2.021652e+01  5.750000e+01  3.262965e+01
      vertex -1.977827e+01  5.750000e+01  3.303629e+01
    endloop
  endfacet
  facet normal  0.000000e+00 -1.000000e+00  0.000000e+00
    outer loop
      vertex -4.900756e+01  5.750000e+01  4.016903e+01
      vertex -1.977827e+01  5.750000e+01  3.303629e+01
      vertex -1.928432e+01  5.750000e+01  3.337306e+01
    endloop
  endfacet
  facet normal  0.000000e+00 -1.000000e+00  0.000000e+00
    outer loop
      vertex -4.900756e+01  5.750000e+01  4.016903e+01
      vertex -1.928432e+01  5.750000e+01  3.337306e+01
      vertex -1.874568e+01  5.750000e+01  3.363245e+01
    endloop
  endfacet
  facet normal  0.000000e+00 -1.000000e+00  0.000000e+00
    outer loop
      vertex -4.900756e+01  5.750000e+01  4.016903e+01
      vertex -1.874568e+01  5.750000e+01  3.363245e+01
      vertex -1.817440e+01  5.750000e+01  3.380867e+01
    endloop
  endfacet
  facet normal  0.000000e+00 -9.999999e-01  0.000000e+00
    outer loop
      vertex -4.900756e+01  5.750000e+01  4.016903e+01
      vertex -1.817440e+01  5.750000e+01  3.380867e+01
      vertex -1.758323e+01  5.750000e+01  3.389777e+01
    endloop
  endfacet
  facet normal  0.000000e+00 -1.000000e+00  0.000000e+00
    outer loop
      vertex -4.900756e+01  5.750000e+01  4.016903e+01
      vertex -1.758323e+01  5.750000e+01  3.389777e+01
      vertex -1.698540e+01  5.750000e+01  3.389777e+01
    endloop
  endfacet
  facet normal  0.000000e+00 -9.999999e-01  0.000000e+00
    outer loop
      vertex -4.900756e+01  5.750000e+01  4.016903e+01
      vertex -1.698540e+01  5.750000e+01  3.389777e+01
      vertex -1.639423e+01  5.750000e+01  3.380867e+01
    endloop
  endfacet
  facet normal  0.000000e+00 -9.999999e-01  0.000000e+00
    outer loop
      vertex -4.900756e+01  5.750000e+01  4.016903e+01
      vertex -1.639423e+01  5.750000e+01  3.380867e+01
      vertex  3.715685e+00  5.750000e+01  2.990896e+01
    endloop
  endfacet
  facet normal  0.000000e+00 -9.999999e-01  0.000000e+00
    outer loop
      vertex -4.900756e+01  5.750000e+01  4.016903e+01
      vertex  3.715685e+00  5.750000e+01  2.990896e+01
      vertex  3.760362e+00  5.750000e+01  3.050513e+01
    endloop
  endfacet
  facet normal  0.000000e+00 -1.000000e+00  0.000000e+00
    outer loop
      vertex -4.900756e+01  5.750000e+01  4.016903e+01
      vertex  3.760362e+00  5.750000e+01  3.050513e+01
      vertex  3.893394e+00  5.750000e+01  3.108798e+01
    endloop
  endfacet
  facet normal  0.000000e+00 -1.000000e+00  0.000000e+00
    outer loop
      vertex -4.900756e+01  5.750000e+01  4.016903e+01
      vertex  3.893394e+00  5.750000e+01  3.108798e+01
      vertex  4.111809e+00  5.750000e+01  3.164450e+01
    endloop
  endfacet
  facet normal  0.000000e+00 -1.000000e+00  0.000000e+00
    outer loop
      vertex -4.900756e+01  5.750000e+01  4.016903e+01
      vertex  4.111809e+00  5.750000e+01  3.164450e+01
      vertex  4.410730e+00  5.750000e+01  3.216224e+01
    endloop
  endfacet
  facet normal  0.000000e+00 -1.000000e+00  0.000000e+00
    outer loop
      vertex -4.900756e+01  5.750000e+01  4.016903e+01
      vertex  4.410730e+00  5.750000e+01  3.216224e+01
      vertex  4.783477e+00  5.750000e+01  3.262965e+01
    endloop
  endfacet
  facet normal  0.000000e+00 -1.000000e+00  0.000000e+00
    outer loop
      vertex -4.900756e+01  5.750000e+01  4.016903e+01
      vertex  4.783477e+00  5.750000e+01  3.262965e+01
      vertex  5.221725e+00  5.750000e+01  3.303629e+01
    endloop
  endfacet
  facet normal  0.000000e+00 -1.000000e+00  0.000000e+00
    outer loop
      vertex -4.900756e+01  5.750000e+01  4.016903e+01
      vertex  5.221725e+00  5.750000e+01  3.303629e+01
      vertex  5.715685e+00  5.750000e+01  3.337306e+01
    endloop
  endfacet
  facet normal  0.000000e+00 -1.000000e+00  0.000000e+00
    outer loop
      vertex -4.900756e+01  5.750000e+01  4.016903e+01
      vertex  5.715685e+00  5.750000e+01  3.337306e+01
      vertex  6.254321e+00  5.750000e+01  3.363245e+01
    endloop
  endfacet
  facet normal  0.000000e+00 -9.999999e-01  0.000000e+00
    outer loop
      vertex -4.900756e+01  5.750000e+01  4.016903e+01
      vertex  6.254321e+00  5.750000e+01  3.363245e+01
      vertex  6.825601e+00  5.750000e+01  3.380867e+01
    endloop
  endfacet
  facet normal  0.000000e+00 -1.000000e+00  0.000000e+00
    outer loop
      vertex -4.900756e+01  5.750000e+01  4.016903e+01
      vertex  6.825601e+00  5.750000e+01  3.380867e+01
      vertex  7.416765e+00  5.750000e+01  3.389777e+01
    endloop
  endfacet
  facet normal  0.000000e+00 -1.000000e+00  0.000000e+00
    outer loop
      vertex -4.900756e+01  5.750000e+01  4.016903e+01
      vertex  7.416765e+00  5.750000e+01  3.389777e+01
      vertex  8.014606e+00  5.750000e+01  3.389777e+01
    endloop
  endfacet
  facet normal  0.000000e+00 -9.999999e-01  0.000000e+00
    outer loop
      vertex -4.900756e+01  5.750000e+01  4.016903e+01
      vertex  8.014606e+00  5.750000e+01  3.389777e+01
      vertex  2.911181e+01  5.750000e+01  3.164450e+01
    endloop
  endfacet
  facet normal  0.000000e+00 -1.000000e+00  0.000000e+00
    outer loop
      vertex -4.900756e+01  5.750000e+01  4.016903e+01
      vertex  2.911181e+01  5.750000e+01  3.164450e+01
      vertex  2.941073e+01  5.750000e+01  3.216224e+01
    endloop
  endfacet
  facet normal  0.000000e+00 -1.000000e+00  0.000000e+00
    outer loop
      vertex -4.900756e+01  5.750000e+01  4.016903e+01
      vertex  2.941073e+01  5.750000e+01  3.216224e+01
      vertex  2.978348e+01  5.750000e+01  3.262965e+01
    endloop
  endfacet
  facet normal  0.000000e+00 -1.000000e+00  0.000000e+00
    outer loop
      vertex -4.900756e+01  5.750000e+01  4.016903e+01
      vertex  2.978348e+01  5.750000e+01  3.262965e+01
      vertex  3.022173e+01  5.750000e+01  3.303629e+01
    endloop
  endfacet
  facet normal  0.000000e+00 -1.000000e+00  0.000000e+00
    outer loop
      vertex -4.900756e+01  5.750000e+01  4.016903e+01
      vertex  3.022173e+01  5.750000e+01  3.303629e+01
      vertex  3.071568e+01  5.750000e+01  3.337306e+01
    endloop
  endfacet
  facet normal  0.000000e+00 -1.000000e+00  0.000000e+00
    outer loop
      vertex -4.900756e+01  5.750000e+01  4.016903e+01
      vertex  3.071568e+01  5.750000e+01  3.337306e+01
      vertex  3.125432e+01  5.750000e+01  3.363245e+01
    endloop
  endfacet
  facet normal  0.000000e+00 -1.000000e+00  0.000000e+00
    outer loop
      vertex -4.900756e+01  5.750000e+01  4.016903e+01
      vertex  3.125432e+01  5.750000e+01  3.363245e+01
      vertex  3.182560e+01  5.750000e+01  3.380867e+01
    endloop
  endfacet
  facet normal  0.000000e+00 -1.000000e+00  0.000000e+00
    outer loop
      vertex -4.900756e+01  5.750000e+01  4.016903e+01
      vertex  3.182560e+01  5.750000e+01  3.380867e+01
      vertex  3.241676e+01  5.750000e+01  3.389777e+01
    endloop
  endfacet
  facet normal  0.000000e+00 -1.000000e+00  0.000000e+00
    outer loop
      vertex -4.900756e+01  5.750000e+01  4.016903e+01
      vertex  3.241676e+01  5.750000e+01  3.389777e+01
      vertex  3.301461e+01  5.750000e+01  3.389777e+01
    endloop
  endfacet
  facet normal  0.000000e+00 -1.000000e+00  0.000000e+00
    outer loop
      vertex -4.900756e+01  5.750000e+01  4.016903e+01
      vertex  3.301461e+01  5.750000e+01  3.389777e+01
      vertex  5.478348e+01  5.750000e+01  3.262965e+01
    endloop
  endfacet
  facet normal  0.000000e+00 -1.000000e+00  0.000000e+00
    outer loop
      vertex -4.900756e+01  5.750000e+01  4.016903e+01
      vertex  5.478348e+01  5.750000e+01  3.262965e+01
      vertex  5.522173e+01  5.750000e+01  3.303629e+01
    endloop
  endfacet
  facet normal  0.000000e+00 -1.000000e+00  0.000000e+00
    outer loop
      vertex -4.900756e+01  5.750000e+01  4.016903e+01
      vertex  5.522173e+01  5.750000e+01  3.303629e+01
      vertex  5.571568e+01  5.750000e+01  3.337306e+01
    endloop
  endfacet
  facet normal  0.000000e+00 -9.999999e-01  0.000000e+00
    outer loop
      vertex -4.900756e+01  5.750000e+01  4.016903e+01
      vertex  5.571568e+01  5.750000e+01  3.337306e+01
      vertex  5.625432e+01  5.750000e+01  3.363245e+01
    endloop
  endfacet
  facet normal  0.000000e+00 -1.000000e+00  0.000000e+00
    outer loop
      vertex -4.900756e+01  5.750000e+01  4.016903e+01
      vertex  5.625432e+01  5.750000e+01  3.363245e+01
      vertex  5.682560e+01  5.750000e+01  3.380867e+01
    endloop
  endfacet
  facet normal  0.000000e+00 -1.000000e+00  0.000000e+00
    outer loop
      vertex -4.900756e+01  5.750000e+01  4.016903e+01
      vertex  5.682560e+01  5.750000e+01  3.380867e+01
      vertex  5.741676e+01  5.750000e+01  3.389777e+01
    endloop
  endfacet
  facet normal  0.000000e+00 -1.000000e+00  0.000000e+00
    outer loop
      vertex -4.900756e+01  5.750000e+01  4.016903e+01
      vertex  5.741676e+01  5.750000e+01  3.389777e+01
      vertex  5.801461e+01  5.750000e+01  3.389777e+01
    endloop
  endfacet
  facet normal  0.000000e+00 -1.000000e+00  -0.000000e+00
    outer loop
      vertex -2.128432e+01  5.750000e+01  2.990896e+01
      vertex -4.900756e+01  5.750000e+01  4.016903e+01
      vertex -4.905224e+01  5.750000e+01  3.957286e+01
    endloop
  endfacet
  facet normal  0.000000e+00 -1.000000e+00  -0.000000e+00
    outer loop
      vertex -2.128432e+01  5.750000e+01  2.990896e+01
      vertex -4.905224e+01  5.750000e+01  3.957286e+01
      vertex -4.918527e+01  5.750000e+01  3.899001e+01
    endloop
  endfacet
  facet normal  0.000000e+00 -1.000000e+00  -0.000000e+00
    outer loop
      vertex -2.128432e+01  5.750000e+01  2.990896e+01
      vertex -4.918527e+01  5.750000e+01  3.899001e+01
      vertex -4.940368e+01  5.750000e+01  3.843349e+01
    endloop
  endfacet
  facet normal  0.000000e+00 -1.000000e+00  -0.000000e+00
    outer loop
      vertex -2.128432e+01  5.750000e+01  2.990896e+01
      vertex -4.940368e+01  5.750000e+01  3.843349e+01
      vertex -4.970261e+01  5.750000e+01  3.791575e+01
    endloop
  endfacet
  facet normal  0.000000e+00 -1.000000e+00  -0.000000e+00
    outer loop
      vertex -2.128432e+01  5.750000e+01  2.990896e+01
      vertex -4.970261e+01  5.750000e+01  3.791575e+01
      vertex -5.007535e+01  5.750000e+01  3.744834e+01
    endloop
  endfacet
  facet normal  0.000000e+00 -9.999999e-01  -0.000000e+00
    outer loop
      vertex -2.128432e+01  5.750000e+01  2.990896e+01
      vertex -5.007535e+01  5.750000e+01  3.744834e+01
      vertex -5.051360e+01  5.750000e+01  3.704170e+01
    endloop
  endfacet
  facet normal  0.000000e+00 -1.000000e+00  -0.000000e+00
    outer loop
      vertex -2.128432e+01  5.750000e+01  2.990896e+01
      vertex -5.051360e+01  5.750000e+01  3.704170e+01
      vertex -5.100756e+01  5.750000e+01  3.670493e+01
    endloop
  endfacet
  facet normal  0.000000e+00 -1.000000e+00  -0.000000e+00
    outer loop
      vertex -2.128432e+01  5.750000e+01  2.990896e+01
      vertex -5.100756e+01  5.750000e+01  3.670493e+01
      vertex -5.154620e+01  5.750000e+01  3.644553e+01
    endloop
  endfacet
  facet normal  0.000000e+00 -1.000000e+00  -0.000000e+00
    outer loop
      vertex -2.128432e+01  5.750000e+01  2.990896e+01
      vertex -5.154620e+01  5.750000e+01  3.644553e+01
      vertex -5.211748e+01  5.750000e+01  3.626932e+01
    endloop
  endfacet
  facet normal  0.000000e+00 -1.000000e+00  -0.000000e+00
    outer loop
      vertex -2.128432e+01  5.750000e+01  2.990896e+01
      vertex -5.211748e+01  5.750000e+01  3.626932e+01
      vertex -5.270864e+01  5.750000e+01  3.618021e+01
    endloop
  endfacet
  facet normal  -0.000000e+00 -9.999999e-01  -0.000000e+00
    outer loop
      vertex -2.128432e+01  5.750000e+01  2.990896e+01
      vertex -5.270864e+01  5.750000e+01  3.618021e+01
      vertex -5.330648e+01  5.750000e+01  3.618021e+01
    endloop
  endfacet
  facet normal  -0.000000e+00 -9.999999e-01  -0.000000e+00
    outer loop
      vertex -2.128432e+01  5.750000e+01  2.990896e+01
      vertex -5.330648e+01  5.750000e+01  3.618021e+01
      vertex -5.389764e+01  5.750000e+01  3.626932e+01
    endloop
  endfacet
  facet normal  0.000000e+00 -1.000000e+00  0.000000e+00
    outer loop
      vertex  3.715685e+00  5.750000e+01  2.990896e+01
      vertex -1.639423e+01  5.750000e+01  3.380867e+01
      vertex -1.582295e+01  5.750000e+01  3.363245e+01
    endloop
  endfacet
  facet normal  0.000000e+00 -1.000000e+00  0.000000e+00
    outer loop
      vertex  3.715685e+00  5.750000e+01  2.990896e+01
      vertex -1.582295e+01  5.750000e+01  3.363245e+01
      vertex -1.528432e+01  5.750000e+01  3.337306e+01
    endloop
  endfacet
  facet normal  0.000000e+00 -1.000000e+00  0.000000e+00
    outer loop
      vertex  3.715685e+00  5.750000e+01  2.990896e+01
      vertex -1.528432e+01  5.750000e+01  3.337306e+01
      vertex -1.479036e+01  5.750000e+01  3.303629e+01
    endloop
  endfacet
  facet normal  0.000000e+00 -1.000000e+00  0.000000e+00
    outer loop
      vertex  3.715685e+00  5.750000e+01  2.990896e+01
      vertex -1.479036e+01  5.750000e+01  3.303629e+01
      vertex -1.435211e+01  5.750000e+01  3.262965e+01
    endloop
  endfacet
  facet normal  0.000000e+00 -1.000000e+00  0.000000e+00
    outer loop
      vertex  3.715685e+00  5.750000e+01  2.990896e+01
      vertex -1.435211e+01  5.750000e+01  3.262965e+01
      vertex -1.397936e+01  5.750000e+01  3.216224e+01
    endloop
  endfacet
  facet normal  0.000000e+00 -1.000000e+00  0.000000e+00
    outer loop
      vertex  3.715685e+00  5.750000e+01  2.990896e+01
      vertex -1.397936e+01  5.750000e+01  3.216224e+01
      vertex -1.368044e+01  5.750000e+01  3.164450e+01
    endloop
  endfacet
  facet normal  0.000000e+00 -1.000000e+00  0.000000e+00
    outer loop
      vertex  3.715685e+00  5.750000e+01  2.990896e+01
      vertex -1.368044e+01  5.750000e+01  3.164450e+01
      vertex -1.346202e+01  5.750000e+01  3.108798e+01
    endloop
  endfacet
  facet normal  0.000000e+00 -1.000000e+00  0.000000e+00
    outer loop
      vertex  3.715685e+00  5.750000e+01  2.990896e+01
      vertex -1.346202e+01  5.750000e+01  3.108798e+01
      vertex -1.332899e+01  5.750000e+01  3.050513e+01
    endloop
  endfacet
  facet normal  0.000000e+00 -1.000000e+00  0.000000e+00
    outer loop
      vertex  3.715685e+00  5.750000e+01  2.990896e+01
      vertex -1.332899e+01  5.750000e+01  3.050513e+01
      vertex -1.328432e+01  5.750000e+01  2.990896e+01
    endloop
  endfacet
  facet normal  0.000000e+00 -1.000000e+00  -0.000000e+00
    outer loop
      vertex  3.715685e+00  5.750000e+01  2.990896e+01
      vertex -1.328432e+01  5.750000e+01  2.990896e+01
      vertex -1.332899e+01  5.750000e+01  2.931279e+01
    endloop
  endfacet
  facet normal  0.000000e+00 -1.000000e+00  -0.000000e+00
    outer loop
      vertex  3.715685e+00  5.750000e+01  2.990896e+01
      vertex -1.332899e+01  5.750000e+01  2.931279e+01
      vertex -1.346202e+01  5.750000e+01  2.872994e+01
    endloop
  endfacet
  facet normal  0.000000e+00 -1.000000e+00  -0.000000e+00
    outer loop
      vertex  3.715685e+00  5.750000e+01  2.990896e+01
      vertex -1.346202e+01  5.750000e+01  2.872994e+01
      vertex -1.368044e+01  5.750000e+01  2.817343e+01
    endloop
  endfacet
  facet normal  0.000000e+00 -1.000000e+00  -0.000000e+00
    outer loop
      vertex  3.715685e+00  5.750000e+01  2.990896e+01
      vertex -1.368044e+01  5.750000e+01  2.817343e+01
      vertex -1.397936e+01  5.750000e+01  2.765568e+01
    endloop
  endfacet
  facet normal  0.000000e+00 -1.000000e+00  -0.000000e+00
    outer loop
      vertex  3.715685e+00  5.750000e+01  2.990896e+01
      vertex -1.397936e+01  5.750000e+01  2.765568e+01
      vertex -1.435211e+01  5.750000e+01  2.718827e+01
    endloop
  endfacet
  facet normal  0.000000e+00 -9.999999e-01  -0.000000e+00
    outer loop
      vertex  3.715685e+00  5.750000e+01  2.990896e+01
      vertex -1.435211e+01  5.750000e+01  2.718827e+01
      vertex -1.479036e+01  5.750000e+01  2.678164e+01
    endloop
  endfacet
  facet normal  0.000000e+00 -1.000000e+00  -0.000000e+00
    outer loop
      vertex  3.715685e+00  5.750000e+01  2.990896e+01
      vertex -1.479036e+01  5.750000e+01  2.678164e+01
      vertex -1.528432e+01  5.750000e+01  2.644486e+01
    endloop
  endfacet
  facet normal  0.000000e+00 -1.000000e+00  -0.000000e+00
    outer loop
      vertex  3.715685e+00  5.750000e+01  2.990896e+01
      vertex -1.528432e+01  5.750000e+01  2.644486e+01
      vertex -1.582295e+01  5.750000e+01  2.618546e+01
    endloop
  endfacet
  facet normal  0.000000e+00 -1.000000e+00  0.000000e+00
    outer loop
      vertex  2.871568e+01  5.750000e+01  2.990896e+01
      vertex  9.177049e+00  5.750000e+01  3.363245e+01
      vertex  9.715685e+00  5.750000e+01  3.337306e+01
    endloop
  endfacet
  facet normal  0.000000e+00 -1.000000e+00  0.000000e+00
    outer loop
      vertex  2.871568e+01  5.750000e+01  2.990896e+01
      vertex  9.715685e+00  5.750000e+01  3.337306e+01
      vertex  1.020964e+01  5.750000e+01  3.303629e+01
    endloop
  endfacet
  facet normal  0.000000e+00 -1.000000e+00  0.000000e+00
    outer loop
      vertex  2.871568e+01  5.750000e+01  2.990896e+01
      vertex  1.020964e+01  5.750000e+01  3.303629e+01
      vertex  1.064789e+01  5.750000e+01  3.262965e+01
    endloop
  endfacet
  facet normal  0.000000e+00 -1.000000e+00  0.000000e+00
    outer loop
      vertex  2.871568e+01  5.750000e+01  2.990896e+01
      vertex  1.064789e+01  5.750000e+01  3.262965e+01
      vertex  1.102064e+01  5.750000e+01  3.216224e+01
    endloop
  endfacet
  facet normal  0.000000e+00 -1.000000e+00  0.000000e+00
    outer loop
      vertex  2.871568e+01  5.750000e+01  2.990896e+01
      vertex  1.102064e+01  5.750000e+01  3.216224e+01
      vertex  1.131956e+01  5.750000e+01  3.164450e+01
    endloop
  endfacet
  facet normal  0.000000e+00 -1.000000e+00  0.000000e+00
    outer loop
      vertex  2.871568e+01  5.750000e+01  2.990896e+01
      vertex  1.131956e+01  5.750000e+01  3.164450e+01
      vertex  1.153798e+01  5.750000e+01  3.108798e+01
    endloop
  endfacet
  facet normal  0.000000e+00 -1.000000e+00  0.000000e+00
    outer loop
      vertex  2.871568e+01  5.750000e+01  2.990896e+01
      vertex  1.153798e+01  5.750000e+01  3.108798e+01
      vertex  1.167101e+01  5.750000e+01  3.050513e+01
    endloop
  endfacet
  facet normal  0.000000e+00 -1.000000e+00  0.000000e+00
    outer loop
      vertex  2.871568e+01  5.750000e+01  2.990896e+01
      vertex  1.167101e+01  5.750000e+01  3.050513e+01
      vertex  1.171568e+01  5.750000e+01  2.990896e+01
    endloop
  endfacet
  facet normal  0.000000e+00 -1.000000e+00  -0.000000e+00
    outer loop
      vertex  2.871568e+01  5.750000e+01  2.990896e+01
      vertex  1.171568e+01  5.750000e+01  2.990896e+01
      vertex  1.167101e+01  5.750000e+01  2.931279e+01
    endloop
  endfacet
  facet normal  0.000000e+00 -1.000000e+00  -0.000000e+00
    outer loop
      vertex  2.871568e+01  5.750000e+01  2.990896e+01
      vertex  1.167101e+01  5.750000e+01  2.931279e+01
      vertex  1.153798e+01  5.750000e+01  2.872994e+01
    endloop
  endfacet
  facet normal  0.000000e+00 -1.000000e+00  -0.000000e+00
    outer loop
      vertex  2.871568e+01  5.750000e+01  2.990896e+01
      vertex  1.153798e+01  5.750000e+01  2.872994e+01
      vertex  1.131956e+01  5.750000e+01  2.817343e+01
    endloop
  endfacet
  facet normal  0.000000e+00 -1.000000e+00  -0.000000e+00
    outer loop
      vertex  2.871568e+01  5.750000e+01  2.990896e+01
      vertex  1.131956e+01  5.750000e+01  2.817343e+01
      vertex  1.102064e+01  5.750000e+01  2.765568e+01
    endloop
  endfacet
  facet normal  0.000000e+00 -1.000000e+00  -0.000000e+00
    outer loop
      vertex  2.871568e+01  5.750000e+01  2.990896e+01
      vertex  1.102064e+01  5.750000e+01  2.765568e+01
      vertex  1.064789e+01  5.750000e+01  2.718827e+01
    endloop
  endfacet
  facet normal  0.000000e+00 -9.999999e-01  -0.000000e+00
    outer loop
      vertex  2.871568e+01  5.750000e+01  2.990896e+01
      vertex  1.064789e+01  5.750000e+01  2.718827e+01
      vertex  1.020964e+01  5.750000e+01  2.678164e+01
    endloop
  endfacet
  facet normal  0.000000e+00 -1.000000e+00  -0.000000e+00
    outer loop
      vertex  2.871568e+01  5.750000e+01  2.990896e+01
      vertex  1.020964e+01  5.750000e+01  2.678164e+01
      vertex  9.715685e+00  5.750000e+01  2.644486e+01
    endloop
  endfacet
  facet normal  0.000000e+00 -1.000000e+00  -0.000000e+00
    outer loop
      vertex  2.871568e+01  5.750000e+01  2.990896e+01
      vertex  9.715685e+00  5.750000e+01  2.644486e+01
      vertex  9.177049e+00  5.750000e+01  2.618546e+01
    endloop
  endfacet
  facet normal  0.000000e+00 -1.000000e+00  0.000000e+00
    outer loop
      vertex  5.371568e+01  5.750000e+01  2.990896e+01
      vertex  3.417705e+01  5.750000e+01  3.363245e+01
      vertex  3.471568e+01  5.750000e+01  3.337306e+01
    endloop
  endfacet
  facet normal  0.000000e+00 -1.000000e+00  0.000000e+00
    outer loop
      vertex  5.371568e+01  5.750000e+01  2.990896e+01
      vertex  3.471568e+01  5.750000e+01  3.337306e+01
      vertex  3.520964e+01  5.750000e+01  3.303629e+01
    endloop
  endfacet
  facet normal  0.000000e+00 -1.000000e+00  0.000000e+00
    outer loop
      vertex  5.371568e+01  5.750000e+01  2.990896e+01
      vertex  3.520964e+01  5.750000e+01  3.303629e+01
      vertex  3.564789e+01  5.750000e+01  3.262965e+01
    endloop
  endfacet
  facet normal  0.000000e+00 -1.000000e+00  0.000000e+00
    outer loop
      vertex  5.371568e+01  5.750000e+01  2.990896e+01
      vertex  3.564789e+01  5.750000e+01  3.262965e+01
      vertex  3.602064e+01  5.750000e+01  3.216224e+01
    endloop
  endfacet
  facet normal  0.000000e+00 -1.000000e+00  0.000000e+00
    outer loop
      vertex  5.371568e+01  5.750000e+01  2.990896e+01
      vertex  3.602064e+01  5.750000e+01  3.216224e+01
      vertex  3.631956e+01  5.750000e+01  3.164450e+01
    endloop
  endfacet
  facet normal  0.000000e+00 -1.000000e+00  0.000000e+00
    outer loop
      vertex  5.371568e+01  5.750000e+01  2.990896e+01
      vertex  3.631956e+01  5.750000e+01  3.164450e+01
      vertex  3.653798e+01  5.750000e+01  3.108798e+01
    endloop
  endfacet
  facet normal  0.000000e+00 -1.000000e+00  0.000000e+00
    outer loop
      vertex  5.371568e+01  5.750000e+01  2.990896e+01
      vertex  3.653798e+01  5.750000e+01  3.108798e+01
      vertex  3.667101e+01  5.750000e+01  3.050513e+01
    endloop
  endfacet
  facet normal  0.000000e+00 -1.000000e+00  0.000000e+00
    outer loop
      vertex  5.371568e+01  5.750000e+01  2.990896e+01
      vertex  3.667101e+01  5.750000e+01  3.050513e+01
      vertex  3.671568e+01  5.750000e+01  2.990896e+01
    endloop
  endfacet
  facet normal  0.000000e+00 -1.000000e+00  -0.000000e+00
    outer loop
      vertex  5.371568e+01  5.750000e+01  2.990896e+01
      vertex  3.671568e+01  5.750000e+01  2.990896e+01
      vertex  3.667101e+01  5.750000e+01  2.931279e+01
    endloop
  endfacet
  facet normal  0.000000e+00 -1.000000e+00  -0.000000e+00
    outer loop
      vertex  5.371568e+01  5.750000e+01  2.990896e+01
      vertex  3.667101e+01  5.750000e+01  2.931279e+01
      vertex  3.653798e+01  5.750000e+01  2.872994e+01
    endloop
  endfacet
  facet normal  0.000000e+00 -1.000000e+00  -0.000000e+00
    outer loop
      vertex  5.371568e+01  5.750000e+01  2.990896e+01
      vertex  3.653798e+01  5.750000e+01  2.872994e+01
      vertex  3.631956e+01  5.750000e+01  2.817343e+01
    endloop
  endfacet
  facet normal  0.000000e+00 -1.000000e+00  -0.000000e+00
    outer loop
      vertex  5.371568e+01  5.750000e+01  2.990896e+01
      vertex  3.631956e+01  5.750000e+01  2.817343e+01
      vertex  3.602064e+01  5.750000e+01  2.765568e+01
    endloop
  endfacet
  facet normal  0.000000e+00 -1.000000e+00  -0.000000e+00
    outer loop
      vertex  5.371568e+01  5.750000e+01  2.990896e+01
      vertex  3.602064e+01  5.750000e+01  2.765568e+01
      vertex  3.564789e+01  5.750000e+01  2.718827e+01
    endloop
  endfacet
  facet normal  0.000000e+00 -1.000000e+00  -0.000000e+00
    outer loop
      vertex  5.371568e+01  5.750000e+01  2.990896e+01
      vertex  3.564789e+01  5.750000e+01  2.718827e+01
      vertex  3.520964e+01  5.750000e+01  2.678164e+01
    endloop
  endfacet
  facet normal  0.000000e+00 -1.000000e+00  -0.000000e+00
    outer loop
      vertex  5.371568e+01  5.750000e+01  2.990896e+01
      vertex  3.520964e+01  5.750000e+01  2.678164e+01
      vertex  3.471568e+01  5.750000e+01  2.644486e+01
    endloop
  endfacet
  facet normal  0.000000e+00 -9.999999e-01  -0.000000e+00
    outer loop
      vertex  5.371568e+01  5.750000e+01  2.990896e+01
      vertex  3.471568e+01  5.750000e+01  2.644486e+01
      vertex  3.417705e+01  5.750000e+01  2.618546e+01
    endloop
  endfacet
  facet normal  0.000000e+00 -1.000000e+00  0.000000e+00
    outer loop
      vertex  7.050000e+01  5.750000e+01  5.000000e+01
      vertex -7.050000e+01  5.750000e+01  5.000000e+01
      vertex -5.330648e+01  5.750000e+01  4.415784e+01
    endloop
  endfacet
  facet normal  0.000000e+00 -1.000000e+00  0.000000e+00
    outer loop
      vertex  7.050000e+01  5.750000e+01  5.000000e+01
      vertex -5.330648e+01  5.750000e+01  4.415784e+01
      vertex -5.270864e+01  5.750000e+01  4.415784e+01
    endloop
  endfacet
  facet normal  0.000000e+00 -1.000000e+00  0.000000e+00
    outer loop
      vertex  7.050000e+01  5.750000e+01  5.000000e+01
      vertex -5.270864e+01  5.750000e+01  4.415784e+01
      vertex -5.211748e+01  5.750000e+01  4.406874e+01
    endloop
  endfacet
  facet normal  0.000000e+00 -1.000000e+00  0.000000e+00
    outer loop
      vertex  7.050000e+01  5.750000e+01  5.000000e+01
      vertex -5.211748e+01  5.750000e+01  4.406874e+01
      vertex -5.154620e+01  5.750000e+01  4.389252e+01
    endloop
  endfacet
  facet normal  0.000000e+00 -1.000000e+00  0.000000e+00
    outer loop
      vertex  7.050000e+01  5.750000e+01  5.000000e+01
      vertex -5.154620e+01  5.750000e+01  4.389252e+01
      vertex -5.100756e+01  5.750000e+01  4.363313e+01
    endloop
  endfacet
  facet normal  0.000000e+00 -9.999999e-01  0.000000e+00
    outer loop
      vertex  7.050000e+01  5.750000e+01  5.000000e+01
      vertex -5.100756e+01  5.750000e+01  4.363313e+01
      vertex -5.051360e+01  5.750000e+01  4.329635e+01
    endloop
  endfacet
  facet normal  0.000000e+00 -9.999999e-01  0.000000e+00
    outer loop
      vertex  7.050000e+01  5.750000e+01  5.000000e+01
      vertex -5.051360e+01  5.750000e+01  4.329635e+01
      vertex -5.007535e+01  5.750000e+01  4.288972e+01
    endloop
  endfacet
  facet normal  0.000000e+00 -1.000000e+00  0.000000e+00
    outer loop
      vertex  7.050000e+01  5.750000e+01  5.000000e+01
      vertex -5.007535e+01  5.750000e+01  4.288972e+01
      vertex -4.970261e+01  5.750000e+01  4.242231e+01
    endloop
  endfacet
  facet normal  0.000000e+00 -1.000000e+00  0.000000e+00
    outer loop
      vertex  7.050000e+01  5.750000e+01  5.000000e+01
      vertex -4.970261e+01  5.750000e+01  4.242231e+01
      vertex -4.940368e+01  5.750000e+01  4.190456e+01
    endloop
  endfacet
  facet normal  0.000000e+00 -1.000000e+00  0.000000e+00
    outer loop
      vertex  7.050000e+01  5.750000e+01  5.000000e+01
      vertex -4.940368e+01  5.750000e+01  4.190456e+01
      vertex -4.918527e+01  5.750000e+01  4.134805e+01
    endloop
  endfacet
  facet normal  0.000000e+00 -1.000000e+00  0.000000e+00
    outer loop
      vertex  7.050000e+01  5.750000e+01  5.000000e+01
      vertex -4.918527e+01  5.750000e+01  4.134805e+01
      vertex -4.905224e+01  5.750000e+01  4.076520e+01
    endloop
  endfacet
  facet normal  0.000000e+00 -1.000000e+00  0.000000e+00
    outer loop
      vertex  7.050000e+01  5.750000e+01  5.000000e+01
      vertex -4.905224e+01  5.750000e+01  4.076520e+01
      vertex -4.900756e+01  5.750000e+01  4.016903e+01
    endloop
  endfacet
  facet normal  0.000000e+00 -1.000000e+00  0.000000e+00
    outer loop
      vertex  7.050000e+01  5.750000e+01  5.000000e+01
      vertex -4.900756e+01  5.750000e+01  4.016903e+01
      vertex  5.801461e+01  5.750000e+01  3.389777e+01
    endloop
  endfacet
  facet normal  0.000000e+00 -1.000000e+00  0.000000e+00
    outer loop
      vertex  7.050000e+01  5.750000e+01  5.000000e+01
      vertex  5.801461e+01  5.750000e+01  3.389777e+01
      vertex  5.860577e+01  5.750000e+01  3.380867e+01
    endloop
  endfacet
  facet normal  0.000000e+00 -1.000000e+00  0.000000e+00
    outer loop
      vertex  7.050000e+01  5.750000e+01  5.000000e+01
      vertex  5.860577e+01  5.750000e+01  3.380867e+01
      vertex  5.917705e+01  5.750000e+01  3.363245e+01
    endloop
  endfacet
  facet normal  0.000000e+00 -1.000000e+00  0.000000e+00
    outer loop
      vertex  7.050000e+01  5.750000e+01  5.000000e+01
      vertex  5.917705e+01  5.750000e+01  3.363245e+01
      vertex  5.971568e+01  5.750000e+01  3.337306e+01
    endloop
  endfacet
  facet normal  0.000000e+00 -1.000000e+00  0.000000e+00
    outer loop
      vertex  7.050000e+01  5.750000e+01  5.000000e+01
      vertex  5.971568e+01  5.750000e+01  3.337306e+01
      vertex  6.020964e+01  5.750000e+01  3.303629e+01
    endloop
  endfacet
  facet normal  0.000000e+00 -1.000000e+00  0.000000e+00
    outer loop
      vertex  7.050000e+01  5.750000e+01  5.000000e+01
      vertex  6.020964e+01  5.750000e+01  3.303629e+01
      vertex  6.064789e+01  5.750000e+01  3.262965e+01
    endloop
  endfacet
  facet normal  0.000000e+00 -1.000000e+00  0.000000e+00
    outer loop
      vertex  7.050000e+01  5.750000e+01  5.000000e+01
      vertex  6.064789e+01  5.750000e+01  3.262965e+01
      vertex  6.102064e+01  5.750000e+01  3.216224e+01
    endloop
  endfacet
  facet normal  0.000000e+00 -1.000000e+00  0.000000e+00
    outer loop
      vertex  7.050000e+01  5.750000e+01  5.000000e+01
      vertex  6.102064e+01  5.750000e+01  3.216224e+01
      vertex  6.131956e+01  5.750000e+01  3.164450e+01
    endloop
  endfacet
  facet normal  0.000000e+00 -1.000000e+00  0.000000e+00
    outer loop
      vertex  7.050000e+01  5.750000e+01  5.000000e+01
      vertex  6.131956e+01  5.750000e+01  3.164450e+01
      vertex  6.153798e+01  5.750000e+01  3.108798e+01
    endloop
  endfacet
  facet normal  0.000000e+00 -9.999999e-01  0.000000e+00
    outer loop
      vertex  7.050000e+01  5.750000e+01  5.000000e+01
      vertex  6.153798e+01  5.750000e+01  3.108798e+01
      vertex  6.167101e+01  5.750000e+01  3.050513e+01
    endloop
  endfacet
  facet normal  0.000000e+00 -1.000000e+00  0.000000e+00
    outer loop
      vertex  7.050000e+01  5.750000e+01  5.000000e+01
      vertex  6.167101e+01  5.750000e+01  3.050513e+01
      vertex  6.171568e+01  5.750000e+01  2.990896e+01
    endloop
  endfacet
  facet normal  0.000000e+00 -1.000000e+00  -0.000000e+00
    outer loop
      vertex  7.050000e+01  5.750000e+01  5.000000e+01
      vertex  6.171568e+01  5.750000e+01  2.990896e+01
      vertex  6.167101e+01  5.750000e+01  2.931279e+01
    endloop
  endfacet
  facet normal  0.000000e+00 -1.000000e+00  -0.000000e+00
    outer loop
      vertex  7.050000e+01  5.750000e+01  5.000000e+01
      vertex  6.167101e+01  5.750000e+01  2.931279e+01
      vertex  6.153798e+01  5.750000e+01  2.872994e+01
    endloop
  endfacet
  facet normal  0.000000e+00 -1.000000e+00  -0.000000e+00
    outer loop
      vertex  7.050000e+01  5.750000e+01  5.000000e+01
      vertex  6.153798e+01  5.750000e+01  2.872994e+01
      vertex  6.131956e+01  5.750000e+01  2.817343e+01
    endloop
  endfacet
  facet normal  0.000000e+00 -1.000000e+00  -0.000000e+00
    outer loop
      vertex  5.801461e+01  5.750000e+01  2.592015e+01
      vertex -4.700756e+01  5.750000e+01  2.100000e+01
      vertex -4.705131e+01  5.750000e+01  2.027678e+01
    endloop
  endfacet
  facet normal  0.000000e+00 -1.000000e+00  -0.000000e+00
    outer loop
      vertex  5.801461e+01  5.750000e+01  2.592015e+01
      vertex -4.705131e+01  5.750000e+01  2.027678e+01
      vertex -4.718191e+01  5.750000e+01  1.956411e+01
    endloop
  endfacet
  facet normal  0.000000e+00 -1.000000e+00  -0.000000e+00
    outer loop
      vertex  5.801461e+01  5.750000e+01  2.592015e+01
      vertex -4.718191e+01  5.750000e+01  1.956411e+01
      vertex -4.739746e+01  5.750000e+01  1.887237e+01
    endloop
  endfacet
  facet normal  0.000000e+00 -1.000000e+00  -0.000000e+00
    outer loop
      vertex  5.801461e+01  5.750000e+01  2.592015e+01
      vertex -4.739746e+01  5.750000e+01  1.887237e+01
      vertex -4.769482e+01  5.750000e+01  1.821166e+01
    endloop
  endfacet
  facet normal  0.000000e+00 -1.000000e+00  -0.000000e+00
    outer loop
      vertex  5.801461e+01  5.750000e+01  2.592015e+01
      vertex -4.769482e+01  5.750000e+01  1.821166e+01
      vertex -4.806966e+01  5.750000e+01  1.759161e+01
    endloop
  endfacet
  facet normal  0.000000e+00 -1.000000e+00  -0.000000e+00
    outer loop
      vertex  5.801461e+01  5.750000e+01  2.592015e+01
      vertex -4.806966e+01  5.750000e+01  1.759161e+01
      vertex -4.851649e+01  5.750000e+01  1.702126e+01
    endloop
  endfacet
  facet normal  0.000000e+00 -1.000000e+00  -0.000000e+00
    outer loop
      vertex  5.801461e+01  5.750000e+01  2.592015e+01
      vertex -4.851649e+01  5.750000e+01  1.702126e+01
      vertex -4.902882e+01  5.750000e+01  1.650894e+01
    endloop
  endfacet
  facet normal  0.000000e+00 -1.000000e+00  -0.000000e+00
    outer loop
      vertex  5.801461e+01  5.750000e+01  2.592015e+01
      vertex -4.902882e+01  5.750000e+01  1.650894e+01
      vertex -4.959917e+01  5.750000e+01  1.606210e+01
    endloop
  endfacet
  facet normal  0.000000e+00 -1.000000e+00  -0.000000e+00
    outer loop
      vertex  5.801461e+01  5.750000e+01  2.592015e+01
      vertex -4.959917e+01  5.750000e+01  1.606210e+01
      vertex -5.021922e+01  5.750000e+01  1.568726e+01
    endloop
  endfacet
  facet normal  0.000000e+00 -1.000000e+00  -0.000000e+00
    outer loop
      vertex  7.050000e+01  5.750000e+01  5.000000e+00
      vertex  7.050000e+01  5.750000e+01  5.000000e+01
      vertex  6.131956e+01  5.750000e+01  2.817343e+01
    endloop
  endfacet
  facet normal  0.000000e+00 -1.000000e+00  -0.000000e+00
    outer loop
      vertex  7.050000e+01  5.750000e+01  5.000000e+00
      vertex  6.131956e+01  5.750000e+01  2.817343e+01
      vertex  6.102064e+01  5.750000e+01  2.765568e+01
    endloop
  endfacet
  facet normal  0.000000e+00 -9.999999e-01  -0.000000e+00
    outer loop
      vertex  7.050000e+01  5.750000e+01  5.000000e+00
      vertex  6.102064e+01  5.750000e+01  2.765568e+01
      vertex  6.064789e+01  5.750000e+01  2.718827e+01
    endloop
  endfacet
  facet normal  0.000000e+00 -1.000000e+00  -0.000000e+00
    outer loop
      vertex  7.050000e+01  5.750000e+01  5.000000e+00
      vertex  6.064789e+01  5.750000e+01  2.718827e+01
      vertex  6.020964e+01  5.750000e+01  2.678164e+01
    endloop
  endfacet
  facet normal  0.000000e+00 -9.999999e-01  -0.000000e+00
    outer loop
      vertex  7.050000e+01  5.750000e+01  5.000000e+00
      vertex  6.020964e+01  5.750000e+01  2.678164e+01
      vertex  5.971568e+01  5.750000e+01  2.644486e+01
    endloop
  endfacet
  facet normal  0.000000e+00 -1.000000e+00  -0.000000e+00
    outer loop
      vertex  7.050000e+01  5.750000e+01  5.000000e+00
      vertex  5.971568e+01  5.750000e+01  2.644486e+01
      vertex  5.917705e+01  5.750000e+01  2.618546e+01
    endloop
  endfacet
  facet normal  0.000000e+00 -9.999999e-01  -0.000000e+00
    outer loop
      vertex  7.050000e+01  5.750000e+01  5.000000e+00
      vertex  5.917705e+01  5.750000e+01  2.618546e+01
      vertex  5.860577e+01  5.750000e+01  2.600925e+01
    endloop
  endfacet
  facet normal  0.000000e+00 -1.000000e+00  -0.000000e+00
    outer loop
      vertex  7.050000e+01  5.750000e+01  5.000000e+00
      vertex  5.860577e+01  5.750000e+01  2.600925e+01
      vertex  5.801461e+01  5.750000e+01  2.592015e+01
    endloop
  endfacet
  facet normal  0.000000e+00 -1.000000e+00  -0.000000e+00
    outer loop
      vertex  7.050000e+01  5.750000e+01  5.000000e+00
      vertex  5.801461e+01  5.750000e+01  2.592015e+01
      vertex -5.021922e+01  5.750000e+01  1.568726e+01
    endloop
  endfacet
  facet normal  0.000000e+00 -1.000000e+00  -0.000000e+00
    outer loop
      vertex  7.050000e+01  5.750000e+01  5.000000e+00
      vertex -5.021922e+01  5.750000e+01  1.568726e+01
      vertex -7.050000e+01  5.750000e+01  5.000000e+00
    endloop
  endfacet
  facet normal  0.000000e+00 -9.999999e-01  0.000000e+00
    outer loop
      vertex -7.050000e+01  5.750000e+01  5.000000e+01
      vertex -5.550152e+01  5.750000e+01  3.704170e+01
      vertex -5.593977e+01  5.750000e+01  3.744834e+01
    endloop
  endfacet
  facet normal  0.000000e+00 -1.000000e+00  0.000000e+00
    outer loop
      vertex -7.050000e+01  5.750000e+01  5.000000e+01
      vertex -5.593977e+01  5.750000e+01  3.744834e+01
      vertex -5.631252e+01  5.750000e+01  3.791575e+01
    endloop
  endfacet
  facet normal  0.000000e+00 -1.000000e+00  0.000000e+00
    outer loop
      vertex -7.050000e+01  5.750000e+01  5.000000e+01
      vertex -5.631252e+01  5.750000e+01  3.791575e+01
      vertex -5.661143e+01  5.750000e+01  3.843349e+01
    endloop
  endfacet
  facet normal  0.000000e+00 -1.000000e+00  0.000000e+00
    outer loop
      vertex -7.050000e+01  5.750000e+01  5.000000e+01
      vertex -5.661143e+01  5.750000e+01  3.843349e+01
      vertex -5.682985e+01  5.750000e+01  3.899001e+01
    endloop
  endfacet
  facet normal  0.000000e+00 -1.000000e+00  0.000000e+00
    outer loop
      vertex -7.050000e+01  5.750000e+01  5.000000e+01
      vertex -5.682985e+01  5.750000e+01  3.899001e+01
      vertex -5.696288e+01  5.750000e+01  3.957286e+01
    endloop
  endfacet
  facet normal  0.000000e+00 -9.999999e-01  0.000000e+00
    outer loop
      vertex -7.050000e+01  5.750000e+01  5.000000e+01
      vertex -5.696288e+01  5.750000e+01  3.957286e+01
      vertex -5.700756e+01  5.750000e+01  4.016903e+01
    endloop
  endfacet
  facet normal  0.000000e+00 -1.000000e+00  0.000000e+00
    outer loop
      vertex -7.050000e+01  5.750000e+01  5.000000e+01
      vertex -5.700756e+01  5.750000e+01  4.016903e+01
      vertex -5.696288e+01  5.750000e+01  4.076520e+01
    endloop
  endfacet
  facet normal  0.000000e+00 -1.000000e+00  0.000000e+00
    outer loop
      vertex -7.050000e+01  5.750000e+01  5.000000e+01
      vertex -5.696288e+01  5.750000e+01  4.076520e+01
      vertex -5.682985e+01  5.750000e+01  4.134805e+01
    endloop
  endfacet
  facet normal  0.000000e+00 -1.000000e+00  0.000000e+00
    outer loop
      vertex -7.050000e+01  5.750000e+01  5.000000e+01
      vertex -5.682985e+01  5.750000e+01  4.134805e+01
      vertex -5.661143e+01  5.750000e+01  4.190456e+01
    endloop
  endfacet
  facet normal  0.000000e+00 -1.000000e+00  0.000000e+00
    outer loop
      vertex -7.050000e+01  5.750000e+01  5.000000e+01
      vertex -5.661143e+01  5.750000e+01  4.190456e+01
      vertex -5.631252e+01  5.750000e+01  4.242231e+01
    endloop
  endfacet
  facet normal  0.000000e+00 -1.000000e+00  0.000000e+00
    outer loop
      vertex -7.050000e+01  5.750000e+01  5.000000e+01
      vertex -5.631252e+01  5.750000e+01  4.242231e+01
      vertex -5.593977e+01  5.750000e+01  4.288972e+01
    endloop
  endfacet
  facet normal  0.000000e+00 -1.000000e+00  0.000000e+00
    outer loop
      vertex -7.050000e+01  5.750000e+01  5.000000e+01
      vertex -5.593977e+01  5.750000e+01  4.288972e+01
      vertex -5.550152e+01  5.750000e+01  4.329635e+01
    endloop
  endfacet
  facet normal  0.000000e+00 -1.000000e+00  0.000000e+00
    outer loop
      vertex -7.050000e+01  5.750000e+01  5.000000e+01
      vertex -5.550152e+01  5.750000e+01  4.329635e+01
      vertex -5.500756e+01  5.750000e+01  4.363313e+01
    endloop
  endfacet
  facet normal  0.000000e+00 -9.999999e-01  0.000000e+00
    outer loop
      vertex -7.050000e+01  5.750000e+01  5.000000e+01
      vertex -5.500756e+01  5.750000e+01  4.363313e+01
      vertex -5.446893e+01  5.750000e+01  4.389252e+01
    endloop
  endfacet
  facet normal  0.000000e+00 -1.000000e+00  0.000000e+00
    outer loop
      vertex -7.050000e+01  5.750000e+01  5.000000e+01
      vertex -5.446893e+01  5.750000e+01  4.389252e+01
      vertex -5.389764e+01  5.750000e+01  4.406874e+01
    endloop
  endfacet
  facet normal  0.000000e+00 -1.000000e+00  0.000000e+00
    outer loop
      vertex -7.050000e+01  5.750000e+01  5.000000e+01
      vertex -5.389764e+01  5.750000e+01  4.406874e+01
      vertex -5.330648e+01  5.750000e+01  4.415784e+01
    endloop
  endfacet
  facet normal  0.000000e+00 -1.000000e+00  0.000000e+00
    outer loop
      vertex -5.300756e+01  5.750000e+01  2.700000e+01
      vertex -5.228434e+01  5.750000e+01  2.695625e+01
      vertex -2.128432e+01  5.750000e+01  2.990896e+01
    endloop
  endfacet
  facet normal  -0.000000e+00 -1.000000e+00  0.000000e+00
    outer loop
      vertex -5.300756e+01  5.750000e+01  2.700000e+01
      vertex -2.128432e+01  5.750000e+01  2.990896e+01
      vertex -5.389764e+01  5.750000e+01  3.626932e+01
    endloop
  endfacet
  facet normal  -0.000000e+00 -1.000000e+00  -0.000000e+00
    outer loop
      vertex -5.300756e+01  5.750000e+01  2.700000e+01
      vertex -5.389764e+01  5.750000e+01  3.626932e+01
      vertex -5.446893e+01  5.750000e+01  3.644553e+01
    endloop
  endfacet
  facet normal  -0.000000e+00 -9.999999e-01  -0.000000e+00
    outer loop
      vertex -5.300756e+01  5.750000e+01  2.700000e+01
      vertex -5.446893e+01  5.750000e+01  3.644553e+01
      vertex -5.500756e+01  5.750000e+01  3.670493e+01
    endloop
  endfacet
  facet normal  -0.000000e+00 -1.000000e+00  -0.000000e+00
    outer loop
      vertex -5.300756e+01  5.750000e+01  2.700000e+01
      vertex -5.500756e+01  5.750000e+01  3.670493e+01
      vertex -5.550152e+01  5.750000e+01  3.704170e+01
    endloop
  endfacet
  facet normal  -0.000000e+00 -1.000000e+00  -0.000000e+00
    outer loop
      vertex -5.300756e+01  5.750000e+01  2.700000e+01
      vertex -5.550152e+01  5.750000e+01  3.704170e+01
      vertex -7.050000e+01  5.750000e+01  5.000000e+01
    endloop
  endfacet
  facet normal  0.000000e+00 -1.000000e+00  0.000000e+00
    outer loop
      vertex -7.050000e+01  5.750000e+01  5.000000e+01
      vertex -7.050000e+01  5.750000e+01  5.000000e+00
      vertex -5.900756e+01  5.750000e+01  2.100000e+01
    endloop
  endfacet
  facet normal  0.000000e+00 -1.000000e+00  0.000000e+00
    outer loop
      vertex -7.050000e+01  5.750000e+01  5.000000e+01
      vertex -5.900756e+01  5.750000e+01  2.100000e+01
      vertex -5.896381e+01  5.750000e+01  2.172322e+01
    endloop
  endfacet
  facet normal  0.000000e+00 -1.000000e+00  0.000000e+00
    outer loop
      vertex -7.050000e+01  5.750000e+01  5.000000e+01
      vertex -5.896381e+01  5.750000e+01  2.172322e+01
      vertex -5.883321e+01  5.750000e+01  2.243589e+01
    endloop
  endfacet
  facet normal  0.000000e+00 -1.000000e+00  0.000000e+00
    outer loop
      vertex -7.050000e+01  5.750000e+01  5.000000e+01
      vertex -5.883321e+01  5.750000e+01  2.243589e+01
      vertex -5.861766e+01  5.750000e+01  2.312763e+01
    endloop
  endfacet
  facet normal  0.000000e+00 -1.000000e+00  0.000000e+00
    outer loop
      vertex -7.050000e+01  5.750000e+01  5.000000e+01
      vertex -5.861766e+01  5.750000e+01  2.312763e+01
      vertex -5.832030e+01  5.750000e+01  2.378834e+01
    endloop
  endfacet
  facet normal  0.000000e+00 -1.000000e+00  0.000000e+00
    outer loop
      vertex -7.050000e+01  5.750000e+01  5.000000e+01
      vertex -5.832030e+01  5.750000e+01  2.378834e+01
      vertex -5.794547e+01  5.750000e+01  2.440839e+01
    endloop
  endfacet
  facet normal  0.000000e+00 -1.000000e+00  0.000000e+00
    outer loop
      vertex -7.050000e+01  5.750000e+01  5.000000e+01
      vertex -5.794547e+01  5.750000e+01  2.440839e+01
      vertex -5.749862e+01  5.750000e+01  2.497874e+01
    endloop
  endfacet
  facet normal  0.000000e+00 -1.000000e+00  0.000000e+00
    outer loop
      vertex -7.050000e+01  5.750000e+01  5.000000e+01
      vertex -5.749862e+01  5.750000e+01  2.497874e+01
      vertex -5.698630e+01  5.750000e+01  2.549106e+01
    endloop
  endfacet
  facet normal  0.000000e+00 -1.000000e+00  0.000000e+00
    outer loop
      vertex -7.050000e+01  5.750000e+01  5.000000e+01
      vertex -5.698630e+01  5.750000e+01  2.549106e+01
      vertex -5.641595e+01  5.750000e+01  2.593790e+01
    endloop
  endfacet
  facet normal  0.000000e+00 -1.000000e+00  0.000000e+00
    outer loop
      vertex -7.050000e+01  5.750000e+01  5.000000e+01
      vertex -5.641595e+01  5.750000e+01  2.593790e+01
      vertex -5.579590e+01  5.750000e+01  2.631274e+01
    endloop
  endfacet
  facet normal  0.000000e+00 -1.000000e+00  0.000000e+00
    outer loop
      vertex -7.050000e+01  5.750000e+01  5.000000e+01
      vertex -5.579590e+01  5.750000e+01  2.631274e+01
      vertex -5.513519e+01  5.750000e+01  2.661010e+01
    endloop
  endfacet
  facet normal  0.000000e+00 -9.999999e-01  0.000000e+00
    outer loop
      vertex -7.050000e+01  5.750000e+01  5.000000e+01
      vertex -5.513519e+01  5.750000e+01  2.661010e+01
      vertex -5.444345e+01  5.750000e+01  2.682565e+01
    endloop
  endfacet
  facet normal  0.000000e+00 -1.000000e+00  0.000000e+00
    outer loop
      vertex -7.050000e+01  5.750000e+01  5.000000e+01
      vertex -5.444345e+01  5.750000e+01  2.682565e+01
      vertex -5.373078e+01  5.750000e+01  2.695625e+01
    endloop
  endfacet
  facet normal  0.000000e+00 -1.000000e+00  0.000000e+00
    outer loop
      vertex -7.050000e+01  5.750000e+01  5.000000e+01
      vertex -5.373078e+01  5.750000e+01  2.695625e+01
      vertex -5.300756e+01  5.750000e+01  2.700000e+01
    endloop
  endfacet
  facet normal  0.000000e+00 -1.000000e+00  0.000000e+00
    outer loop
      vertex  8.605768e+00  5.750000e+01  3.380867e+01
      vertex  9.177049e+00  5.750000e+01  3.363245e+01
      vertex  2.871568e+01  5.750000e+01  2.990896e+01
    endloop
  endfacet
  facet normal  0.000000e+00 -1.000000e+00  0.000000e+00
    outer loop
      vertex  8.605768e+00  5.750000e+01  3.380867e+01
      vertex  2.871568e+01  5.750000e+01  2.990896e+01
      vertex  2.876036e+01  5.750000e+01  3.050513e+01
    endloop
  endfacet
  facet normal  0.000000e+00 -9.999999e-01  0.000000e+00
    outer loop
      vertex  8.605768e+00  5.750000e+01  3.380867e+01
      vertex  2.876036e+01  5.750000e+01  3.050513e+01
      vertex  2.889339e+01  5.750000e+01  3.108798e+01
    endloop
  endfacet
  facet normal  0.000000e+00 -1.000000e+00  0.000000e+00
    outer loop
      vertex  8.605768e+00  5.750000e+01  3.380867e+01
      vertex  2.889339e+01  5.750000e+01  3.108798e+01
      vertex  2.911181e+01  5.750000e+01  3.164450e+01
    endloop
  endfacet
  facet normal  0.000000e+00 -1.000000e+00  0.000000e+00
    outer loop
      vertex  8.605768e+00  5.750000e+01  3.380867e+01
      vertex  2.911181e+01  5.750000e+01  3.164450e+01
      vertex  8.014606e+00  5.750000e+01  3.389777e+01
    endloop
  endfacet
  facet normal  0.000000e+00 -9.999999e-01  0.000000e+00
    outer loop
      vertex  3.360577e+01  5.750000e+01  3.380867e+01
      vertex  3.417705e+01  5.750000e+01  3.363245e+01
      vertex  5.371568e+01  5.750000e+01  2.990896e+01
    endloop
  endfacet
  facet normal  0.000000e+00 -1.000000e+00  0.000000e+00
    outer loop
      vertex  3.360577e+01  5.750000e+01  3.380867e+01
      vertex  5.371568e+01  5.750000e+01  2.990896e+01
      vertex  5.376036e+01  5.750000e+01  3.050513e+01
    endloop
  endfacet
  facet normal  0.000000e+00 -1.000000e+00  0.000000e+00
    outer loop
      vertex  3.360577e+01  5.750000e+01  3.380867e+01
      vertex  5.376036e+01  5.750000e+01  3.050513e+01
      vertex  5.389339e+01  5.750000e+01  3.108798e+01
    endloop
  endfacet
  facet normal  0.000000e+00 -1.000000e+00  0.000000e+00
    outer loop
      vertex  3.360577e+01  5.750000e+01  3.380867e+01
      vertex  5.389339e+01  5.750000e+01  3.108798e+01
      vertex  5.411181e+01  5.750000e+01  3.164450e+01
    endloop
  endfacet
  facet normal  0.000000e+00 -1.000000e+00  0.000000e+00
    outer loop
      vertex  3.301461e+01  5.750000e+01  3.389777e+01
      vertex  3.360577e+01  5.750000e+01  3.380867e+01
      vertex  5.411181e+01  5.750000e+01  3.164450e+01
    endloop
  endfacet
  facet normal  0.000000e+00 -1.000000e+00  0.000000e+00
    outer loop
      vertex  3.301461e+01  5.750000e+01  3.389777e+01
      vertex  5.411181e+01  5.750000e+01  3.164450e+01
      vertex  5.441073e+01  5.750000e+01  3.216224e+01
    endloop
  endfacet
  facet normal  0.000000e+00 -1.000000e+00  0.000000e+00
    outer loop
      vertex  3.301461e+01  5.750000e+01  3.389777e+01
      vertex  5.441073e+01  5.750000e+01  3.216224e+01
      vertex  5.478348e+01  5.750000e+01  3.262965e+01
    endloop
  endfacet
  facet normal  0.000000e+00 -1.000000e+00  0.000000e+00
    outer loop
      vertex -1.639423e+01  5.750000e+01  2.600925e+01
      vertex -1.698540e+01  5.750000e+01  2.592015e+01
      vertex  4.111809e+00  5.750000e+01  2.817343e+01
    endloop
  endfacet
  facet normal  -0.000000e+00 -9.999999e-01  0.000000e+00
    outer loop
      vertex -1.639423e+01  5.750000e+01  2.600925e+01
      vertex  4.111809e+00  5.750000e+01  2.817343e+01
      vertex  3.893394e+00  5.750000e+01  2.872994e+01
    endloop
  endfacet
  facet normal  -0.000000e+00 -1.000000e+00  0.000000e+00
    outer loop
      vertex -1.639423e+01  5.750000e+01  2.600925e+01
      vertex  3.893394e+00  5.750000e+01  2.872994e+01
      vertex  3.760362e+00  5.750000e+01  2.931279e+01
    endloop
  endfacet
  facet normal  -0.000000e+00 -9.999999e-01  0.000000e+00
    outer loop
      vertex -1.639423e+01  5.750000e+01  2.600925e+01
      vertex  3.760362e+00  5.750000e+01  2.931279e+01
      vertex  3.715685e+00  5.750000e+01  2.990896e+01
    endloop
  endfacet
  facet normal  0.000000e+00 -1.000000e+00  0.000000e+00
    outer loop
      vertex -1.639423e+01  5.750000e+01  2.600925e+01
      vertex  3.715685e+00  5.750000e+01  2.990896e+01
      vertex -1.582295e+01  5.750000e+01  2.618546e+01
    endloop
  endfacet
  facet normal  -0.000000e+00 -9.999999e-01  0.000000e+00
    outer loop
      vertex -4.700756e+01  5.750000e+01  2.100000e+01
      vertex  5.801461e+01  5.750000e+01  2.592015e+01
      vertex  5.741676e+01  5.750000e+01  2.592015e+01
    endloop
  endfacet
  facet normal  -0.000000e+00 -1.000000e+00  0.000000e+00
    outer loop
      vertex -4.700756e+01  5.750000e+01  2.100000e+01
      vertex  5.741676e+01  5.750000e+01  2.592015e+01
      vertex  5.682560e+01  5.750000e+01  2.600925e+01
    endloop
  endfacet
  facet normal  -0.000000e+00 -1.000000e+00  0.000000e+00
    outer loop
      vertex -4.700756e+01  5.750000e+01  2.100000e+01
      vertex  5.682560e+01  5.750000e+01  2.600925e+01
      vertex  5.625432e+01  5.750000e+01  2.618546e+01
    endloop
  endfacet
  facet normal  -0.000000e+00 -1.000000e+00  0.000000e+00
    outer loop
      vertex -4.700756e+01  5.750000e+01  2.100000e+01
      vertex  5.625432e+01  5.750000e+01  2.618546e+01
      vertex  5.571568e+01  5.750000e+01  2.644486e+01
    endloop
  endfacet
  facet normal  -0.000000e+00 -1.000000e+00  0.000000e+00
    outer loop
      vertex -4.700756e+01  5.750000e+01  2.100000e+01
      vertex  5.571568e+01  5.750000e+01  2.644486e+01
      vertex  5.522173e+01  5.750000e+01  2.678164e+01
    endloop
  endfacet
  facet normal  -0.000000e+00 -1.000000e+00  0.000000e+00
    outer loop
      vertex -4.700756e+01  5.750000e+01  2.100000e+01
      vertex  5.522173e+01  5.750000e+01  2.678164e+01
      vertex  5.478348e+01  5.750000e+01  2.718827e+01
    endloop
  endfacet
  facet normal  0.000000e+00 -1.000000e+00  0.000000e+00
    outer loop
      vertex -4.700756e+01  5.750000e+01  2.100000e+01
      vertex  5.478348e+01  5.750000e+01  2.718827e+01
      vertex  3.301461e+01  5.750000e+01  2.592015e+01
    endloop
  endfacet
  facet normal  -0.000000e+00 -9.999999e-01  0.000000e+00
    outer loop
      vertex -4.700756e+01  5.750000e+01  2.100000e+01
      vertex  3.301461e+01  5.750000e+01  2.592015e+01
      vertex  3.241676e+01  5.750000e+01  2.592015e+01
    endloop
  endfacet
  facet normal  -0.000000e+00 -1.000000e+00  0.000000e+00
    outer loop
      vertex -4.700756e+01  5.750000e+01  2.100000e+01
      vertex  3.241676e+01  5.750000e+01  2.592015e+01
      vertex  3.182560e+01  5.750000e+01  2.600925e+01
    endloop
  endfacet
  facet normal  -0.000000e+00 -1.000000e+00  0.000000e+00
    outer loop
      vertex -4.700756e+01  5.750000e+01  2.100000e+01
      vertex  3.182560e+01  5.750000e+01  2.600925e+01
      vertex  3.125432e+01  5.750000e+01  2.618546e+01
    endloop
  endfacet
  facet normal  -0.000000e+00 -1.000000e+00  0.000000e+00
    outer loop
      vertex -4.700756e+01  5.750000e+01  2.100000e+01
      vertex  3.125432e+01  5.750000e+01  2.618546e+01
      vertex  3.071568e+01  5.750000e+01  2.644486e+01
    endloop
  endfacet
  facet normal  -0.000000e+00 -1.000000e+00  0.000000e+00
    outer loop
      vertex -4.700756e+01  5.750000e+01  2.100000e+01
      vertex  3.071568e+01  5.750000e+01  2.644486e+01
      vertex  3.022173e+01  5.750000e+01  2.678164e+01
    endloop
  endfacet
  facet normal  -0.000000e+00 -1.000000e+00  0.000000e+00
    outer loop
      vertex -4.700756e+01  5.750000e+01  2.100000e+01
      vertex  3.022173e+01  5.750000e+01  2.678164e+01
      vertex  2.978348e+01  5.750000e+01  2.718827e+01
    endloop
  endfacet
  facet normal  -0.000000e+00 -1.000000e+00  0.000000e+00
    outer loop
      vertex -4.700756e+01  5.750000e+01  2.100000e+01
      vertex  2.978348e+01  5.750000e+01  2.718827e+01
      vertex  2.941073e+01  5.750000e+01  2.765568e+01
    endloop
  endfacet
  facet normal  0.000000e+00 -1.000000e+00  0.000000e+00
    outer loop
      vertex -4.700756e+01  5.750000e+01  2.100000e+01
      vertex  2.941073e+01  5.750000e+01  2.765568e+01
      vertex  8.014606e+00  5.750000e+01  2.592015e+01
    endloop
  endfacet
  facet normal  -0.000000e+00 -1.000000e+00  0.000000e+00
    outer loop
      vertex -4.700756e+01  5.750000e+01  2.100000e+01
      vertex  8.014606e+00  5.750000e+01  2.592015e+01
      vertex  7.416765e+00  5.750000e+01  2.592015e+01
    endloop
  endfacet
  facet normal  -0.000000e+00 -1.000000e+00  0.000000e+00
    outer loop
      vertex -4.700756e+01  5.750000e+01  2.100000e+01
      vertex  7.416765e+00  5.750000e+01  2.592015e+01
      vertex  6.825601e+00  5.750000e+01  2.600925e+01
    endloop
  endfacet
  facet normal  -0.000000e+00 -1.000000e+00  0.000000e+00
    outer loop
      vertex -4.700756e+01  5.750000e+01  2.100000e+01
      vertex  6.825601e+00  5.750000e+01  2.600925e+01
      vertex  6.254321e+00  5.750000e+01  2.618546e+01
    endloop
  endfacet
  facet normal  -0.000000e+00 -1.000000e+00  0.000000e+00
    outer loop
      vertex -4.700756e+01  5.750000e+01  2.100000e+01
      vertex  6.254321e+00  5.750000e+01  2.618546e+01
      vertex  5.715685e+00  5.750000e+01  2.644486e+01
    endloop
  endfacet
  facet normal  -0.000000e+00 -9.999999e-01  0.000000e+00
    outer loop
      vertex -4.700756e+01  5.750000e+01  2.100000e+01
      vertex  5.715685e+00  5.750000e+01  2.644486e+01
      vertex  5.221725e+00  5.750000e+01  2.678164e+01
    endloop
  endfacet
  facet normal  -0.000000e+00 -1.000000e+00  0.000000e+00
    outer loop
      vertex -4.700756e+01  5.750000e+01  2.100000e+01
      vertex  5.221725e+00  5.750000e+01  2.678164e+01
      vertex  4.783477e+00  5.750000e+01  2.718827e+01
    endloop
  endfacet
  facet normal  -0.000000e+00 -1.000000e+00  0.000000e+00
    outer loop
      vertex -4.700756e+01  5.750000e+01  2.100000e+01
      vertex  4.783477e+00  5.750000e+01  2.718827e+01
      vertex  4.410730e+00  5.750000e+01  2.765568e+01
    endloop
  endfacet
  facet normal  -0.000000e+00 -9.999999e-01  0.000000e+00
    outer loop
      vertex -4.700756e+01  5.750000e+01  2.100000e+01
      vertex  4.410730e+00  5.750000e+01  2.765568e+01
      vertex  4.111809e+00  5.750000e+01  2.817343e+01
    endloop
  endfacet
  facet normal  0.000000e+00 -1.000000e+00  0.000000e+00
    outer loop
      vertex -4.700756e+01  5.750000e+01  2.100000e+01
      vertex  4.111809e+00  5.750000e+01  2.817343e+01
      vertex -1.698540e+01  5.750000e+01  2.592015e+01
    endloop
  endfacet
  facet normal  -0.000000e+00 -9.999999e-01  0.000000e+00
    outer loop
      vertex -4.700756e+01  5.750000e+01  2.100000e+01
      vertex -1.698540e+01  5.750000e+01  2.592015e+01
      vertex -1.758323e+01  5.750000e+01  2.592015e+01
    endloop
  endfacet
  facet normal  -0.000000e+00 -1.000000e+00  0.000000e+00
    outer loop
      vertex -4.700756e+01  5.750000e+01  2.100000e+01
      vertex -1.758323e+01  5.750000e+01  2.592015e+01
      vertex -1.817440e+01  5.750000e+01  2.600925e+01
    endloop
  endfacet
  facet normal  -0.000000e+00 -1.000000e+00  0.000000e+00
    outer loop
      vertex -4.700756e+01  5.750000e+01  2.100000e+01
      vertex -1.817440e+01  5.750000e+01  2.600925e+01
      vertex -1.874568e+01  5.750000e+01  2.618546e+01
    endloop
  endfacet
  facet normal  -0.000000e+00 -1.000000e+00  0.000000e+00
    outer loop
      vertex -4.700756e+01  5.750000e+01  2.100000e+01
      vertex -1.874568e+01  5.750000e+01  2.618546e+01
      vertex -1.928432e+01  5.750000e+01  2.644486e+01
    endloop
  endfacet
  facet normal  -0.000000e+00 -1.000000e+00  0.000000e+00
    outer loop
      vertex -4.700756e+01  5.750000e+01  2.100000e+01
      vertex -1.928432e+01  5.750000e+01  2.644486e+01
      vertex -1.977827e+01  5.750000e+01  2.678164e+01
    endloop
  endfacet
  facet normal  -0.000000e+00 -1.000000e+00  0.000000e+00
    outer loop
      vertex -4.700756e+01  5.750000e+01  2.100000e+01
      vertex -1.977827e+01  5.750000e+01  2.678164e+01
      vertex -2.021652e+01  5.750000e+01  2.718827e+01
    endloop
  endfacet
  facet normal  -0.000000e+00 -9.999999e-01  0.000000e+00
    outer loop
      vertex -4.700756e+01  5.750000e+01  2.100000e+01
      vertex -2.021652e+01  5.750000e+01  2.718827e+01
      vertex -2.058927e+01  5.750000e+01  2.765568e+01
    endloop
  endfacet
  facet normal  -0.000000e+00 -1.000000e+00  0.000000e+00
    outer loop
      vertex -4.700756e+01  5.750000e+01  2.100000e+01
      vertex -2.058927e+01  5.750000e+01  2.765568e+01
      vertex -2.088819e+01  5.750000e+01  2.817343e+01
    endloop
  endfacet
  facet normal  -0.000000e+00 -1.000000e+00  0.000000e+00
    outer loop
      vertex -4.700756e+01  5.750000e+01  2.100000e+01
      vertex -2.088819e+01  5.750000e+01  2.817343e+01
      vertex -2.110661e+01  5.750000e+01  2.872994e+01
    endloop
  endfacet
  facet normal  -0.000000e+00 -1.000000e+00  0.000000e+00
    outer loop
      vertex -4.700756e+01  5.750000e+01  2.100000e+01
      vertex -2.110661e+01  5.750000e+01  2.872994e+01
      vertex -2.123964e+01  5.750000e+01  2.931279e+01
    endloop
  endfacet
  facet normal  -0.000000e+00 -9.999999e-01  0.000000e+00
    outer loop
      vertex -4.700756e+01  5.750000e+01  2.100000e+01
      vertex -2.123964e+01  5.750000e+01  2.931279e+01
      vertex -2.128432e+01  5.750000e+01  2.990896e+01
    endloop
  endfacet
  facet normal  0.000000e+00 -1.000000e+00  0.000000e+00
    outer loop
      vertex  8.605768e+00  5.750000e+01  2.600925e+01
      vertex  8.014606e+00  5.750000e+01  2.592015e+01
      vertex  2.941073e+01  5.750000e+01  2.765568e+01
    endloop
  endfacet
  facet normal  -0.000000e+00 -1.000000e+00  0.000000e+00
    outer loop
      vertex  8.605768e+00  5.750000e+01  2.600925e+01
      vertex  2.941073e+01  5.750000e+01  2.765568e+01
      vertex  2.911181e+01  5.750000e+01  2.817343e+01
    endloop
  endfacet
  facet normal  -0.000000e+00 -1.000000e+00  0.000000e+00
    outer loop
      vertex  8.605768e+00  5.750000e+01  2.600925e+01
      vertex  2.911181e+01  5.750000e+01  2.817343e+01
      vertex  2.889339e+01  5.750000e+01  2.872994e+01
    endloop
  endfacet
  facet normal  -0.000000e+00 -1.000000e+00  0.000000e+00
    outer loop
      vertex  8.605768e+00  5.750000e+01  2.600925e+01
      vertex  2.889339e+01  5.750000e+01  2.872994e+01
      vertex  2.876036e+01  5.750000e+01  2.931279e+01
    endloop
  endfacet
  facet normal  -0.000000e+00 -1.000000e+00  0.000000e+00
    outer loop
      vertex  8.605768e+00  5.750000e+01  2.600925e+01
      vertex  2.876036e+01  5.750000e+01  2.931279e+01
      vertex  2.871568e+01  5.750000e+01  2.990896e+01
    endloop
  endfacet
  facet normal  0.000000e+00 -1.000000e+00  0.000000e+00
    outer loop
      vertex  8.605768e+00  5.750000e+01  2.600925e+01
      vertex  2.871568e+01  5.750000e+01  2.990896e+01
      vertex  9.177049e+00  5.750000e+01  2.618546e+01
    endloop
  endfacet
  facet normal  -0.000000e+00 -1.000000e+00  0.000000e+00
    outer loop
      vertex  3.360577e+01  5.750000e+01  2.600925e+01
      vertex  5.411181e+01  5.750000e+01  2.817343e+01
      vertex  5.389339e+01  5.750000e+01  2.872994e+01
    endloop
  endfacet
  facet normal  -0.000000e+00 -9.999999e-01  0.000000e+00
    outer loop
      vertex  3.360577e+01  5.750000e+01  2.600925e+01
      vertex  5.389339e+01  5.750000e+01  2.872994e+01
      vertex  5.376036e+01  5.750000e+01  2.931279e+01
    endloop
  endfacet
  facet normal  -0.000000e+00 -1.000000e+00  0.000000e+00
    outer loop
      vertex  3.360577e+01  5.750000e+01  2.600925e+01
      vertex  5.376036e+01  5.750000e+01  2.931279e+01
      vertex  5.371568e+01  5.750000e+01  2.990896e+01
    endloop
  endfacet
  facet normal  0.000000e+00 -1.000000e+00  0.000000e+00
    outer loop
      vertex  3.360577e+01  5.750000e+01  2.600925e+01
      vertex  5.371568e+01  5.750000e+01  2.990896e+01
      vertex  3.417705e+01  5.750000e+01  2.618546e+01
    endloop
  endfacet
  facet normal  -0.000000e+00 -1.000000e+00  0.000000e+00
    outer loop
      vertex  3.301461e+01  5.750000e+01  2.592015e+01
      vertex  5.478348e+01  5.750000e+01  2.718827e+01
      vertex  5.441073e+01  5.750000e+01  2.765568e+01
    endloop
  endfacet
  facet normal  -0.000000e+00 -1.000000e+00  0.000000e+00
    outer loop
      vertex  3.301461e+01  5.750000e+01  2.592015e+01
      vertex  5.441073e+01  5.750000e+01  2.765568e+01
      vertex  5.411181e+01  5.750000e+01  2.817343e+01
    endloop
  endfacet
  facet normal  0.000000e+00 -1.000000e+00  0.000000e+00
    outer loop
      vertex  3.301461e+01  5.750000e+01  2.592015e+01
      vertex  5.411181e+01  5.750000e+01  2.817343e+01
      vertex  3.360577e+01  5.750000e+01  2.600925e+01
    endloop
  endfacet
  facet normal  0.000000e+00 -1.000000e+00  0.000000e+00
    outer loop
      vertex -2.128432e+01  5.750000e+01  2.990896e+01
      vertex -5.228434e+01  5.750000e+01  2.695625e+01
      vertex -5.157167e+01  5.750000e+01  2.682565e+01
    endloop
  endfacet
  facet normal  0.000000e+00 -1.000000e+00  0.000000e+00
    outer loop
      vertex -2.128432e+01  5.750000e+01  2.990896e+01
      vertex -5.157167e+01  5.750000e+01  2.682565e+01
      vertex -5.087993e+01  5.750000e+01  2.661010e+01
    endloop
  endfacet
  facet normal  0.000000e+00 -1.000000e+00  0.000000e+00
    outer loop
      vertex -2.128432e+01  5.750000e+01  2.990896e+01
      vertex -5.087993e+01  5.750000e+01  2.661010e+01
      vertex -5.021922e+01  5.750000e+01  2.631274e+01
    endloop
  endfacet
  facet normal  0.000000e+00 -1.000000e+00  0.000000e+00
    outer loop
      vertex -2.128432e+01  5.750000e+01  2.990896e+01
      vertex -5.021922e+01  5.750000e+01  2.631274e+01
      vertex -4.959917e+01  5.750000e+01  2.593790e+01
    endloop
  endfacet
  facet normal  0.000000e+00 -1.000000e+00  0.000000e+00
    outer loop
      vertex -2.128432e+01  5.750000e+01  2.990896e+01
      vertex -4.959917e+01  5.750000e+01  2.593790e+01
      vertex -4.902882e+01  5.750000e+01  2.549106e+01
    endloop
  endfacet
  facet normal  0.000000e+00 -1.000000e+00  0.000000e+00
    outer loop
      vertex -2.128432e+01  5.750000e+01  2.990896e+01
      vertex -4.902882e+01  5.750000e+01  2.549106e+01
      vertex -4.851649e+01  5.750000e+01  2.497874e+01
    endloop
  endfacet
  facet normal  0.000000e+00 -1.000000e+00  0.000000e+00
    outer loop
      vertex -2.128432e+01  5.750000e+01  2.990896e+01
      vertex -4.851649e+01  5.750000e+01  2.497874e+01
      vertex -4.806966e+01  5.750000e+01  2.440839e+01
    endloop
  endfacet
  facet normal  0.000000e+00 -1.000000e+00  0.000000e+00
    outer loop
      vertex -2.128432e+01  5.750000e+01  2.990896e+01
      vertex -4.806966e+01  5.750000e+01  2.440839e+01
      vertex -4.769482e+01  5.750000e+01  2.378834e+01
    endloop
  endfacet
  facet normal  0.000000e+00 -1.000000e+00  0.000000e+00
    outer loop
      vertex -2.128432e+01  5.750000e+01  2.990896e+01
      vertex -4.769482e+01  5.750000e+01  2.378834e+01
      vertex -4.739746e+01  5.750000e+01  2.312763e+01
    endloop
  endfacet
  facet normal  0.000000e+00 -1.000000e+00  0.000000e+00
    outer loop
      vertex -2.128432e+01  5.750000e+01  2.990896e+01
      vertex -4.739746e+01  5.750000e+01  2.312763e+01
      vertex -4.718191e+01  5.750000e+01  2.243589e+01
    endloop
  endfacet
  facet normal  0.000000e+00 -1.000000e+00  0.000000e+00
    outer loop
      vertex -2.128432e+01  5.750000e+01  2.990896e+01
      vertex -4.718191e+01  5.750000e+01  2.243589e+01
      vertex -4.705131e+01  5.750000e+01  2.172322e+01
    endloop
  endfacet
  facet normal  0.000000e+00 -1.000000e+00  0.000000e+00
    outer loop
      vertex -2.128432e+01  5.750000e+01  2.990896e+01
      vertex -4.705131e+01  5.750000e+01  2.172322e+01
      vertex -4.700756e+01  5.750000e+01  2.100000e+01
    endloop
  endfacet
  facet normal  0.000000e+00 -1.000000e+00  0.000000e+00
    outer loop
      vertex -7.050000e+01  5.750000e+01  5.000000e+00
      vertex -5.021922e+01  5.750000e+01  1.568726e+01
      vertex -5.087993e+01  5.750000e+01  1.538990e+01
    endloop
  endfacet
  facet normal  0.000000e+00 -1.000000e+00  0.000000e+00
    outer loop
      vertex -7.050000e+01  5.750000e+01  5.000000e+00
      vertex -5.087993e+01  5.750000e+01  1.538990e+01
      vertex -5.157167e+01  5.750000e+01  1.517435e+01
    endloop
  endfacet
  facet normal  0.000000e+00 -9.999999e-01  0.000000e+00
    outer loop
      vertex -7.050000e+01  5.750000e+01  5.000000e+00
      vertex -5.157167e+01  5.750000e+01  1.517435e+01
      vertex -5.228434e+01  5.750000e+01  1.504375e+01
    endloop
  endfacet
  facet normal  0.000000e+00 -9.999999e-01  0.000000e+00
    outer loop
      vertex -7.050000e+01  5.750000e+01  5.000000e+00
      vertex -5.228434e+01  5.750000e+01  1.504375e+01
      vertex -5.300756e+01  5.750000e+01  1.500000e+01
    endloop
  endfacet
  facet normal  -0.000000e+00 -1.000000e+00  0.000000e+00
    outer loop
      vertex -7.050000e+01  5.750000e+01  5.000000e+00
      vertex -5.300756e+01  5.750000e+01  1.500000e+01
      vertex -5.373078e+01  5.750000e+01  1.504375e+01
    endloop
  endfacet
  facet normal  -0.000000e+00 -1.000000e+00  0.000000e+00
    outer loop
      vertex -7.050000e+01  5.750000e+01  5.000000e+00
      vertex -5.373078e+01  5.750000e+01  1.504375e+01
      vertex -5.444345e+01  5.750000e+01  1.517435e+01
    endloop
  endfacet
  facet normal  -0.000000e+00 -1.000000e+00  0.000000e+00
    outer loop
      vertex -7.050000e+01  5.750000e+01  5.000000e+00
      vertex -5.444345e+01  5.750000e+01  1.517435e+01
      vertex -5.513519e+01  5.750000e+01  1.538990e+01
    endloop
  endfacet
  facet normal  -0.000000e+00 -1.000000e+00  0.000000e+00
    outer loop
      vertex -7.050000e+01  5.750000e+01  5.000000e+00
      vertex -5.513519e+01  5.750000e+01  1.538990e+01
      vertex -5.579590e+01  5.750000e+01  1.568726e+01
    endloop
  endfacet
  facet normal  -0.000000e+00 -9.999999e-01  0.000000e+00
    outer loop
      vertex -7.050000e+01  5.750000e+01  5.000000e+00
      vertex -5.579590e+01  5.750000e+01  1.568726e+01
      vertex -5.641595e+01  5.750000e+01  1.606210e+01
    endloop
  endfacet
  facet normal  -0.000000e+00 -1.000000e+00  0.000000e+00
    outer loop
      vertex -7.050000e+01  5.750000e+01  5.000000e+00
      vertex -5.641595e+01  5.750000e+01  1.606210e+01
      vertex -5.698630e+01  5.750000e+01  1.650894e+01
    endloop
  endfacet
  facet normal  -0.000000e+00 -1.000000e+00  0.000000e+00
    outer loop
      vertex -7.050000e+01  5.750000e+01  5.000000e+00
      vertex -5.698630e+01  5.750000e+01  1.650894e+01
      vertex -5.749862e+01  5.750000e+01  1.702126e+01
    endloop
  endfacet
  facet normal  -0.000000e+00 -1.000000e+00  0.000000e+00
    outer loop
      vertex -7.050000e+01  5.750000e+01  5.000000e+00
      vertex -5.749862e+01  5.750000e+01  1.702126e+01
      vertex -5.794547e+01  5.750000e+01  1.759161e+01
    endloop
  endfacet
  facet normal  -0.000000e+00 -9.999999e-01  0.000000e+00
    outer loop
      vertex -7.050000e+01  5.750000e+01  5.000000e+00
      vertex -5.794547e+01  5.750000e+01  1.759161e+01
      vertex -5.832030e+01  5.750000e+01  1.821166e+01
    endloop
  endfacet
  facet normal  -0.000000e+00 -1.000000e+00  0.000000e+00
    outer loop
      vertex -7.050000e+01  5.750000e+01  5.000000e+00
      vertex -5.832030e+01  5.750000e+01  1.821166e+01
      vertex -5.861766e+01  5.750000e+01  1.887237e+01
    endloop
  endfacet
  facet normal  -0.000000e+00 -1.000000e+00  0.000000e+00
    outer loop
      vertex -7.050000e+01  5.750000e+01  5.000000e+00
      vertex -5.861766e+01  5.750000e+01  1.887237e+01
      vertex -5.883321e+01  5.750000e+01  1.956411e+01
    endloop
  endfacet
  facet normal  -0.000000e+00 -1.000000e+00  0.000000e+00
    outer loop
      vertex -7.050000e+01  5.750000e+01  5.000000e+00
      vertex -5.883321e+01  5.750000e+01  1.956411e+01
      vertex -5.896381e+01  5.750000e+01  2.027678e+01
    endloop
  endfacet
  facet normal  -0.000000e+00 -1.000000e+00  0.000000e+00
    outer loop
      vertex -7.050000e+01  5.750000e+01  5.000000e+00
      vertex -5.896381e+01  5.750000e+01  2.027678e+01
      vertex -5.900756e+01  5.750000e+01  2.100000e+01
    endloop
  endfacet
  facet normal -1.490425e-01  -0.000000e+00 -9.888308e-01
    outer loop
      vertex -5.270864e+01  5.750000e+01  4.415784e+01
      vertex -5.211748e+01  6.250000e+01  4.406874e+01
      vertex -5.211748e+01  5.750000e+01  4.406874e+01
    endloop
  endfacet
  facet normal -2.947538e-01  0.000000e+00 -9.555732e-01
    outer loop
      vertex -5.211748e+01  5.750000e+01  4.406874e+01
      vertex -5.211748e+01  6.250000e+01  4.406874e+01
      vertex -5.154620e+01  6.250000e+01  4.389252e+01
    endloop
  endfacet
  facet normal -2.947538e-01  -0.000000e+00 -9.555732e-01
    outer loop
      vertex -5.211748e+01  5.750000e+01  4.406874e+01
      vertex -5.154620e+01  6.250000e+01  4.389252e+01
      vertex -5.154620e+01  5.750000e+01  4.389252e+01
    endloop
  endfacet
  facet normal -4.338872e-01  0.000000e+00 -9.009672e-01
    outer loop
      vertex -5.154620e+01  5.750000e+01  4.389252e+01
      vertex -5.154620e+01  6.250000e+01  4.389252e+01
      vertex -5.100756e+01  6.250000e+01  4.363313e+01
    endloop
  endfacet
  facet normal -4.338872e-01  -0.000000e+00 -9.009672e-01
    outer loop
      vertex -5.154620e+01  5.750000e+01  4.389252e+01
      vertex -5.100756e+01  6.250000e+01  4.363313e+01
      vertex -5.100756e+01  5.750000e+01  4.363313e+01
    endloop
  endfacet
  facet normal -5.633196e-01  0.000000e+00 -8.262390e-01
    outer loop
      vertex -5.100756e+01  5.750000e+01  4.363313e+01
      vertex -5.100756e+01  6.250000e+01  4.363313e+01
      vertex -5.051360e+01  6.250000e+01  4.329635e+01
    endloop
  endfacet
  facet normal -5.633196e-01  -0.000000e+00 -8.262390e-01
    outer loop
      vertex -5.100756e+01  5.750000e+01  4.363313e+01
      vertex -5.051360e+01  6.250000e+01  4.329635e+01
      vertex -5.051360e+01  5.750000e+01  4.329635e+01
    endloop
  endfacet
  facet normal -6.801735e-01  0.000000e+00 -7.330512e-01
    outer loop
      vertex -5.051360e+01  5.750000e+01  4.329635e+01
      vertex -5.051360e+01  6.250000e+01  4.329635e+01
      vertex -5.007535e+01  6.250000e+01  4.288972e+01
    endloop
  endfacet
  facet normal -6.801735e-01  -0.000000e+00 -7.330512e-01
    outer loop
      vertex -5.051360e+01  5.750000e+01  4.329635e+01
      vertex -5.007535e+01  6.250000e+01  4.288972e+01
      vertex -5.007535e+01  5.750000e+01  4.288972e+01
    endloop
  endfacet
  facet normal -7.818309e-01  0.000000e+00 -6.234905e-01
    outer loop
      vertex -5.007535e+01  5.750000e+01  4.288972e+01
      vertex -5.007535e+01  6.250000e+01  4.288972e+01
      vertex -4.970261e+01  6.250000e+01  4.242231e+01
    endloop
  endfacet
  facet normal -7.818309e-01  -0.000000e+00 -6.234905e-01
    outer loop
      vertex -5.007535e+01  5.750000e+01  4.288972e+01
      vertex -4.970261e+01  6.250000e+01  4.242231e+01
      vertex -4.970261e+01  5.750000e+01  4.242231e+01
    endloop
  endfacet
  facet normal -8.660234e-01  0.000000e+00 -5.000034e-01
    outer loop
      vertex -4.970261e+01  5.750000e+01  4.242231e+01
      vertex -4.970261e+01  6.250000e+01  4.242231e+01
      vertex -4.940368e+01  6.250000e+01  4.190456e+01
    endloop
  endfacet
  facet normal -8.660234e-01  -0.000000e+00 -5.000034e-01
    outer loop
      vertex -4.970261e+01  5.750000e+01  4.242231e+01
      vertex -4.940368e+01  6.250000e+01  4.190456e+01
      vertex -4.940368e+01  5.750000e+01  4.190456e+01
    endloop
  endfacet
  facet normal -9.308746e-01  0.000000e+00 -3.653386e-01
    outer loop
      vertex -4.940368e+01  5.750000e+01  4.190456e+01
      vertex -4.940368e+01  6.250000e+01  4.190456e+01
      vertex -4.918527e+01  6.250000e+01  4.134805e+01
    endloop
  endfacet
  facet normal -9.308746e-01  -0.000000e+00 -3.653386e-01
    outer loop
      vertex -4.940368e+01  5.750000e+01  4.190456e+01
      vertex -4.918527e+01  6.250000e+01  4.134805e+01
      vertex -4.918527e+01  5.750000e+01  4.134805e+01
    endloop
  endfacet
  facet normal -9.749287e-01  0.000000e+00 -2.225176e-01
    outer loop
      vertex -4.918527e+01  5.750000e+01  4.134805e+01
      vertex -4.918527e+01  6.250000e+01  4.134805e+01
      vertex -4.905224e+01  6.250000e+01  4.076520e+01
    endloop
  endfacet
  facet normal -9.749287e-01  -0.000000e+00 -2.225176e-01
    outer loop
      vertex -4.918527e+01  5.750000e+01  4.134805e+01
      vertex -4.905224e+01  6.250000e+01  4.076520e+01
      vertex -4.905224e+01  5.750000e+01  4.076520e+01
    endloop
  endfacet
  facet normal -9.972036e-01  0.000000e+00 -7.473189e-02
    outer loop
      vertex -4.905224e+01  5.750000e+01  4.076520e+01
      vertex -4.905224e+01  6.250000e+01  4.076520e+01
      vertex -4.900756e+01  6.250000e+01  4.016903e+01
    endloop
  endfacet
  facet normal -9.972036e-01  -0.000000e+00 -7.473189e-02
    outer loop
      vertex -4.905224e+01  5.750000e+01  4.076520e+01
      vertex -4.900756e+01  6.250000e+01  4.016903e+01
      vertex -4.900756e+01  5.750000e+01  4.016903e+01
    endloop
  endfacet
  facet normal -1.490425e-01  0.000000e+00 -9.888308e-01
    outer loop
      vertex -5.211748e+01  6.250000e+01  4.406874e+01
      vertex -5.270864e+01  5.750000e+01  4.415784e+01
      vertex -5.270864e+01  6.250000e+01  4.415784e+01
    endloop
  endfacet
  facet normal  0.000000e+00  -0.000000e+00 -1.000000e+00
    outer loop
      vertex -5.270864e+01  6.250000e+01  4.415784e+01
      vertex -5.270864e+01  5.750000e+01  4.415784e+01
      vertex -5.330648e+01  5.750000e+01  4.415784e+01
    endloop
  endfacet
  facet normal  0.000000e+00  0.000000e+00 -1.000000e+00
    outer loop
      vertex -5.270864e+01  6.250000e+01  4.415784e+01
      vertex -5.330648e+01  5.750000e+01  4.415784e+01
      vertex -5.330648e+01  6.250000e+01  4.415784e+01
    endloop
  endfacet
  facet normal  1.490425e-01  0.000000e+00 -9.888308e-01
    outer loop
      vertex -5.330648e+01  6.250000e+01  4.415784e+01
      vertex -5.330648e+01  5.750000e+01  4.415784e+01
      vertex -5.389764e+01  5.750000e+01  4.406874e+01
    endloop
  endfacet
  facet normal  1.490425e-01  0.000000e+00 -9.888308e-01
    outer loop
      vertex -5.330648e+01  6.250000e+01  4.415784e+01
      vertex -5.389764e+01  5.750000e+01  4.406874e+01
      vertex -5.389764e+01  6.250000e+01  4.406874e+01
    endloop
  endfacet
  facet normal  2.947538e-01  0.000000e+00 -9.555732e-01
    outer loop
      vertex -5.389764e+01  6.250000e+01  4.406874e+01
      vertex -5.389764e+01  5.750000e+01  4.406874e+01
      vertex -5.446893e+01  5.750000e+01  4.389252e+01
    endloop
  endfacet
  facet normal  2.947538e-01  0.000000e+00 -9.555732e-01
    outer loop
      vertex -5.389764e+01  6.250000e+01  4.406874e+01
      vertex -5.446893e+01  5.750000e+01  4.389252e+01
      vertex -5.446893e+01  6.250000e+01  4.389252e+01
    endloop
  endfacet
  facet normal  4.338872e-01  0.000000e+00 -9.009672e-01
    outer loop
      vertex -5.446893e+01  6.250000e+01  4.389252e+01
      vertex -5.446893e+01  5.750000e+01  4.389252e+01
      vertex -5.500756e+01  5.750000e+01  4.363313e+01
    endloop
  endfacet
  facet normal  4.338872e-01  0.000000e+00 -9.009672e-01
    outer loop
      vertex -5.446893e+01  6.250000e+01  4.389252e+01
      vertex -5.500756e+01  5.750000e+01  4.363313e+01
      vertex -5.500756e+01  6.250000e+01  4.363313e+01
    endloop
  endfacet
  facet normal  5.633226e-01  0.000000e+00 -8.262371e-01
    outer loop
      vertex -5.500756e+01  6.250000e+01  4.363313e+01
      vertex -5.500756e+01  5.750000e+01  4.363313e+01
      vertex -5.550152e+01  5.750000e+01  4.329635e+01
    endloop
  endfacet
  facet normal  5.633226e-01  0.000000e+00 -8.262371e-01
    outer loop
      vertex -5.500756e+01  6.250000e+01  4.363313e+01
      vertex -5.550152e+01  5.750000e+01  4.329635e+01
      vertex -5.550152e+01  6.250000e+01  4.329635e+01
    endloop
  endfacet
  facet normal  6.801735e-01  0.000000e+00 -7.330512e-01
    outer loop
      vertex -5.550152e+01  6.250000e+01  4.329635e+01
      vertex -5.550152e+01  5.750000e+01  4.329635e+01
      vertex -5.593977e+01  5.750000e+01  4.288972e+01
    endloop
  endfacet
  facet normal  6.801735e-01  0.000000e+00 -7.330512e-01
    outer loop
      vertex -5.550152e+01  6.250000e+01  4.329635e+01
      vertex -5.593977e+01  5.750000e+01  4.288972e+01
      vertex -5.593977e+01  6.250000e+01  4.288972e+01
    endloop
  endfacet
  facet normal  7.818279e-01  0.000000e+00 -6.234944e-01
    outer loop
      vertex -5.593977e+01  6.250000e+01  4.288972e+01
      vertex -5.593977e+01  5.750000e+01  4.288972e+01
      vertex -5.631252e+01  5.750000e+01  4.242231e+01
    endloop
  endfacet
  facet normal  7.818279e-01  0.000000e+00 -6.234944e-01
    outer loop
      vertex -5.593977e+01  6.250000e+01  4.288972e+01
      vertex -5.631252e+01  5.750000e+01  4.242231e+01
      vertex -5.631252e+01  6.250000e+01  4.242231e+01
    endloop
  endfacet
  facet normal  8.660262e-01  0.000000e+00 -4.999986e-01
    outer loop
      vertex -5.631252e+01  6.250000e+01  4.242231e+01
      vertex -5.631252e+01  5.750000e+01  4.242231e+01
      vertex -5.661143e+01  5.750000e+01  4.190456e+01
    endloop
  endfacet
  facet normal  8.660262e-01  0.000000e+00 -4.999986e-01
    outer loop
      vertex -5.631252e+01  6.250000e+01  4.242231e+01
      vertex -5.661143e+01  5.750000e+01  4.190456e+01
      vertex -5.661143e+01  6.250000e+01  4.190456e+01
    endloop
  endfacet
  facet normal  9.308725e-01  0.000000e+00 -3.653442e-01
    outer loop
      vertex -5.661143e+01  6.250000e+01  4.190456e+01
      vertex -5.661143e+01  5.750000e+01  4.190456e+01
      vertex -5.682985e+01  5.750000e+01  4.134805e+01
    endloop
  endfacet
  facet normal  9.308725e-01  0.000000e+00 -3.653442e-01
    outer loop
      vertex -5.661143e+01  6.250000e+01  4.190456e+01
      vertex -5.682985e+01  5.750000e+01  4.134805e+01
      vertex -5.682985e+01  6.250000e+01  4.134805e+01
    endloop
  endfacet
  facet normal  9.749287e-01  0.000000e+00 -2.225176e-01
    outer loop
      vertex -5.682985e+01  6.250000e+01  4.134805e+01
      vertex -5.682985e+01  5.750000e+01  4.134805e+01
      vertex -5.696288e+01  5.750000e+01  4.076520e+01
    endloop
  endfacet
  facet normal  9.749287e-01  0.000000e+00 -2.225176e-01
    outer loop
      vertex -5.682985e+01  6.250000e+01  4.134805e+01
      vertex -5.696288e+01  5.750000e+01  4.076520e+01
      vertex -5.696288e+01  6.250000e+01  4.076520e+01
    endloop
  endfacet
  facet normal  9.972036e-01  0.000000e+00 -7.473189e-02
    outer loop
      vertex -5.696288e+01  6.250000e+01  4.076520e+01
      vertex -5.696288e+01  5.750000e+01  4.076520e+01
      vertex -5.700756e+01  5.750000e+01  4.016903e+01
    endloop
  endfacet
  facet normal  9.972036e-01  0.000000e+00 -7.473189e-02
    outer loop
      vertex -5.696288e+01  6.250000e+01  4.076520e+01
      vertex -5.700756e+01  5.750000e+01  4.016903e+01
      vertex -5.700756e+01  6.250000e+01  4.016903e+01
    endloop
  endfacet
  facet normal  1.490425e-01  0.000000e+00  9.888308e-01
    outer loop
      vertex -5.330648e+01  5.750000e+01  3.618021e+01
      vertex -5.389764e+01  6.250000e+01  3.626932e+01
      vertex -5.389764e+01  5.750000e+01  3.626932e+01
    endloop
  endfacet
  facet normal  2.947538e-01  -0.000000e+00  9.555732e-01
    outer loop
      vertex -5.389764e+01  5.750000e+01  3.626932e+01
      vertex -5.389764e+01  6.250000e+01  3.626932e+01
      vertex -5.446893e+01  6.250000e+01  3.644553e+01
    endloop
  endfacet
  facet normal  2.947538e-01  0.000000e+00  9.555732e-01
    outer loop
      vertex -5.389764e+01  5.750000e+01  3.626932e+01
      vertex -5.446893e+01  6.250000e+01  3.644553e+01
      vertex -5.446893e+01  5.750000e+01  3.644553e+01
    endloop
  endfacet
  facet normal  4.338820e-01  -0.000000e+00  9.009697e-01
    outer loop
      vertex -5.446893e+01  5.750000e+01  3.644553e+01
      vertex -5.446893e+01  6.250000e+01  3.644553e+01
      vertex -5.500756e+01  6.250000e+01  3.670493e+01
    endloop
  endfacet
  facet normal  4.338820e-01  0.000000e+00  9.009697e-01
    outer loop
      vertex -5.446893e+01  5.750000e+01  3.644553e+01
      vertex -5.500756e+01  6.250000e+01  3.670493e+01
      vertex -5.500756e+01  5.750000e+01  3.670493e+01
    endloop
  endfacet
  facet normal  5.633226e-01  -0.000000e+00  8.262371e-01
    outer loop
      vertex -5.500756e+01  5.750000e+01  3.670493e+01
      vertex -5.500756e+01  6.250000e+01  3.670493e+01
      vertex -5.550152e+01  6.250000e+01  3.704170e+01
    endloop
  endfacet
  facet normal  5.633226e-01  0.000000e+00  8.262371e-01
    outer loop
      vertex -5.500756e+01  5.750000e+01  3.670493e+01
      vertex -5.550152e+01  6.250000e+01  3.704170e+01
      vertex -5.550152e+01  5.750000e+01  3.704170e+01
    endloop
  endfacet
  facet normal  6.801735e-01  -0.000000e+00  7.330512e-01
    outer loop
      vertex -5.550152e+01  5.750000e+01  3.704170e+01
      vertex -5.550152e+01  6.250000e+01  3.704170e+01
      vertex -5.593977e+01  6.250000e+01  3.744834e+01
    endloop
  endfacet
  facet normal  6.801735e-01  0.000000e+00  7.330512e-01
    outer loop
      vertex -5.550152e+01  5.750000e+01  3.704170e+01
      vertex -5.593977e+01  6.250000e+01  3.744834e+01
      vertex -5.593977e+01  5.750000e+01  3.744834e+01
    endloop
  endfacet
  facet normal  7.818303e-01  -0.000000e+00  6.234913e-01
    outer loop
      vertex -5.593977e+01  5.750000e+01  3.744834e+01
      vertex -5.593977e+01  6.250000e+01  3.744834e+01
      vertex -5.631252e+01  6.250000e+01  3.791575e+01
    endloop
  endfacet
  facet normal  7.818303e-01  0.000000e+00  6.234913e-01
    outer loop
      vertex -5.593977e+01  5.750000e+01  3.744834e+01
      vertex -5.631252e+01  6.250000e+01  3.791575e+01
      vertex -5.631252e+01  5.750000e+01  3.791575e+01
    endloop
  endfacet
  facet normal  8.660262e-01  -0.000000e+00  4.999986e-01
    outer loop
      vertex -5.631252e+01  5.750000e+01  3.791575e+01
      vertex -5.631252e+01  6.250000e+01  3.791575e+01
      vertex -5.661143e+01  6.250000e+01  3.843349e+01
    endloop
  endfacet
  facet normal  8.660262e-01  0.000000e+00  4.999986e-01
    outer loop
      vertex -5.631252e+01  5.750000e+01  3.791575e+01
      vertex -5.661143e+01  6.250000e+01  3.843349e+01
      vertex -5.661143e+01  5.750000e+01  3.843349e+01
    endloop
  endfacet
  facet normal  9.308717e-01  -0.000000e+00  3.653464e-01
    outer loop
      vertex -5.661143e+01  5.750000e+01  3.843349e+01
      vertex -5.661143e+01  6.250000e+01  3.843349e+01
      vertex -5.682985e+01  6.250000e+01  3.899001e+01
    endloop
  endfacet
  facet normal  9.308717e-01  0.000000e+00  3.653464e-01
    outer loop
      vertex -5.661143e+01  5.750000e+01  3.843349e+01
      vertex -5.682985e+01  6.250000e+01  3.899001e+01
      vertex -5.682985e+01  5.750000e+01  3.899001e+01
    endloop
  endfacet
  facet normal  9.749289e-01  -0.000000e+00  2.225162e-01
    outer loop
      vertex -5.682985e+01  5.750000e+01  3.899001e+01
      vertex -5.682985e+01  6.250000e+01  3.899001e+01
      vertex -5.696288e+01  6.250000e+01  3.957286e+01
    endloop
  endfacet
  facet normal  9.749289e-01  0.000000e+00  2.225162e-01
    outer loop
      vertex -5.682985e+01  5.750000e+01  3.899001e+01
      vertex -5.696288e+01  6.250000e+01  3.957286e+01
      vertex -5.696288e+01  5.750000e+01  3.957286e+01
    endloop
  endfacet
  facet normal  9.972036e-01  -0.000000e+00  7.473189e-02
    outer loop
      vertex -5.696288e+01  5.750000e+01  3.957286e+01
      vertex -5.696288e+01  6.250000e+01  3.957286e+01
      vertex -5.700756e+01  6.250000e+01  4.016903e+01
    endloop
  endfacet
  facet normal  9.972036e-01  0.000000e+00  7.473189e-02
    outer loop
      vertex -5.696288e+01  5.750000e+01  3.957286e+01
      vertex -5.700756e+01  6.250000e+01  4.016903e+01
      vertex -5.700756e+01  5.750000e+01  4.016903e+01
    endloop
  endfacet
  facet normal  1.490425e-01  -0.000000e+00  9.888308e-01
    outer loop
      vertex -5.389764e+01  6.250000e+01  3.626932e+01
      vertex -5.330648e+01  5.750000e+01  3.618021e+01
      vertex -5.330648e+01  6.250000e+01  3.618021e+01
    endloop
  endfacet
  facet normal  0.000000e+00  0.000000e+00  1.000000e+00
    outer loop
      vertex -5.330648e+01  6.250000e+01  3.618021e+01
      vertex -5.330648e+01  5.750000e+01  3.618021e+01
      vertex -5.270864e+01  5.750000e+01  3.618021e+01
    endloop
  endfacet
  facet normal  0.000000e+00  -0.000000e+00  1.000000e+00
    outer loop
      vertex -5.330648e+01  6.250000e+01  3.618021e+01
      vertex -5.270864e+01  5.750000e+01  3.618021e+01
      vertex -5.270864e+01  6.250000e+01  3.618021e+01
    endloop
  endfacet
  facet normal -1.490425e-01  0.000000e+00  9.888308e-01
    outer loop
      vertex -5.270864e+01  6.250000e+01  3.618021e+01
      vertex -5.270864e+01  5.750000e+01  3.618021e+01
      vertex -5.211748e+01  5.750000e+01  3.626932e+01
    endloop
  endfacet
  facet normal -1.490425e-01  0.000000e+00  9.888308e-01
    outer loop
      vertex -5.270864e+01  6.250000e+01  3.618021e+01
      vertex -5.211748e+01  5.750000e+01  3.626932e+01
      vertex -5.211748e+01  6.250000e+01  3.626932e+01
    endloop
  endfacet
  facet normal -2.947538e-01  0.000000e+00  9.555732e-01
    outer loop
      vertex -5.211748e+01  6.250000e+01  3.626932e+01
      vertex -5.211748e+01  5.750000e+01  3.626932e+01
      vertex -5.154620e+01  5.750000e+01  3.644553e+01
    endloop
  endfacet
  facet normal -2.947538e-01  0.000000e+00  9.555732e-01
    outer loop
      vertex -5.211748e+01  6.250000e+01  3.626932e+01
      vertex -5.154620e+01  5.750000e+01  3.644553e+01
      vertex -5.154620e+01  6.250000e+01  3.644553e+01
    endloop
  endfacet
  facet normal -4.338820e-01  0.000000e+00  9.009697e-01
    outer loop
      vertex -5.154620e+01  6.250000e+01  3.644553e+01
      vertex -5.154620e+01  5.750000e+01  3.644553e+01
      vertex -5.100756e+01  5.750000e+01  3.670493e+01
    endloop
  endfacet
  facet normal -4.338820e-01  0.000000e+00  9.009697e-01
    outer loop
      vertex -5.154620e+01  6.250000e+01  3.644553e+01
      vertex -5.100756e+01  5.750000e+01  3.670493e+01
      vertex -5.100756e+01  6.250000e+01  3.670493e+01
    endloop
  endfacet
  facet normal -5.633196e-01  0.000000e+00  8.262390e-01
    outer loop
      vertex -5.100756e+01  6.250000e+01  3.670493e+01
      vertex -5.100756e+01  5.750000e+01  3.670493e+01
      vertex -5.051360e+01  5.750000e+01  3.704170e+01
    endloop
  endfacet
  facet normal -5.633196e-01  0.000000e+00  8.262390e-01
    outer loop
      vertex -5.100756e+01  6.250000e+01  3.670493e+01
      vertex -5.051360e+01  5.750000e+01  3.704170e+01
      vertex -5.051360e+01  6.250000e+01  3.704170e+01
    endloop
  endfacet
  facet normal -6.801735e-01  0.000000e+00  7.330512e-01
    outer loop
      vertex -5.051360e+01  6.250000e+01  3.704170e+01
      vertex -5.051360e+01  5.750000e+01  3.704170e+01
      vertex -5.007535e+01  5.750000e+01  3.744834e+01
    endloop
  endfacet
  facet normal -6.801735e-01  0.000000e+00  7.330512e-01
    outer loop
      vertex -5.051360e+01  6.250000e+01  3.704170e+01
      vertex -5.007535e+01  5.750000e+01  3.744834e+01
      vertex -5.007535e+01  6.250000e+01  3.744834e+01
    endloop
  endfacet
  facet normal -7.818334e-01  0.000000e+00  6.234874e-01
    outer loop
      vertex -5.007535e+01  6.250000e+01  3.744834e+01
      vertex -5.007535e+01  5.750000e+01  3.744834e+01
      vertex -4.970261e+01  5.750000e+01  3.791575e+01
    endloop
  endfacet
  facet normal -7.818334e-01  0.000000e+00  6.234874e-01
    outer loop
      vertex -5.007535e+01  6.250000e+01  3.744834e+01
      vertex -4.970261e+01  5.750000e+01  3.791575e+01
      vertex -4.970261e+01  6.250000e+01  3.791575e+01
    endloop
  endfacet
  facet normal -8.660234e-01  0.000000e+00  5.000034e-01
    outer loop
      vertex -4.970261e+01  6.250000e+01  3.791575e+01
      vertex -4.970261e+01  5.750000e+01  3.791575e+01
      vertex -4.940368e+01  5.750000e+01  3.843349e+01
    endloop
  endfacet
  facet normal -8.660234e-01  0.000000e+00  5.000034e-01
    outer loop
      vertex -4.970261e+01  6.250000e+01  3.791575e+01
      vertex -4.940368e+01  5.750000e+01  3.843349e+01
      vertex -4.940368e+01  6.250000e+01  3.843349e+01
    endloop
  endfacet
  facet normal -9.308739e-01  0.000000e+00  3.653408e-01
    outer loop
      vertex -4.940368e+01  6.250000e+01  3.843349e+01
      vertex -4.940368e+01  5.750000e+01  3.843349e+01
      vertex -4.918527e+01  5.750000e+01  3.899001e+01
    endloop
  endfacet
  facet normal -9.308739e-01  0.000000e+00  3.653408e-01
    outer loop
      vertex -4.940368e+01  6.250000e+01  3.843349e+01
      vertex -4.918527e+01  5.750000e+01  3.899001e+01
      vertex -4.918527e+01  6.250000e+01  3.899001e+01
    endloop
  endfacet
  facet normal -9.749289e-01  0.000000e+00  2.225162e-01
    outer loop
      vertex -4.918527e+01  6.250000e+01  3.899001e+01
      vertex -4.918527e+01  5.750000e+01  3.899001e+01
      vertex -4.905224e+01  5.750000e+01  3.957286e+01
    endloop
  endfacet
  facet normal -9.749289e-01  0.000000e+00  2.225162e-01
    outer loop
      vertex -4.918527e+01  6.250000e+01  3.899001e+01
      vertex -4.905224e+01  5.750000e+01  3.957286e+01
      vertex -4.905224e+01  6.250000e+01  3.957286e+01
    endloop
  endfacet
  facet normal -9.972036e-01  0.000000e+00  7.473189e-02
    outer loop
      vertex -4.905224e+01  6.250000e+01  3.957286e+01
      vertex -4.905224e+01  5.750000e+01  3.957286e+01
      vertex -4.900756e+01  5.750000e+01  4.016903e+01
    endloop
  endfacet
  facet normal -9.972036e-01  0.000000e+00  7.473189e-02
    outer loop
      vertex -4.905224e+01  6.250000e+01  3.957286e+01
      vertex -4.900756e+01  5.750000e+01  4.016903e+01
      vertex -4.900756e+01  6.250000e+01  4.016903e+01
    endloop
  endfacet
  facet normal -6.037870e-02  -0.000000e+00 -9.981756e-01
    outer loop
      vertex -5.300756e+01  5.750000e+01  2.700000e+01
      vertex -5.228434e+01  6.250000e+01  2.695625e+01
      vertex -5.228434e+01  5.750000e+01  2.695625e+01
    endloop
  endfacet
  facet normal -1.802546e-01  0.000000e+00 -9.836200e-01
    outer loop
      vertex -5.228434e+01  5.750000e+01  2.695625e+01
      vertex -5.228434e+01  6.250000e+01  2.695625e+01
      vertex -5.157167e+01  6.250000e+01  2.682565e+01
    endloop
  endfacet
  facet normal -1.802546e-01  -0.000000e+00 -9.836200e-01
    outer loop
      vertex -5.228434e+01  5.750000e+01  2.695625e+01
      vertex -5.157167e+01  6.250000e+01  2.682565e+01
      vertex -5.157167e+01  5.750000e+01  2.682565e+01
    endloop
  endfacet
  facet normal -2.975033e-01  0.000000e+00 -9.547209e-01
    outer loop
      vertex -5.157167e+01  5.750000e+01  2.682565e+01
      vertex -5.157167e+01  6.250000e+01  2.682565e+01
      vertex -5.087993e+01  6.250000e+01  2.661010e+01
    endloop
  endfacet
  facet normal -2.975033e-01  -0.000000e+00 -9.547209e-01
    outer loop
      vertex -5.157167e+01  5.750000e+01  2.682565e+01
      vertex -5.087993e+01  6.250000e+01  2.661010e+01
      vertex -5.087993e+01  5.750000e+01  2.661010e+01
    endloop
  endfacet
  facet normal -4.104111e-01  0.000000e+00 -9.119006e-01
    outer loop
      vertex -5.087993e+01  5.750000e+01  2.661010e+01
      vertex -5.087993e+01  6.250000e+01  2.661010e+01
      vertex -5.021922e+01  6.250000e+01  2.631274e+01
    endloop
  endfacet
  facet normal -4.104111e-01  -0.000000e+00 -9.119006e-01
    outer loop
      vertex -5.087993e+01  5.750000e+01  2.661010e+01
      vertex -5.021922e+01  6.250000e+01  2.631274e+01
      vertex -5.021922e+01  5.750000e+01  2.631274e+01
    endloop
  endfacet
  facet normal -5.173395e-01  0.000000e+00 -8.557802e-01
    outer loop
      vertex -5.021922e+01  5.750000e+01  2.631274e+01
      vertex -5.021922e+01  6.250000e+01  2.631274e+01
      vertex -4.959917e+01  6.250000e+01  2.593790e+01
    endloop
  endfacet
  facet normal -5.173395e-01  -0.000000e+00 -8.557802e-01
    outer loop
      vertex -5.021922e+01  5.750000e+01  2.631274e+01
      vertex -4.959917e+01  6.250000e+01  2.593790e+01
      vertex -4.959917e+01  5.750000e+01  2.593790e+01
    endloop
  endfacet
  facet normal -6.167190e-01  0.000000e+00 -7.871833e-01
    outer loop
      vertex -4.959917e+01  5.750000e+01  2.593790e+01
      vertex -4.959917e+01  6.250000e+01  2.593790e+01
      vertex -4.902882e+01  6.250000e+01  2.549106e+01
    endloop
  endfacet
  facet normal -6.167190e-01  -0.000000e+00 -7.871833e-01
    outer loop
      vertex -4.959917e+01  5.750000e+01  2.593790e+01
      vertex -4.902882e+01  6.250000e+01  2.549106e+01
      vertex -4.902882e+01  5.750000e+01  2.549106e+01
    endloop
  endfacet
  facet normal -7.071055e-01  0.000000e+00 -7.071081e-01
    outer loop
      vertex -4.902882e+01  5.750000e+01  2.549106e+01
      vertex -4.902882e+01  6.250000e+01  2.549106e+01
      vertex -4.851649e+01  6.250000e+01  2.497874e+01
    endloop
  endfacet
  facet normal -7.071055e-01  -0.000000e+00 -7.071081e-01
    outer loop
      vertex -4.902882e+01  5.750000e+01  2.549106e+01
      vertex -4.851649e+01  6.250000e+01  2.497874e+01
      vertex -4.851649e+01  5.750000e+01  2.497874e+01
    endloop
  endfacet
  facet normal -7.871844e-01  0.000000e+00 -6.167177e-01
    outer loop
      vertex -4.851649e+01  5.750000e+01  2.497874e+01
      vertex -4.851649e+01  6.250000e+01  2.497874e+01
      vertex -4.806966e+01  6.250000e+01  2.440839e+01
    endloop
  endfacet
  facet normal -7.871844e-01  -0.000000e+00 -6.167177e-01
    outer loop
      vertex -4.851649e+01  5.750000e+01  2.497874e+01
      vertex -4.806966e+01  6.250000e+01  2.440839e+01
      vertex -4.806966e+01  5.750000e+01  2.440839e+01
    endloop
  endfacet
  facet normal -8.557814e-01  0.000000e+00 -5.173376e-01
    outer loop
      vertex -4.806966e+01  5.750000e+01  2.440839e+01
      vertex -4.806966e+01  6.250000e+01  2.440839e+01
      vertex -4.769482e+01  6.250000e+01  2.378834e+01
    endloop
  endfacet
  facet normal -8.557814e-01  -0.000000e+00 -5.173376e-01
    outer loop
      vertex -4.806966e+01  5.750000e+01  2.440839e+01
      vertex -4.769482e+01  6.250000e+01  2.378834e+01
      vertex -4.769482e+01  5.750000e+01  2.378834e+01
    endloop
  endfacet
  facet normal -9.118987e-01  0.000000e+00 -4.104152e-01
    outer loop
      vertex -4.769482e+01  5.750000e+01  2.378834e+01
      vertex -4.769482e+01  6.250000e+01  2.378834e+01
      vertex -4.739746e+01  6.250000e+01  2.312763e+01
    endloop
  endfacet
  facet normal -9.118987e-01  -0.000000e+00 -4.104152e-01
    outer loop
      vertex -4.769482e+01  5.750000e+01  2.378834e+01
      vertex -4.739746e+01  6.250000e+01  2.312763e+01
      vertex -4.739746e+01  5.750000e+01  2.312763e+01
    endloop
  endfacet
  facet normal -9.547210e-01  0.000000e+00 -2.975025e-01
    outer loop
      vertex -4.739746e+01  5.750000e+01  2.312763e+01
      vertex -4.739746e+01  6.250000e+01  2.312763e+01
      vertex -4.718191e+01  6.250000e+01  2.243589e+01
    endloop
  endfacet
  facet normal -9.547210e-01  -0.000000e+00 -2.975025e-01
    outer loop
      vertex -4.739746e+01  5.750000e+01  2.312763e+01
      vertex -4.718191e+01  6.250000e+01  2.243589e+01
      vertex -4.718191e+01  5.750000e+01  2.243589e+01
    endloop
  endfacet
  facet normal -9.836205e-01  0.000000e+00 -1.802521e-01
    outer loop
      vertex -4.718191e+01  5.750000e+01  2.243589e+01
      vertex -4.718191e+01  6.250000e+01  2.243589e+01
      vertex -4.705131e+01  6.250000e+01  2.172322e+01
    endloop
  endfacet
  facet normal -9.836205e-01  -0.000000e+00 -1.802521e-01
    outer loop
      vertex -4.718191e+01  5.750000e+01  2.243589e+01
      vertex -4.705131e+01  6.250000e+01  2.172322e+01
      vertex -4.705131e+01  5.750000e+01  2.172322e+01
    endloop
  endfacet
  facet normal -9.981756e-01  0.000000e+00 -6.037870e-02
    outer loop
      vertex -4.705131e+01  5.750000e+01  2.172322e+01
      vertex -4.705131e+01  6.250000e+01  2.172322e+01
      vertex -4.700756e+01  6.250000e+01  2.100000e+01
    endloop
  endfacet
  facet normal -9.981756e-01  -0.000000e+00 -6.037870e-02
    outer loop
      vertex -4.705131e+01  5.750000e+01  2.172322e+01
      vertex -4.700756e+01  6.250000e+01  2.100000e+01
      vertex -4.700756e+01  5.750000e+01  2.100000e+01
    endloop
  endfacet
  facet normal -6.037870e-02  0.000000e+00 -9.981756e-01
    outer loop
      vertex -5.228434e+01  6.250000e+01  2.695625e+01
      vertex -5.300756e+01  5.750000e+01  2.700000e+01
      vertex -5.300756e+01  6.250000e+01  2.700000e+01
    endloop
  endfacet
  facet normal  6.037870e-02  0.000000e+00 -9.981756e-01
    outer loop
      vertex -5.300756e+01  6.250000e+01  2.700000e+01
      vertex -5.300756e+01  5.750000e+01  2.700000e+01
      vertex -5.373078e+01  5.750000e+01  2.695625e+01
    endloop
  endfacet
  facet normal  6.037870e-02  0.000000e+00 -9.981756e-01
    outer loop
      vertex -5.300756e+01  6.250000e+01  2.700000e+01
      vertex -5.373078e+01  5.750000e+01  2.695625e+01
      vertex -5.373078e+01  6.250000e+01  2.695625e+01
    endloop
  endfacet
  facet normal  1.802546e-01  0.000000e+00 -9.836200e-01
    outer loop
      vertex -5.373078e+01  6.250000e+01  2.695625e+01
      vertex -5.373078e+01  5.750000e+01  2.695625e+01
      vertex -5.444345e+01  5.750000e+01  2.682565e+01
    endloop
  endfacet
  facet normal  1.802546e-01  0.000000e+00 -9.836200e-01
    outer loop
      vertex -5.373078e+01  6.250000e+01  2.695625e+01
      vertex -5.444345e+01  5.750000e+01  2.682565e+01
      vertex -5.444345e+01  6.250000e+01  2.682565e+01
    endloop
  endfacet
  facet normal  2.975033e-01  0.000000e+00 -9.547209e-01
    outer loop
      vertex -5.444345e+01  6.250000e+01  2.682565e+01
      vertex -5.444345e+01  5.750000e+01  2.682565e+01
      vertex -5.513519e+01  5.750000e+01  2.661010e+01
    endloop
  endfacet
  facet normal  2.975033e-01  0.000000e+00 -9.547209e-01
    outer loop
      vertex -5.444345e+01  6.250000e+01  2.682565e+01
      vertex -5.513519e+01  5.750000e+01  2.661010e+01
      vertex -5.513519e+01  6.250000e+01  2.661010e+01
    endloop
  endfacet
  facet normal  4.104131e-01  0.000000e+00 -9.118997e-01
    outer loop
      vertex -5.513519e+01  6.250000e+01  2.661010e+01
      vertex -5.513519e+01  5.750000e+01  2.661010e+01
      vertex -5.579590e+01  5.750000e+01  2.631274e+01
    endloop
  endfacet
  facet normal  4.104131e-01  0.000000e+00 -9.118997e-01
    outer loop
      vertex -5.513519e+01  6.250000e+01  2.661010e+01
      vertex -5.579590e+01  5.750000e+01  2.631274e+01
      vertex -5.579590e+01  6.250000e+01  2.631274e+01
    endloop
  endfacet
  facet normal  5.173395e-01  0.000000e+00 -8.557802e-01
    outer loop
      vertex -5.579590e+01  6.250000e+01  2.631274e+01
      vertex -5.579590e+01  5.750000e+01  2.631274e+01
      vertex -5.641595e+01  5.750000e+01  2.593790e+01
    endloop
  endfacet
  facet normal  5.173395e-01  0.000000e+00 -8.557802e-01
    outer loop
      vertex -5.579590e+01  6.250000e+01  2.631274e+01
      vertex -5.641595e+01  5.750000e+01  2.593790e+01
      vertex -5.641595e+01  6.250000e+01  2.593790e+01
    endloop
  endfacet
  facet normal  6.167164e-01  0.000000e+00 -7.871854e-01
    outer loop
      vertex -5.641595e+01  6.250000e+01  2.593790e+01
      vertex -5.641595e+01  5.750000e+01  2.593790e+01
      vertex -5.698630e+01  5.750000e+01  2.549106e+01
    endloop
  endfacet
  facet normal  6.167164e-01  0.000000e+00 -7.871854e-01
    outer loop
      vertex -5.641595e+01  6.250000e+01  2.593790e+01
      vertex -5.698630e+01  5.750000e+01  2.549106e+01
      vertex -5.698630e+01  6.250000e+01  2.549106e+01
    endloop
  endfacet
  facet normal  7.071081e-01  0.000000e+00 -7.071055e-01
    outer loop
      vertex -5.698630e+01  6.250000e+01  2.549106e+01
      vertex -5.698630e+01  5.750000e+01  2.549106e+01
      vertex -5.749862e+01  5.750000e+01  2.497874e+01
    endloop
  endfacet
  facet normal  7.071081e-01  0.000000e+00 -7.071055e-01
    outer loop
      vertex -5.698630e+01  6.250000e+01  2.549106e+01
      vertex -5.749862e+01  5.750000e+01  2.497874e+01
      vertex -5.749862e+01  6.250000e+01  2.497874e+01
    endloop
  endfacet
  facet normal  7.871818e-01  0.000000e+00 -6.167210e-01
    outer loop
      vertex -5.749862e+01  6.250000e+01  2.497874e+01
      vertex -5.749862e+01  5.750000e+01  2.497874e+01
      vertex -5.794547e+01  5.750000e+01  2.440839e+01
    endloop
  endfacet
  facet normal  7.871818e-01  0.000000e+00 -6.167210e-01
    outer loop
      vertex -5.749862e+01  6.250000e+01  2.497874e+01
      vertex -5.794547e+01  5.750000e+01  2.440839e+01
      vertex -5.794547e+01  6.250000e+01  2.440839e+01
    endloop
  endfacet
  facet normal  8.557814e-01  0.000000e+00 -5.173376e-01
    outer loop
      vertex -5.794547e+01  6.250000e+01  2.440839e+01
      vertex -5.794547e+01  5.750000e+01  2.440839e+01
      vertex -5.832030e+01  5.750000e+01  2.378834e+01
    endloop
  endfacet
  facet normal  8.557814e-01  0.000000e+00 -5.173376e-01
    outer loop
      vertex -5.794547e+01  6.250000e+01  2.440839e+01
      vertex -5.832030e+01  5.750000e+01  2.378834e+01
      vertex -5.832030e+01  6.250000e+01  2.378834e+01
    endloop
  endfacet
  facet normal  9.119007e-01  0.000000e+00 -4.104109e-01
    outer loop
      vertex -5.832030e+01  6.250000e+01  2.378834e+01
      vertex -5.832030e+01  5.750000e+01  2.378834e+01
      vertex -5.861766e+01  5.750000e+01  2.312763e+01
    endloop
  endfacet
  facet normal  9.119007e-01  0.000000e+00 -4.104109e-01
    outer loop
      vertex -5.832030e+01  6.250000e+01  2.378834e+01
      vertex -5.861766e+01  5.750000e+01  2.312763e+01
      vertex -5.861766e+01  6.250000e+01  2.312763e+01
    endloop
  endfacet
  facet normal  9.547210e-01  0.000000e+00 -2.975025e-01
    outer loop
      vertex -5.861766e+01  6.250000e+01  2.312763e+01
      vertex -5.861766e+01  5.750000e+01  2.312763e+01
      vertex -5.883321e+01  5.750000e+01  2.243589e+01
    endloop
  endfacet
  facet normal  9.547210e-01  0.000000e+00 -2.975025e-01
    outer loop
      vertex -5.861766e+01  6.250000e+01  2.312763e+01
      vertex -5.883321e+01  5.750000e+01  2.243589e+01
      vertex -5.883321e+01  6.250000e+01  2.243589e+01
    endloop
  endfacet
  facet normal  9.836195e-01  0.000000e+00 -1.802571e-01
    outer loop
      vertex -5.883321e+01  6.250000e+01  2.243589e+01
      vertex -5.883321e+01  5.750000e+01  2.243589e+01
      vertex -5.896381e+01  5.750000e+01  2.172322e+01
    endloop
  endfacet
  facet normal  9.836195e-01  0.000000e+00 -1.802571e-01
    outer loop
      vertex -5.883321e+01  6.250000e+01  2.243589e+01
      vertex -5.896381e+01  5.750000e+01  2.172322e+01
      vertex -5.896381e+01  6.250000e+01  2.172322e+01
    endloop
  endfacet
  facet normal  9.981756e-01  0.000000e+00 -6.037870e-02
    outer loop
      vertex -5.896381e+01  6.250000e+01  2.172322e+01
      vertex -5.896381e+01  5.750000e+01  2.172322e+01
      vertex -5.900756e+01  5.750000e+01  2.100000e+01
    endloop
  endfacet
  facet normal  9.981756e-01  0.000000e+00 -6.037870e-02
    outer loop
      vertex -5.896381e+01  6.250000e+01  2.172322e+01
      vertex -5.900756e+01  5.750000e+01  2.100000e+01
      vertex -5.900756e+01  6.250000e+01  2.100000e+01
    endloop
  endfacet
  facet normal  6.037870e-02  0.000000e+00  9.981756e-01
    outer loop
      vertex -5.300756e+01  5.750000e+01  1.500000e+01
      vertex -5.373078e+01  6.250000e+01  1.504375e+01
      vertex -5.373078e+01  5.750000e+01  1.504375e+01
    endloop
  endfacet
  facet normal  1.802546e-01  -0.000000e+00  9.836200e-01
    outer loop
      vertex -5.373078e+01  5.750000e+01  1.504375e+01
      vertex -5.373078e+01  6.250000e+01  1.504375e+01
      vertex -5.444345e+01  6.250000e+01  1.517435e+01
    endloop
  endfacet
  facet normal  1.802546e-01  0.000000e+00  9.836200e-01
    outer loop
      vertex -5.373078e+01  5.750000e+01  1.504375e+01
      vertex -5.444345e+01  6.250000e+01  1.517435e+01
      vertex -5.444345e+01  5.750000e+01  1.517435e+01
    endloop
  endfacet
  facet normal  2.975033e-01  -0.000000e+00  9.547209e-01
    outer loop
      vertex -5.444345e+01  5.750000e+01  1.517435e+01
      vertex -5.444345e+01  6.250000e+01  1.517435e+01
      vertex -5.513519e+01  6.250000e+01  1.538990e+01
    endloop
  endfacet
  facet normal  2.975033e-01  0.000000e+00  9.547209e-01
    outer loop
      vertex -5.444345e+01  5.750000e+01  1.517435e+01
      vertex -5.513519e+01  6.250000e+01  1.538990e+01
      vertex -5.513519e+01  5.750000e+01  1.538990e+01
    endloop
  endfacet
  facet normal  4.104131e-01  -0.000000e+00  9.118997e-01
    outer loop
      vertex -5.513519e+01  5.750000e+01  1.538990e+01
      vertex -5.513519e+01  6.250000e+01  1.538990e+01
      vertex -5.579590e+01  6.250000e+01  1.568726e+01
    endloop
  endfacet
  facet normal  4.104131e-01  0.000000e+00  9.118997e-01
    outer loop
      vertex -5.513519e+01  5.750000e+01  1.538990e+01
      vertex -5.579590e+01  6.250000e+01  1.568726e+01
      vertex -5.579590e+01  5.750000e+01  1.568726e+01
    endloop
  endfacet
  facet normal  5.173395e-01  -0.000000e+00  8.557802e-01
    outer loop
      vertex -5.579590e+01  5.750000e+01  1.568726e+01
      vertex -5.579590e+01  6.250000e+01  1.568726e+01
      vertex -5.641595e+01  6.250000e+01  1.606210e+01
    endloop
  endfacet
  facet normal  5.173395e-01  0.000000e+00  8.557802e-01
    outer loop
      vertex -5.579590e+01  5.750000e+01  1.568726e+01
      vertex -5.641595e+01  6.250000e+01  1.606210e+01
      vertex -5.641595e+01  5.750000e+01  1.606210e+01
    endloop
  endfacet
  facet normal  6.167164e-01  -0.000000e+00  7.871854e-01
    outer loop
      vertex -5.641595e+01  5.750000e+01  1.606210e+01
      vertex -5.641595e+01  6.250000e+01  1.606210e+01
      vertex -5.698630e+01  6.250000e+01  1.650894e+01
    endloop
  endfacet
  facet normal  6.167164e-01  0.000000e+00  7.871854e-01
    outer loop
      vertex -5.641595e+01  5.750000e+01  1.606210e+01
      vertex -5.698630e+01  6.250000e+01  1.650894e+01
      vertex -5.698630e+01  5.750000e+01  1.650894e+01
    endloop
  endfacet
  facet normal  7.071081e-01  -0.000000e+00  7.071055e-01
    outer loop
      vertex -5.698630e+01  5.750000e+01  1.650894e+01
      vertex -5.698630e+01  6.250000e+01  1.650894e+01
      vertex -5.749862e+01  6.250000e+01  1.702126e+01
    endloop
  endfacet
  facet normal  7.071081e-01  0.000000e+00  7.071055e-01
    outer loop
      vertex -5.698630e+01  5.750000e+01  1.650894e+01
      vertex -5.749862e+01  6.250000e+01  1.702126e+01
      vertex -5.749862e+01  5.750000e+01  1.702126e+01
    endloop
  endfacet
  facet normal  7.871818e-01  -0.000000e+00  6.167210e-01
    outer loop
      vertex -5.749862e+01  5.750000e+01  1.702126e+01
      vertex -5.749862e+01  6.250000e+01  1.702126e+01
      vertex -5.794547e+01  6.250000e+01  1.759161e+01
    endloop
  endfacet
  facet normal  7.871818e-01  0.000000e+00  6.167210e-01
    outer loop
      vertex -5.749862e+01  5.750000e+01  1.702126e+01
      vertex -5.794547e+01  6.250000e+01  1.759161e+01
      vertex -5.794547e+01  5.750000e+01  1.759161e+01
    endloop
  endfacet
  facet normal  8.557814e-01  -0.000000e+00  5.173376e-01
    outer loop
      vertex -5.794547e+01  5.750000e+01  1.759161e+01
      vertex -5.794547e+01  6.250000e+01  1.759161e+01
      vertex -5.832030e+01  6.250000e+01  1.821166e+01
    endloop
  endfacet
  facet normal  8.557814e-01  0.000000e+00  5.173376e-01
    outer loop
      vertex -5.794547e+01  5.750000e+01  1.759161e+01
      vertex -5.832030e+01  6.250000e+01  1.821166e+01
      vertex -5.832030e+01  5.750000e+01  1.821166e+01
    endloop
  endfacet
  facet normal  9.119007e-01  -0.000000e+00  4.104109e-01
    outer loop
      vertex -5.832030e+01  5.750000e+01  1.821166e+01
      vertex -5.832030e+01  6.250000e+01  1.821166e+01
      vertex -5.861766e+01  6.250000e+01  1.887237e+01
    endloop
  endfacet
  facet normal  9.119007e-01  0.000000e+00  4.104109e-01
    outer loop
      vertex -5.832030e+01  5.750000e+01  1.821166e+01
      vertex -5.861766e+01  6.250000e+01  1.887237e+01
      vertex -5.861766e+01  5.750000e+01  1.887237e+01
    endloop
  endfacet
  facet normal  9.547210e-01  -0.000000e+00  2.975025e-01
    outer loop
      vertex -5.861766e+01  5.750000e+01  1.887237e+01
      vertex -5.861766e+01  6.250000e+01  1.887237e+01
      vertex -5.883321e+01  6.250000e+01  1.956411e+01
    endloop
  endfacet
  facet normal  9.547210e-01  0.000000e+00  2.975025e-01
    outer loop
      vertex -5.861766e+01  5.750000e+01  1.887237e+01
      vertex -5.883321e+01  6.250000e+01  1.956411e+01
      vertex -5.883321e+01  5.750000e+01  1.956411e+01
    endloop
  endfacet
  facet normal  9.836195e-01  -0.000000e+00  1.802571e-01
    outer loop
      vertex -5.883321e+01  5.750000e+01  1.956411e+01
      vertex -5.883321e+01  6.250000e+01  1.956411e+01
      vertex -5.896381e+01  6.250000e+01  2.027678e+01
    endloop
  endfacet
  facet normal  9.836195e-01  0.000000e+00  1.802571e-01
    outer loop
      vertex -5.883321e+01  5.750000e+01  1.956411e+01
      vertex -5.896381e+01  6.250000e+01  2.027678e+01
      vertex -5.896381e+01  5.750000e+01  2.027678e+01
    endloop
  endfacet
  facet normal  9.981756e-01  -0.000000e+00  6.037870e-02
    outer loop
      vertex -5.896381e+01  5.750000e+01  2.027678e+01
      vertex -5.896381e+01  6.250000e+01  2.027678e+01
      vertex -5.900756e+01  6.250000e+01  2.100000e+01
    endloop
  endfacet
  facet normal  9.981756e-01  0.000000e+00  6.037870e-02
    outer loop
      vertex -5.896381e+01  5.750000e+01  2.027678e+01
      vertex -5.900756e+01  6.250000e+01  2.100000e+01
      vertex -5.900756e+01  5.750000e+01  2.100000e+01
    endloop
  endfacet
  facet normal  6.037870e-02  -0.000000e+00  9.981756e-01
    outer loop
      vertex -5.373078e+01  6.250000e+01  1.504375e+01
      vertex -5.300756e+01  5.750000e+01  1.500000e+01
      vertex -5.300756e+01  6.250000e+01  1.500000e+01
    endloop
  endfacet
  facet normal -6.037870e-02  0.000000e+00  9.981756e-01
    outer loop
      vertex -5.300756e+01  6.250000e+01  1.500000e+01
      vertex -5.300756e+01  5.750000e+01  1.500000e+01
      vertex -5.228434e+01  5.750000e+01  1.504375e+01
    endloop
  endfacet
  facet normal -6.037870e-02  0.000000e+00  9.981756e-01
    outer loop
      vertex -5.300756e+01  6.250000e+01  1.500000e+01
      vertex -5.228434e+01  5.750000e+01  1.504375e+01
      vertex -5.228434e+01  6.250000e+01  1.504375e+01
    endloop
  endfacet
  facet normal -1.802546e-01  0.000000e+00  9.836200e-01
    outer loop
      vertex -5.228434e+01  6.250000e+01  1.504375e+01
      vertex -5.228434e+01  5.750000e+01  1.504375e+01
      vertex -5.157167e+01  5.750000e+01  1.517435e+01
    endloop
  endfacet
  facet normal -1.802546e-01  0.000000e+00  9.836200e-01
    outer loop
      vertex -5.228434e+01  6.250000e+01  1.504375e+01
      vertex -5.157167e+01  5.750000e+01  1.517435e+01
      vertex -5.157167e+01  6.250000e+01  1.517435e+01
    endloop
  endfacet
  facet normal -2.975033e-01  0.000000e+00  9.547209e-01
    outer loop
      vertex -5.157167e+01  6.250000e+01  1.517435e+01
      vertex -5.157167e+01  5.750000e+01  1.517435e+01
      vertex -5.087993e+01  5.750000e+01  1.538990e+01
    endloop
  endfacet
  facet normal -2.975033e-01  0.000000e+00  9.547209e-01
    outer loop
      vertex -5.157167e+01  6.250000e+01  1.517435e+01
      vertex -5.087993e+01  5.750000e+01  1.538990e+01
      vertex -5.087993e+01  6.250000e+01  1.538990e+01
    endloop
  endfacet
  facet normal -4.104111e-01  0.000000e+00  9.119006e-01
    outer loop
      vertex -5.087993e+01  6.250000e+01  1.538990e+01
      vertex -5.087993e+01  5.750000e+01  1.538990e+01
      vertex -5.021922e+01  5.750000e+01  1.568726e+01
    endloop
  endfacet
  facet normal -4.104111e-01  0.000000e+00  9.119006e-01
    outer loop
      vertex -5.087993e+01  6.250000e+01  1.538990e+01
      vertex -5.021922e+01  5.750000e+01  1.568726e+01
      vertex -5.021922e+01  6.250000e+01  1.568726e+01
    endloop
  endfacet
  facet normal -5.173395e-01  0.000000e+00  8.557802e-01
    outer loop
      vertex -5.021922e+01  6.250000e+01  1.568726e+01
      vertex -5.021922e+01  5.750000e+01  1.568726e+01
      vertex -4.959917e+01  5.750000e+01  1.606210e+01
    endloop
  endfacet
  facet normal -5.173395e-01  0.000000e+00  8.557802e-01
    outer loop
      vertex -5.021922e+01  6.250000e+01  1.568726e+01
      vertex -4.959917e+01  5.750000e+01  1.606210e+01
      vertex -4.959917e+01  6.250000e+01  1.606210e+01
    endloop
  endfacet
  facet normal -6.167190e-01  0.000000e+00  7.871833e-01
    outer loop
      vertex -4.959917e+01  6.250000e+01  1.606210e+01
      vertex -4.959917e+01  5.750000e+01  1.606210e+01
      vertex -4.902882e+01  5.750000e+01  1.650894e+01
    endloop
  endfacet
  facet normal -6.167190e-01  0.000000e+00  7.871833e-01
    outer loop
      vertex -4.959917e+01  6.250000e+01  1.606210e+01
      vertex -4.902882e+01  5.750000e+01  1.650894e+01
      vertex -4.902882e+01  6.250000e+01  1.650894e+01
    endloop
  endfacet
  facet normal -7.071055e-01  0.000000e+00  7.071081e-01
    outer loop
      vertex -4.902882e+01  6.250000e+01  1.650894e+01
      vertex -4.902882e+01  5.750000e+01  1.650894e+01
      vertex -4.851649e+01  5.750000e+01  1.702126e+01
    endloop
  endfacet
  facet normal -7.071055e-01  0.000000e+00  7.071081e-01
    outer loop
      vertex -4.902882e+01  6.250000e+01  1.650894e+01
      vertex -4.851649e+01  5.750000e+01  1.702126e+01
      vertex -4.851649e+01  6.250000e+01  1.702126e+01
    endloop
  endfacet
  facet normal -7.871844e-01  0.000000e+00  6.167177e-01
    outer loop
      vertex -4.851649e+01  6.250000e+01  1.702126e+01
      vertex -4.851649e+01  5.750000e+01  1.702126e+01
      vertex -4.806966e+01  5.750000e+01  1.759161e+01
    endloop
  endfacet
  facet normal -7.871844e-01  0.000000e+00  6.167177e-01
    outer loop
      vertex -4.851649e+01  6.250000e+01  1.702126e+01
      vertex -4.806966e+01  5.750000e+01  1.759161e+01
      vertex -4.806966e+01  6.250000e+01  1.759161e+01
    endloop
  endfacet
  facet normal -8.557814e-01  0.000000e+00  5.173376e-01
    outer loop
      vertex -4.806966e+01  6.250000e+01  1.759161e+01
      vertex -4.806966e+01  5.750000e+01  1.759161e+01
      vertex -4.769482e+01  5.750000e+01  1.821166e+01
    endloop
  endfacet
  facet normal -8.557814e-01  0.000000e+00  5.173376e-01
    outer loop
      vertex -4.806966e+01  6.250000e+01  1.759161e+01
      vertex -4.769482e+01  5.750000e+01  1.821166e+01
      vertex -4.769482e+01  6.250000e+01  1.821166e+01
    endloop
  endfacet
  facet normal -9.118987e-01  0.000000e+00  4.104152e-01
    outer loop
      vertex -4.769482e+01  6.250000e+01  1.821166e+01
      vertex -4.769482e+01  5.750000e+01  1.821166e+01
      vertex -4.739746e+01  5.750000e+01  1.887237e+01
    endloop
  endfacet
  facet normal -9.118987e-01  0.000000e+00  4.104152e-01
    outer loop
      vertex -4.769482e+01  6.250000e+01  1.821166e+01
      vertex -4.739746e+01  5.750000e+01  1.887237e+01
      vertex -4.739746e+01  6.250000e+01  1.887237e+01
    endloop
  endfacet
  facet normal -9.547210e-01  0.000000e+00  2.975025e-01
    outer loop
      vertex -4.739746e+01  6.250000e+01  1.887237e+01
      vertex -4.739746e+01  5.750000e+01  1.887237e+01
      vertex -4.718191e+01  5.750000e+01  1.956411e+01
    endloop
  endfacet
  facet normal -9.547210e-01  0.000000e+00  2.975025e-01
    outer loop
      vertex -4.739746e+01  6.250000e+01  1.887237e+01
      vertex -4.718191e+01  5.750000e+01  1.956411e+01
      vertex -4.718191e+01  6.250000e+01  1.956411e+01
    endloop
  endfacet
  facet normal -9.836205e-01  0.000000e+00  1.802521e-01
    outer loop
      vertex -4.718191e+01  6.250000e+01  1.956411e+01
      vertex -4.718191e+01  5.750000e+01  1.956411e+01
      vertex -4.705131e+01  5.750000e+01  2.027678e+01
    endloop
  endfacet
  facet normal -9.836205e-01  0.000000e+00  1.802521e-01
    outer loop
      vertex -4.718191e+01  6.250000e+01  1.956411e+01
      vertex -4.705131e+01  5.750000e+01  2.027678e+01
      vertex -4.705131e+01  6.250000e+01  2.027678e+01
    endloop
  endfacet
  facet normal -9.981756e-01  0.000000e+00  6.037870e-02
    outer loop
      vertex -4.705131e+01  6.250000e+01  2.027678e+01
      vertex -4.705131e+01  5.750000e+01  2.027678e+01
      vertex -4.700756e+01  5.750000e+01  2.100000e+01
    endloop
  endfacet
  facet normal -9.981756e-01  0.000000e+00  6.037870e-02
    outer loop
      vertex -4.705131e+01  6.250000e+01  2.027678e+01
      vertex -4.700756e+01  5.750000e+01  2.100000e+01
      vertex -4.700756e+01  6.250000e+01  2.100000e+01
    endloop
  endfacet
  facet normal  0.000000e+00  0.000000e+00  1.000000e+00
    outer loop
      vertex  8.596375e+01  4.756205e+01  5.000000e+01
      vertex  8.570906e+01  5.351096e+01  5.000000e+01
      vertex  8.542054e+01  4.864723e+01  5.000000e+01
    endloop
  endfacet
  facet normal  0.000000e+00  0.000000e+00  1.000000e+00
    outer loop
      vertex -8.350000e+01 -5.550000e+01  5.000000e+01
      vertex -7.864723e+01 -5.542054e+01  5.000000e+01
      vertex -8.354370e+01 -5.508418e+01  5.000000e+01
    endloop
  endfacet
  facet normal  0.000000e+00  0.000000e+00  9.999999e-01
    outer loop
      vertex -8.711803e+01  5.667557e+01  5.000000e+01
      vertex -9.182472e+01  5.611242e+01  5.000000e+01
      vertex -8.732709e+01  5.631347e+01  5.000000e+01
    endloop
  endfacet
  facet normal  -0.000000e+00  0.000000e+00  1.000000e+00
    outer loop
      vertex -8.732709e+01  5.468653e+01  5.000000e+01
      vertex -9.232973e+01  5.433749e+01  5.000000e+01
      vertex -8.711803e+01  5.432443e+01  5.000000e+01
    endloop
  endfacet
  facet normal  0.000000e+00  0.000000e+00  1.000000e+00
    outer loop
      vertex -8.732709e+01 -5.631347e+01  5.000000e+01
      vertex -9.145163e+01 -5.695738e+01  5.000000e+01
      vertex -8.711803e+01 -5.667557e+01  5.000000e+01
    endloop
  endfacet
  facet normal  -0.000000e+00  0.000000e+00  1.000000e+00
    outer loop
      vertex -8.711803e+01 -5.667557e+01  5.000000e+01
      vertex -9.145163e+01 -5.695738e+01  5.000000e+01
      vertex -8.683826e+01 -5.698629e+01  5.000000e+01
    endloop
  endfacet
  facet normal  0.000000e+00  -0.000000e+00  1.000000e+00
    outer loop
      vertex  7.969090e+01 -5.480131e+01  5.000000e+01
      vertex  8.367291e+01 -5.468653e+01  5.000000e+01
      vertex  8.388197e+01 -5.432443e+01  5.000000e+01
    endloop
  endfacet
  facet normal  0.000000e+00  0.000000e+00  9.999999e-01
    outer loop
      vertex  9.182472e+01  5.611242e+01  5.000000e+01
      vertex  8.711803e+01  5.667557e+01  5.000000e+01
      vertex  8.732709e+01  5.631347e+01  5.000000e+01
    endloop
  endfacet
  facet normal  0.000000e+00  0.000000e+00  1.000000e+00
    outer loop
      vertex  8.732709e+01  5.468653e+01  5.000000e+01
      vertex  8.711803e+01  5.432443e+01  5.000000e+01
      vertex  9.232973e+01  5.433749e+01  5.000000e+01
    endloop
  endfacet
  facet normal  0.000000e+00  0.000000e+00  9.999999e-01
    outer loop
      vertex  9.145163e+01 -5.695738e+01  5.000000e+01
      vertex  8.732709e+01 -5.631347e+01  5.000000e+01
      vertex  8.711803e+01 -5.667557e+01  5.000000e+01
    endloop
  endfacet
  facet normal  0.000000e+00  0.000000e+00  1.000000e+00
    outer loop
      vertex  8.711803e+01 -5.667557e+01  5.000000e+01
      vertex  8.683826e+01 -5.698629e+01  5.000000e+01
      vertex  9.145163e+01 -5.695738e+01  5.000000e+01
    endloop
  endfacet
  facet normal  0.000000e+00  -0.000000e+00  1.000000e+00
    outer loop
      vertex  7.050000e+01 -5.750000e+01  5.000000e+01
      vertex  8.250000e+01 -6.250000e+01  5.000000e+01
      vertex  8.342268e+01 -6.245734e+01  5.000000e+01
    endloop
  endfacet
  facet normal  0.000000e+00  -0.000000e+00  1.000000e+00
    outer loop
      vertex  7.050000e+01 -5.750000e+01  5.000000e+01
      vertex  8.342268e+01 -6.245734e+01  5.000000e+01
      vertex  8.433749e+01 -6.232973e+01  5.000000e+01
    endloop
  endfacet
  facet normal  0.000000e+00  -0.000000e+00  1.000000e+00
    outer loop
      vertex  7.050000e+01 -5.750000e+01  5.000000e+01
      vertex  8.433749e+01 -6.232973e+01  5.000000e+01
      vertex  8.523663e+01 -6.211826e+01  5.000000e+01
    endloop
  endfacet
  facet normal  0.000000e+00  -0.000000e+00  1.000000e+00
    outer loop
      vertex  7.050000e+01 -5.750000e+01  5.000000e+01
      vertex  8.523663e+01 -6.211826e+01  5.000000e+01
      vertex  8.529094e+01 -5.748904e+01  5.000000e+01
    endloop
  endfacet
  facet normal  0.000000e+00  0.000000e+00  1.000000e+00
    outer loop
      vertex  7.050000e+01 -5.750000e+01  5.000000e+01
      vertex  8.529094e+01 -5.748904e+01  5.000000e+01
      vertex  7.171277e+01 -5.745668e+01  5.000000e+01
    endloop
  endfacet
  facet normal  -0.000000e+00  0.000000e+00  9.999999e-01
    outer loop
      vertex  8.570906e+01 -5.748904e+01  5.000000e+01
      vertex  8.529094e+01 -5.748904e+01  5.000000e+01
      vertex  8.523663e+01 -6.211826e+01  5.000000e+01
    endloop
  endfacet
  facet normal  0.000000e+00  0.000000e+00  1.000000e+00
    outer loop
      vertex  8.570906e+01 -5.748904e+01  5.000000e+01
      vertex  8.523663e+01 -6.211826e+01  5.000000e+01
      vertex  8.611242e+01 -6.182472e+01  5.000000e+01
    endloop
  endfacet
  facet normal  0.000000e+00  -0.000000e+00  1.000000e+00
    outer loop
      vertex  8.570906e+01 -5.748904e+01  5.000000e+01
      vertex  8.611242e+01 -6.182472e+01  5.000000e+01
      vertex  8.695738e+01 -6.145163e+01  5.000000e+01
    endloop
  endfacet
  facet normal  0.000000e+00  -0.000000e+00  1.000000e+00
    outer loop
      vertex  8.570906e+01 -5.748904e+01  5.000000e+01
      vertex  8.695738e+01 -6.145163e+01  5.000000e+01
      vertex  8.776432e+01 -6.100217e+01  5.000000e+01
    endloop
  endfacet
  facet normal  0.000000e+00  -0.000000e+00  1.000000e+00
    outer loop
      vertex  8.570906e+01 -5.748904e+01  5.000000e+01
      vertex  8.776432e+01 -6.100217e+01  5.000000e+01
      vertex  8.852634e+01 -6.048017e+01  5.000000e+01
    endloop
  endfacet
  facet normal  0.000000e+00  -0.000000e+00  1.000000e+00
    outer loop
      vertex  8.570906e+01 -5.748904e+01  5.000000e+01
      vertex  8.852634e+01 -6.048017e+01  5.000000e+01
      vertex  8.923695e+01 -5.989009e+01  5.000000e+01
    endloop
  endfacet
  facet normal  0.000000e+00  -0.000000e+00  9.999999e-01
    outer loop
      vertex  8.570906e+01 -5.748904e+01  5.000000e+01
      vertex  8.923695e+01 -5.989009e+01  5.000000e+01
      vertex  8.989009e+01 -5.923696e+01  5.000000e+01
    endloop
  endfacet
  facet normal  0.000000e+00  -0.000000e+00  1.000000e+00
    outer loop
      vertex  8.570906e+01 -5.748904e+01  5.000000e+01
      vertex  8.989009e+01 -5.923696e+01  5.000000e+01
      vertex  9.048017e+01 -5.852635e+01  5.000000e+01
    endloop
  endfacet
  facet normal  0.000000e+00  -0.000000e+00  1.000000e+00
    outer loop
      vertex  8.570906e+01 -5.748904e+01  5.000000e+01
      vertex  9.048017e+01 -5.852635e+01  5.000000e+01
      vertex  9.100217e+01 -5.776432e+01  5.000000e+01
    endloop
  endfacet
  facet normal  0.000000e+00  0.000000e+00  1.000000e+00
    outer loop
      vertex  8.529094e+01 -5.351096e+01  5.000000e+01
      vertex  8.570906e+01 -5.351096e+01  5.000000e+01
      vertex  8.542054e+01 -4.864723e+01  5.000000e+01
    endloop
  endfacet
  facet normal  0.000000e+00  0.000000e+00  1.000000e+00
    outer loop
      vertex  8.529094e+01 -5.351096e+01  5.000000e+01
      vertex  8.542054e+01 -4.864723e+01  5.000000e+01
      vertex  8.480131e+01 -4.969090e+01  5.000000e+01
    endloop
  endfacet
  facet normal  0.000000e+00  0.000000e+00  1.000000e+00
    outer loop
      vertex  8.529094e+01 -5.351096e+01  5.000000e+01
      vertex  8.480131e+01 -4.969090e+01  5.000000e+01
      vertex  8.410920e+01 -5.068772e+01  5.000000e+01
    endloop
  endfacet
  facet normal  0.000000e+00  0.000000e+00  9.999999e-01
    outer loop
      vertex  8.529094e+01 -5.351096e+01  5.000000e+01
      vertex  8.410920e+01 -5.068772e+01  5.000000e+01
      vertex  8.334774e+01 -5.163263e+01  5.000000e+01
    endloop
  endfacet
  facet normal  0.000000e+00  0.000000e+00  9.999999e-01
    outer loop
      vertex  8.529094e+01 -5.351096e+01  5.000000e+01
      vertex  8.334774e+01 -5.163263e+01  5.000000e+01
      vertex  8.252081e+01 -5.252082e+01  5.000000e+01
    endloop
  endfacet
  facet normal  0.000000e+00  0.000000e+00  1.000000e+00
    outer loop
      vertex  8.529094e+01 -5.351096e+01  5.000000e+01
      vertex  8.252081e+01 -5.252082e+01  5.000000e+01
      vertex  8.163263e+01 -5.334774e+01  5.000000e+01
    endloop
  endfacet
  facet normal  0.000000e+00  0.000000e+00  1.000000e+00
    outer loop
      vertex  8.529094e+01 -5.351096e+01  5.000000e+01
      vertex  8.163263e+01 -5.334774e+01  5.000000e+01
      vertex  8.068772e+01 -5.410920e+01  5.000000e+01
    endloop
  endfacet
  facet normal  -0.000000e+00  0.000000e+00  1.000000e+00
    outer loop
      vertex  8.529094e+01  5.351096e+01  5.000000e+01
      vertex  8.163263e+01  5.334774e+01  5.000000e+01
      vertex  8.252081e+01  5.252082e+01  5.000000e+01
    endloop
  endfacet
  facet normal  -0.000000e+00  0.000000e+00  9.999999e-01
    outer loop
      vertex  8.529094e+01  5.351096e+01  5.000000e+01
      vertex  8.252081e+01  5.252082e+01  5.000000e+01
      vertex  8.334774e+01  5.163263e+01  5.000000e+01
    endloop
  endfacet
  facet normal  -0.000000e+00  0.000000e+00  9.999999e-01
    outer loop
      vertex  8.529094e+01  5.351096e+01  5.000000e+01
      vertex  8.334774e+01  5.163263e+01  5.000000e+01
      vertex  8.410920e+01  5.068772e+01  5.000000e+01
    endloop
  endfacet
  facet normal  -0.000000e+00  0.000000e+00  1.000000e+00
    outer loop
      vertex  8.529094e+01  5.351096e+01  5.000000e+01
      vertex  8.410920e+01  5.068772e+01  5.000000e+01
      vertex  8.480131e+01  4.969090e+01  5.000000e+01
    endloop
  endfacet
  facet normal  -0.000000e+00  0.000000e+00  1.000000e+00
    outer loop
      vertex  8.529094e+01  5.351096e+01  5.000000e+01
      vertex  8.480131e+01  4.969090e+01  5.000000e+01
      vertex  8.542054e+01  4.864723e+01  5.000000e+01
    endloop
  endfacet
  facet normal  0.000000e+00  -0.000000e+00  1.000000e+00
    outer loop
      vertex  8.529094e+01  5.351096e+01  5.000000e+01
      vertex  8.542054e+01  4.864723e+01  5.000000e+01
      vertex  8.570906e+01  5.351096e+01  5.000000e+01
    endloop
  endfacet
  facet normal  0.000000e+00  0.000000e+00  1.000000e+00
    outer loop
      vertex  8.570906e+01  5.748904e+01  5.000000e+01
      vertex  9.145163e+01  5.695738e+01  5.000000e+01
      vertex  9.100217e+01  5.776432e+01  5.000000e+01
    endloop
  endfacet
  facet normal  0.000000e+00  0.000000e+00  1.000000e+00
    outer loop
      vertex  8.570906e+01  5.748904e+01  5.000000e+01
      vertex  9.100217e+01  5.776432e+01  5.000000e+01
      vertex  9.048017e+01  5.852635e+01  5.000000e+01
    endloop
  endfacet
  facet normal  0.000000e+00  0.000000e+00  1.000000e+00
    outer loop
      vertex  8.570906e+01  5.748904e+01  5.000000e+01
      vertex  9.048017e+01  5.852635e+01  5.000000e+01
      vertex  8.989009e+01  5.923696e+01  5.000000e+01
    endloop
  endfacet
  facet normal  0.000000e+00  0.000000e+00  1.000000e+00
    outer loop
      vertex  8.570906e+01  5.748904e+01  5.000000e+01
      vertex  8.989009e+01  5.923696e+01  5.000000e+01
      vertex  8.923695e+01  5.989009e+01  5.000000e+01
    endloop
  endfacet
  facet normal  0.000000e+00  0.000000e+00  1.000000e+00
    outer loop
      vertex  8.570906e+01  5.748904e+01  5.000000e+01
      vertex  8.923695e+01  5.989009e+01  5.000000e+01
      vertex  8.852634e+01  6.048017e+01  5.000000e+01
    endloop
  endfacet
  facet normal  0.000000e+00  0.000000e+00  1.000000e+00
    outer loop
      vertex  8.570906e+01  5.748904e+01  5.000000e+01
      vertex  8.852634e+01  6.048017e+01  5.000000e+01
      vertex  8.776432e+01  6.100217e+01  5.000000e+01
    endloop
  endfacet
  facet normal  0.000000e+00  0.000000e+00  1.000000e+00
    outer loop
      vertex  8.570906e+01  5.748904e+01  5.000000e+01
      vertex  8.776432e+01  6.100217e+01  5.000000e+01
      vertex  8.695738e+01  6.145163e+01  5.000000e+01
    endloop
  endfacet
  facet normal  0.000000e+00  0.000000e+00  1.000000e+00
    outer loop
      vertex  8.570906e+01  5.748904e+01  5.000000e+01
      vertex  8.695738e+01  6.145163e+01  5.000000e+01
      vertex  8.611242e+01  6.182472e+01  5.000000e+01
    endloop
  endfacet
  facet normal  0.000000e+00  0.000000e+00  1.000000e+00
    outer loop
      vertex  8.570906e+01  5.748904e+01  5.000000e+01
      vertex  8.611242e+01  6.182472e+01  5.000000e+01
      vertex  8.523663e+01  6.211826e+01  5.000000e+01
    endloop
  endfacet
  facet normal  0.000000e+00  0.000000e+00  1.000000e+00
    outer loop
      vertex  8.570906e+01  5.748904e+01  5.000000e+01
      vertex  8.523663e+01  6.211826e+01  5.000000e+01
      vertex  8.529094e+01  5.748904e+01  5.000000e+01
    endloop
  endfacet
  facet normal  -0.000000e+00  -0.000000e+00  1.000000e+00
    outer loop
      vertex -9.100217e+01 -5.776432e+01  5.000000e+01
      vertex -9.048017e+01 -5.852635e+01  5.000000e+01
      vertex -8.989009e+01 -5.923696e+01  5.000000e+01
    endloop
  endfacet
  facet normal  -0.000000e+00  -0.000000e+00  1.000000e+00
    outer loop
      vertex -9.100217e+01 -5.776432e+01  5.000000e+01
      vertex -8.989009e+01 -5.923696e+01  5.000000e+01
      vertex -8.923695e+01 -5.989009e+01  5.000000e+01
    endloop
  endfacet
  facet normal  -0.000000e+00  -0.000000e+00  1.000000e+00
    outer loop
      vertex -9.100217e+01 -5.776432e+01  5.000000e+01
      vertex -8.923695e+01 -5.989009e+01  5.000000e+01
      vertex -8.852634e+01 -6.048017e+01  5.000000e+01
    endloop
  endfacet
  facet normal  -0.000000e+00  -0.000000e+00  9.999999e-01
    outer loop
      vertex -9.100217e+01 -5.776432e+01  5.000000e+01
      vertex -8.852634e+01 -6.048017e+01  5.000000e+01
      vertex -8.776432e+01 -6.100217e+01  5.000000e+01
    endloop
  endfacet
  facet normal  -0.000000e+00  -0.000000e+00  1.000000e+00
    outer loop
      vertex -9.100217e+01 -5.776432e+01  5.000000e+01
      vertex -8.776432e+01 -6.100217e+01  5.000000e+01
      vertex -8.695738e+01 -6.145163e+01  5.000000e+01
    endloop
  endfacet
  facet normal  -0.000000e+00  -0.000000e+00  1.000000e+00
    outer loop
      vertex -9.100217e+01 -5.776432e+01  5.000000e+01
      vertex -8.695738e+01 -6.145163e+01  5.000000e+01
      vertex -8.611242e+01 -6.182472e+01  5.000000e+01
    endloop
  endfacet
  facet normal  0.000000e+00  -0.000000e+00  9.999999e-01
    outer loop
      vertex -9.100217e+01 -5.776432e+01  5.000000e+01
      vertex -8.611242e+01 -6.182472e+01  5.000000e+01
      vertex -8.570906e+01 -5.748904e+01  5.000000e+01
    endloop
  endfacet
  facet normal  0.000000e+00  0.000000e+00  1.000000e+00
    outer loop
      vertex -9.100217e+01 -5.776432e+01  5.000000e+01
      vertex -8.570906e+01 -5.748904e+01  5.000000e+01
      vertex -8.611803e+01 -5.740211e+01  5.000000e+01
    endloop
  endfacet
  facet normal  0.000000e+00  0.000000e+00  1.000000e+00
    outer loop
      vertex -9.100217e+01 -5.776432e+01  5.000000e+01
      vertex -8.611803e+01 -5.740211e+01  5.000000e+01
      vertex -8.650000e+01 -5.723205e+01  5.000000e+01
    endloop
  endfacet
  facet normal  0.000000e+00  0.000000e+00  9.999999e-01
    outer loop
      vertex -9.100217e+01 -5.776432e+01  5.000000e+01
      vertex -8.650000e+01 -5.723205e+01  5.000000e+01
      vertex -8.683826e+01 -5.698629e+01  5.000000e+01
    endloop
  endfacet
  facet normal  0.000000e+00  0.000000e+00  1.000000e+00
    outer loop
      vertex -9.100217e+01 -5.776432e+01  5.000000e+01
      vertex -8.683826e+01 -5.698629e+01  5.000000e+01
      vertex -9.145163e+01 -5.695738e+01  5.000000e+01
    endloop
  endfacet
  facet normal  0.000000e+00  0.000000e+00  1.000000e+00
    outer loop
      vertex -8.529094e+01 -5.351096e+01  5.000000e+01
      vertex -8.068772e+01 -5.410920e+01  5.000000e+01
      vertex -8.163263e+01 -5.334774e+01  5.000000e+01
    endloop
  endfacet
  facet normal  0.000000e+00  0.000000e+00  1.000000e+00
    outer loop
      vertex -8.529094e+01 -5.351096e+01  5.000000e+01
      vertex -8.163263e+01 -5.334774e+01  5.000000e+01
      vertex -8.252081e+01 -5.252082e+01  5.000000e+01
    endloop
  endfacet
  facet normal  0.000000e+00  0.000000e+00  9.999999e-01
    outer loop
      vertex -8.529094e+01 -5.351096e+01  5.000000e+01
      vertex -8.252081e+01 -5.252082e+01  5.000000e+01
      vertex -8.334774e+01 -5.163263e+01  5.000000e+01
    endloop
  endfacet
  facet normal  0.000000e+00  0.000000e+00  9.999999e-01
    outer loop
      vertex -8.529094e+01 -5.351096e+01  5.000000e+01
      vertex -8.334774e+01 -5.163263e+01  5.000000e+01
      vertex -8.410920e+01 -5.068772e+01  5.000000e+01
    endloop
  endfacet
  facet normal  0.000000e+00  0.000000e+00  1.000000e+00
    outer loop
      vertex -8.529094e+01 -5.351096e+01  5.000000e+01
      vertex -8.410920e+01 -5.068772e+01  5.000000e+01
      vertex -8.480131e+01 -4.969090e+01  5.000000e+01
    endloop
  endfacet
  facet normal  -0.000000e+00  0.000000e+00  1.000000e+00
    outer loop
      vertex -8.529094e+01  5.351096e+01  5.000000e+01
      vertex -8.570906e+01  5.351096e+01  5.000000e+01
      vertex -8.542054e+01  4.864723e+01  5.000000e+01
    endloop
  endfacet
  facet normal  0.000000e+00  0.000000e+00  1.000000e+00
    outer loop
      vertex -8.529094e+01  5.351096e+01  5.000000e+01
      vertex -8.542054e+01  4.864723e+01  5.000000e+01
      vertex -8.480131e+01  4.969090e+01  5.000000e+01
    endloop
  endfacet
  facet normal  0.000000e+00  -0.000000e+00  1.000000e+00
    outer loop
      vertex -8.529094e+01  5.351096e+01  5.000000e+01
      vertex -8.480131e+01  4.969090e+01  5.000000e+01
      vertex -8.410920e+01  5.068772e+01  5.000000e+01
    endloop
  endfacet
  facet normal  0.000000e+00  -0.000000e+00  9.999999e-01
    outer loop
      vertex -8.529094e+01  5.351096e+01  5.000000e+01
      vertex -8.410920e+01  5.068772e+01  5.000000e+01
      vertex -8.334774e+01  5.163263e+01  5.000000e+01
    endloop
  endfacet
  facet normal  0.000000e+00  -0.000000e+00  9.999999e-01
    outer loop
      vertex -8.529094e+01  5.351096e+01  5.000000e+01
      vertex -8.334774e+01  5.163263e+01  5.000000e+01
      vertex -8.252081e+01  5.252082e+01  5.000000e+01
    endloop
  endfacet
  facet normal  0.000000e+00  -0.000000e+00  1.000000e+00
    outer loop
      vertex -8.529094e+01  5.351096e+01  5.000000e+01
      vertex -8.252081e+01  5.252082e+01  5.000000e+01
      vertex -8.163263e+01  5.334774e+01  5.000000e+01
    endloop
  endfacet
  facet normal  0.000000e+00  0.000000e+00  1.000000e+00
    outer loop
      vertex -9.100217e+01  5.776432e+01  5.000000e+01
      vertex -8.611242e+01  6.182472e+01  5.000000e+01
      vertex -8.695738e+01  6.145163e+01  5.000000e+01
    endloop
  endfacet
  facet normal  0.000000e+00  0.000000e+00  1.000000e+00
    outer loop
      vertex -9.100217e+01  5.776432e+01  5.000000e+01
      vertex -8.695738e+01  6.145163e+01  5.000000e+01
      vertex -8.776432e+01  6.100217e+01  5.000000e+01
    endloop
  endfacet
  facet normal  0.000000e+00  0.000000e+00  1.000000e+00
    outer loop
      vertex -9.100217e+01  5.776432e+01  5.000000e+01
      vertex -8.776432e+01  6.100217e+01  5.000000e+01
      vertex -8.852634e+01  6.048017e+01  5.000000e+01
    endloop
  endfacet
  facet normal  0.000000e+00  0.000000e+00  1.000000e+00
    outer loop
      vertex -9.100217e+01  5.776432e+01  5.000000e+01
      vertex -8.852634e+01  6.048017e+01  5.000000e+01
      vertex -8.923695e+01  5.989009e+01  5.000000e+01
    endloop
  endfacet
  facet normal  0.000000e+00  0.000000e+00  1.000000e+00
    outer loop
      vertex -9.100217e+01  5.776432e+01  5.000000e+01
      vertex -8.923695e+01  5.989009e+01  5.000000e+01
      vertex -8.989009e+01  5.923696e+01  5.000000e+01
    endloop
  endfacet
  facet normal  0.000000e+00  0.000000e+00  1.000000e+00
    outer loop
      vertex -9.100217e+01  5.776432e+01  5.000000e+01
      vertex -8.989009e+01  5.923696e+01  5.000000e+01
      vertex -9.048017e+01  5.852635e+01  5.000000e+01
    endloop
  endfacet
  facet normal  0.000000e+00  0.000000e+00  9.999999e-01
    outer loop
      vertex -8.068772e+01 -5.410920e+01  5.000000e+01
      vertex -8.529094e+01 -5.351096e+01  5.000000e+01
      vertex -8.488197e+01 -5.359789e+01  5.000000e+01
    endloop
  endfacet
  facet normal  0.000000e+00  0.000000e+00  1.000000e+00
    outer loop
      vertex -8.068772e+01 -5.410920e+01  5.000000e+01
      vertex -8.488197e+01 -5.359789e+01  5.000000e+01
      vertex -8.450000e+01 -5.376795e+01  5.000000e+01
    endloop
  endfacet
  facet normal  0.000000e+00  0.000000e+00  1.000000e+00
    outer loop
      vertex -8.068772e+01 -5.410920e+01  5.000000e+01
      vertex -8.450000e+01 -5.376795e+01  5.000000e+01
      vertex -8.416174e+01 -5.401371e+01  5.000000e+01
    endloop
  endfacet
  facet normal  0.000000e+00  0.000000e+00  1.000000e+00
    outer loop
      vertex -8.068772e+01 -5.410920e+01  5.000000e+01
      vertex -8.416174e+01 -5.401371e+01  5.000000e+01
      vertex -8.388197e+01 -5.432443e+01  5.000000e+01
    endloop
  endfacet
  facet normal  -0.000000e+00  0.000000e+00  1.000000e+00
    outer loop
      vertex -8.068772e+01 -5.410920e+01  5.000000e+01
      vertex -8.388197e+01 -5.432443e+01  5.000000e+01
      vertex -7.969090e+01 -5.480131e+01  5.000000e+01
    endloop
  endfacet
  facet normal  0.000000e+00  0.000000e+00  1.000000e+00
    outer loop
      vertex -9.145163e+01  5.695738e+01  5.000000e+01
      vertex -9.182472e+01  5.611242e+01  5.000000e+01
      vertex -8.711803e+01  5.667557e+01  5.000000e+01
    endloop
  endfacet
  facet normal  0.000000e+00  -0.000000e+00  1.000000e+00
    outer loop
      vertex -9.145163e+01  5.695738e+01  5.000000e+01
      vertex -8.711803e+01  5.667557e+01  5.000000e+01
      vertex -8.683826e+01  5.698629e+01  5.000000e+01
    endloop
  endfacet
  facet normal  0.000000e+00  -0.000000e+00  1.000000e+00
    outer loop
      vertex -9.145163e+01  5.695738e+01  5.000000e+01
      vertex -8.683826e+01  5.698629e+01  5.000000e+01
      vertex -8.650000e+01  5.723205e+01  5.000000e+01
    endloop
  endfacet
  facet normal  0.000000e+00  -0.000000e+00  1.000000e+00
    outer loop
      vertex -9.145163e+01  5.695738e+01  5.000000e+01
      vertex -8.650000e+01  5.723205e+01  5.000000e+01
      vertex -8.611803e+01  5.740211e+01  5.000000e+01
    endloop
  endfacet
  facet normal  0.000000e+00  -0.000000e+00  9.999999e-01
    outer loop
      vertex -9.145163e+01  5.695738e+01  5.000000e+01
      vertex -8.611803e+01  5.740211e+01  5.000000e+01
      vertex -8.570906e+01  5.748904e+01  5.000000e+01
    endloop
  endfacet
  facet normal  0.000000e+00  0.000000e+00  1.000000e+00
    outer loop
      vertex -9.145163e+01  5.695738e+01  5.000000e+01
      vertex -8.570906e+01  5.748904e+01  5.000000e+01
      vertex -9.100217e+01  5.776432e+01  5.000000e+01
    endloop
  endfacet
  facet normal  0.000000e+00  -0.000000e+00  1.000000e+00
    outer loop
      vertex -9.232973e+01 -5.433749e+01  5.000000e+01
      vertex -9.211826e+01 -5.523663e+01  5.000000e+01
      vertex -8.732709e+01 -5.468653e+01  5.000000e+01
    endloop
  endfacet
  facet normal  0.000000e+00  -0.000000e+00  9.999999e-01
    outer loop
      vertex -9.232973e+01 -5.433749e+01  5.000000e+01
      vertex -8.732709e+01 -5.468653e+01  5.000000e+01
      vertex -8.711803e+01 -5.432443e+01  5.000000e+01
    endloop
  endfacet
  facet normal  0.000000e+00  -0.000000e+00  1.000000e+00
    outer loop
      vertex -9.232973e+01 -5.433749e+01  5.000000e+01
      vertex -8.711803e+01 -5.432443e+01  5.000000e+01
      vertex -8.683826e+01 -5.401371e+01  5.000000e+01
    endloop
  endfacet
  facet normal  0.000000e+00  -0.000000e+00  1.000000e+00
    outer loop
      vertex -9.232973e+01 -5.433749e+01  5.000000e+01
      vertex -8.683826e+01 -5.401371e+01  5.000000e+01
      vertex -8.650000e+01 -5.376795e+01  5.000000e+01
    endloop
  endfacet
  facet normal  0.000000e+00  -0.000000e+00  9.999999e-01
    outer loop
      vertex -9.232973e+01 -5.433749e+01  5.000000e+01
      vertex -8.650000e+01 -5.376795e+01  5.000000e+01
      vertex -8.611803e+01 -5.359789e+01  5.000000e+01
    endloop
  endfacet
  facet normal  0.000000e+00  -0.000000e+00  1.000000e+00
    outer loop
      vertex -9.232973e+01 -5.433749e+01  5.000000e+01
      vertex -8.611803e+01 -5.359789e+01  5.000000e+01
      vertex -8.570906e+01 -5.351096e+01  5.000000e+01
    endloop
  endfacet
  facet normal  0.000000e+00  0.000000e+00  1.000000e+00
    outer loop
      vertex -9.232973e+01 -5.433749e+01  5.000000e+01
      vertex -8.570906e+01 -5.351096e+01  5.000000e+01
      vertex -9.245734e+01 -5.342268e+01  5.000000e+01
    endloop
  endfacet
  facet normal  0.000000e+00  -0.000000e+00  1.000000e+00
    outer loop
      vertex -9.250000e+01 -5.250000e+01  5.000000e+01
      vertex -9.245734e+01 -5.342268e+01  5.000000e+01
      vertex -8.596375e+01 -4.756205e+01  5.000000e+01
    endloop
  endfacet
  facet normal  0.000000e+00  0.000000e+00  1.000000e+00
    outer loop
      vertex -9.250000e+01 -5.250000e+01  5.000000e+01
      vertex -8.596375e+01 -4.756205e+01  5.000000e+01
      vertex -8.642815e+01 -4.644089e+01  5.000000e+01
    endloop
  endfacet
  facet normal  0.000000e+00  0.000000e+00  1.000000e+00
    outer loop
      vertex -9.250000e+01 -5.250000e+01  5.000000e+01
      vertex -8.642815e+01 -4.644089e+01  5.000000e+01
      vertex -8.681138e+01 -4.528945e+01  5.000000e+01
    endloop
  endfacet
  facet normal  0.000000e+00  0.000000e+00  1.000000e+00
    outer loop
      vertex -9.250000e+01 -5.250000e+01  5.000000e+01
      vertex -8.681138e+01 -4.528945e+01  5.000000e+01
      vertex -8.711150e+01 -4.411361e+01  5.000000e+01
    endloop
  endfacet
  facet normal  0.000000e+00  0.000000e+00  1.000000e+00
    outer loop
      vertex -9.250000e+01 -5.250000e+01  5.000000e+01
      vertex -8.711150e+01 -4.411361e+01  5.000000e+01
      vertex -8.732697e+01 -4.291935e+01  5.000000e+01
    endloop
  endfacet
  facet normal  0.000000e+00  0.000000e+00  1.000000e+00
    outer loop
      vertex -9.250000e+01 -5.250000e+01  5.000000e+01
      vertex -8.732697e+01 -4.291935e+01  5.000000e+01
      vertex -8.745669e+01 -4.171276e+01  5.000000e+01
    endloop
  endfacet
  facet normal  0.000000e+00  0.000000e+00  1.000000e+00
    outer loop
      vertex -9.250000e+01 -5.250000e+01  5.000000e+01
      vertex -8.745669e+01 -4.171276e+01  5.000000e+01
      vertex -8.750000e+01 -4.050000e+01  5.000000e+01
    endloop
  endfacet
  facet normal  0.000000e+00  -0.000000e+00  1.000000e+00
    outer loop
      vertex -9.250000e+01 -5.250000e+01  5.000000e+01
      vertex -8.750000e+01 -4.050000e+01  5.000000e+01
      vertex -8.750000e+01  4.050000e+01  5.000000e+01
    endloop
  endfacet
  facet normal  0.000000e+00  -0.000000e+00  1.000000e+00
    outer loop
      vertex -9.250000e+01 -5.250000e+01  5.000000e+01
      vertex -8.750000e+01  4.050000e+01  5.000000e+01
      vertex -8.745669e+01  4.171276e+01  5.000000e+01
    endloop
  endfacet
  facet normal  0.000000e+00  0.000000e+00  1.000000e+00
    outer loop
      vertex -9.250000e+01  5.250000e+01  5.000000e+01
      vertex -9.250000e+01 -5.250000e+01  5.000000e+01
      vertex -8.745669e+01  4.171276e+01  5.000000e+01
    endloop
  endfacet
  facet normal  0.000000e+00  -0.000000e+00  1.000000e+00
    outer loop
      vertex -9.250000e+01  5.250000e+01  5.000000e+01
      vertex -8.745669e+01  4.171276e+01  5.000000e+01
      vertex -8.732697e+01  4.291935e+01  5.000000e+01
    endloop
  endfacet
  facet normal  0.000000e+00  -0.000000e+00  1.000000e+00
    outer loop
      vertex -9.250000e+01  5.250000e+01  5.000000e+01
      vertex -8.732697e+01  4.291935e+01  5.000000e+01
      vertex -8.711150e+01  4.411361e+01  5.000000e+01
    endloop
  endfacet
  facet normal  0.000000e+00  -0.000000e+00  1.000000e+00
    outer loop
      vertex -9.250000e+01  5.250000e+01  5.000000e+01
      vertex -8.711150e+01  4.411361e+01  5.000000e+01
      vertex -8.681138e+01  4.528945e+01  5.000000e+01
    endloop
  endfacet
  facet normal  0.000000e+00  -0.000000e+00  1.000000e+00
    outer loop
      vertex -9.250000e+01  5.250000e+01  5.000000e+01
      vertex -8.681138e+01  4.528945e+01  5.000000e+01
      vertex -8.642815e+01  4.644089e+01  5.000000e+01
    endloop
  endfacet
  facet normal  0.000000e+00  -0.000000e+00  1.000000e+00
    outer loop
      vertex -9.250000e+01  5.250000e+01  5.000000e+01
      vertex -8.642815e+01  4.644089e+01  5.000000e+01
      vertex -8.596375e+01  4.756205e+01  5.000000e+01
    endloop
  endfacet
  facet normal  0.000000e+00  -0.000000e+00  1.000000e+00
    outer loop
      vertex -9.250000e+01  5.250000e+01  5.000000e+01
      vertex -8.596375e+01  4.756205e+01  5.000000e+01
      vertex -8.542054e+01  4.864723e+01  5.000000e+01
    endloop
  endfacet
  facet normal  0.000000e+00  0.000000e+00  1.000000e+00
    outer loop
      vertex -9.250000e+01  5.250000e+01  5.000000e+01
      vertex -8.542054e+01  4.864723e+01  5.000000e+01
      vertex -8.570906e+01  5.351096e+01  5.000000e+01
    endloop
  endfacet
  facet normal  0.000000e+00  0.000000e+00  1.000000e+00
    outer loop
      vertex -9.250000e+01  5.250000e+01  5.000000e+01
      vertex -8.570906e+01  5.351096e+01  5.000000e+01
      vertex -9.245734e+01  5.342268e+01  5.000000e+01
    endloop
  endfacet
  facet normal  0.000000e+00  0.000000e+00  1.000000e+00
    outer loop
      vertex -9.245734e+01  5.342268e+01  5.000000e+01
      vertex -8.570906e+01  5.351096e+01  5.000000e+01
      vertex -8.611803e+01  5.359789e+01  5.000000e+01
    endloop
  endfacet
  facet normal  0.000000e+00  0.000000e+00  9.999999e-01
    outer loop
      vertex -9.245734e+01  5.342268e+01  5.000000e+01
      vertex -8.611803e+01  5.359789e+01  5.000000e+01
      vertex -8.650000e+01  5.376795e+01  5.000000e+01
    endloop
  endfacet
  facet normal  0.000000e+00  0.000000e+00  1.000000e+00
    outer loop
      vertex -9.245734e+01  5.342268e+01  5.000000e+01
      vertex -8.650000e+01  5.376795e+01  5.000000e+01
      vertex -8.683826e+01  5.401371e+01  5.000000e+01
    endloop
  endfacet
  facet normal  0.000000e+00  0.000000e+00  1.000000e+00
    outer loop
      vertex -9.245734e+01  5.342268e+01  5.000000e+01
      vertex -8.683826e+01  5.401371e+01  5.000000e+01
      vertex -8.711803e+01  5.432443e+01  5.000000e+01
    endloop
  endfacet
  facet normal  0.000000e+00  0.000000e+00  1.000000e+00
    outer loop
      vertex -9.245734e+01  5.342268e+01  5.000000e+01
      vertex -8.711803e+01  5.432443e+01  5.000000e+01
      vertex -9.232973e+01  5.433749e+01  5.000000e+01
    endloop
  endfacet
  facet normal  0.000000e+00  0.000000e+00  1.000000e+00
    outer loop
      vertex -8.163263e+01  5.334774e+01  5.000000e+01
      vertex -8.068772e+01  5.410920e+01  5.000000e+01
      vertex -8.416174e+01  5.401371e+01  5.000000e+01
    endloop
  endfacet
  facet normal  0.000000e+00  0.000000e+00  1.000000e+00
    outer loop
      vertex -8.163263e+01  5.334774e+01  5.000000e+01
      vertex -8.416174e+01  5.401371e+01  5.000000e+01
      vertex -8.450000e+01  5.376795e+01  5.000000e+01
    endloop
  endfacet
  facet normal  0.000000e+00  0.000000e+00  1.000000e+00
    outer loop
      vertex -8.163263e+01  5.334774e+01  5.000000e+01
      vertex -8.450000e+01  5.376795e+01  5.000000e+01
      vertex -8.488197e+01  5.359789e+01  5.000000e+01
    endloop
  endfacet
  facet normal  0.000000e+00  0.000000e+00  9.999999e-01
    outer loop
      vertex -8.163263e+01  5.334774e+01  5.000000e+01
      vertex -8.488197e+01  5.359789e+01  5.000000e+01
      vertex -8.529094e+01  5.351096e+01  5.000000e+01
    endloop
  endfacet
  facet normal  0.000000e+00  0.000000e+00  9.999999e-01
    outer loop
      vertex  8.163263e+01  5.334774e+01  5.000000e+01
      vertex  8.529094e+01  5.351096e+01  5.000000e+01
      vertex  8.488197e+01  5.359789e+01  5.000000e+01
    endloop
  endfacet
  facet normal  0.000000e+00  0.000000e+00  1.000000e+00
    outer loop
      vertex  8.163263e+01  5.334774e+01  5.000000e+01
      vertex  8.488197e+01  5.359789e+01  5.000000e+01
      vertex  8.450000e+01  5.376795e+01  5.000000e+01
    endloop
  endfacet
  facet normal  0.000000e+00  0.000000e+00  1.000000e+00
    outer loop
      vertex  8.163263e+01  5.334774e+01  5.000000e+01
      vertex  8.450000e+01  5.376795e+01  5.000000e+01
      vertex  8.416174e+01  5.401371e+01  5.000000e+01
    endloop
  endfacet
  facet normal  0.000000e+00  0.000000e+00  1.000000e+00
    outer loop
      vertex  8.163263e+01  5.334774e+01  5.000000e+01
      vertex  8.416174e+01  5.401371e+01  5.000000e+01
      vertex  8.068772e+01  5.410920e+01  5.000000e+01
    endloop
  endfacet
  facet normal  0.000000e+00  0.000000e+00  1.000000e+00
    outer loop
      vertex  8.068772e+01 -5.410920e+01  5.000000e+01
      vertex  7.969090e+01 -5.480131e+01  5.000000e+01
      vertex  8.388197e+01 -5.432443e+01  5.000000e+01
    endloop
  endfacet
  facet normal  0.000000e+00  -0.000000e+00  1.000000e+00
    outer loop
      vertex  8.068772e+01 -5.410920e+01  5.000000e+01
      vertex  8.388197e+01 -5.432443e+01  5.000000e+01
      vertex  8.416174e+01 -5.401371e+01  5.000000e+01
    endloop
  endfacet
  facet normal  0.000000e+00  -0.000000e+00  1.000000e+00
    outer loop
      vertex  8.068772e+01 -5.410920e+01  5.000000e+01
      vertex  8.416174e+01 -5.401371e+01  5.000000e+01
      vertex  8.450000e+01 -5.376795e+01  5.000000e+01
    endloop
  endfacet
  facet normal  0.000000e+00  -0.000000e+00  1.000000e+00
    outer loop
      vertex  8.068772e+01 -5.410920e+01  5.000000e+01
      vertex  8.450000e+01 -5.376795e+01  5.000000e+01
      vertex  8.488197e+01 -5.359789e+01  5.000000e+01
    endloop
  endfacet
  facet normal  0.000000e+00  -0.000000e+00  1.000000e+00
    outer loop
      vertex  8.068772e+01 -5.410920e+01  5.000000e+01
      vertex  8.488197e+01 -5.359789e+01  5.000000e+01
      vertex  8.529094e+01 -5.351096e+01  5.000000e+01
    endloop
  endfacet
  facet normal  0.000000e+00  0.000000e+00  1.000000e+00
    outer loop
      vertex  9.145163e+01  5.695738e+01  5.000000e+01
      vertex  8.570906e+01  5.748904e+01  5.000000e+01
      vertex  8.611803e+01  5.740211e+01  5.000000e+01
    endloop
  endfacet
  facet normal  0.000000e+00  0.000000e+00  1.000000e+00
    outer loop
      vertex  9.145163e+01  5.695738e+01  5.000000e+01
      vertex  8.611803e+01  5.740211e+01  5.000000e+01
      vertex  8.650000e+01  5.723205e+01  5.000000e+01
    endloop
  endfacet
  facet normal  0.000000e+00  0.000000e+00  1.000000e+00
    outer loop
      vertex  9.145163e+01  5.695738e+01  5.000000e+01
      vertex  8.650000e+01  5.723205e+01  5.000000e+01
      vertex  8.683826e+01  5.698629e+01  5.000000e+01
    endloop
  endfacet
  facet normal  0.000000e+00  0.000000e+00  1.000000e+00
    outer loop
      vertex  9.145163e+01  5.695738e+01  5.000000e+01
      vertex  8.683826e+01  5.698629e+01  5.000000e+01
      vertex  8.711803e+01  5.667557e+01  5.000000e+01
    endloop
  endfacet
  facet normal  -0.000000e+00  0.000000e+00  1.000000e+00
    outer loop
      vertex  9.145163e+01  5.695738e+01  5.000000e+01
      vertex  8.711803e+01  5.667557e+01  5.000000e+01
      vertex  9.182472e+01  5.611242e+01  5.000000e+01
    endloop
  endfacet
  facet normal  0.000000e+00  0.000000e+00  1.000000e+00
    outer loop
      vertex  9.232973e+01 -5.433749e+01  5.000000e+01
      vertex  9.245734e+01 -5.342268e+01  5.000000e+01
      vertex  8.570906e+01 -5.351096e+01  5.000000e+01
    endloop
  endfacet
  facet normal  0.000000e+00  0.000000e+00  1.000000e+00
    outer loop
      vertex  9.232973e+01 -5.433749e+01  5.000000e+01
      vertex  8.570906e+01 -5.351096e+01  5.000000e+01
      vertex  8.611803e+01 -5.359789e+01  5.000000e+01
    endloop
  endfacet
  facet normal  0.000000e+00  0.000000e+00  9.999999e-01
    outer loop
      vertex  9.232973e+01 -5.433749e+01  5.000000e+01
      vertex  8.611803e+01 -5.359789e+01  5.000000e+01
      vertex  8.650000e+01 -5.376795e+01  5.000000e+01
    endloop
  endfacet
  facet normal  0.000000e+00  0.000000e+00  1.000000e+00
    outer loop
      vertex  9.232973e+01 -5.433749e+01  5.000000e+01
      vertex  8.650000e+01 -5.376795e+01  5.000000e+01
      vertex  8.683826e+01 -5.401371e+01  5.000000e+01
    endloop
  endfacet
  facet normal  0.000000e+00  0.000000e+00  1.000000e+00
    outer loop
      vertex  9.232973e+01 -5.433749e+01  5.000000e+01
      vertex  8.683826e+01 -5.401371e+01  5.000000e+01
      vertex  8.711803e+01 -5.432443e+01  5.000000e+01
    endloop
  endfacet
  facet normal  0.000000e+00  0.000000e+00  1.000000e+00
    outer loop
      vertex  9.232973e+01 -5.433749e+01  5.000000e+01
      vertex  8.711803e+01 -5.432443e+01  5.000000e+01
      vertex  8.732709e+01 -5.468653e+01  5.000000e+01
    endloop
  endfacet
  facet normal  -0.000000e+00  0.000000e+00  1.000000e+00
    outer loop
      vertex  9.232973e+01 -5.433749e+01  5.000000e+01
      vertex  8.732709e+01 -5.468653e+01  5.000000e+01
      vertex  9.211826e+01 -5.523663e+01  5.000000e+01
    endloop
  endfacet
  facet normal  0.000000e+00  0.000000e+00  1.000000e+00
    outer loop
      vertex  9.250000e+01 -5.250000e+01  5.000000e+01
      vertex  8.745669e+01  4.171276e+01  5.000000e+01
      vertex  8.750000e+01  4.050000e+01  5.000000e+01
    endloop
  endfacet
  facet normal  0.000000e+00  0.000000e+00  1.000000e+00
    outer loop
      vertex  9.250000e+01 -5.250000e+01  5.000000e+01
      vertex  8.750000e+01  4.050000e+01  5.000000e+01
      vertex  8.750000e+01 -4.050000e+01  5.000000e+01
    endloop
  endfacet
  facet normal  0.000000e+00  0.000000e+00  1.000000e+00
    outer loop
      vertex  9.250000e+01 -5.250000e+01  5.000000e+01
      vertex  8.750000e+01 -4.050000e+01  5.000000e+01
      vertex  8.745669e+01 -4.171276e+01  5.000000e+01
    endloop
  endfacet
  facet normal  0.000000e+00  0.000000e+00  1.000000e+00
    outer loop
      vertex  9.250000e+01 -5.250000e+01  5.000000e+01
      vertex  8.745669e+01 -4.171276e+01  5.000000e+01
      vertex  8.732697e+01 -4.291935e+01  5.000000e+01
    endloop
  endfacet
  facet normal  0.000000e+00  0.000000e+00  1.000000e+00
    outer loop
      vertex  9.250000e+01 -5.250000e+01  5.000000e+01
      vertex  8.732697e+01 -4.291935e+01  5.000000e+01
      vertex  8.711150e+01 -4.411361e+01  5.000000e+01
    endloop
  endfacet
  facet normal  0.000000e+00  0.000000e+00  1.000000e+00
    outer loop
      vertex  9.250000e+01 -5.250000e+01  5.000000e+01
      vertex  8.711150e+01 -4.411361e+01  5.000000e+01
      vertex  8.681138e+01 -4.528945e+01  5.000000e+01
    endloop
  endfacet
  facet normal  0.000000e+00  0.000000e+00  1.000000e+00
    outer loop
      vertex  9.250000e+01 -5.250000e+01  5.000000e+01
      vertex  8.681138e+01 -4.528945e+01  5.000000e+01
      vertex  8.642815e+01 -4.644089e+01  5.000000e+01
    endloop
  endfacet
  facet normal  0.000000e+00  0.000000e+00  1.000000e+00
    outer loop
      vertex  9.250000e+01 -5.250000e+01  5.000000e+01
      vertex  8.642815e+01 -4.644089e+01  5.000000e+01
      vertex  8.596375e+01 -4.756205e+01  5.000000e+01
    endloop
  endfacet
  facet normal  0.000000e+00  0.000000e+00  1.000000e+00
    outer loop
      vertex  9.250000e+01 -5.250000e+01  5.000000e+01
      vertex  8.596375e+01 -4.756205e+01  5.000000e+01
      vertex  9.245734e+01 -5.342268e+01  5.000000e+01
    endloop
  endfacet
  facet normal  0.000000e+00  0.000000e+00  1.000000e+00
    outer loop
      vertex  9.250000e+01  5.250000e+01  5.000000e+01
      vertex  9.245734e+01  5.342268e+01  5.000000e+01
      vertex  8.570906e+01  5.351096e+01  5.000000e+01
    endloop
  endfacet
  facet normal  0.000000e+00  0.000000e+00  1.000000e+00
    outer loop
      vertex  9.250000e+01  5.250000e+01  5.000000e+01
      vertex  8.570906e+01  5.351096e+01  5.000000e+01
      vertex  8.596375e+01  4.756205e+01  5.000000e+01
    endloop
  endfacet
  facet normal  -0.000000e+00  0.000000e+00  1.000000e+00
    outer loop
      vertex  9.250000e+01  5.250000e+01  5.000000e+01
      vertex  8.596375e+01  4.756205e+01  5.000000e+01
      vertex  8.642815e+01  4.644089e+01  5.000000e+01
    endloop
  endfacet
  facet normal  -0.000000e+00  0.000000e+00  1.000000e+00
    outer loop
      vertex  9.250000e+01  5.250000e+01  5.000000e+01
      vertex  8.642815e+01  4.644089e+01  5.000000e+01
      vertex  8.681138e+01  4.528945e+01  5.000000e+01
    endloop
  endfacet
  facet normal  -0.000000e+00  0.000000e+00  1.000000e+00
    outer loop
      vertex  9.250000e+01  5.250000e+01  5.000000e+01
      vertex  8.681138e+01  4.528945e+01  5.000000e+01
      vertex  8.711150e+01  4.411361e+01  5.000000e+01
    endloop
  endfacet
  facet normal  -0.000000e+00  0.000000e+00  1.000000e+00
    outer loop
      vertex  9.250000e+01  5.250000e+01  5.000000e+01
      vertex  8.711150e+01  4.411361e+01  5.000000e+01
      vertex  8.732697e+01  4.291935e+01  5.000000e+01
    endloop
  endfacet
  facet normal  -0.000000e+00  0.000000e+00  1.000000e+00
    outer loop
      vertex  9.250000e+01  5.250000e+01  5.000000e+01
      vertex  8.732697e+01  4.291935e+01  5.000000e+01
      vertex  8.745669e+01  4.171276e+01  5.000000e+01
    endloop
  endfacet
  facet normal  -0.000000e+00  0.000000e+00  1.000000e+00
    outer loop
      vertex  9.250000e+01  5.250000e+01  5.000000e+01
      vertex  8.745669e+01  4.171276e+01  5.000000e+01
      vertex  9.250000e+01 -5.250000e+01  5.000000e+01
    endloop
  endfacet
  facet normal  0.000000e+00  0.000000e+00  1.000000e+00
    outer loop
      vertex  9.245734e+01  5.342268e+01  5.000000e+01
      vertex  9.232973e+01  5.433749e+01  5.000000e+01
      vertex  8.711803e+01  5.432443e+01  5.000000e+01
    endloop
  endfacet
  facet normal  0.000000e+00  0.000000e+00  1.000000e+00
    outer loop
      vertex  9.245734e+01  5.342268e+01  5.000000e+01
      vertex  8.711803e+01  5.432443e+01  5.000000e+01
      vertex  8.683826e+01  5.401371e+01  5.000000e+01
    endloop
  endfacet
  facet normal  0.000000e+00  0.000000e+00  1.000000e+00
    outer loop
      vertex  9.245734e+01  5.342268e+01  5.000000e+01
      vertex  8.683826e+01  5.401371e+01  5.000000e+01
      vertex  8.650000e+01  5.376795e+01  5.000000e+01
    endloop
  endfacet
  facet normal  0.000000e+00  0.000000e+00  1.000000e+00
    outer loop
      vertex  9.245734e+01  5.342268e+01  5.000000e+01
      vertex  8.650000e+01  5.376795e+01  5.000000e+01
      vertex  8.611803e+01  5.359789e+01  5.000000e+01
    endloop
  endfacet
  facet normal  0.000000e+00  0.000000e+00  1.000000e+00
    outer loop
      vertex  9.245734e+01  5.342268e+01  5.000000e+01
      vertex  8.611803e+01  5.359789e+01  5.000000e+01
      vertex  8.570906e+01  5.351096e+01  5.000000e+01
    endloop
  endfacet
  facet normal  0.000000e+00  0.000000e+00  9.999999e-01
    outer loop
      vertex  9.100217e+01 -5.776432e+01  5.000000e+01
      vertex  9.145163e+01 -5.695738e+01  5.000000e+01
      vertex  8.683826e+01 -5.698629e+01  5.000000e+01
    endloop
  endfacet
  facet normal  0.000000e+00  0.000000e+00  9.999999e-01
    outer loop
      vertex  9.100217e+01 -5.776432e+01  5.000000e+01
      vertex  8.683826e+01 -5.698629e+01  5.000000e+01
      vertex  8.650000e+01 -5.723205e+01  5.000000e+01
    endloop
  endfacet
  facet normal  0.000000e+00  0.000000e+00  1.000000e+00
    outer loop
      vertex  9.100217e+01 -5.776432e+01  5.000000e+01
      vertex  8.650000e+01 -5.723205e+01  5.000000e+01
      vertex  8.611803e+01 -5.740211e+01  5.000000e+01
    endloop
  endfacet
  facet normal  0.000000e+00  0.000000e+00  1.000000e+00
    outer loop
      vertex  9.100217e+01 -5.776432e+01  5.000000e+01
      vertex  8.611803e+01 -5.740211e+01  5.000000e+01
      vertex  8.570906e+01 -5.748904e+01  5.000000e+01
    endloop
  endfacet
  facet normal  0.000000e+00  0.000000e+00  1.000000e+00
    outer loop
      vertex  8.250000e+01 -6.250000e+01  5.000000e+01
      vertex  7.050000e+01 -5.750000e+01  5.000000e+01
      vertex -8.250000e+01 -6.250000e+01  5.000000e+01
    endloop
  endfacet
  facet normal  0.000000e+00  0.000000e+00  9.999999e-01
    outer loop
      vertex -8.250000e+01 -6.250000e+01  5.000000e+01
      vertex  7.050000e+01 -5.750000e+01  5.000000e+01
      vertex -7.050000e+01 -5.750000e+01  5.000000e+01
    endloop
  endfacet
  facet normal  0.000000e+00  0.000000e+00  1.000000e+00
    outer loop
      vertex -8.250000e+01 -6.250000e+01  5.000000e+01
      vertex -7.050000e+01 -5.750000e+01  5.000000e+01
      vertex -8.342268e+01 -6.245734e+01  5.000000e+01
    endloop
  endfacet
  facet normal  0.000000e+00  -0.000000e+00  1.000000e+00
    outer loop
      vertex -8.342268e+01 -6.245734e+01  5.000000e+01
      vertex -7.050000e+01 -5.750000e+01  5.000000e+01
      vertex -8.523663e+01 -6.211826e+01  5.000000e+01
    endloop
  endfacet
  facet normal  0.000000e+00  0.000000e+00  1.000000e+00
    outer loop
      vertex -8.342268e+01 -6.245734e+01  5.000000e+01
      vertex -8.523663e+01 -6.211826e+01  5.000000e+01
      vertex -8.433749e+01 -6.232973e+01  5.000000e+01
    endloop
  endfacet
  facet normal  0.000000e+00  0.000000e+00  1.000000e+00
    outer loop
      vertex -8.342268e+01  6.245734e+01  5.000000e+01
      vertex -8.433749e+01  6.232973e+01  5.000000e+01
      vertex -8.250000e+01  6.250000e+01  5.000000e+01
    endloop
  endfacet
  facet normal  0.000000e+00  0.000000e+00  1.000000e+00
    outer loop
      vertex -8.250000e+01  6.250000e+01  5.000000e+01
      vertex -8.433749e+01  6.232973e+01  5.000000e+01
      vertex -8.523663e+01  6.211826e+01  5.000000e+01
    endloop
  endfacet
  facet normal  -0.000000e+00  0.000000e+00  1.000000e+00
    outer loop
      vertex -8.250000e+01  6.250000e+01  5.000000e+01
      vertex -8.523663e+01  6.211826e+01  5.000000e+01
      vertex -7.050000e+01  5.750000e+01  5.000000e+01
    endloop
  endfacet
  facet normal  0.000000e+00  -0.000000e+00  1.000000e+00
    outer loop
      vertex -8.250000e+01  6.250000e+01  5.000000e+01
      vertex -7.050000e+01  5.750000e+01  5.000000e+01
      vertex  8.250000e+01  6.250000e+01  5.000000e+01
    endloop
  endfacet
  facet normal  0.000000e+00  0.000000e+00  9.999999e-01
    outer loop
      vertex  8.250000e+01  6.250000e+01  5.000000e+01
      vertex -7.050000e+01  5.750000e+01  5.000000e+01
      vertex  7.050000e+01  5.750000e+01  5.000000e+01
    endloop
  endfacet
  facet normal  0.000000e+00  0.000000e+00  1.000000e+00
    outer loop
      vertex  8.250000e+01  6.250000e+01  5.000000e+01
      vertex  7.050000e+01  5.750000e+01  5.000000e+01
      vertex  8.342268e+01  6.245734e+01  5.000000e+01
    endloop
  endfacet
  facet normal  0.000000e+00  0.000000e+00  1.000000e+00
    outer loop
      vertex  8.433749e+01  6.232973e+01  5.000000e+01
      vertex  8.342268e+01  6.245734e+01  5.000000e+01
      vertex  8.523663e+01  6.211826e+01  5.000000e+01
    endloop
  endfacet
  facet normal  0.000000e+00  0.000000e+00  1.000000e+00
    outer loop
      vertex  8.523663e+01  6.211826e+01  5.000000e+01
      vertex  8.342268e+01  6.245734e+01  5.000000e+01
      vertex  7.050000e+01  5.750000e+01  5.000000e+01
    endloop
  endfacet
  facet normal  -0.000000e+00  0.000000e+00  1.000000e+00
    outer loop
      vertex  8.523663e+01  6.211826e+01  5.000000e+01
      vertex  7.050000e+01  5.750000e+01  5.000000e+01
      vertex  8.529094e+01  5.748904e+01  5.000000e+01
    endloop
  endfacet
  facet normal  -0.000000e+00  0.000000e+00  1.000000e+00
    outer loop
      vertex  8.596375e+01 -4.756205e+01  5.000000e+01
      vertex  8.542054e+01 -4.864723e+01  5.000000e+01
      vertex  9.245734e+01 -5.342268e+01  5.000000e+01
    endloop
  endfacet
  facet normal  0.000000e+00  0.000000e+00  1.000000e+00
    outer loop
      vertex  9.245734e+01 -5.342268e+01  5.000000e+01
      vertex  8.542054e+01 -4.864723e+01  5.000000e+01
      vertex  8.570906e+01 -5.351096e+01  5.000000e+01
    endloop
  endfacet
  facet normal  0.000000e+00  0.000000e+00  1.000000e+00
    outer loop
      vertex -8.523663e+01 -6.211826e+01  5.000000e+01
      vertex -7.050000e+01 -5.750000e+01  5.000000e+01
      vertex -8.611242e+01 -6.182472e+01  5.000000e+01
    endloop
  endfacet
  facet normal  0.000000e+00  0.000000e+00  1.000000e+00
    outer loop
      vertex -8.611242e+01 -6.182472e+01  5.000000e+01
      vertex -7.050000e+01 -5.750000e+01  5.000000e+01
      vertex -8.529094e+01 -5.748904e+01  5.000000e+01
    endloop
  endfacet
  facet normal  0.000000e+00  0.000000e+00  9.999999e-01
    outer loop
      vertex -8.611242e+01 -6.182472e+01  5.000000e+01
      vertex -8.529094e+01 -5.748904e+01  5.000000e+01
      vertex -8.570906e+01 -5.748904e+01  5.000000e+01
    endloop
  endfacet
  facet normal  0.000000e+00  0.000000e+00  1.000000e+00
    outer loop
      vertex -8.529094e+01 -5.351096e+01  5.000000e+01
      vertex -8.480131e+01 -4.969090e+01  5.000000e+01
      vertex -8.570906e+01 -5.351096e+01  5.000000e+01
    endloop
  endfacet
  facet normal  0.000000e+00  0.000000e+00  1.000000e+00
    outer loop
      vertex -8.570906e+01 -5.351096e+01  5.000000e+01
      vertex -8.480131e+01 -4.969090e+01  5.000000e+01
      vertex -8.542054e+01 -4.864723e+01  5.000000e+01
    endloop
  endfacet
  facet normal  0.000000e+00  0.000000e+00  1.000000e+00
    outer loop
      vertex -8.570906e+01 -5.351096e+01  5.000000e+01
      vertex -8.542054e+01 -4.864723e+01  5.000000e+01
      vertex -9.245734e+01 -5.342268e+01  5.000000e+01
    endloop
  endfacet
  facet normal  0.000000e+00  0.000000e+00  1.000000e+00
    outer loop
      vertex -9.245734e+01 -5.342268e+01  5.000000e+01
      vertex -8.542054e+01 -4.864723e+01  5.000000e+01
      vertex -8.596375e+01 -4.756205e+01  5.000000e+01
    endloop
  endfacet
  facet normal  0.000000e+00  0.000000e+00  1.000000e+00
    outer loop
      vertex -7.050000e+01  5.750000e+01  5.000000e+01
      vertex -8.523663e+01  6.211826e+01  5.000000e+01
      vertex -8.529094e+01  5.748904e+01  5.000000e+01
    endloop
  endfacet
  facet normal  0.000000e+00  -0.000000e+00  1.000000e+00
    outer loop
      vertex -8.529094e+01  5.748904e+01  5.000000e+01
      vertex -8.523663e+01  6.211826e+01  5.000000e+01
      vertex -8.611242e+01  6.182472e+01  5.000000e+01
    endloop
  endfacet
  facet normal  0.000000e+00  0.000000e+00  9.999999e-01
    outer loop
      vertex -8.529094e+01  5.748904e+01  5.000000e+01
      vertex -8.611242e+01  6.182472e+01  5.000000e+01
      vertex -8.570906e+01  5.748904e+01  5.000000e+01
    endloop
  endfacet
  facet normal  0.000000e+00  0.000000e+00  9.999999e-01
    outer loop
      vertex -8.570906e+01  5.748904e+01  5.000000e+01
      vertex -8.611242e+01  6.182472e+01  5.000000e+01
      vertex -9.100217e+01  5.776432e+01  5.000000e+01
    endloop
  endfacet
  facet normal  0.000000e+00  0.000000e+00  1.000000e+00
    outer loop
      vertex -8.354370e+01 -5.508418e+01  5.000000e+01
      vertex -7.864723e+01 -5.542054e+01  5.000000e+01
      vertex -8.367291e+01 -5.468653e+01  5.000000e+01
    endloop
  endfacet
  facet normal  0.000000e+00  0.000000e+00  1.000000e+00
    outer loop
      vertex -8.367291e+01 -5.468653e+01  5.000000e+01
      vertex -7.864723e+01 -5.542054e+01  5.000000e+01
      vertex -7.969090e+01 -5.480131e+01  5.000000e+01
    endloop
  endfacet
  facet normal  0.000000e+00  0.000000e+00  1.000000e+00
    outer loop
      vertex -8.367291e+01 -5.468653e+01  5.000000e+01
      vertex -7.969090e+01 -5.480131e+01  5.000000e+01
      vertex -8.388197e+01 -5.432443e+01  5.000000e+01
    endloop
  endfacet
  facet normal  -0.000000e+00  0.000000e+00  1.000000e+00
    outer loop
      vertex -7.864723e+01 -5.542054e+01  5.000000e+01
      vertex -8.350000e+01 -5.550000e+01  5.000000e+01
      vertex -7.756206e+01 -5.596375e+01  5.000000e+01
    endloop
  endfacet
  facet normal  0.000000e+00  0.000000e+00  1.000000e+00
    outer loop
      vertex -7.756206e+01 -5.596375e+01  5.000000e+01
      vertex -8.350000e+01 -5.550000e+01  5.000000e+01
      vertex -8.354370e+01 -5.591582e+01  5.000000e+01
    endloop
  endfacet
  facet normal  0.000000e+00  0.000000e+00  9.999999e-01
    outer loop
      vertex -7.756206e+01 -5.596375e+01  5.000000e+01
      vertex -8.354370e+01 -5.591582e+01  5.000000e+01
      vertex -7.644089e+01 -5.642815e+01  5.000000e+01
    endloop
  endfacet
  facet normal  0.000000e+00  0.000000e+00  1.000000e+00
    outer loop
      vertex -7.644089e+01 -5.642815e+01  5.000000e+01
      vertex -8.354370e+01 -5.591582e+01  5.000000e+01
      vertex -8.367291e+01 -5.631347e+01  5.000000e+01
    endloop
  endfacet
  facet normal  0.000000e+00  0.000000e+00  1.000000e+00
    outer loop
      vertex -7.644089e+01 -5.642815e+01  5.000000e+01
      vertex -8.367291e+01 -5.631347e+01  5.000000e+01
      vertex -7.528945e+01 -5.681138e+01  5.000000e+01
    endloop
  endfacet
  facet normal  0.000000e+00  0.000000e+00  9.999999e-01
    outer loop
      vertex -7.528945e+01 -5.681138e+01  5.000000e+01
      vertex -8.367291e+01 -5.631347e+01  5.000000e+01
      vertex -8.388197e+01 -5.667557e+01  5.000000e+01
    endloop
  endfacet
  facet normal  0.000000e+00  0.000000e+00  1.000000e+00
    outer loop
      vertex -7.528945e+01 -5.681138e+01  5.000000e+01
      vertex -8.388197e+01 -5.667557e+01  5.000000e+01
      vertex -7.411361e+01 -5.711150e+01  5.000000e+01
    endloop
  endfacet
  facet normal  0.000000e+00  0.000000e+00  1.000000e+00
    outer loop
      vertex -7.411361e+01 -5.711150e+01  5.000000e+01
      vertex -8.388197e+01 -5.667557e+01  5.000000e+01
      vertex -8.416174e+01 -5.698629e+01  5.000000e+01
    endloop
  endfacet
  facet normal  0.000000e+00  0.000000e+00  9.999999e-01
    outer loop
      vertex -7.411361e+01 -5.711150e+01  5.000000e+01
      vertex -8.416174e+01 -5.698629e+01  5.000000e+01
      vertex -8.450000e+01 -5.723205e+01  5.000000e+01
    endloop
  endfacet
  facet normal  -0.000000e+00  0.000000e+00  1.000000e+00
    outer loop
      vertex -7.411361e+01 -5.711150e+01  5.000000e+01
      vertex -8.450000e+01 -5.723205e+01  5.000000e+01
      vertex -7.291935e+01 -5.732697e+01  5.000000e+01
    endloop
  endfacet
  facet normal  0.000000e+00  0.000000e+00  1.000000e+00
    outer loop
      vertex -7.291935e+01 -5.732697e+01  5.000000e+01
      vertex -8.450000e+01 -5.723205e+01  5.000000e+01
      vertex -8.488197e+01 -5.740211e+01  5.000000e+01
    endloop
  endfacet
  facet normal  -0.000000e+00  0.000000e+00  1.000000e+00
    outer loop
      vertex -7.291935e+01 -5.732697e+01  5.000000e+01
      vertex -8.488197e+01 -5.740211e+01  5.000000e+01
      vertex -7.171277e+01 -5.745668e+01  5.000000e+01
    endloop
  endfacet
  facet normal  0.000000e+00  0.000000e+00  1.000000e+00
    outer loop
      vertex -7.171277e+01 -5.745668e+01  5.000000e+01
      vertex -8.488197e+01 -5.740211e+01  5.000000e+01
      vertex -8.529094e+01 -5.748904e+01  5.000000e+01
    endloop
  endfacet
  facet normal  -0.000000e+00  0.000000e+00  1.000000e+00
    outer loop
      vertex -7.171277e+01 -5.745668e+01  5.000000e+01
      vertex -8.529094e+01 -5.748904e+01  5.000000e+01
      vertex -7.050000e+01 -5.750000e+01  5.000000e+01
    endloop
  endfacet
  facet normal  0.000000e+00  0.000000e+00  9.999999e-01
    outer loop
      vertex -9.211826e+01  5.523663e+01  5.000000e+01
      vertex -8.750000e+01  5.550000e+01  5.000000e+01
      vertex -9.182472e+01  5.611242e+01  5.000000e+01
    endloop
  endfacet
  facet normal  0.000000e+00  0.000000e+00  1.000000e+00
    outer loop
      vertex -9.182472e+01  5.611242e+01  5.000000e+01
      vertex -8.750000e+01  5.550000e+01  5.000000e+01
      vertex -8.745630e+01  5.591582e+01  5.000000e+01
    endloop
  endfacet
  facet normal  0.000000e+00  -0.000000e+00  9.999999e-01
    outer loop
      vertex -9.182472e+01  5.611242e+01  5.000000e+01
      vertex -8.745630e+01  5.591582e+01  5.000000e+01
      vertex -8.732709e+01  5.631347e+01  5.000000e+01
    endloop
  endfacet
  facet normal  0.000000e+00  0.000000e+00  1.000000e+00
    outer loop
      vertex -9.232973e+01  5.433749e+01  5.000000e+01
      vertex -8.732709e+01  5.468653e+01  5.000000e+01
      vertex -9.211826e+01  5.523663e+01  5.000000e+01
    endloop
  endfacet
  facet normal  0.000000e+00  0.000000e+00  9.999999e-01
    outer loop
      vertex -9.211826e+01  5.523663e+01  5.000000e+01
      vertex -8.732709e+01  5.468653e+01  5.000000e+01
      vertex -8.745630e+01  5.508418e+01  5.000000e+01
    endloop
  endfacet
  facet normal  0.000000e+00  0.000000e+00  1.000000e+00
    outer loop
      vertex -9.211826e+01  5.523663e+01  5.000000e+01
      vertex -8.745630e+01  5.508418e+01  5.000000e+01
      vertex -8.750000e+01  5.550000e+01  5.000000e+01
    endloop
  endfacet
  facet normal  0.000000e+00  0.000000e+00  9.999999e-01
    outer loop
      vertex -9.182472e+01 -5.611242e+01  5.000000e+01
      vertex -8.750000e+01 -5.550000e+01  5.000000e+01
      vertex -9.211826e+01 -5.523663e+01  5.000000e+01
    endloop
  endfacet
  facet normal  -0.000000e+00  0.000000e+00  1.000000e+00
    outer loop
      vertex -9.211826e+01 -5.523663e+01  5.000000e+01
      vertex -8.750000e+01 -5.550000e+01  5.000000e+01
      vertex -8.745630e+01 -5.508418e+01  5.000000e+01
    endloop
  endfacet
  facet normal  0.000000e+00  -0.000000e+00  9.999999e-01
    outer loop
      vertex -9.211826e+01 -5.523663e+01  5.000000e+01
      vertex -8.745630e+01 -5.508418e+01  5.000000e+01
      vertex -8.732709e+01 -5.468653e+01  5.000000e+01
    endloop
  endfacet
  facet normal  0.000000e+00  0.000000e+00  1.000000e+00
    outer loop
      vertex -9.145163e+01 -5.695738e+01  5.000000e+01
      vertex -8.732709e+01 -5.631347e+01  5.000000e+01
      vertex -9.182472e+01 -5.611242e+01  5.000000e+01
    endloop
  endfacet
  facet normal  -0.000000e+00  0.000000e+00  9.999999e-01
    outer loop
      vertex -9.182472e+01 -5.611242e+01  5.000000e+01
      vertex -8.732709e+01 -5.631347e+01  5.000000e+01
      vertex -8.745630e+01 -5.591582e+01  5.000000e+01
    endloop
  endfacet
  facet normal  0.000000e+00  0.000000e+00  1.000000e+00
    outer loop
      vertex -9.182472e+01 -5.611242e+01  5.000000e+01
      vertex -8.745630e+01 -5.591582e+01  5.000000e+01
      vertex -8.750000e+01 -5.550000e+01  5.000000e+01
    endloop
  endfacet
  facet normal  -0.000000e+00  0.000000e+00  1.000000e+00
    outer loop
      vertex -7.050000e+01  5.750000e+01  5.000000e+01
      vertex -8.529094e+01  5.748904e+01  5.000000e+01
      vertex -7.171277e+01  5.745668e+01  5.000000e+01
    endloop
  endfacet
  facet normal  0.000000e+00  0.000000e+00  1.000000e+00
    outer loop
      vertex -7.171277e+01  5.745668e+01  5.000000e+01
      vertex -8.529094e+01  5.748904e+01  5.000000e+01
      vertex -8.488197e+01  5.740211e+01  5.000000e+01
    endloop
  endfacet
  facet normal  -0.000000e+00  0.000000e+00  1.000000e+00
    outer loop
      vertex -7.171277e+01  5.745668e+01  5.000000e+01
      vertex -8.488197e+01  5.740211e+01  5.000000e+01
      vertex -7.291935e+01  5.732697e+01  5.000000e+01
    endloop
  endfacet
  facet normal  0.000000e+00  0.000000e+00  1.000000e+00
    outer loop
      vertex -7.291935e+01  5.732697e+01  5.000000e+01
      vertex -8.488197e+01  5.740211e+01  5.000000e+01
      vertex -8.450000e+01  5.723205e+01  5.000000e+01
    endloop
  endfacet
  facet normal  -0.000000e+00  0.000000e+00  1.000000e+00
    outer loop
      vertex -7.291935e+01  5.732697e+01  5.000000e+01
      vertex -8.450000e+01  5.723205e+01  5.000000e+01
      vertex -7.411361e+01  5.711150e+01  5.000000e+01
    endloop
  endfacet
  facet normal  0.000000e+00  0.000000e+00  9.999999e-01
    outer loop
      vertex -7.411361e+01  5.711150e+01  5.000000e+01
      vertex -8.450000e+01  5.723205e+01  5.000000e+01
      vertex -8.416174e+01  5.698629e+01  5.000000e+01
    endloop
  endfacet
  facet normal  -0.000000e+00  0.000000e+00  1.000000e+00
    outer loop
      vertex -7.411361e+01  5.711150e+01  5.000000e+01
      vertex -8.416174e+01  5.698629e+01  5.000000e+01
      vertex -7.528945e+01  5.681138e+01  5.000000e+01
    endloop
  endfacet
  facet normal  0.000000e+00  0.000000e+00  1.000000e+00
    outer loop
      vertex -7.528945e+01  5.681138e+01  5.000000e+01
      vertex -8.416174e+01  5.698629e+01  5.000000e+01
      vertex -8.388197e+01  5.667557e+01  5.000000e+01
    endloop
  endfacet
  facet normal  -0.000000e+00  0.000000e+00  1.000000e+00
    outer loop
      vertex -7.528945e+01  5.681138e+01  5.000000e+01
      vertex -8.388197e+01  5.667557e+01  5.000000e+01
      vertex -7.644089e+01  5.642815e+01  5.000000e+01
    endloop
  endfacet
  facet normal  0.000000e+00  0.000000e+00  1.000000e+00
    outer loop
      vertex -7.644089e+01  5.642815e+01  5.000000e+01
      vertex -8.388197e+01  5.667557e+01  5.000000e+01
      vertex -8.367291e+01  5.631347e+01  5.000000e+01
    endloop
  endfacet
  facet normal  -0.000000e+00  0.000000e+00  1.000000e+00
    outer loop
      vertex -7.644089e+01  5.642815e+01  5.000000e+01
      vertex -8.367291e+01  5.631347e+01  5.000000e+01
      vertex -7.756206e+01  5.596375e+01  5.000000e+01
    endloop
  endfacet
  facet normal  0.000000e+00  0.000000e+00  1.000000e+00
    outer loop
      vertex -7.756206e+01  5.596375e+01  5.000000e+01
      vertex -8.367291e+01  5.631347e+01  5.000000e+01
      vertex -8.354370e+01  5.591582e+01  5.000000e+01
    endloop
  endfacet
  facet normal  -0.000000e+00  0.000000e+00  1.000000e+00
    outer loop
      vertex -7.756206e+01  5.596375e+01  5.000000e+01
      vertex -8.354370e+01  5.591582e+01  5.000000e+01
      vertex -7.864723e+01  5.542054e+01  5.000000e+01
    endloop
  endfacet
  facet normal  0.000000e+00  0.000000e+00  1.000000e+00
    outer loop
      vertex -7.864723e+01  5.542054e+01  5.000000e+01
      vertex -8.354370e+01  5.591582e+01  5.000000e+01
      vertex -8.350000e+01  5.550000e+01  5.000000e+01
    endloop
  endfacet
  facet normal  0.000000e+00  0.000000e+00  9.999999e-01
    outer loop
      vertex -7.864723e+01  5.542054e+01  5.000000e+01
      vertex -8.350000e+01  5.550000e+01  5.000000e+01
      vertex -7.969090e+01  5.480131e+01  5.000000e+01
    endloop
  endfacet
  facet normal  0.000000e+00  0.000000e+00  1.000000e+00
    outer loop
      vertex -7.969090e+01  5.480131e+01  5.000000e+01
      vertex -8.350000e+01  5.550000e+01  5.000000e+01
      vertex -8.354370e+01  5.508418e+01  5.000000e+01
    endloop
  endfacet
  facet normal  0.000000e+00  0.000000e+00  1.000000e+00
    outer loop
      vertex -7.969090e+01  5.480131e+01  5.000000e+01
      vertex -8.354370e+01  5.508418e+01  5.000000e+01
      vertex -8.367291e+01  5.468653e+01  5.000000e+01
    endloop
  endfacet
  facet normal  -0.000000e+00  0.000000e+00  1.000000e+00
    outer loop
      vertex -7.969090e+01  5.480131e+01  5.000000e+01
      vertex -8.367291e+01  5.468653e+01  5.000000e+01
      vertex -8.068772e+01  5.410920e+01  5.000000e+01
    endloop
  endfacet
  facet normal  0.000000e+00  0.000000e+00  1.000000e+00
    outer loop
      vertex -8.068772e+01  5.410920e+01  5.000000e+01
      vertex -8.367291e+01  5.468653e+01  5.000000e+01
      vertex -8.388197e+01  5.432443e+01  5.000000e+01
    endloop
  endfacet
  facet normal  0.000000e+00  0.000000e+00  1.000000e+00
    outer loop
      vertex -8.068772e+01  5.410920e+01  5.000000e+01
      vertex -8.388197e+01  5.432443e+01  5.000000e+01
      vertex -8.416174e+01  5.401371e+01  5.000000e+01
    endloop
  endfacet
  facet normal  0.000000e+00  0.000000e+00  9.999999e-01
    outer loop
      vertex  8.529094e+01  5.748904e+01  5.000000e+01
      vertex  7.050000e+01  5.750000e+01  5.000000e+01
      vertex  8.488197e+01  5.740211e+01  5.000000e+01
    endloop
  endfacet
  facet normal  0.000000e+00  0.000000e+00  1.000000e+00
    outer loop
      vertex  8.488197e+01  5.740211e+01  5.000000e+01
      vertex  7.050000e+01  5.750000e+01  5.000000e+01
      vertex  7.171277e+01  5.745668e+01  5.000000e+01
    endloop
  endfacet
  facet normal  0.000000e+00  0.000000e+00  1.000000e+00
    outer loop
      vertex  8.488197e+01  5.740211e+01  5.000000e+01
      vertex  7.171277e+01  5.745668e+01  5.000000e+01
      vertex  8.450000e+01  5.723205e+01  5.000000e+01
    endloop
  endfacet
  facet normal  0.000000e+00  0.000000e+00  1.000000e+00
    outer loop
      vertex  8.450000e+01  5.723205e+01  5.000000e+01
      vertex  7.171277e+01  5.745668e+01  5.000000e+01
      vertex  7.291935e+01  5.732697e+01  5.000000e+01
    endloop
  endfacet
  facet normal  0.000000e+00  0.000000e+00  1.000000e+00
    outer loop
      vertex  8.450000e+01  5.723205e+01  5.000000e+01
      vertex  7.291935e+01  5.732697e+01  5.000000e+01
      vertex  8.416174e+01  5.698629e+01  5.000000e+01
    endloop
  endfacet
  facet normal  0.000000e+00  0.000000e+00  1.000000e+00
    outer loop
      vertex  8.416174e+01  5.698629e+01  5.000000e+01
      vertex  7.291935e+01  5.732697e+01  5.000000e+01
      vertex  7.411361e+01  5.711150e+01  5.000000e+01
    endloop
  endfacet
  facet normal  0.000000e+00  0.000000e+00  1.000000e+00
    outer loop
      vertex  8.416174e+01  5.698629e+01  5.000000e+01
      vertex  7.411361e+01  5.711150e+01  5.000000e+01
      vertex  8.388197e+01  5.667557e+01  5.000000e+01
    endloop
  endfacet
  facet normal  0.000000e+00  0.000000e+00  1.000000e+00
    outer loop
      vertex  8.388197e+01  5.667557e+01  5.000000e+01
      vertex  7.411361e+01  5.711150e+01  5.000000e+01
      vertex  7.528945e+01  5.681138e+01  5.000000e+01
    endloop
  endfacet
  facet normal  0.000000e+00  0.000000e+00  9.999999e-01
    outer loop
      vertex  8.388197e+01  5.667557e+01  5.000000e+01
      vertex  7.528945e+01  5.681138e+01  5.000000e+01
      vertex  8.367291e+01  5.631347e+01  5.000000e+01
    endloop
  endfacet
  facet normal  0.000000e+00  0.000000e+00  1.000000e+00
    outer loop
      vertex  8.367291e+01  5.631347e+01  5.000000e+01
      vertex  7.528945e+01  5.681138e+01  5.000000e+01
      vertex  7.644089e+01  5.642815e+01  5.000000e+01
    endloop
  endfacet
  facet normal  0.000000e+00  0.000000e+00  1.000000e+00
    outer loop
      vertex  8.367291e+01  5.631347e+01  5.000000e+01
      vertex  7.644089e+01  5.642815e+01  5.000000e+01
      vertex  8.354370e+01  5.591582e+01  5.000000e+01
    endloop
  endfacet
  facet normal  0.000000e+00  0.000000e+00  9.999999e-01
    outer loop
      vertex  8.354370e+01  5.591582e+01  5.000000e+01
      vertex  7.644089e+01  5.642815e+01  5.000000e+01
      vertex  7.756206e+01  5.596375e+01  5.000000e+01
    endloop
  endfacet
  facet normal  0.000000e+00  0.000000e+00  1.000000e+00
    outer loop
      vertex  8.354370e+01  5.591582e+01  5.000000e+01
      vertex  7.756206e+01  5.596375e+01  5.000000e+01
      vertex  8.350000e+01  5.550000e+01  5.000000e+01
    endloop
  endfacet
  facet normal  0.000000e+00  0.000000e+00  1.000000e+00
    outer loop
      vertex  8.350000e+01  5.550000e+01  5.000000e+01
      vertex  7.756206e+01  5.596375e+01  5.000000e+01
      vertex  7.864723e+01  5.542054e+01  5.000000e+01
    endloop
  endfacet
  facet normal  -0.000000e+00  0.000000e+00  1.000000e+00
    outer loop
      vertex  8.350000e+01  5.550000e+01  5.000000e+01
      vertex  7.864723e+01  5.542054e+01  5.000000e+01
      vertex  8.354370e+01  5.508418e+01  5.000000e+01
    endloop
  endfacet
  facet normal  0.000000e+00  0.000000e+00  9.999999e-01
    outer loop
      vertex  8.354370e+01  5.508418e+01  5.000000e+01
      vertex  7.864723e+01  5.542054e+01  5.000000e+01
      vertex  7.969090e+01  5.480131e+01  5.000000e+01
    endloop
  endfacet
  facet normal  -0.000000e+00  0.000000e+00  1.000000e+00
    outer loop
      vertex  8.354370e+01  5.508418e+01  5.000000e+01
      vertex  7.969090e+01  5.480131e+01  5.000000e+01
      vertex  8.367291e+01  5.468653e+01  5.000000e+01
    endloop
  endfacet
  facet normal  0.000000e+00  0.000000e+00  1.000000e+00
    outer loop
      vertex  8.367291e+01  5.468653e+01  5.000000e+01
      vertex  7.969090e+01  5.480131e+01  5.000000e+01
      vertex  8.388197e+01  5.432443e+01  5.000000e+01
    endloop
  endfacet
  facet normal  0.000000e+00  0.000000e+00  1.000000e+00
    outer loop
      vertex  8.388197e+01  5.432443e+01  5.000000e+01
      vertex  7.969090e+01  5.480131e+01  5.000000e+01
      vertex  8.068772e+01  5.410920e+01  5.000000e+01
    endloop
  endfacet
  facet normal  -0.000000e+00  0.000000e+00  1.000000e+00
    outer loop
      vertex  8.388197e+01  5.432443e+01  5.000000e+01
      vertex  8.068772e+01  5.410920e+01  5.000000e+01
      vertex  8.416174e+01  5.401371e+01  5.000000e+01
    endloop
  endfacet
  facet normal  -0.000000e+00  0.000000e+00  1.000000e+00
    outer loop
      vertex  8.367291e+01 -5.468653e+01  5.000000e+01
      vertex  7.969090e+01 -5.480131e+01  5.000000e+01
      vertex  8.354370e+01 -5.508418e+01  5.000000e+01
    endloop
  endfacet
  facet normal  0.000000e+00  0.000000e+00  9.999999e-01
    outer loop
      vertex  8.354370e+01 -5.508418e+01  5.000000e+01
      vertex  7.969090e+01 -5.480131e+01  5.000000e+01
      vertex  7.864723e+01 -5.542054e+01  5.000000e+01
    endloop
  endfacet
  facet normal  -0.000000e+00  0.000000e+00  1.000000e+00
    outer loop
      vertex  8.354370e+01 -5.508418e+01  5.000000e+01
      vertex  7.864723e+01 -5.542054e+01  5.000000e+01
      vertex  8.350000e+01 -5.550000e+01  5.000000e+01
    endloop
  endfacet
  facet normal  0.000000e+00  0.000000e+00  1.000000e+00
    outer loop
      vertex  8.350000e+01 -5.550000e+01  5.000000e+01
      vertex  7.864723e+01 -5.542054e+01  5.000000e+01
      vertex  8.354370e+01 -5.591582e+01  5.000000e+01
    endloop
  endfacet
  facet normal  0.000000e+00  0.000000e+00  1.000000e+00
    outer loop
      vertex  8.354370e+01 -5.591582e+01  5.000000e+01
      vertex  7.864723e+01 -5.542054e+01  5.000000e+01
      vertex  7.756206e+01 -5.596375e+01  5.000000e+01
    endloop
  endfacet
  facet normal  -0.000000e+00  0.000000e+00  1.000000e+00
    outer loop
      vertex  8.354370e+01 -5.591582e+01  5.000000e+01
      vertex  7.756206e+01 -5.596375e+01  5.000000e+01
      vertex  8.367291e+01 -5.631347e+01  5.000000e+01
    endloop
  endfacet
  facet normal  0.000000e+00  0.000000e+00  1.000000e+00
    outer loop
      vertex  8.367291e+01 -5.631347e+01  5.000000e+01
      vertex  7.756206e+01 -5.596375e+01  5.000000e+01
      vertex  7.644089e+01 -5.642815e+01  5.000000e+01
    endloop
  endfacet
  facet normal  -0.000000e+00  0.000000e+00  1.000000e+00
    outer loop
      vertex  8.367291e+01 -5.631347e+01  5.000000e+01
      vertex  7.644089e+01 -5.642815e+01  5.000000e+01
      vertex  8.388197e+01 -5.667557e+01  5.000000e+01
    endloop
  endfacet
  facet normal  0.000000e+00  0.000000e+00  1.000000e+00
    outer loop
      vertex  8.388197e+01 -5.667557e+01  5.000000e+01
      vertex  7.644089e+01 -5.642815e+01  5.000000e+01
      vertex  7.528945e+01 -5.681138e+01  5.000000e+01
    endloop
  endfacet
  facet normal  -0.000000e+00  0.000000e+00  1.000000e+00
    outer loop
      vertex  8.388197e+01 -5.667557e+01  5.000000e+01
      vertex  7.528945e+01 -5.681138e+01  5.000000e+01
      vertex  8.416174e+01 -5.698629e+01  5.000000e+01
    endloop
  endfacet
  facet normal  0.000000e+00  0.000000e+00  1.000000e+00
    outer loop
      vertex  8.416174e+01 -5.698629e+01  5.000000e+01
      vertex  7.528945e+01 -5.681138e+01  5.000000e+01
      vertex  7.411361e+01 -5.711150e+01  5.000000e+01
    endloop
  endfacet
  facet normal  -0.000000e+00  0.000000e+00  9.999999e-01
    outer loop
      vertex  8.416174e+01 -5.698629e+01  5.000000e+01
      vertex  7.411361e+01 -5.711150e+01  5.000000e+01
      vertex  8.450000e+01 -5.723205e+01  5.000000e+01
    endloop
  endfacet
  facet normal  0.000000e+00  0.000000e+00  1.000000e+00
    outer loop
      vertex  8.450000e+01 -5.723205e+01  5.000000e+01
      vertex  7.411361e+01 -5.711150e+01  5.000000e+01
      vertex  8.488197e+01 -5.740211e+01  5.000000e+01
    endloop
  endfacet
  facet normal  0.000000e+00  0.000000e+00  1.000000e+00
    outer loop
      vertex  8.488197e+01 -5.740211e+01  5.000000e+01
      vertex  7.411361e+01 -5.711150e+01  5.000000e+01
      vertex  7.291935e+01 -5.732697e+01  5.000000e+01
    endloop
  endfacet
  facet normal  0.000000e+00  0.000000e+00  1.000000e+00
    outer loop
      vertex  8.488197e+01 -5.740211e+01  5.000000e+01
      vertex  7.291935e+01 -5.732697e+01  5.000000e+01
      vertex  8.529094e+01 -5.748904e+01  5.000000e+01
    endloop
  endfacet
  facet normal  0.000000e+00  0.000000e+00  1.000000e+00
    outer loop
      vertex  8.529094e+01 -5.748904e+01  5.000000e+01
      vertex  7.291935e+01 -5.732697e+01  5.000000e+01
      vertex  7.171277e+01 -5.745668e+01  5.000000e+01
    endloop
  endfacet
  facet normal  0.000000e+00  0.000000e+00  1.000000e+00
    outer loop
      vertex  8.750000e+01  5.550000e+01  5.000000e+01
      vertex  9.211826e+01  5.523663e+01  5.000000e+01
      vertex  8.745630e+01  5.591582e+01  5.000000e+01
    endloop
  endfacet
  facet normal  -0.000000e+00  0.000000e+00  1.000000e+00
    outer loop
      vertex  8.745630e+01  5.591582e+01  5.000000e+01
      vertex  9.211826e+01  5.523663e+01  5.000000e+01
      vertex  9.182472e+01  5.611242e+01  5.000000e+01
    endloop
  endfacet
  facet normal  0.000000e+00  0.000000e+00  9.999999e-01
    outer loop
      vertex  8.745630e+01  5.591582e+01  5.000000e+01
      vertex  9.182472e+01  5.611242e+01  5.000000e+01
      vertex  8.732709e+01  5.631347e+01  5.000000e+01
    endloop
  endfacet
  facet normal  0.000000e+00  0.000000e+00  1.000000e+00
    outer loop
      vertex  8.732709e+01  5.468653e+01  5.000000e+01
      vertex  9.232973e+01  5.433749e+01  5.000000e+01
      vertex  8.745630e+01  5.508418e+01  5.000000e+01
    endloop
  endfacet
  facet normal  -0.000000e+00  0.000000e+00  1.000000e+00
    outer loop
      vertex  8.745630e+01  5.508418e+01  5.000000e+01
      vertex  9.232973e+01  5.433749e+01  5.000000e+01
      vertex  9.211826e+01  5.523663e+01  5.000000e+01
    endloop
  endfacet
  facet normal  0.000000e+00  0.000000e+00  1.000000e+00
    outer loop
      vertex  8.745630e+01  5.508418e+01  5.000000e+01
      vertex  9.211826e+01  5.523663e+01  5.000000e+01
      vertex  8.750000e+01  5.550000e+01  5.000000e+01
    endloop
  endfacet
  facet normal  0.000000e+00  0.000000e+00  1.000000e+00
    outer loop
      vertex  8.750000e+01 -5.550000e+01  5.000000e+01
      vertex  9.182472e+01 -5.611242e+01  5.000000e+01
      vertex  8.745630e+01 -5.508418e+01  5.000000e+01
    endloop
  endfacet
  facet normal  0.000000e+00  0.000000e+00  1.000000e+00
    outer loop
      vertex  8.745630e+01 -5.508418e+01  5.000000e+01
      vertex  9.182472e+01 -5.611242e+01  5.000000e+01
      vertex  9.211826e+01 -5.523663e+01  5.000000e+01
    endloop
  endfacet
  facet normal  0.000000e+00  0.000000e+00  9.999999e-01
    outer loop
      vertex  8.745630e+01 -5.508418e+01  5.000000e+01
      vertex  9.211826e+01 -5.523663e+01  5.000000e+01
      vertex  8.732709e+01 -5.468653e+01  5.000000e+01
    endloop
  endfacet
  facet normal  0.000000e+00  0.000000e+00  1.000000e+00
    outer loop
      vertex  8.732709e+01 -5.631347e+01  5.000000e+01
      vertex  9.145163e+01 -5.695738e+01  5.000000e+01
      vertex  8.745630e+01 -5.591582e+01  5.000000e+01
    endloop
  endfacet
  facet normal  0.000000e+00  0.000000e+00  1.000000e+00
    outer loop
      vertex  8.745630e+01 -5.591582e+01  5.000000e+01
      vertex  9.145163e+01 -5.695738e+01  5.000000e+01
      vertex  9.182472e+01 -5.611242e+01  5.000000e+01
    endloop
  endfacet
  facet normal  0.000000e+00  0.000000e+00  1.000000e+00
    outer loop
      vertex  8.745630e+01 -5.591582e+01  5.000000e+01
      vertex  9.182472e+01 -5.611242e+01  5.000000e+01
      vertex  8.750000e+01 -5.550000e+01  5.000000e+01
    endloop
  endfacet
  facet normal  2.079100e-01  9.781479e-01  -0.000000e+00
    outer loop
      vertex -8.570906e+01 -5.748904e+01  5.000000e+01
      vertex -8.611803e+01 -5.740211e+01  4.430000e+01
      vertex -8.611803e+01 -5.740211e+01  5.000000e+01
    endloop
  endfacet
  facet normal  4.067386e-01  9.135447e-01  0.000000e+00
    outer loop
      vertex -8.611803e+01 -5.740211e+01  5.000000e+01
      vertex -8.611803e+01 -5.740211e+01  4.430000e+01
      vertex -8.650000e+01 -5.723205e+01  4.430000e+01
    endloop
  endfacet
  facet normal  4.067386e-01  9.135447e-01  -0.000000e+00
    outer loop
      vertex -8.611803e+01 -5.740211e+01  5.000000e+01
      vertex -8.650000e+01 -5.723205e+01  4.430000e+01
      vertex -8.650000e+01 -5.723205e+01  5.000000e+01
    endloop
  endfacet
  facet normal  5.877827e-01  8.090189e-01  0.000000e+00
    outer loop
      vertex -8.650000e+01 -5.723205e+01  5.000000e+01
      vertex -8.650000e+01 -5.723205e+01  4.430000e+01
      vertex -8.683826e+01 -5.698629e+01  4.430000e+01
    endloop
  endfacet
  facet normal  5.877827e-01  8.090189e-01  -0.000000e+00
    outer loop
      vertex -8.650000e+01 -5.723205e+01  5.000000e+01
      vertex -8.683826e+01 -5.698629e+01  4.430000e+01
      vertex -8.683826e+01 -5.698629e+01  5.000000e+01
    endloop
  endfacet
  facet normal  7.431476e-01  6.691275e-01  0.000000e+00
    outer loop
      vertex -8.683826e+01 -5.698629e+01  5.000000e+01
      vertex -8.683826e+01 -5.698629e+01  4.430000e+01
      vertex -8.711803e+01 -5.667557e+01  4.430000e+01
    endloop
  endfacet
  facet normal  7.431476e-01  6.691275e-01  -0.000000e+00
    outer loop
      vertex -8.683826e+01 -5.698629e+01  5.000000e+01
      vertex -8.711803e+01 -5.667557e+01  4.430000e+01
      vertex -8.711803e+01 -5.667557e+01  5.000000e+01
    endloop
  endfacet
  facet normal  8.660304e-01  4.999915e-01  0.000000e+00
    outer loop
      vertex -8.711803e+01 -5.667557e+01  5.000000e+01
      vertex -8.711803e+01 -5.667557e+01  4.430000e+01
      vertex -8.732709e+01 -5.631347e+01  4.430000e+01
    endloop
  endfacet
  facet normal  8.660304e-01  4.999915e-01  -0.000000e+00
    outer loop
      vertex -8.711803e+01 -5.667557e+01  5.000000e+01
      vertex -8.732709e+01 -5.631347e+01  4.430000e+01
      vertex -8.732709e+01 -5.631347e+01  5.000000e+01
    endloop
  endfacet
  facet normal  9.510510e-01  3.090339e-01  0.000000e+00
    outer loop
      vertex -8.732709e+01 -5.631347e+01  5.000000e+01
      vertex -8.732709e+01 -5.631347e+01  4.430000e+01
      vertex -8.745630e+01 -5.591582e+01  4.430000e+01
    endloop
  endfacet
  facet normal  9.510510e-01  3.090339e-01  -0.000000e+00
    outer loop
      vertex -8.732709e+01 -5.631347e+01  5.000000e+01
      vertex -8.745630e+01 -5.591582e+01  4.430000e+01
      vertex -8.745630e+01 -5.591582e+01  5.000000e+01
    endloop
  endfacet
  facet normal  9.945229e-01  1.045195e-01  0.000000e+00
    outer loop
      vertex -8.745630e+01 -5.591582e+01  5.000000e+01
      vertex -8.745630e+01 -5.591582e+01  4.430000e+01
      vertex -8.750000e+01 -5.550000e+01  4.430000e+01
    endloop
  endfacet
  facet normal  9.945229e-01  1.045195e-01  -0.000000e+00
    outer loop
      vertex -8.745630e+01 -5.591582e+01  5.000000e+01
      vertex -8.750000e+01 -5.550000e+01  4.430000e+01
      vertex -8.750000e+01 -5.550000e+01  5.000000e+01
    endloop
  endfacet
  facet normal  2.079100e-01  9.781479e-01  0.000000e+00
    outer loop
      vertex -8.611803e+01 -5.740211e+01  4.430000e+01
      vertex -8.570906e+01 -5.748904e+01  5.000000e+01
      vertex -8.570906e+01 -5.748904e+01  4.430000e+01
    endloop
  endfacet
  facet normal  0.000000e+00  1.000000e+00  0.000000e+00
    outer loop
      vertex -8.570906e+01 -5.748904e+01  4.430000e+01
      vertex -8.570906e+01 -5.748904e+01  5.000000e+01
      vertex -8.529094e+01 -5.748904e+01  5.000000e+01
    endloop
  endfacet
  facet normal  0.000000e+00  1.000000e+00  0.000000e+00
    outer loop
      vertex -8.570906e+01 -5.748904e+01  4.430000e+01
      vertex -8.529094e+01 -5.748904e+01  5.000000e+01
      vertex -8.529094e+01 -5.748904e+01  4.430000e+01
    endloop
  endfacet
  facet normal -2.079100e-01  9.781479e-01  0.000000e+00
    outer loop
      vertex -8.529094e+01 -5.748904e+01  4.430000e+01
      vertex -8.529094e+01 -5.748904e+01  5.000000e+01
      vertex -8.488197e+01 -5.740211e+01  5.000000e+01
    endloop
  endfacet
  facet normal -2.079100e-01  9.781479e-01  0.000000e+00
    outer loop
      vertex -8.529094e+01 -5.748904e+01  4.430000e+01
      vertex -8.488197e+01 -5.740211e+01  5.000000e+01
      vertex -8.488197e+01 -5.740211e+01  4.430000e+01
    endloop
  endfacet
  facet normal -4.067386e-01  9.135447e-01  0.000000e+00
    outer loop
      vertex -8.488197e+01 -5.740211e+01  4.430000e+01
      vertex -8.488197e+01 -5.740211e+01  5.000000e+01
      vertex -8.450000e+01 -5.723205e+01  5.000000e+01
    endloop
  endfacet
  facet normal -4.067386e-01  9.135447e-01  0.000000e+00
    outer loop
      vertex -8.488197e+01 -5.740211e+01  4.430000e+01
      vertex -8.450000e+01 -5.723205e+01  5.000000e+01
      vertex -8.450000e+01 -5.723205e+01  4.430000e+01
    endloop
  endfacet
  facet normal -5.877827e-01  8.090189e-01  0.000000e+00
    outer loop
      vertex -8.450000e+01 -5.723205e+01  4.430000e+01
      vertex -8.450000e+01 -5.723205e+01  5.000000e+01
      vertex -8.416174e+01 -5.698629e+01  5.000000e+01
    endloop
  endfacet
  facet normal -5.877827e-01  8.090189e-01  0.000000e+00
    outer loop
      vertex -8.450000e+01 -5.723205e+01  4.430000e+01
      vertex -8.416174e+01 -5.698629e+01  5.000000e+01
      vertex -8.416174e+01 -5.698629e+01  4.430000e+01
    endloop
  endfacet
  facet normal -7.431476e-01  6.691275e-01  0.000000e+00
    outer loop
      vertex -8.416174e+01 -5.698629e+01  4.430000e+01
      vertex -8.416174e+01 -5.698629e+01  5.000000e+01
      vertex -8.388197e+01 -5.667557e+01  5.000000e+01
    endloop
  endfacet
  facet normal -7.431476e-01  6.691275e-01  0.000000e+00
    outer loop
      vertex -8.416174e+01 -5.698629e+01  4.430000e+01
      vertex -8.388197e+01 -5.667557e+01  5.000000e+01
      vertex -8.388197e+01 -5.667557e+01  4.430000e+01
    endloop
  endfacet
  facet normal -8.660304e-01  4.999915e-01  0.000000e+00
    outer loop
      vertex -8.388197e+01 -5.667557e+01  4.430000e+01
      vertex -8.388197e+01 -5.667557e+01  5.000000e+01
      vertex -8.367291e+01 -5.631347e+01  5.000000e+01
    endloop
  endfacet
  facet normal -8.660304e-01  4.999915e-01  0.000000e+00
    outer loop
      vertex -8.388197e+01 -5.667557e+01  4.430000e+01
      vertex -8.367291e+01 -5.631347e+01  5.000000e+01
      vertex -8.367291e+01 -5.631347e+01  4.430000e+01
    endloop
  endfacet
  facet normal -9.510510e-01  3.090339e-01  0.000000e+00
    outer loop
      vertex -8.367291e+01 -5.631347e+01  4.430000e+01
      vertex -8.367291e+01 -5.631347e+01  5.000000e+01
      vertex -8.354370e+01 -5.591582e+01  5.000000e+01
    endloop
  endfacet
  facet normal -9.510510e-01  3.090339e-01  0.000000e+00
    outer loop
      vertex -8.367291e+01 -5.631347e+01  4.430000e+01
      vertex -8.354370e+01 -5.591582e+01  5.000000e+01
      vertex -8.354370e+01 -5.591582e+01  4.430000e+01
    endloop
  endfacet
  facet normal -9.945229e-01  1.045195e-01  0.000000e+00
    outer loop
      vertex -8.354370e+01 -5.591582e+01  4.430000e+01
      vertex -8.354370e+01 -5.591582e+01  5.000000e+01
      vertex -8.350000e+01 -5.550000e+01  5.000000e+01
    endloop
  endfacet
  facet normal -9.945229e-01  1.045195e-01  0.000000e+00
    outer loop
      vertex -8.354370e+01 -5.591582e+01  4.430000e+01
      vertex -8.350000e+01 -5.550000e+01  5.000000e+01
      vertex -8.350000e+01 -5.550000e+01  4.430000e+01
    endloop
  endfacet
  facet normal -2.079100e-01 -9.781479e-01  0.000000e+00
    outer loop
      vertex -8.529094e+01 -5.351096e+01  5.000000e+01
      vertex -8.488197e+01 -5.359789e+01  4.430000e+01
      vertex -8.488197e+01 -5.359789e+01  5.000000e+01
    endloop
  endfacet
  facet normal -4.067386e-01 -9.135447e-01  -0.000000e+00
    outer loop
      vertex -8.488197e+01 -5.359789e+01  5.000000e+01
      vertex -8.488197e+01 -5.359789e+01  4.430000e+01
      vertex -8.450000e+01 -5.376795e+01  4.430000e+01
    endloop
  endfacet
  facet normal -4.067386e-01 -9.135447e-01  0.000000e+00
    outer loop
      vertex -8.488197e+01 -5.359789e+01  5.000000e+01
      vertex -8.450000e+01 -5.376795e+01  4.430000e+01
      vertex -8.450000e+01 -5.376795e+01  5.000000e+01
    endloop
  endfacet
  facet normal -5.877827e-01 -8.090189e-01  -0.000000e+00
    outer loop
      vertex -8.450000e+01 -5.376795e+01  5.000000e+01
      vertex -8.450000e+01 -5.376795e+01  4.430000e+01
      vertex -8.416174e+01 -5.401371e+01  4.430000e+01
    endloop
  endfacet
  facet normal -5.877827e-01 -8.090189e-01  0.000000e+00
    outer loop
      vertex -8.450000e+01 -5.376795e+01  5.000000e+01
      vertex -8.416174e+01 -5.401371e+01  4.430000e+01
      vertex -8.416174e+01 -5.401371e+01  5.000000e+01
    endloop
  endfacet
  facet normal -7.431476e-01 -6.691275e-01  -0.000000e+00
    outer loop
      vertex -8.416174e+01 -5.401371e+01  5.000000e+01
      vertex -8.416174e+01 -5.401371e+01  4.430000e+01
      vertex -8.388197e+01 -5.432443e+01  4.430000e+01
    endloop
  endfacet
  facet normal -7.431476e-01 -6.691275e-01  0.000000e+00
    outer loop
      vertex -8.416174e+01 -5.401371e+01  5.000000e+01
      vertex -8.388197e+01 -5.432443e+01  4.430000e+01
      vertex -8.388197e+01 -5.432443e+01  5.000000e+01
    endloop
  endfacet
  facet normal -8.660304e-01 -4.999915e-01  -0.000000e+00
    outer loop
      vertex -8.388197e+01 -5.432443e+01  5.000000e+01
      vertex -8.388197e+01 -5.432443e+01  4.430000e+01
      vertex -8.367291e+01 -5.468653e+01  4.430000e+01
    endloop
  endfacet
  facet normal -8.660304e-01 -4.999915e-01  0.000000e+00
    outer loop
      vertex -8.388197e+01 -5.432443e+01  5.000000e+01
      vertex -8.367291e+01 -5.468653e+01  4.430000e+01
      vertex -8.367291e+01 -5.468653e+01  5.000000e+01
    endloop
  endfacet
  facet normal -9.510510e-01 -3.090339e-01  -0.000000e+00
    outer loop
      vertex -8.367291e+01 -5.468653e+01  5.000000e+01
      vertex -8.367291e+01 -5.468653e+01  4.430000e+01
      vertex -8.354370e+01 -5.508418e+01  4.430000e+01
    endloop
  endfacet
  facet normal -9.510510e-01 -3.090339e-01  0.000000e+00
    outer loop
      vertex -8.367291e+01 -5.468653e+01  5.000000e+01
      vertex -8.354370e+01 -5.508418e+01  4.430000e+01
      vertex -8.354370e+01 -5.508418e+01  5.000000e+01
    endloop
  endfacet
  facet normal -9.945229e-01 -1.045195e-01  -0.000000e+00
    outer loop
      vertex -8.354370e+01 -5.508418e+01  5.000000e+01
      vertex -8.354370e+01 -5.508418e+01  4.430000e+01
      vertex -8.350000e+01 -5.550000e+01  4.430000e+01
    endloop
  endfacet
  facet normal -9.945229e-01 -1.045195e-01  0.000000e+00
    outer loop
      vertex -8.354370e+01 -5.508418e+01  5.000000e+01
      vertex -8.350000e+01 -5.550000e+01  4.430000e+01
      vertex -8.350000e+01 -5.550000e+01  5.000000e+01
    endloop
  endfacet
  facet normal -2.079100e-01 -9.781479e-01  -0.000000e+00
    outer loop
      vertex -8.488197e+01 -5.359789e+01  4.430000e+01
      vertex -8.529094e+01 -5.351096e+01  5.000000e+01
      vertex -8.529094e+01 -5.351096e+01  4.430000e+01
    endloop
  endfacet
  facet normal  0.000000e+00 -1.000000e+00  0.000000e+00
    outer loop
      vertex -8.529094e+01 -5.351096e+01  4.430000e+01
      vertex -8.529094e+01 -5.351096e+01  5.000000e+01
      vertex -8.570906e+01 -5.351096e+01  5.000000e+01
    endloop
  endfacet
  facet normal  0.000000e+00 -1.000000e+00  0.000000e+00
    outer loop
      vertex -8.529094e+01 -5.351096e+01  4.430000e+01
      vertex -8.570906e+01 -5.351096e+01  5.000000e+01
      vertex -8.570906e+01 -5.351096e+01  4.430000e+01
    endloop
  endfacet
  facet normal  2.079100e-01 -9.781479e-01  0.000000e+00
    outer loop
      vertex -8.570906e+01 -5.351096e+01  4.430000e+01
      vertex -8.570906e+01 -5.351096e+01  5.000000e+01
      vertex -8.611803e+01 -5.359789e+01  5.000000e+01
    endloop
  endfacet
  facet normal  2.079100e-01 -9.781479e-01  0.000000e+00
    outer loop
      vertex -8.570906e+01 -5.351096e+01  4.430000e+01
      vertex -8.611803e+01 -5.359789e+01  5.000000e+01
      vertex -8.611803e+01 -5.359789e+01  4.430000e+01
    endloop
  endfacet
  facet normal  4.067386e-01 -9.135447e-01  0.000000e+00
    outer loop
      vertex -8.611803e+01 -5.359789e+01  4.430000e+01
      vertex -8.611803e+01 -5.359789e+01  5.000000e+01
      vertex -8.650000e+01 -5.376795e+01  5.000000e+01
    endloop
  endfacet
  facet normal  4.067386e-01 -9.135447e-01  0.000000e+00
    outer loop
      vertex -8.611803e+01 -5.359789e+01  4.430000e+01
      vertex -8.650000e+01 -5.376795e+01  5.000000e+01
      vertex -8.650000e+01 -5.376795e+01  4.430000e+01
    endloop
  endfacet
  facet normal  5.877827e-01 -8.090189e-01  0.000000e+00
    outer loop
      vertex -8.650000e+01 -5.376795e+01  4.430000e+01
      vertex -8.650000e+01 -5.376795e+01  5.000000e+01
      vertex -8.683826e+01 -5.401371e+01  5.000000e+01
    endloop
  endfacet
  facet normal  5.877827e-01 -8.090189e-01  0.000000e+00
    outer loop
      vertex -8.650000e+01 -5.376795e+01  4.430000e+01
      vertex -8.683826e+01 -5.401371e+01  5.000000e+01
      vertex -8.683826e+01 -5.401371e+01  4.430000e+01
    endloop
  endfacet
  facet normal  7.431476e-01 -6.691275e-01  0.000000e+00
    outer loop
      vertex -8.683826e+01 -5.401371e+01  4.430000e+01
      vertex -8.683826e+01 -5.401371e+01  5.000000e+01
      vertex -8.711803e+01 -5.432443e+01  5.000000e+01
    endloop
  endfacet
  facet normal  7.431476e-01 -6.691275e-01  0.000000e+00
    outer loop
      vertex -8.683826e+01 -5.401371e+01  4.430000e+01
      vertex -8.711803e+01 -5.432443e+01  5.000000e+01
      vertex -8.711803e+01 -5.432443e+01  4.430000e+01
    endloop
  endfacet
  facet normal  8.660304e-01 -4.999915e-01  0.000000e+00
    outer loop
      vertex -8.711803e+01 -5.432443e+01  4.430000e+01
      vertex -8.711803e+01 -5.432443e+01  5.000000e+01
      vertex -8.732709e+01 -5.468653e+01  5.000000e+01
    endloop
  endfacet
  facet normal  8.660304e-01 -4.999915e-01  0.000000e+00
    outer loop
      vertex -8.711803e+01 -5.432443e+01  4.430000e+01
      vertex -8.732709e+01 -5.468653e+01  5.000000e+01
      vertex -8.732709e+01 -5.468653e+01  4.430000e+01
    endloop
  endfacet
  facet normal  9.510510e-01 -3.090339e-01  0.000000e+00
    outer loop
      vertex -8.732709e+01 -5.468653e+01  4.430000e+01
      vertex -8.732709e+01 -5.468653e+01  5.000000e+01
      vertex -8.745630e+01 -5.508418e+01  5.000000e+01
    endloop
  endfacet
  facet normal  9.510510e-01 -3.090339e-01  0.000000e+00
    outer loop
      vertex -8.732709e+01 -5.468653e+01  4.430000e+01
      vertex -8.745630e+01 -5.508418e+01  5.000000e+01
      vertex -8.745630e+01 -5.508418e+01  4.430000e+01
    endloop
  endfacet
  facet normal  9.945229e-01 -1.045195e-01  0.000000e+00
    outer loop
      vertex -8.745630e+01 -5.508418e+01  4.430000e+01
      vertex -8.745630e+01 -5.508418e+01  5.000000e+01
      vertex -8.750000e+01 -5.550000e+01  5.000000e+01
    endloop
  endfacet
  facet normal  9.945229e-01 -1.045195e-01  0.000000e+00
    outer loop
      vertex -8.745630e+01 -5.508418e+01  4.430000e+01
      vertex -8.750000e+01 -5.550000e+01  5.000000e+01
      vertex -8.750000e+01 -5.550000e+01  4.430000e+01
    endloop
  endfacet
  facet normal  0.000000e+00  0.000000e+00  1.000000e+00
    outer loop
      vertex -8.354370e+01 -5.508418e+01  4.430000e+01
      vertex -8.354370e+01 -5.591582e+01  4.430000e+01
      vertex -8.350000e+01 -5.550000e+01  4.430000e+01
    endloop
  endfacet
  facet normal  0.000000e+00  -0.000000e+00  1.000000e+00
    outer loop
      vertex -8.750000e+01 -5.550000e+01  4.430000e+01
      vertex -8.745630e+01 -5.591582e+01  4.430000e+01
      vertex -8.745630e+01 -5.508418e+01  4.430000e+01
    endloop
  endfacet
  facet normal  0.000000e+00  0.000000e+00  1.000000e+00
    outer loop
      vertex -8.745630e+01 -5.508418e+01  4.430000e+01
      vertex -8.745630e+01 -5.591582e+01  4.430000e+01
      vertex -8.732709e+01 -5.631347e+01  4.430000e+01
    endloop
  endfacet
  facet normal  0.000000e+00  -0.000000e+00  9.999999e-01
    outer loop
      vertex -8.745630e+01 -5.508418e+01  4.430000e+01
      vertex -8.732709e+01 -5.631347e+01  4.430000e+01
      vertex -8.732709e+01 -5.468653e+01  4.430000e+01
    endloop
  endfacet
  facet normal  0.000000e+00  0.000000e+00  1.000000e+00
    outer loop
      vertex -8.732709e+01 -5.468653e+01  4.430000e+01
      vertex -8.732709e+01 -5.631347e+01  4.430000e+01
      vertex -8.711803e+01 -5.667557e+01  4.430000e+01
    endloop
  endfacet
  facet normal  0.000000e+00  -0.000000e+00  1.000000e+00
    outer loop
      vertex -8.732709e+01 -5.468653e+01  4.430000e+01
      vertex -8.711803e+01 -5.667557e+01  4.430000e+01
      vertex -8.711803e+01 -5.432443e+01  4.430000e+01
    endloop
  endfacet
  facet normal  0.000000e+00  0.000000e+00  1.000000e+00
    outer loop
      vertex -8.711803e+01 -5.432443e+01  4.430000e+01
      vertex -8.711803e+01 -5.667557e+01  4.430000e+01
      vertex -8.683826e+01 -5.698629e+01  4.430000e+01
    endloop
  endfacet
  facet normal  0.000000e+00  -0.000000e+00  9.999999e-01
    outer loop
      vertex -8.711803e+01 -5.432443e+01  4.430000e+01
      vertex -8.683826e+01 -5.698629e+01  4.430000e+01
      vertex -8.683826e+01 -5.401371e+01  4.430000e+01
    endloop
  endfacet
  facet normal  0.000000e+00  0.000000e+00  1.000000e+00
    outer loop
      vertex -8.683826e+01 -5.401371e+01  4.430000e+01
      vertex -8.683826e+01 -5.698629e+01  4.430000e+01
      vertex -8.650000e+01 -5.723205e+01  4.430000e+01
    endloop
  endfacet
  facet normal  0.000000e+00  -0.000000e+00  1.000000e+00
    outer loop
      vertex -8.683826e+01 -5.401371e+01  4.430000e+01
      vertex -8.650000e+01 -5.723205e+01  4.430000e+01
      vertex -8.650000e+01 -5.376795e+01  4.430000e+01
    endloop
  endfacet
  facet normal  0.000000e+00  0.000000e+00  1.000000e+00
    outer loop
      vertex -8.650000e+01 -5.376795e+01  4.430000e+01
      vertex -8.650000e+01 -5.723205e+01  4.430000e+01
      vertex -8.611803e+01 -5.740211e+01  4.430000e+01
    endloop
  endfacet
  facet normal  0.000000e+00  -0.000000e+00  1.000000e+00
    outer loop
      vertex -8.650000e+01 -5.376795e+01  4.430000e+01
      vertex -8.611803e+01 -5.740211e+01  4.430000e+01
      vertex -8.611803e+01 -5.359789e+01  4.430000e+01
    endloop
  endfacet
  facet normal  0.000000e+00  0.000000e+00  9.999999e-01
    outer loop
      vertex -8.611803e+01 -5.359789e+01  4.430000e+01
      vertex -8.611803e+01 -5.740211e+01  4.430000e+01
      vertex -8.570906e+01 -5.748904e+01  4.430000e+01
    endloop
  endfacet
  facet normal  0.000000e+00  -0.000000e+00  1.000000e+00
    outer loop
      vertex -8.611803e+01 -5.359789e+01  4.430000e+01
      vertex -8.570906e+01 -5.748904e+01  4.430000e+01
      vertex -8.570906e+01 -5.351096e+01  4.430000e+01
    endloop
  endfacet
  facet normal  0.000000e+00  0.000000e+00  9.999999e-01
    outer loop
      vertex -8.570906e+01 -5.351096e+01  4.430000e+01
      vertex -8.570906e+01 -5.748904e+01  4.430000e+01
      vertex -8.529094e+01 -5.748904e+01  4.430000e+01
    endloop
  endfacet
  facet normal  0.000000e+00  -0.000000e+00  9.999999e-01
    outer loop
      vertex -8.570906e+01 -5.351096e+01  4.430000e+01
      vertex -8.529094e+01 -5.748904e+01  4.430000e+01
      vertex -8.529094e+01 -5.351096e+01  4.430000e+01
    endloop
  endfacet
  facet normal  0.000000e+00  0.000000e+00  1.000000e+00
    outer loop
      vertex -8.529094e+01 -5.351096e+01  4.430000e+01
      vertex -8.529094e+01 -5.748904e+01  4.430000e+01
      vertex -8.488197e+01 -5.740211e+01  4.430000e+01
    endloop
  endfacet
  facet normal  0.000000e+00  -0.000000e+00  9.999999e-01
    outer loop
      vertex -8.529094e+01 -5.351096e+01  4.430000e+01
      vertex -8.488197e+01 -5.740211e+01  4.430000e+01
      vertex -8.488197e+01 -5.359789e+01  4.430000e+01
    endloop
  endfacet
  facet normal  0.000000e+00  0.000000e+00  1.000000e+00
    outer loop
      vertex -8.488197e+01 -5.359789e+01  4.430000e+01
      vertex -8.488197e+01 -5.740211e+01  4.430000e+01
      vertex -8.450000e+01 -5.723205e+01  4.430000e+01
    endloop
  endfacet
  facet normal  0.000000e+00  -0.000000e+00  1.000000e+00
    outer loop
      vertex -8.488197e+01 -5.359789e+01  4.430000e+01
      vertex -8.450000e+01 -5.723205e+01  4.430000e+01
      vertex -8.450000e+01 -5.376795e+01  4.430000e+01
    endloop
  endfacet
  facet normal  0.000000e+00  0.000000e+00  1.000000e+00
    outer loop
      vertex -8.450000e+01 -5.376795e+01  4.430000e+01
      vertex -8.450000e+01 -5.723205e+01  4.430000e+01
      vertex -8.416174e+01 -5.698629e+01  4.430000e+01
    endloop
  endfacet
  facet normal  0.000000e+00  -0.000000e+00  1.000000e+00
    outer loop
      vertex -8.450000e+01 -5.376795e+01  4.430000e+01
      vertex -8.416174e+01 -5.698629e+01  4.430000e+01
      vertex -8.416174e+01 -5.401371e+01  4.430000e+01
    endloop
  endfacet
  facet normal  0.000000e+00  0.000000e+00  9.999999e-01
    outer loop
      vertex -8.416174e+01 -5.401371e+01  4.430000e+01
      vertex -8.416174e+01 -5.698629e+01  4.430000e+01
      vertex -8.388197e+01 -5.667557e+01  4.430000e+01
    endloop
  endfacet
  facet normal  0.000000e+00  -0.000000e+00  1.000000e+00
    outer loop
      vertex -8.416174e+01 -5.401371e+01  4.430000e+01
      vertex -8.388197e+01 -5.667557e+01  4.430000e+01
      vertex -8.388197e+01 -5.432443e+01  4.430000e+01
    endloop
  endfacet
  facet normal  0.000000e+00  0.000000e+00  1.000000e+00
    outer loop
      vertex -8.388197e+01 -5.432443e+01  4.430000e+01
      vertex -8.388197e+01 -5.667557e+01  4.430000e+01
      vertex -8.367291e+01 -5.631347e+01  4.430000e+01
    endloop
  endfacet
  facet normal  0.000000e+00  -0.000000e+00  1.000000e+00
    outer loop
      vertex -8.388197e+01 -5.432443e+01  4.430000e+01
      vertex -8.367291e+01 -5.631347e+01  4.430000e+01
      vertex -8.367291e+01 -5.468653e+01  4.430000e+01
    endloop
  endfacet
  facet normal  0.000000e+00  0.000000e+00  9.999999e-01
    outer loop
      vertex -8.367291e+01 -5.468653e+01  4.430000e+01
      vertex -8.367291e+01 -5.631347e+01  4.430000e+01
      vertex -8.354370e+01 -5.591582e+01  4.430000e+01
    endloop
  endfacet
  facet normal  0.000000e+00  -0.000000e+00  1.000000e+00
    outer loop
      vertex -8.367291e+01 -5.468653e+01  4.430000e+01
      vertex -8.354370e+01 -5.591582e+01  4.430000e+01
      vertex -8.354370e+01 -5.508418e+01  4.430000e+01
    endloop
  endfacet
  facet normal  2.079100e-01  9.781479e-01  -0.000000e+00
    outer loop
      vertex  8.529094e+01 -5.748904e+01  5.000000e+01
      vertex  8.488197e+01 -5.740211e+01  4.430000e+01
      vertex  8.488197e+01 -5.740211e+01  5.000000e+01
    endloop
  endfacet
  facet normal  4.067386e-01  9.135447e-01  0.000000e+00
    outer loop
      vertex  8.488197e+01 -5.740211e+01  5.000000e+01
      vertex  8.488197e+01 -5.740211e+01  4.430000e+01
      vertex  8.450000e+01 -5.723205e+01  4.430000e+01
    endloop
  endfacet
  facet normal  4.067386e-01  9.135447e-01  -0.000000e+00
    outer loop
      vertex  8.488197e+01 -5.740211e+01  5.000000e+01
      vertex  8.450000e+01 -5.723205e+01  4.430000e+01
      vertex  8.450000e+01 -5.723205e+01  5.000000e+01
    endloop
  endfacet
  facet normal  5.877827e-01  8.090189e-01  0.000000e+00
    outer loop
      vertex  8.450000e+01 -5.723205e+01  5.000000e+01
      vertex  8.450000e+01 -5.723205e+01  4.430000e+01
      vertex  8.416174e+01 -5.698629e+01  4.430000e+01
    endloop
  endfacet
  facet normal  5.877827e-01  8.090189e-01  -0.000000e+00
    outer loop
      vertex  8.450000e+01 -5.723205e+01  5.000000e+01
      vertex  8.416174e+01 -5.698629e+01  4.430000e+01
      vertex  8.416174e+01 -5.698629e+01  5.000000e+01
    endloop
  endfacet
  facet normal  7.431476e-01  6.691275e-01  0.000000e+00
    outer loop
      vertex  8.416174e+01 -5.698629e+01  5.000000e+01
      vertex  8.416174e+01 -5.698629e+01  4.430000e+01
      vertex  8.388197e+01 -5.667557e+01  4.430000e+01
    endloop
  endfacet
  facet normal  7.431476e-01  6.691275e-01  -0.000000e+00
    outer loop
      vertex  8.416174e+01 -5.698629e+01  5.000000e+01
      vertex  8.388197e+01 -5.667557e+01  4.430000e+01
      vertex  8.388197e+01 -5.667557e+01  5.000000e+01
    endloop
  endfacet
  facet normal  8.660304e-01  4.999915e-01  0.000000e+00
    outer loop
      vertex  8.388197e+01 -5.667557e+01  5.000000e+01
      vertex  8.388197e+01 -5.667557e+01  4.430000e+01
      vertex  8.367291e+01 -5.631347e+01  4.430000e+01
    endloop
  endfacet
  facet normal  8.660304e-01  4.999915e-01  -0.000000e+00
    outer loop
      vertex  8.388197e+01 -5.667557e+01  5.000000e+01
      vertex  8.367291e+01 -5.631347e+01  4.430000e+01
      vertex  8.367291e+01 -5.631347e+01  5.000000e+01
    endloop
  endfacet
  facet normal  9.510510e-01  3.090339e-01  0.000000e+00
    outer loop
      vertex  8.367291e+01 -5.631347e+01  5.000000e+01
      vertex  8.367291e+01 -5.631347e+01  4.430000e+01
      vertex  8.354370e+01 -5.591582e+01  4.430000e+01
    endloop
  endfacet
  facet normal  9.510510e-01  3.090339e-01  -0.000000e+00
    outer loop
      vertex  8.367291e+01 -5.631347e+01  5.000000e+01
      vertex  8.354370e+01 -5.591582e+01  4.430000e+01
      vertex  8.354370e+01 -5.591582e+01  5.000000e+01
    endloop
  endfacet
  facet normal  9.945229e-01  1.045195e-01  0.000000e+00
    outer loop
      vertex  8.354370e+01 -5.591582e+01  5.000000e+01
      vertex  8.354370e+01 -5.591582e+01  4.430000e+01
      vertex  8.350000e+01 -5.550000e+01  4.430000e+01
    endloop
  endfacet
  facet normal  9.945229e-01  1.045195e-01  -0.000000e+00
    outer loop
      vertex  8.354370e+01 -5.591582e+01  5.000000e+01
      vertex  8.350000e+01 -5.550000e+01  4.430000e+01
      vertex  8.350000e+01 -5.550000e+01  5.000000e+01
    endloop
  endfacet
  facet normal  2.079100e-01  9.781479e-01  0.000000e+00
    outer loop
      vertex  8.488197e+01 -5.740211e+01  4.430000e+01
      vertex  8.529094e+01 -5.748904e+01  5.000000e+01
      vertex  8.529094e+01 -5.748904e+01  4.430000e+01
    endloop
  endfacet
  facet normal  0.000000e+00  1.000000e+00  0.000000e+00
    outer loop
      vertex  8.529094e+01 -5.748904e+01  4.430000e+01
      vertex  8.529094e+01 -5.748904e+01  5.000000e+01
      vertex  8.570906e+01 -5.748904e+01  5.000000e+01
    endloop
  endfacet
  facet normal  0.000000e+00  1.000000e+00  0.000000e+00
    outer loop
      vertex  8.529094e+01 -5.748904e+01  4.430000e+01
      vertex  8.570906e+01 -5.748904e+01  5.000000e+01
      vertex  8.570906e+01 -5.748904e+01  4.430000e+01
    endloop
  endfacet
  facet normal -2.079100e-01  9.781479e-01  0.000000e+00
    outer loop
      vertex  8.570906e+01 -5.748904e+01  4.430000e+01
      vertex  8.570906e+01 -5.748904e+01  5.000000e+01
      vertex  8.611803e+01 -5.740211e+01  5.000000e+01
    endloop
  endfacet
  facet normal -2.079100e-01  9.781479e-01  0.000000e+00
    outer loop
      vertex  8.570906e+01 -5.748904e+01  4.430000e+01
      vertex  8.611803e+01 -5.740211e+01  5.000000e+01
      vertex  8.611803e+01 -5.740211e+01  4.430000e+01
    endloop
  endfacet
  facet normal -4.067386e-01  9.135447e-01  0.000000e+00
    outer loop
      vertex  8.611803e+01 -5.740211e+01  4.430000e+01
      vertex  8.611803e+01 -5.740211e+01  5.000000e+01
      vertex  8.650000e+01 -5.723205e+01  5.000000e+01
    endloop
  endfacet
  facet normal -4.067386e-01  9.135447e-01  0.000000e+00
    outer loop
      vertex  8.611803e+01 -5.740211e+01  4.430000e+01
      vertex  8.650000e+01 -5.723205e+01  5.000000e+01
      vertex  8.650000e+01 -5.723205e+01  4.430000e+01
    endloop
  endfacet
  facet normal -5.877827e-01  8.090189e-01  0.000000e+00
    outer loop
      vertex  8.650000e+01 -5.723205e+01  4.430000e+01
      vertex  8.650000e+01 -5.723205e+01  5.000000e+01
      vertex  8.683826e+01 -5.698629e+01  5.000000e+01
    endloop
  endfacet
  facet normal -5.877827e-01  8.090189e-01  0.000000e+00
    outer loop
      vertex  8.650000e+01 -5.723205e+01  4.430000e+01
      vertex  8.683826e+01 -5.698629e+01  5.000000e+01
      vertex  8.683826e+01 -5.698629e+01  4.430000e+01
    endloop
  endfacet
  facet normal -7.431476e-01  6.691275e-01  0.000000e+00
    outer loop
      vertex  8.683826e+01 -5.698629e+01  4.430000e+01
      vertex  8.683826e+01 -5.698629e+01  5.000000e+01
      vertex  8.711803e+01 -5.667557e+01  5.000000e+01
    endloop
  endfacet
  facet normal -7.431476e-01  6.691275e-01  0.000000e+00
    outer loop
      vertex  8.683826e+01 -5.698629e+01  4.430000e+01
      vertex  8.711803e+01 -5.667557e+01  5.000000e+01
      vertex  8.711803e+01 -5.667557e+01  4.430000e+01
    endloop
  endfacet
  facet normal -8.660304e-01  4.999915e-01  0.000000e+00
    outer loop
      vertex  8.711803e+01 -5.667557e+01  4.430000e+01
      vertex  8.711803e+01 -5.667557e+01  5.000000e+01
      vertex  8.732709e+01 -5.631347e+01  5.000000e+01
    endloop
  endfacet
  facet normal -8.660304e-01  4.999915e-01  0.000000e+00
    outer loop
      vertex  8.711803e+01 -5.667557e+01  4.430000e+01
      vertex  8.732709e+01 -5.631347e+01  5.000000e+01
      vertex  8.732709e+01 -5.631347e+01  4.430000e+01
    endloop
  endfacet
  facet normal -9.510510e-01  3.090339e-01  0.000000e+00
    outer loop
      vertex  8.732709e+01 -5.631347e+01  4.430000e+01
      vertex  8.732709e+01 -5.631347e+01  5.000000e+01
      vertex  8.745630e+01 -5.591582e+01  5.000000e+01
    endloop
  endfacet
  facet normal -9.510510e-01  3.090339e-01  0.000000e+00
    outer loop
      vertex  8.732709e+01 -5.631347e+01  4.430000e+01
      vertex  8.745630e+01 -5.591582e+01  5.000000e+01
      vertex  8.745630e+01 -5.591582e+01  4.430000e+01
    endloop
  endfacet
  facet normal -9.945229e-01  1.045195e-01  0.000000e+00
    outer loop
      vertex  8.745630e+01 -5.591582e+01  4.430000e+01
      vertex  8.745630e+01 -5.591582e+01  5.000000e+01
      vertex  8.750000e+01 -5.550000e+01  5.000000e+01
    endloop
  endfacet
  facet normal -9.945229e-01  1.045195e-01  0.000000e+00
    outer loop
      vertex  8.745630e+01 -5.591582e+01  4.430000e+01
      vertex  8.750000e+01 -5.550000e+01  5.000000e+01
      vertex  8.750000e+01 -5.550000e+01  4.430000e+01
    endloop
  endfacet
  facet normal -2.079100e-01 -9.781479e-01  0.000000e+00
    outer loop
      vertex  8.570906e+01 -5.351096e+01  5.000000e+01
      vertex  8.611803e+01 -5.359789e+01  4.430000e+01
      vertex  8.611803e+01 -5.359789e+01  5.000000e+01
    endloop
  endfacet
  facet normal -4.067386e-01 -9.135447e-01  -0.000000e+00
    outer loop
      vertex  8.611803e+01 -5.359789e+01  5.000000e+01
      vertex  8.611803e+01 -5.359789e+01  4.430000e+01
      vertex  8.650000e+01 -5.376795e+01  4.430000e+01
    endloop
  endfacet
  facet normal -4.067386e-01 -9.135447e-01  0.000000e+00
    outer loop
      vertex  8.611803e+01 -5.359789e+01  5.000000e+01
      vertex  8.650000e+01 -5.376795e+01  4.430000e+01
      vertex  8.650000e+01 -5.376795e+01  5.000000e+01
    endloop
  endfacet
  facet normal -5.877827e-01 -8.090189e-01  -0.000000e+00
    outer loop
      vertex  8.650000e+01 -5.376795e+01  5.000000e+01
      vertex  8.650000e+01 -5.376795e+01  4.430000e+01
      vertex  8.683826e+01 -5.401371e+01  4.430000e+01
    endloop
  endfacet
  facet normal -5.877827e-01 -8.090189e-01  0.000000e+00
    outer loop
      vertex  8.650000e+01 -5.376795e+01  5.000000e+01
      vertex  8.683826e+01 -5.401371e+01  4.430000e+01
      vertex  8.683826e+01 -5.401371e+01  5.000000e+01
    endloop
  endfacet
  facet normal -7.431476e-01 -6.691275e-01  -0.000000e+00
    outer loop
      vertex  8.683826e+01 -5.401371e+01  5.000000e+01
      vertex  8.683826e+01 -5.401371e+01  4.430000e+01
      vertex  8.711803e+01 -5.432443e+01  4.430000e+01
    endloop
  endfacet
  facet normal -7.431476e-01 -6.691275e-01  0.000000e+00
    outer loop
      vertex  8.683826e+01 -5.401371e+01  5.000000e+01
      vertex  8.711803e+01 -5.432443e+01  4.430000e+01
      vertex  8.711803e+01 -5.432443e+01  5.000000e+01
    endloop
  endfacet
  facet normal -8.660304e-01 -4.999915e-01  -0.000000e+00
    outer loop
      vertex  8.711803e+01 -5.432443e+01  5.000000e+01
      vertex  8.711803e+01 -5.432443e+01  4.430000e+01
      vertex  8.732709e+01 -5.468653e+01  4.430000e+01
    endloop
  endfacet
  facet normal -8.660304e-01 -4.999915e-01  0.000000e+00
    outer loop
      vertex  8.711803e+01 -5.432443e+01  5.000000e+01
      vertex  8.732709e+01 -5.468653e+01  4.430000e+01
      vertex  8.732709e+01 -5.468653e+01  5.000000e+01
    endloop
  endfacet
  facet normal -9.510510e-01 -3.090339e-01  -0.000000e+00
    outer loop
      vertex  8.732709e+01 -5.468653e+01  5.000000e+01
      vertex  8.732709e+01 -5.468653e+01  4.430000e+01
      vertex  8.745630e+01 -5.508418e+01  4.430000e+01
    endloop
  endfacet
  facet normal -9.510510e-01 -3.090339e-01  0.000000e+00
    outer loop
      vertex  8.732709e+01 -5.468653e+01  5.000000e+01
      vertex  8.745630e+01 -5.508418e+01  4.430000e+01
      vertex  8.745630e+01 -5.508418e+01  5.000000e+01
    endloop
  endfacet
  facet normal -9.945229e-01 -1.045195e-01  -0.000000e+00
    outer loop
      vertex  8.745630e+01 -5.508418e+01  5.000000e+01
      vertex  8.745630e+01 -5.508418e+01  4.430000e+01
      vertex  8.750000e+01 -5.550000e+01  4.430000e+01
    endloop
  endfacet
  facet normal -9.945229e-01 -1.045195e-01  0.000000e+00
    outer loop
      vertex  8.745630e+01 -5.508418e+01  5.000000e+01
      vertex  8.750000e+01 -5.550000e+01  4.430000e+01
      vertex  8.750000e+01 -5.550000e+01  5.000000e+01
    endloop
  endfacet
  facet normal -2.079100e-01 -9.781479e-01  -0.000000e+00
    outer loop
      vertex  8.611803e+01 -5.359789e+01  4.430000e+01
      vertex  8.570906e+01 -5.351096e+01  5.000000e+01
      vertex  8.570906e+01 -5.351096e+01  4.430000e+01
    endloop
  endfacet
  facet normal  0.000000e+00 -1.000000e+00  0.000000e+00
    outer loop
      vertex  8.570906e+01 -5.351096e+01  4.430000e+01
      vertex  8.570906e+01 -5.351096e+01  5.000000e+01
      vertex  8.529094e+01 -5.351096e+01  5.000000e+01
    endloop
  endfacet
  facet normal  0.000000e+00 -1.000000e+00  0.000000e+00
    outer loop
      vertex  8.570906e+01 -5.351096e+01  4.430000e+01
      vertex  8.529094e+01 -5.351096e+01  5.000000e+01
      vertex  8.529094e+01 -5.351096e+01  4.430000e+01
    endloop
  endfacet
  facet normal  2.079100e-01 -9.781479e-01  0.000000e+00
    outer loop
      vertex  8.529094e+01 -5.351096e+01  4.430000e+01
      vertex  8.529094e+01 -5.351096e+01  5.000000e+01
      vertex  8.488197e+01 -5.359789e+01  5.000000e+01
    endloop
  endfacet
  facet normal  2.079100e-01 -9.781479e-01  0.000000e+00
    outer loop
      vertex  8.529094e+01 -5.351096e+01  4.430000e+01
      vertex  8.488197e+01 -5.359789e+01  5.000000e+01
      vertex  8.488197e+01 -5.359789e+01  4.430000e+01
    endloop
  endfacet
  facet normal  4.067386e-01 -9.135447e-01  0.000000e+00
    outer loop
      vertex  8.488197e+01 -5.359789e+01  4.430000e+01
      vertex  8.488197e+01 -5.359789e+01  5.000000e+01
      vertex  8.450000e+01 -5.376795e+01  5.000000e+01
    endloop
  endfacet
  facet normal  4.067386e-01 -9.135447e-01  0.000000e+00
    outer loop
      vertex  8.488197e+01 -5.359789e+01  4.430000e+01
      vertex  8.450000e+01 -5.376795e+01  5.000000e+01
      vertex  8.450000e+01 -5.376795e+01  4.430000e+01
    endloop
  endfacet
  facet normal  5.877827e-01 -8.090189e-01  0.000000e+00
    outer loop
      vertex  8.450000e+01 -5.376795e+01  4.430000e+01
      vertex  8.450000e+01 -5.376795e+01  5.000000e+01
      vertex  8.416174e+01 -5.401371e+01  5.000000e+01
    endloop
  endfacet
  facet normal  5.877827e-01 -8.090189e-01  0.000000e+00
    outer loop
      vertex  8.450000e+01 -5.376795e+01  4.430000e+01
      vertex  8.416174e+01 -5.401371e+01  5.000000e+01
      vertex  8.416174e+01 -5.401371e+01  4.430000e+01
    endloop
  endfacet
  facet normal  7.431476e-01 -6.691275e-01  0.000000e+00
    outer loop
      vertex  8.416174e+01 -5.401371e+01  4.430000e+01
      vertex  8.416174e+01 -5.401371e+01  5.000000e+01
      vertex  8.388197e+01 -5.432443e+01  5.000000e+01
    endloop
  endfacet
  facet normal  7.431476e-01 -6.691275e-01  0.000000e+00
    outer loop
      vertex  8.416174e+01 -5.401371e+01  4.430000e+01
      vertex  8.388197e+01 -5.432443e+01  5.000000e+01
      vertex  8.388197e+01 -5.432443e+01  4.430000e+01
    endloop
  endfacet
  facet normal  8.660304e-01 -4.999915e-01  0.000000e+00
    outer loop
      vertex  8.388197e+01 -5.432443e+01  4.430000e+01
      vertex  8.388197e+01 -5.432443e+01  5.000000e+01
      vertex  8.367291e+01 -5.468653e+01  5.000000e+01
    endloop
  endfacet
  facet normal  8.660304e-01 -4.999915e-01  0.000000e+00
    outer loop
      vertex  8.388197e+01 -5.432443e+01  4.430000e+01
      vertex  8.367291e+01 -5.468653e+01  5.000000e+01
      vertex  8.367291e+01 -5.468653e+01  4.430000e+01
    endloop
  endfacet
  facet normal  9.510510e-01 -3.090339e-01  0.000000e+00
    outer loop
      vertex  8.367291e+01 -5.468653e+01  4.430000e+01
      vertex  8.367291e+01 -5.468653e+01  5.000000e+01
      vertex  8.354370e+01 -5.508418e+01  5.000000e+01
    endloop
  endfacet
  facet normal  9.510510e-01 -3.090339e-01  0.000000e+00
    outer loop
      vertex  8.367291e+01 -5.468653e+01  4.430000e+01
      vertex  8.354370e+01 -5.508418e+01  5.000000e+01
      vertex  8.354370e+01 -5.508418e+01  4.430000e+01
    endloop
  endfacet
  facet normal  9.945229e-01 -1.045195e-01  0.000000e+00
    outer loop
      vertex  8.354370e+01 -5.508418e+01  4.430000e+01
      vertex  8.354370e+01 -5.508418e+01  5.000000e+01
      vertex  8.350000e+01 -5.550000e+01  5.000000e+01
    endloop
  endfacet
  facet normal  9.945229e-01 -1.045195e-01  0.000000e+00
    outer loop
      vertex  8.354370e+01 -5.508418e+01  4.430000e+01
      vertex  8.350000e+01 -5.550000e+01  5.000000e+01
      vertex  8.350000e+01 -5.550000e+01  4.430000e+01
    endloop
  endfacet
  facet normal  0.000000e+00  0.000000e+00  1.000000e+00
    outer loop
      vertex  8.745630e+01 -5.508418e+01  4.430000e+01
      vertex  8.745630e+01 -5.591582e+01  4.430000e+01
      vertex  8.750000e+01 -5.550000e+01  4.430000e+01
    endloop
  endfacet
  facet normal  0.000000e+00  -0.000000e+00  1.000000e+00
    outer loop
      vertex  8.350000e+01 -5.550000e+01  4.430000e+01
      vertex  8.354370e+01 -5.591582e+01  4.430000e+01
      vertex  8.354370e+01 -5.508418e+01  4.430000e+01
    endloop
  endfacet
  facet normal  0.000000e+00  0.000000e+00  1.000000e+00
    outer loop
      vertex  8.354370e+01 -5.508418e+01  4.430000e+01
      vertex  8.354370e+01 -5.591582e+01  4.430000e+01
      vertex  8.367291e+01 -5.631347e+01  4.430000e+01
    endloop
  endfacet
  facet normal  0.000000e+00  -0.000000e+00  9.999999e-01
    outer loop
      vertex  8.354370e+01 -5.508418e+01  4.430000e+01
      vertex  8.367291e+01 -5.631347e+01  4.430000e+01
      vertex  8.367291e+01 -5.468653e+01  4.430000e+01
    endloop
  endfacet
  facet normal  0.000000e+00  0.000000e+00  1.000000e+00
    outer loop
      vertex  8.367291e+01 -5.468653e+01  4.430000e+01
      vertex  8.367291e+01 -5.631347e+01  4.430000e+01
      vertex  8.388197e+01 -5.667557e+01  4.430000e+01
    endloop
  endfacet
  facet normal  0.000000e+00  -0.000000e+00  1.000000e+00
    outer loop
      vertex  8.367291e+01 -5.468653e+01  4.430000e+01
      vertex  8.388197e+01 -5.667557e+01  4.430000e+01
      vertex  8.388197e+01 -5.432443e+01  4.430000e+01
    endloop
  endfacet
  facet normal  0.000000e+00  0.000000e+00  1.000000e+00
    outer loop
      vertex  8.388197e+01 -5.432443e+01  4.430000e+01
      vertex  8.388197e+01 -5.667557e+01  4.430000e+01
      vertex  8.416174e+01 -5.698629e+01  4.430000e+01
    endloop
  endfacet
  facet normal  0.000000e+00  -0.000000e+00  9.999999e-01
    outer loop
      vertex  8.388197e+01 -5.432443e+01  4.430000e+01
      vertex  8.416174e+01 -5.698629e+01  4.430000e+01
      vertex  8.416174e+01 -5.401371e+01  4.430000e+01
    endloop
  endfacet
  facet normal  0.000000e+00  0.000000e+00  1.000000e+00
    outer loop
      vertex  8.416174e+01 -5.401371e+01  4.430000e+01
      vertex  8.416174e+01 -5.698629e+01  4.430000e+01
      vertex  8.450000e+01 -5.723205e+01  4.430000e+01
    endloop
  endfacet
  facet normal  0.000000e+00  -0.000000e+00  1.000000e+00
    outer loop
      vertex  8.416174e+01 -5.401371e+01  4.430000e+01
      vertex  8.450000e+01 -5.723205e+01  4.430000e+01
      vertex  8.450000e+01 -5.376795e+01  4.430000e+01
    endloop
  endfacet
  facet normal  0.000000e+00  0.000000e+00  1.000000e+00
    outer loop
      vertex  8.450000e+01 -5.376795e+01  4.430000e+01
      vertex  8.450000e+01 -5.723205e+01  4.430000e+01
      vertex  8.488197e+01 -5.740211e+01  4.430000e+01
    endloop
  endfacet
  facet normal  0.000000e+00  -0.000000e+00  1.000000e+00
    outer loop
      vertex  8.450000e+01 -5.376795e+01  4.430000e+01
      vertex  8.488197e+01 -5.740211e+01  4.430000e+01
      vertex  8.488197e+01 -5.359789e+01  4.430000e+01
    endloop
  endfacet
  facet normal  0.000000e+00  0.000000e+00  9.999999e-01
    outer loop
      vertex  8.488197e+01 -5.359789e+01  4.430000e+01
      vertex  8.488197e+01 -5.740211e+01  4.430000e+01
      vertex  8.529094e+01 -5.748904e+01  4.430000e+01
    endloop
  endfacet
  facet normal  0.000000e+00  -0.000000e+00  1.000000e+00
    outer loop
      vertex  8.488197e+01 -5.359789e+01  4.430000e+01
      vertex  8.529094e+01 -5.748904e+01  4.430000e+01
      vertex  8.529094e+01 -5.351096e+01  4.430000e+01
    endloop
  endfacet
  facet normal  0.000000e+00  0.000000e+00  9.999999e-01
    outer loop
      vertex  8.529094e+01 -5.351096e+01  4.430000e+01
      vertex  8.529094e+01 -5.748904e+01  4.430000e+01
      vertex  8.570906e+01 -5.748904e+01  4.430000e+01
    endloop
  endfacet
  facet normal  0.000000e+00  -0.000000e+00  9.999999e-01
    outer loop
      vertex  8.529094e+01 -5.351096e+01  4.430000e+01
      vertex  8.570906e+01 -5.748904e+01  4.430000e+01
      vertex  8.570906e+01 -5.351096e+01  4.430000e+01
    endloop
  endfacet
  facet normal  0.000000e+00  0.000000e+00  1.000000e+00
    outer loop
      vertex  8.570906e+01 -5.351096e+01  4.430000e+01
      vertex  8.570906e+01 -5.748904e+01  4.430000e+01
      vertex  8.611803e+01 -5.740211e+01  4.430000e+01
    endloop
  endfacet
  facet normal  0.000000e+00  -0.000000e+00  9.999999e-01
    outer loop
      vertex  8.570906e+01 -5.351096e+01  4.430000e+01
      vertex  8.611803e+01 -5.740211e+01  4.430000e+01
      vertex  8.611803e+01 -5.359789e+01  4.430000e+01
    endloop
  endfacet
  facet normal  0.000000e+00  0.000000e+00  1.000000e+00
    outer loop
      vertex  8.611803e+01 -5.359789e+01  4.430000e+01
      vertex  8.611803e+01 -5.740211e+01  4.430000e+01
      vertex  8.650000e+01 -5.723205e+01  4.430000e+01
    endloop
  endfacet
  facet normal  0.000000e+00  -0.000000e+00  1.000000e+00
    outer loop
      vertex  8.611803e+01 -5.359789e+01  4.430000e+01
      vertex  8.650000e+01 -5.723205e+01  4.430000e+01
      vertex  8.650000e+01 -5.376795e+01  4.430000e+01
    endloop
  endfacet
  facet normal  0.000000e+00  0.000000e+00  1.000000e+00
    outer loop
      vertex  8.650000e+01 -5.376795e+01  4.430000e+01
      vertex  8.650000e+01 -5.723205e+01  4.430000e+01
      vertex  8.683826e+01 -5.698629e+01  4.430000e+01
    endloop
  endfacet
  facet normal  0.000000e+00  -0.000000e+00  1.000000e+00
    outer loop
      vertex  8.650000e+01 -5.376795e+01  4.430000e+01
      vertex  8.683826e+01 -5.698629e+01  4.430000e+01
      vertex  8.683826e+01 -5.401371e+01  4.430000e+01
    endloop
  endfacet
  facet normal  0.000000e+00  0.000000e+00  9.999999e-01
    outer loop
      vertex  8.683826e+01 -5.401371e+01  4.430000e+01
      vertex  8.683826e+01 -5.698629e+01  4.430000e+01
      vertex  8.711803e+01 -5.667557e+01  4.430000e+01
    endloop
  endfacet
  facet normal  0.000000e+00  -0.000000e+00  1.000000e+00
    outer loop
      vertex  8.683826e+01 -5.401371e+01  4.430000e+01
      vertex  8.711803e+01 -5.667557e+01  4.430000e+01
      vertex  8.711803e+01 -5.432443e+01  4.430000e+01
    endloop
  endfacet
  facet normal  0.000000e+00  0.000000e+00  1.000000e+00
    outer loop
      vertex  8.711803e+01 -5.432443e+01  4.430000e+01
      vertex  8.711803e+01 -5.667557e+01  4.430000e+01
      vertex  8.732709e+01 -5.631347e+01  4.430000e+01
    endloop
  endfacet
  facet normal  0.000000e+00  -0.000000e+00  1.000000e+00
    outer loop
      vertex  8.711803e+01 -5.432443e+01  4.430000e+01
      vertex  8.732709e+01 -5.631347e+01  4.430000e+01
      vertex  8.732709e+01 -5.468653e+01  4.430000e+01
    endloop
  endfacet
  facet normal  0.000000e+00  0.000000e+00  9.999999e-01
    outer loop
      vertex  8.732709e+01 -5.468653e+01  4.430000e+01
      vertex  8.732709e+01 -5.631347e+01  4.430000e+01
      vertex  8.745630e+01 -5.591582e+01  4.430000e+01
    endloop
  endfacet
  facet normal  0.000000e+00  -0.000000e+00  1.000000e+00
    outer loop
      vertex  8.732709e+01 -5.468653e+01  4.430000e+01
      vertex  8.745630e+01 -5.591582e+01  4.430000e+01
      vertex  8.745630e+01 -5.508418e+01  4.430000e+01
    endloop
  endfacet
  facet normal  2.079100e-01  9.781479e-01  -0.000000e+00
    outer loop
      vertex  8.529094e+01  5.351096e+01  5.000000e+01
      vertex  8.488197e+01  5.359789e+01  4.430000e+01
      vertex  8.488197e+01  5.359789e+01  5.000000e+01
    endloop
  endfacet
  facet normal  4.067386e-01  9.135447e-01  0.000000e+00
    outer loop
      vertex  8.488197e+01  5.359789e+01  5.000000e+01
      vertex  8.488197e+01  5.359789e+01  4.430000e+01
      vertex  8.450000e+01  5.376795e+01  4.430000e+01
    endloop
  endfacet
  facet normal  4.067386e-01  9.135447e-01  -0.000000e+00
    outer loop
      vertex  8.488197e+01  5.359789e+01  5.000000e+01
      vertex  8.450000e+01  5.376795e+01  4.430000e+01
      vertex  8.450000e+01  5.376795e+01  5.000000e+01
    endloop
  endfacet
  facet normal  5.877827e-01  8.090189e-01  0.000000e+00
    outer loop
      vertex  8.450000e+01  5.376795e+01  5.000000e+01
      vertex  8.450000e+01  5.376795e+01  4.430000e+01
      vertex  8.416174e+01  5.401371e+01  4.430000e+01
    endloop
  endfacet
  facet normal  5.877827e-01  8.090189e-01  -0.000000e+00
    outer loop
      vertex  8.450000e+01  5.376795e+01  5.000000e+01
      vertex  8.416174e+01  5.401371e+01  4.430000e+01
      vertex  8.416174e+01  5.401371e+01  5.000000e+01
    endloop
  endfacet
  facet normal  7.431476e-01  6.691275e-01  0.000000e+00
    outer loop
      vertex  8.416174e+01  5.401371e+01  5.000000e+01
      vertex  8.416174e+01  5.401371e+01  4.430000e+01
      vertex  8.388197e+01  5.432443e+01  4.430000e+01
    endloop
  endfacet
  facet normal  7.431476e-01  6.691275e-01  -0.000000e+00
    outer loop
      vertex  8.416174e+01  5.401371e+01  5.000000e+01
      vertex  8.388197e+01  5.432443e+01  4.430000e+01
      vertex  8.388197e+01  5.432443e+01  5.000000e+01
    endloop
  endfacet
  facet normal  8.660304e-01  4.999915e-01  0.000000e+00
    outer loop
      vertex  8.388197e+01  5.432443e+01  5.000000e+01
      vertex  8.388197e+01  5.432443e+01  4.430000e+01
      vertex  8.367291e+01  5.468653e+01  4.430000e+01
    endloop
  endfacet
  facet normal  8.660304e-01  4.999915e-01  -0.000000e+00
    outer loop
      vertex  8.388197e+01  5.432443e+01  5.000000e+01
      vertex  8.367291e+01  5.468653e+01  4.430000e+01
      vertex  8.367291e+01  5.468653e+01  5.000000e+01
    endloop
  endfacet
  facet normal  9.510510e-01  3.090339e-01  0.000000e+00
    outer loop
      vertex  8.367291e+01  5.468653e+01  5.000000e+01
      vertex  8.367291e+01  5.468653e+01  4.430000e+01
      vertex  8.354370e+01  5.508418e+01  4.430000e+01
    endloop
  endfacet
  facet normal  9.510510e-01  3.090339e-01  -0.000000e+00
    outer loop
      vertex  8.367291e+01  5.468653e+01  5.000000e+01
      vertex  8.354370e+01  5.508418e+01  4.430000e+01
      vertex  8.354370e+01  5.508418e+01  5.000000e+01
    endloop
  endfacet
  facet normal  9.945229e-01  1.045195e-01  0.000000e+00
    outer loop
      vertex  8.354370e+01  5.508418e+01  5.000000e+01
      vertex  8.354370e+01  5.508418e+01  4.430000e+01
      vertex  8.350000e+01  5.550000e+01  4.430000e+01
    endloop
  endfacet
  facet normal  9.945229e-01  1.045195e-01  -0.000000e+00
    outer loop
      vertex  8.354370e+01  5.508418e+01  5.000000e+01
      vertex  8.350000e+01  5.550000e+01  4.430000e+01
      vertex  8.350000e+01  5.550000e+01  5.000000e+01
    endloop
  endfacet
  facet normal  2.079100e-01  9.781479e-01  0.000000e+00
    outer loop
      vertex  8.488197e+01  5.359789e+01  4.430000e+01
      vertex  8.529094e+01  5.351096e+01  5.000000e+01
      vertex  8.529094e+01  5.351096e+01  4.430000e+01
    endloop
  endfacet
  facet normal  0.000000e+00  1.000000e+00  0.000000e+00
    outer loop
      vertex  8.529094e+01  5.351096e+01  4.430000e+01
      vertex  8.529094e+01  5.351096e+01  5.000000e+01
      vertex  8.570906e+01  5.351096e+01  5.000000e+01
    endloop
  endfacet
  facet normal  0.000000e+00  1.000000e+00  0.000000e+00
    outer loop
      vertex  8.529094e+01  5.351096e+01  4.430000e+01
      vertex  8.570906e+01  5.351096e+01  5.000000e+01
      vertex  8.570906e+01  5.351096e+01  4.430000e+01
    endloop
  endfacet
  facet normal -2.079100e-01  9.781479e-01  0.000000e+00
    outer loop
      vertex  8.570906e+01  5.351096e+01  4.430000e+01
      vertex  8.570906e+01  5.351096e+01  5.000000e+01
      vertex  8.611803e+01  5.359789e+01  5.000000e+01
    endloop
  endfacet
  facet normal -2.079100e-01  9.781479e-01  0.000000e+00
    outer loop
      vertex  8.570906e+01  5.351096e+01  4.430000e+01
      vertex  8.611803e+01  5.359789e+01  5.000000e+01
      vertex  8.611803e+01  5.359789e+01  4.430000e+01
    endloop
  endfacet
  facet normal -4.067386e-01  9.135447e-01  0.000000e+00
    outer loop
      vertex  8.611803e+01  5.359789e+01  4.430000e+01
      vertex  8.611803e+01  5.359789e+01  5.000000e+01
      vertex  8.650000e+01  5.376795e+01  5.000000e+01
    endloop
  endfacet
  facet normal -4.067386e-01  9.135447e-01  0.000000e+00
    outer loop
      vertex  8.611803e+01  5.359789e+01  4.430000e+01
      vertex  8.650000e+01  5.376795e+01  5.000000e+01
      vertex  8.650000e+01  5.376795e+01  4.430000e+01
    endloop
  endfacet
  facet normal -5.877827e-01  8.090189e-01  0.000000e+00
    outer loop
      vertex  8.650000e+01  5.376795e+01  4.430000e+01
      vertex  8.650000e+01  5.376795e+01  5.000000e+01
      vertex  8.683826e+01  5.401371e+01  5.000000e+01
    endloop
  endfacet
  facet normal -5.877827e-01  8.090189e-01  0.000000e+00
    outer loop
      vertex  8.650000e+01  5.376795e+01  4.430000e+01
      vertex  8.683826e+01  5.401371e+01  5.000000e+01
      vertex  8.683826e+01  5.401371e+01  4.430000e+01
    endloop
  endfacet
  facet normal -7.431476e-01  6.691275e-01  0.000000e+00
    outer loop
      vertex  8.683826e+01  5.401371e+01  4.430000e+01
      vertex  8.683826e+01  5.401371e+01  5.000000e+01
      vertex  8.711803e+01  5.432443e+01  5.000000e+01
    endloop
  endfacet
  facet normal -7.431476e-01  6.691275e-01  0.000000e+00
    outer loop
      vertex  8.683826e+01  5.401371e+01  4.430000e+01
      vertex  8.711803e+01  5.432443e+01  5.000000e+01
      vertex  8.711803e+01  5.432443e+01  4.430000e+01
    endloop
  endfacet
  facet normal -8.660304e-01  4.999915e-01  0.000000e+00
    outer loop
      vertex  8.711803e+01  5.432443e+01  4.430000e+01
      vertex  8.711803e+01  5.432443e+01  5.000000e+01
      vertex  8.732709e+01  5.468653e+01  5.000000e+01
    endloop
  endfacet
  facet normal -8.660304e-01  4.999915e-01  0.000000e+00
    outer loop
      vertex  8.711803e+01  5.432443e+01  4.430000e+01
      vertex  8.732709e+01  5.468653e+01  5.000000e+01
      vertex  8.732709e+01  5.468653e+01  4.430000e+01
    endloop
  endfacet
  facet normal -9.510510e-01  3.090339e-01  0.000000e+00
    outer loop
      vertex  8.732709e+01  5.468653e+01  4.430000e+01
      vertex  8.732709e+01  5.468653e+01  5.000000e+01
      vertex  8.745630e+01  5.508418e+01  5.000000e+01
    endloop
  endfacet
  facet normal -9.510510e-01  3.090339e-01  0.000000e+00
    outer loop
      vertex  8.732709e+01  5.468653e+01  4.430000e+01
      vertex  8.745630e+01  5.508418e+01  5.000000e+01
      vertex  8.745630e+01  5.508418e+01  4.430000e+01
    endloop
  endfacet
  facet normal -9.945229e-01  1.045195e-01  0.000000e+00
    outer loop
      vertex  8.745630e+01  5.508418e+01  4.430000e+01
      vertex  8.745630e+01  5.508418e+01  5.000000e+01
      vertex  8.750000e+01  5.550000e+01  5.000000e+01
    endloop
  endfacet
  facet normal -9.945229e-01  1.045195e-01  0.000000e+00
    outer loop
      vertex  8.745630e+01  5.508418e+01  4.430000e+01
      vertex  8.750000e+01  5.550000e+01  5.000000e+01
      vertex  8.750000e+01  5.550000e+01  4.430000e+01
    endloop
  endfacet
  facet normal -2.079100e-01 -9.781479e-01  0.000000e+00
    outer loop
      vertex  8.570906e+01  5.748904e+01  5.000000e+01
      vertex  8.611803e+01  5.740211e+01  4.430000e+01
      vertex  8.611803e+01  5.740211e+01  5.000000e+01
    endloop
  endfacet
  facet normal -4.067386e-01 -9.135447e-01  -0.000000e+00
    outer loop
      vertex  8.611803e+01  5.740211e+01  5.000000e+01
      vertex  8.611803e+01  5.740211e+01  4.430000e+01
      vertex  8.650000e+01  5.723205e+01  4.430000e+01
    endloop
  endfacet
  facet normal -4.067386e-01 -9.135447e-01  0.000000e+00
    outer loop
      vertex  8.611803e+01  5.740211e+01  5.000000e+01
      vertex  8.650000e+01  5.723205e+01  4.430000e+01
      vertex  8.650000e+01  5.723205e+01  5.000000e+01
    endloop
  endfacet
  facet normal -5.877827e-01 -8.090189e-01  -0.000000e+00
    outer loop
      vertex  8.650000e+01  5.723205e+01  5.000000e+01
      vertex  8.650000e+01  5.723205e+01  4.430000e+01
      vertex  8.683826e+01  5.698629e+01  4.430000e+01
    endloop
  endfacet
  facet normal -5.877827e-01 -8.090189e-01  0.000000e+00
    outer loop
      vertex  8.650000e+01  5.723205e+01  5.000000e+01
      vertex  8.683826e+01  5.698629e+01  4.430000e+01
      vertex  8.683826e+01  5.698629e+01  5.000000e+01
    endloop
  endfacet
  facet normal -7.431476e-01 -6.691275e-01  -0.000000e+00
    outer loop
      vertex  8.683826e+01  5.698629e+01  5.000000e+01
      vertex  8.683826e+01  5.698629e+01  4.430000e+01
      vertex  8.711803e+01  5.667557e+01  4.430000e+01
    endloop
  endfacet
  facet normal -7.431476e-01 -6.691275e-01  0.000000e+00
    outer loop
      vertex  8.683826e+01  5.698629e+01  5.000000e+01
      vertex  8.711803e+01  5.667557e+01  4.430000e+01
      vertex  8.711803e+01  5.667557e+01  5.000000e+01
    endloop
  endfacet
  facet normal -8.660304e-01 -4.999915e-01  -0.000000e+00
    outer loop
      vertex  8.711803e+01  5.667557e+01  5.000000e+01
      vertex  8.711803e+01  5.667557e+01  4.430000e+01
      vertex  8.732709e+01  5.631347e+01  4.430000e+01
    endloop
  endfacet
  facet normal -8.660304e-01 -4.999915e-01  0.000000e+00
    outer loop
      vertex  8.711803e+01  5.667557e+01  5.000000e+01
      vertex  8.732709e+01  5.631347e+01  4.430000e+01
      vertex  8.732709e+01  5.631347e+01  5.000000e+01
    endloop
  endfacet
  facet normal -9.510510e-01 -3.090339e-01  -0.000000e+00
    outer loop
      vertex  8.732709e+01  5.631347e+01  5.000000e+01
      vertex  8.732709e+01  5.631347e+01  4.430000e+01
      vertex  8.745630e+01  5.591582e+01  4.430000e+01
    endloop
  endfacet
  facet normal -9.510510e-01 -3.090339e-01  0.000000e+00
    outer loop
      vertex  8.732709e+01  5.631347e+01  5.000000e+01
      vertex  8.745630e+01  5.591582e+01  4.430000e+01
      vertex  8.745630e+01  5.591582e+01  5.000000e+01
    endloop
  endfacet
  facet normal -9.945229e-01 -1.045195e-01  -0.000000e+00
    outer loop
      vertex  8.745630e+01  5.591582e+01  5.000000e+01
      vertex  8.745630e+01  5.591582e+01  4.430000e+01
      vertex  8.750000e+01  5.550000e+01  4.430000e+01
    endloop
  endfacet
  facet normal -9.945229e-01 -1.045195e-01  0.000000e+00
    outer loop
      vertex  8.745630e+01  5.591582e+01  5.000000e+01
      vertex  8.750000e+01  5.550000e+01  4.430000e+01
      vertex  8.750000e+01  5.550000e+01  5.000000e+01
    endloop
  endfacet
  facet normal -2.079100e-01 -9.781479e-01  -0.000000e+00
    outer loop
      vertex  8.611803e+01  5.740211e+01  4.430000e+01
      vertex  8.570906e+01  5.748904e+01  5.000000e+01
      vertex  8.570906e+01  5.748904e+01  4.430000e+01
    endloop
  endfacet
  facet normal  0.000000e+00 -1.000000e+00  0.000000e+00
    outer loop
      vertex  8.570906e+01  5.748904e+01  4.430000e+01
      vertex  8.570906e+01  5.748904e+01  5.000000e+01
      vertex  8.529094e+01  5.748904e+01  5.000000e+01
    endloop
  endfacet
  facet normal  0.000000e+00 -1.000000e+00  0.000000e+00
    outer loop
      vertex  8.570906e+01  5.748904e+01  4.430000e+01
      vertex  8.529094e+01  5.748904e+01  5.000000e+01
      vertex  8.529094e+01  5.748904e+01  4.430000e+01
    endloop
  endfacet
  facet normal  2.079100e-01 -9.781479e-01  0.000000e+00
    outer loop
      vertex  8.529094e+01  5.748904e+01  4.430000e+01
      vertex  8.529094e+01  5.748904e+01  5.000000e+01
      vertex  8.488197e+01  5.740211e+01  5.000000e+01
    endloop
  endfacet
  facet normal  2.079100e-01 -9.781479e-01  0.000000e+00
    outer loop
      vertex  8.529094e+01  5.748904e+01  4.430000e+01
      vertex  8.488197e+01  5.740211e+01  5.000000e+01
      vertex  8.488197e+01  5.740211e+01  4.430000e+01
    endloop
  endfacet
  facet normal  4.067386e-01 -9.135447e-01  0.000000e+00
    outer loop
      vertex  8.488197e+01  5.740211e+01  4.430000e+01
      vertex  8.488197e+01  5.740211e+01  5.000000e+01
      vertex  8.450000e+01  5.723205e+01  5.000000e+01
    endloop
  endfacet
  facet normal  4.067386e-01 -9.135447e-01  0.000000e+00
    outer loop
      vertex  8.488197e+01  5.740211e+01  4.430000e+01
      vertex  8.450000e+01  5.723205e+01  5.000000e+01
      vertex  8.450000e+01  5.723205e+01  4.430000e+01
    endloop
  endfacet
  facet normal  5.877827e-01 -8.090189e-01  0.000000e+00
    outer loop
      vertex  8.450000e+01  5.723205e+01  4.430000e+01
      vertex  8.450000e+01  5.723205e+01  5.000000e+01
      vertex  8.416174e+01  5.698629e+01  5.000000e+01
    endloop
  endfacet
  facet normal  5.877827e-01 -8.090189e-01  0.000000e+00
    outer loop
      vertex  8.450000e+01  5.723205e+01  4.430000e+01
      vertex  8.416174e+01  5.698629e+01  5.000000e+01
      vertex  8.416174e+01  5.698629e+01  4.430000e+01
    endloop
  endfacet
  facet normal  7.431476e-01 -6.691275e-01  0.000000e+00
    outer loop
      vertex  8.416174e+01  5.698629e+01  4.430000e+01
      vertex  8.416174e+01  5.698629e+01  5.000000e+01
      vertex  8.388197e+01  5.667557e+01  5.000000e+01
    endloop
  endfacet
  facet normal  7.431476e-01 -6.691275e-01  0.000000e+00
    outer loop
      vertex  8.416174e+01  5.698629e+01  4.430000e+01
      vertex  8.388197e+01  5.667557e+01  5.000000e+01
      vertex  8.388197e+01  5.667557e+01  4.430000e+01
    endloop
  endfacet
  facet normal  8.660304e-01 -4.999915e-01  0.000000e+00
    outer loop
      vertex  8.388197e+01  5.667557e+01  4.430000e+01
      vertex  8.388197e+01  5.667557e+01  5.000000e+01
      vertex  8.367291e+01  5.631347e+01  5.000000e+01
    endloop
  endfacet
  facet normal  8.660304e-01 -4.999915e-01  0.000000e+00
    outer loop
      vertex  8.388197e+01  5.667557e+01  4.430000e+01
      vertex  8.367291e+01  5.631347e+01  5.000000e+01
      vertex  8.367291e+01  5.631347e+01  4.430000e+01
    endloop
  endfacet
  facet normal  9.510510e-01 -3.090339e-01  0.000000e+00
    outer loop
      vertex  8.367291e+01  5.631347e+01  4.430000e+01
      vertex  8.367291e+01  5.631347e+01  5.000000e+01
      vertex  8.354370e+01  5.591582e+01  5.000000e+01
    endloop
  endfacet
  facet normal  9.510510e-01 -3.090339e-01  0.000000e+00
    outer loop
      vertex  8.367291e+01  5.631347e+01  4.430000e+01
      vertex  8.354370e+01  5.591582e+01  5.000000e+01
      vertex  8.354370e+01  5.591582e+01  4.430000e+01
    endloop
  endfacet
  facet normal  9.945229e-01 -1.045195e-01  0.000000e+00
    outer loop
      vertex  8.354370e+01  5.591582e+01  4.430000e+01
      vertex  8.354370e+01  5.591582e+01  5.000000e+01
      vertex  8.350000e+01  5.550000e+01  5.000000e+01
    endloop
  endfacet
  facet normal  9.945229e-01 -1.045195e-01  0.000000e+00
    outer loop
      vertex  8.354370e+01  5.591582e+01  4.430000e+01
      vertex  8.350000e+01  5.550000e+01  5.000000e+01
      vertex  8.350000e+01  5.550000e+01  4.430000e+01
    endloop
  endfacet
  facet normal  0.000000e+00  0.000000e+00  1.000000e+00
    outer loop
      vertex  8.745630e+01  5.591582e+01  4.430000e+01
      vertex  8.745630e+01  5.508418e+01  4.430000e+01
      vertex  8.750000e+01  5.550000e+01  4.430000e+01
    endloop
  endfacet
  facet normal  0.000000e+00  -0.000000e+00  1.000000e+00
    outer loop
      vertex  8.350000e+01  5.550000e+01  4.430000e+01
      vertex  8.354370e+01  5.508418e+01  4.430000e+01
      vertex  8.354370e+01  5.591582e+01  4.430000e+01
    endloop
  endfacet
  facet normal  0.000000e+00  0.000000e+00  1.000000e+00
    outer loop
      vertex  8.354370e+01  5.591582e+01  4.430000e+01
      vertex  8.354370e+01  5.508418e+01  4.430000e+01
      vertex  8.367291e+01  5.468653e+01  4.430000e+01
    endloop
  endfacet
  facet normal  0.000000e+00  -0.000000e+00  9.999999e-01
    outer loop
      vertex  8.354370e+01  5.591582e+01  4.430000e+01
      vertex  8.367291e+01  5.468653e+01  4.430000e+01
      vertex  8.367291e+01  5.631347e+01  4.430000e+01
    endloop
  endfacet
  facet normal  0.000000e+00  0.000000e+00  1.000000e+00
    outer loop
      vertex  8.367291e+01  5.631347e+01  4.430000e+01
      vertex  8.367291e+01  5.468653e+01  4.430000e+01
      vertex  8.388197e+01  5.432443e+01  4.430000e+01
    endloop
  endfacet
  facet normal  0.000000e+00  -0.000000e+00  1.000000e+00
    outer loop
      vertex  8.367291e+01  5.631347e+01  4.430000e+01
      vertex  8.388197e+01  5.432443e+01  4.430000e+01
      vertex  8.388197e+01  5.667557e+01  4.430000e+01
    endloop
  endfacet
  facet normal  0.000000e+00  0.000000e+00  1.000000e+00
    outer loop
      vertex  8.388197e+01  5.667557e+01  4.430000e+01
      vertex  8.388197e+01  5.432443e+01  4.430000e+01
      vertex  8.416174e+01  5.401371e+01  4.430000e+01
    endloop
  endfacet
  facet normal  0.000000e+00  -0.000000e+00  9.999999e-01
    outer loop
      vertex  8.388197e+01  5.667557e+01  4.430000e+01
      vertex  8.416174e+01  5.401371e+01  4.430000e+01
      vertex  8.416174e+01  5.698629e+01  4.430000e+01
    endloop
  endfacet
  facet normal  0.000000e+00  0.000000e+00  1.000000e+00
    outer loop
      vertex  8.416174e+01  5.698629e+01  4.430000e+01
      vertex  8.416174e+01  5.401371e+01  4.430000e+01
      vertex  8.450000e+01  5.376795e+01  4.430000e+01
    endloop
  endfacet
  facet normal  0.000000e+00  -0.000000e+00  1.000000e+00
    outer loop
      vertex  8.416174e+01  5.698629e+01  4.430000e+01
      vertex  8.450000e+01  5.376795e+01  4.430000e+01
      vertex  8.450000e+01  5.723205e+01  4.430000e+01
    endloop
  endfacet
  facet normal  0.000000e+00  0.000000e+00  1.000000e+00
    outer loop
      vertex  8.450000e+01  5.723205e+01  4.430000e+01
      vertex  8.450000e+01  5.376795e+01  4.430000e+01
      vertex  8.488197e+01  5.359789e+01  4.430000e+01
    endloop
  endfacet
  facet normal  0.000000e+00  -0.000000e+00  1.000000e+00
    outer loop
      vertex  8.450000e+01  5.723205e+01  4.430000e+01
      vertex  8.488197e+01  5.359789e+01  4.430000e+01
      vertex  8.488197e+01  5.740211e+01  4.430000e+01
    endloop
  endfacet
  facet normal  0.000000e+00  0.000000e+00  9.999999e-01
    outer loop
      vertex  8.488197e+01  5.740211e+01  4.430000e+01
      vertex  8.488197e+01  5.359789e+01  4.430000e+01
      vertex  8.529094e+01  5.351096e+01  4.430000e+01
    endloop
  endfacet
  facet normal  0.000000e+00  -0.000000e+00  1.000000e+00
    outer loop
      vertex  8.488197e+01  5.740211e+01  4.430000e+01
      vertex  8.529094e+01  5.351096e+01  4.430000e+01
      vertex  8.529094e+01  5.748904e+01  4.430000e+01
    endloop
  endfacet
  facet normal  0.000000e+00  0.000000e+00  9.999999e-01
    outer loop
      vertex  8.529094e+01  5.748904e+01  4.430000e+01
      vertex  8.529094e+01  5.351096e+01  4.430000e+01
      vertex  8.570906e+01  5.351096e+01  4.430000e+01
    endloop
  endfacet
  facet normal  0.000000e+00  -0.000000e+00  9.999999e-01
    outer loop
      vertex  8.529094e+01  5.748904e+01  4.430000e+01
      vertex  8.570906e+01  5.351096e+01  4.430000e+01
      vertex  8.570906e+01  5.748904e+01  4.430000e+01
    endloop
  endfacet
  facet normal  0.000000e+00  0.000000e+00  1.000000e+00
    outer loop
      vertex  8.570906e+01  5.748904e+01  4.430000e+01
      vertex  8.570906e+01  5.351096e+01  4.430000e+01
      vertex  8.611803e+01  5.359789e+01  4.430000e+01
    endloop
  endfacet
  facet normal  0.000000e+00  -0.000000e+00  9.999999e-01
    outer loop
      vertex  8.570906e+01  5.748904e+01  4.430000e+01
      vertex  8.611803e+01  5.359789e+01  4.430000e+01
      vertex  8.611803e+01  5.740211e+01  4.430000e+01
    endloop
  endfacet
  facet normal  0.000000e+00  0.000000e+00  1.000000e+00
    outer loop
      vertex  8.611803e+01  5.740211e+01  4.430000e+01
      vertex  8.611803e+01  5.359789e+01  4.430000e+01
      vertex  8.650000e+01  5.376795e+01  4.430000e+01
    endloop
  endfacet
  facet normal  0.000000e+00  -0.000000e+00  1.000000e+00
    outer loop
      vertex  8.611803e+01  5.740211e+01  4.430000e+01
      vertex  8.650000e+01  5.376795e+01  4.430000e+01
      vertex  8.650000e+01  5.723205e+01  4.430000e+01
    endloop
  endfacet
  facet normal  0.000000e+00  0.000000e+00  1.000000e+00
    outer loop
      vertex  8.650000e+01  5.723205e+01  4.430000e+01
      vertex  8.650000e+01  5.376795e+01  4.430000e+01
      vertex  8.683826e+01  5.401371e+01  4.430000e+01
    endloop
  endfacet
  facet normal  0.000000e+00  -0.000000e+00  1.000000e+00
    outer loop
      vertex  8.650000e+01  5.723205e+01  4.430000e+01
      vertex  8.683826e+01  5.401371e+01  4.430000e+01
      vertex  8.683826e+01  5.698629e+01  4.430000e+01
    endloop
  endfacet
  facet normal  0.000000e+00  0.000000e+00  9.999999e-01
    outer loop
      vertex  8.683826e+01  5.698629e+01  4.430000e+01
      vertex  8.683826e+01  5.401371e+01  4.430000e+01
      vertex  8.711803e+01  5.432443e+01  4.430000e+01
    endloop
  endfacet
  facet normal  0.000000e+00  -0.000000e+00  1.000000e+00
    outer loop
      vertex  8.683826e+01  5.698629e+01  4.430000e+01
      vertex  8.711803e+01  5.432443e+01  4.430000e+01
      vertex  8.711803e+01  5.667557e+01  4.430000e+01
    endloop
  endfacet
  facet normal  0.000000e+00  0.000000e+00  1.000000e+00
    outer loop
      vertex  8.711803e+01  5.667557e+01  4.430000e+01
      vertex  8.711803e+01  5.432443e+01  4.430000e+01
      vertex  8.732709e+01  5.468653e+01  4.430000e+01
    endloop
  endfacet
  facet normal  0.000000e+00  -0.000000e+00  1.000000e+00
    outer loop
      vertex  8.711803e+01  5.667557e+01  4.430000e+01
      vertex  8.732709e+01  5.468653e+01  4.430000e+01
      vertex  8.732709e+01  5.631347e+01  4.430000e+01
    endloop
  endfacet
  facet normal  0.000000e+00  0.000000e+00  9.999999e-01
    outer loop
      vertex  8.732709e+01  5.631347e+01  4.430000e+01
      vertex  8.732709e+01  5.468653e+01  4.430000e+01
      vertex  8.745630e+01  5.508418e+01  4.430000e+01
    endloop
  endfacet
  facet normal  0.000000e+00  -0.000000e+00  1.000000e+00
    outer loop
      vertex  8.732709e+01  5.631347e+01  4.430000e+01
      vertex  8.745630e+01  5.508418e+01  4.430000e+01
      vertex  8.745630e+01  5.591582e+01  4.430000e+01
    endloop
  endfacet
  facet normal  2.079100e-01  9.781479e-01  -0.000000e+00
    outer loop
      vertex -8.570906e+01  5.351096e+01  5.000000e+01
      vertex -8.611803e+01  5.359789e+01  4.430000e+01
      vertex -8.611803e+01  5.359789e+01  5.000000e+01
    endloop
  endfacet
  facet normal  4.067386e-01  9.135447e-01  0.000000e+00
    outer loop
      vertex -8.611803e+01  5.359789e+01  5.000000e+01
      vertex -8.611803e+01  5.359789e+01  4.430000e+01
      vertex -8.650000e+01  5.376795e+01  4.430000e+01
    endloop
  endfacet
  facet normal  4.067386e-01  9.135447e-01  -0.000000e+00
    outer loop
      vertex -8.611803e+01  5.359789e+01  5.000000e+01
      vertex -8.650000e+01  5.376795e+01  4.430000e+01
      vertex -8.650000e+01  5.376795e+01  5.000000e+01
    endloop
  endfacet
  facet normal  5.877827e-01  8.090189e-01  0.000000e+00
    outer loop
      vertex -8.650000e+01  5.376795e+01  5.000000e+01
      vertex -8.650000e+01  5.376795e+01  4.430000e+01
      vertex -8.683826e+01  5.401371e+01  4.430000e+01
    endloop
  endfacet
  facet normal  5.877827e-01  8.090189e-01  -0.000000e+00
    outer loop
      vertex -8.650000e+01  5.376795e+01  5.000000e+01
      vertex -8.683826e+01  5.401371e+01  4.430000e+01
      vertex -8.683826e+01  5.401371e+01  5.000000e+01
    endloop
  endfacet
  facet normal  7.431476e-01  6.691275e-01  0.000000e+00
    outer loop
      vertex -8.683826e+01  5.401371e+01  5.000000e+01
      vertex -8.683826e+01  5.401371e+01  4.430000e+01
      vertex -8.711803e+01  5.432443e+01  4.430000e+01
    endloop
  endfacet
  facet normal  7.431476e-01  6.691275e-01  -0.000000e+00
    outer loop
      vertex -8.683826e+01  5.401371e+01  5.000000e+01
      vertex -8.711803e+01  5.432443e+01  4.430000e+01
      vertex -8.711803e+01  5.432443e+01  5.000000e+01
    endloop
  endfacet
  facet normal  8.660304e-01  4.999915e-01  0.000000e+00
    outer loop
      vertex -8.711803e+01  5.432443e+01  5.000000e+01
      vertex -8.711803e+01  5.432443e+01  4.430000e+01
      vertex -8.732709e+01  5.468653e+01  4.430000e+01
    endloop
  endfacet
  facet normal  8.660304e-01  4.999915e-01  -0.000000e+00
    outer loop
      vertex -8.711803e+01  5.432443e+01  5.000000e+01
      vertex -8.732709e+01  5.468653e+01  4.430000e+01
      vertex -8.732709e+01  5.468653e+01  5.000000e+01
    endloop
  endfacet
  facet normal  9.510510e-01  3.090339e-01  0.000000e+00
    outer loop
      vertex -8.732709e+01  5.468653e+01  5.000000e+01
      vertex -8.732709e+01  5.468653e+01  4.430000e+01
      vertex -8.745630e+01  5.508418e+01  4.430000e+01
    endloop
  endfacet
  facet normal  9.510510e-01  3.090339e-01  -0.000000e+00
    outer loop
      vertex -8.732709e+01  5.468653e+01  5.000000e+01
      vertex -8.745630e+01  5.508418e+01  4.430000e+01
      vertex -8.745630e+01  5.508418e+01  5.000000e+01
    endloop
  endfacet
  facet normal  9.945229e-01  1.045195e-01  0.000000e+00
    outer loop
      vertex -8.745630e+01  5.508418e+01  5.000000e+01
      vertex -8.745630e+01  5.508418e+01  4.430000e+01
      vertex -8.750000e+01  5.550000e+01  4.430000e+01
    endloop
  endfacet
  facet normal  9.945229e-01  1.045195e-01  -0.000000e+00
    outer loop
      vertex -8.745630e+01  5.508418e+01  5.000000e+01
      vertex -8.750000e+01  5.550000e+01  4.430000e+01
      vertex -8.750000e+01  5.550000e+01  5.000000e+01
    endloop
  endfacet
  facet normal  2.079100e-01  9.781479e-01  0.000000e+00
    outer loop
      vertex -8.611803e+01  5.359789e+01  4.430000e+01
      vertex -8.570906e+01  5.351096e+01  5.000000e+01
      vertex -8.570906e+01  5.351096e+01  4.430000e+01
    endloop
  endfacet
  facet normal  0.000000e+00  1.000000e+00  0.000000e+00
    outer loop
      vertex -8.570906e+01  5.351096e+01  4.430000e+01
      vertex -8.570906e+01  5.351096e+01  5.000000e+01
      vertex -8.529094e+01  5.351096e+01  5.000000e+01
    endloop
  endfacet
  facet normal  0.000000e+00  1.000000e+00  0.000000e+00
    outer loop
      vertex -8.570906e+01  5.351096e+01  4.430000e+01
      vertex -8.529094e+01  5.351096e+01  5.000000e+01
      vertex -8.529094e+01  5.351096e+01  4.430000e+01
    endloop
  endfacet
  facet normal -2.079100e-01  9.781479e-01  0.000000e+00
    outer loop
      vertex -8.529094e+01  5.351096e+01  4.430000e+01
      vertex -8.529094e+01  5.351096e+01  5.000000e+01
      vertex -8.488197e+01  5.359789e+01  5.000000e+01
    endloop
  endfacet
  facet normal -2.079100e-01  9.781479e-01  0.000000e+00
    outer loop
      vertex -8.529094e+01  5.351096e+01  4.430000e+01
      vertex -8.488197e+01  5.359789e+01  5.000000e+01
      vertex -8.488197e+01  5.359789e+01  4.430000e+01
    endloop
  endfacet
  facet normal -4.067386e-01  9.135447e-01  0.000000e+00
    outer loop
      vertex -8.488197e+01  5.359789e+01  4.430000e+01
      vertex -8.488197e+01  5.359789e+01  5.000000e+01
      vertex -8.450000e+01  5.376795e+01  5.000000e+01
    endloop
  endfacet
  facet normal -4.067386e-01  9.135447e-01  0.000000e+00
    outer loop
      vertex -8.488197e+01  5.359789e+01  4.430000e+01
      vertex -8.450000e+01  5.376795e+01  5.000000e+01
      vertex -8.450000e+01  5.376795e+01  4.430000e+01
    endloop
  endfacet
  facet normal -5.877827e-01  8.090189e-01  0.000000e+00
    outer loop
      vertex -8.450000e+01  5.376795e+01  4.430000e+01
      vertex -8.450000e+01  5.376795e+01  5.000000e+01
      vertex -8.416174e+01  5.401371e+01  5.000000e+01
    endloop
  endfacet
  facet normal -5.877827e-01  8.090189e-01  0.000000e+00
    outer loop
      vertex -8.450000e+01  5.376795e+01  4.430000e+01
      vertex -8.416174e+01  5.401371e+01  5.000000e+01
      vertex -8.416174e+01  5.401371e+01  4.430000e+01
    endloop
  endfacet
  facet normal -7.431476e-01  6.691275e-01  0.000000e+00
    outer loop
      vertex -8.416174e+01  5.401371e+01  4.430000e+01
      vertex -8.416174e+01  5.401371e+01  5.000000e+01
      vertex -8.388197e+01  5.432443e+01  5.000000e+01
    endloop
  endfacet
  facet normal -7.431476e-01  6.691275e-01  0.000000e+00
    outer loop
      vertex -8.416174e+01  5.401371e+01  4.430000e+01
      vertex -8.388197e+01  5.432443e+01  5.000000e+01
      vertex -8.388197e+01  5.432443e+01  4.430000e+01
    endloop
  endfacet
  facet normal -8.660304e-01  4.999915e-01  0.000000e+00
    outer loop
      vertex -8.388197e+01  5.432443e+01  4.430000e+01
      vertex -8.388197e+01  5.432443e+01  5.000000e+01
      vertex -8.367291e+01  5.468653e+01  5.000000e+01
    endloop
  endfacet
  facet normal -8.660304e-01  4.999915e-01  0.000000e+00
    outer loop
      vertex -8.388197e+01  5.432443e+01  4.430000e+01
      vertex -8.367291e+01  5.468653e+01  5.000000e+01
      vertex -8.367291e+01  5.468653e+01  4.430000e+01
    endloop
  endfacet
  facet normal -9.510510e-01  3.090339e-01  0.000000e+00
    outer loop
      vertex -8.367291e+01  5.468653e+01  4.430000e+01
      vertex -8.367291e+01  5.468653e+01  5.000000e+01
      vertex -8.354370e+01  5.508418e+01  5.000000e+01
    endloop
  endfacet
  facet normal -9.510510e-01  3.090339e-01  0.000000e+00
    outer loop
      vertex -8.367291e+01  5.468653e+01  4.430000e+01
      vertex -8.354370e+01  5.508418e+01  5.000000e+01
      vertex -8.354370e+01  5.508418e+01  4.430000e+01
    endloop
  endfacet
  facet normal -9.945229e-01  1.045195e-01  0.000000e+00
    outer loop
      vertex -8.354370e+01  5.508418e+01  4.430000e+01
      vertex -8.354370e+01  5.508418e+01  5.000000e+01
      vertex -8.350000e+01  5.550000e+01  5.000000e+01
    endloop
  endfacet
  facet normal -9.945229e-01  1.045195e-01  0.000000e+00
    outer loop
      vertex -8.354370e+01  5.508418e+01  4.430000e+01
      vertex -8.350000e+01  5.550000e+01  5.000000e+01
      vertex -8.350000e+01  5.550000e+01  4.430000e+01
    endloop
  endfacet
  facet normal -2.079100e-01 -9.781479e-01  0.000000e+00
    outer loop
      vertex -8.529094e+01  5.748904e+01  5.000000e+01
      vertex -8.488197e+01  5.740211e+01  4.430000e+01
      vertex -8.488197e+01  5.740211e+01  5.000000e+01
    endloop
  endfacet
  facet normal -4.067386e-01 -9.135447e-01  -0.000000e+00
    outer loop
      vertex -8.488197e+01  5.740211e+01  5.000000e+01
      vertex -8.488197e+01  5.740211e+01  4.430000e+01
      vertex -8.450000e+01  5.723205e+01  4.430000e+01
    endloop
  endfacet
  facet normal -4.067386e-01 -9.135447e-01  0.000000e+00
    outer loop
      vertex -8.488197e+01  5.740211e+01  5.000000e+01
      vertex -8.450000e+01  5.723205e+01  4.430000e+01
      vertex -8.450000e+01  5.723205e+01  5.000000e+01
    endloop
  endfacet
  facet normal -5.877827e-01 -8.090189e-01  -0.000000e+00
    outer loop
      vertex -8.450000e+01  5.723205e+01  5.000000e+01
      vertex -8.450000e+01  5.723205e+01  4.430000e+01
      vertex -8.416174e+01  5.698629e+01  4.430000e+01
    endloop
  endfacet
  facet normal -5.877827e-01 -8.090189e-01  0.000000e+00
    outer loop
      vertex -8.450000e+01  5.723205e+01  5.000000e+01
      vertex -8.416174e+01  5.698629e+01  4.430000e+01
      vertex -8.416174e+01  5.698629e+01  5.000000e+01
    endloop
  endfacet
  facet normal -7.431476e-01 -6.691275e-01  -0.000000e+00
    outer loop
      vertex -8.416174e+01  5.698629e+01  5.000000e+01
      vertex -8.416174e+01  5.698629e+01  4.430000e+01
      vertex -8.388197e+01  5.667557e+01  4.430000e+01
    endloop
  endfacet
  facet normal -7.431476e-01 -6.691275e-01  0.000000e+00
    outer loop
      vertex -8.416174e+01  5.698629e+01  5.000000e+01
      vertex -8.388197e+01  5.667557e+01  4.430000e+01
      vertex -8.388197e+01  5.667557e+01  5.000000e+01
    endloop
  endfacet
  facet normal -8.660304e-01 -4.999915e-01  -0.000000e+00
    outer loop
      vertex -8.388197e+01  5.667557e+01  5.000000e+01
      vertex -8.388197e+01  5.667557e+01  4.430000e+01
      vertex -8.367291e+01  5.631347e+01  4.430000e+01
    endloop
  endfacet
  facet normal -8.660304e-01 -4.999915e-01  0.000000e+00
    outer loop
      vertex -8.388197e+01  5.667557e+01  5.000000e+01
      vertex -8.367291e+01  5.631347e+01  4.430000e+01
      vertex -8.367291e+01  5.631347e+01  5.000000e+01
    endloop
  endfacet
  facet normal -9.510510e-01 -3.090339e-01  -0.000000e+00
    outer loop
      vertex -8.367291e+01  5.631347e+01  5.000000e+01
      vertex -8.367291e+01  5.631347e+01  4.430000e+01
      vertex -8.354370e+01  5.591582e+01  4.430000e+01
    endloop
  endfacet
  facet normal -9.510510e-01 -3.090339e-01  0.000000e+00
    outer loop
      vertex -8.367291e+01  5.631347e+01  5.000000e+01
      vertex -8.354370e+01  5.591582e+01  4.430000e+01
      vertex -8.354370e+01  5.591582e+01  5.000000e+01
    endloop
  endfacet
  facet normal -9.945229e-01 -1.045195e-01  -0.000000e+00
    outer loop
      vertex -8.354370e+01  5.591582e+01  5.000000e+01
      vertex -8.354370e+01  5.591582e+01  4.430000e+01
      vertex -8.350000e+01  5.550000e+01  4.430000e+01
    endloop
  endfacet
  facet normal -9.945229e-01 -1.045195e-01  0.000000e+00
    outer loop
      vertex -8.354370e+01  5.591582e+01  5.000000e+01
      vertex -8.350000e+01  5.550000e+01  4.430000e+01
      vertex -8.350000e+01  5.550000e+01  5.000000e+01
    endloop
  endfacet
  facet normal -2.079100e-01 -9.781479e-01  -0.000000e+00
    outer loop
      vertex -8.488197e+01  5.740211e+01  4.430000e+01
      vertex -8.529094e+01  5.748904e+01  5.000000e+01
      vertex -8.529094e+01  5.748904e+01  4.430000e+01
    endloop
  endfacet
  facet normal  0.000000e+00 -1.000000e+00  0.000000e+00
    outer loop
      vertex -8.529094e+01  5.748904e+01  4.430000e+01
      vertex -8.529094e+01  5.748904e+01  5.000000e+01
      vertex -8.570906e+01  5.748904e+01  5.000000e+01
    endloop
  endfacet
  facet normal  0.000000e+00 -1.000000e+00  0.000000e+00
    outer loop
      vertex -8.529094e+01  5.748904e+01  4.430000e+01
      vertex -8.570906e+01  5.748904e+01  5.000000e+01
      vertex -8.570906e+01  5.748904e+01  4.430000e+01
    endloop
  endfacet
  facet normal  2.079100e-01 -9.781479e-01  0.000000e+00
    outer loop
      vertex -8.570906e+01  5.748904e+01  4.430000e+01
      vertex -8.570906e+01  5.748904e+01  5.000000e+01
      vertex -8.611803e+01  5.740211e+01  5.000000e+01
    endloop
  endfacet
  facet normal  2.079100e-01 -9.781479e-01  0.000000e+00
    outer loop
      vertex -8.570906e+01  5.748904e+01  4.430000e+01
      vertex -8.611803e+01  5.740211e+01  5.000000e+01
      vertex -8.611803e+01  5.740211e+01  4.430000e+01
    endloop
  endfacet
  facet normal  4.067386e-01 -9.135447e-01  0.000000e+00
    outer loop
      vertex -8.611803e+01  5.740211e+01  4.430000e+01
      vertex -8.611803e+01  5.740211e+01  5.000000e+01
      vertex -8.650000e+01  5.723205e+01  5.000000e+01
    endloop
  endfacet
  facet normal  4.067386e-01 -9.135447e-01  0.000000e+00
    outer loop
      vertex -8.611803e+01  5.740211e+01  4.430000e+01
      vertex -8.650000e+01  5.723205e+01  5.000000e+01
      vertex -8.650000e+01  5.723205e+01  4.430000e+01
    endloop
  endfacet
  facet normal  5.877827e-01 -8.090189e-01  0.000000e+00
    outer loop
      vertex -8.650000e+01  5.723205e+01  4.430000e+01
      vertex -8.650000e+01  5.723205e+01  5.000000e+01
      vertex -8.683826e+01  5.698629e+01  5.000000e+01
    endloop
  endfacet
  facet normal  5.877827e-01 -8.090189e-01  0.000000e+00
    outer loop
      vertex -8.650000e+01  5.723205e+01  4.430000e+01
      vertex -8.683826e+01  5.698629e+01  5.000000e+01
      vertex -8.683826e+01  5.698629e+01  4.430000e+01
    endloop
  endfacet
  facet normal  7.431476e-01 -6.691275e-01  0.000000e+00
    outer loop
      vertex -8.683826e+01  5.698629e+01  4.430000e+01
      vertex -8.683826e+01  5.698629e+01  5.000000e+01
      vertex -8.711803e+01  5.667557e+01  5.000000e+01
    endloop
  endfacet
  facet normal  7.431476e-01 -6.691275e-01  0.000000e+00
    outer loop
      vertex -8.683826e+01  5.698629e+01  4.430000e+01
      vertex -8.711803e+01  5.667557e+01  5.000000e+01
      vertex -8.711803e+01  5.667557e+01  4.430000e+01
    endloop
  endfacet
  facet normal  8.660304e-01 -4.999915e-01  0.000000e+00
    outer loop
      vertex -8.711803e+01  5.667557e+01  4.430000e+01
      vertex -8.711803e+01  5.667557e+01  5.000000e+01
      vertex -8.732709e+01  5.631347e+01  5.000000e+01
    endloop
  endfacet
  facet normal  8.660304e-01 -4.999915e-01  0.000000e+00
    outer loop
      vertex -8.711803e+01  5.667557e+01  4.430000e+01
      vertex -8.732709e+01  5.631347e+01  5.000000e+01
      vertex -8.732709e+01  5.631347e+01  4.430000e+01
    endloop
  endfacet
  facet normal  9.510510e-01 -3.090339e-01  0.000000e+00
    outer loop
      vertex -8.732709e+01  5.631347e+01  4.430000e+01
      vertex -8.732709e+01  5.631347e+01  5.000000e+01
      vertex -8.745630e+01  5.591582e+01  5.000000e+01
    endloop
  endfacet
  facet normal  9.510510e-01 -3.090339e-01  0.000000e+00
    outer loop
      vertex -8.732709e+01  5.631347e+01  4.430000e+01
      vertex -8.745630e+01  5.591582e+01  5.000000e+01
      vertex -8.745630e+01  5.591582e+01  4.430000e+01
    endloop
  endfacet
  facet normal  9.945229e-01 -1.045195e-01  0.000000e+00
    outer loop
      vertex -8.745630e+01  5.591582e+01  4.430000e+01
      vertex -8.745630e+01  5.591582e+01  5.000000e+01
      vertex -8.750000e+01  5.550000e+01  5.000000e+01
    endloop
  endfacet
  facet normal  9.945229e-01 -1.045195e-01  0.000000e+00
    outer loop
      vertex -8.745630e+01  5.591582e+01  4.430000e+01
      vertex -8.750000e+01  5.550000e+01  5.000000e+01
      vertex -8.750000e+01  5.550000e+01  4.430000e+01
    endloop
  endfacet
  facet normal  0.000000e+00  0.000000e+00  1.000000e+00
    outer loop
      vertex -8.354370e+01  5.591582e+01  4.430000e+01
      vertex -8.354370e+01  5.508418e+01  4.430000e+01
      vertex -8.350000e+01  5.550000e+01  4.430000e+01
    endloop
  endfacet
  facet normal  0.000000e+00  -0.000000e+00  1.000000e+00
    outer loop
      vertex -8.750000e+01  5.550000e+01  4.430000e+01
      vertex -8.745630e+01  5.508418e+01  4.430000e+01
      vertex -8.745630e+01  5.591582e+01  4.430000e+01
    endloop
  endfacet
  facet normal  0.000000e+00  0.000000e+00  1.000000e+00
    outer loop
      vertex -8.745630e+01  5.591582e+01  4.430000e+01
      vertex -8.745630e+01  5.508418e+01  4.430000e+01
      vertex -8.732709e+01  5.468653e+01  4.430000e+01
    endloop
  endfacet
  facet normal  0.000000e+00  -0.000000e+00  9.999999e-01
    outer loop
      vertex -8.745630e+01  5.591582e+01  4.430000e+01
      vertex -8.732709e+01  5.468653e+01  4.430000e+01
      vertex -8.732709e+01  5.631347e+01  4.430000e+01
    endloop
  endfacet
  facet normal  0.000000e+00  0.000000e+00  1.000000e+00
    outer loop
      vertex -8.732709e+01  5.631347e+01  4.430000e+01
      vertex -8.732709e+01  5.468653e+01  4.430000e+01
      vertex -8.711803e+01  5.432443e+01  4.430000e+01
    endloop
  endfacet
  facet normal  0.000000e+00  -0.000000e+00  1.000000e+00
    outer loop
      vertex -8.732709e+01  5.631347e+01  4.430000e+01
      vertex -8.711803e+01  5.432443e+01  4.430000e+01
      vertex -8.711803e+01  5.667557e+01  4.430000e+01
    endloop
  endfacet
  facet normal  0.000000e+00  0.000000e+00  1.000000e+00
    outer loop
      vertex -8.711803e+01  5.667557e+01  4.430000e+01
      vertex -8.711803e+01  5.432443e+01  4.430000e+01
      vertex -8.683826e+01  5.401371e+01  4.430000e+01
    endloop
  endfacet
  facet normal  0.000000e+00  -0.000000e+00  9.999999e-01
    outer loop
      vertex -8.711803e+01  5.667557e+01  4.430000e+01
      vertex -8.683826e+01  5.401371e+01  4.430000e+01
      vertex -8.683826e+01  5.698629e+01  4.430000e+01
    endloop
  endfacet
  facet normal  0.000000e+00  0.000000e+00  1.000000e+00
    outer loop
      vertex -8.683826e+01  5.698629e+01  4.430000e+01
      vertex -8.683826e+01  5.401371e+01  4.430000e+01
      vertex -8.650000e+01  5.376795e+01  4.430000e+01
    endloop
  endfacet
  facet normal  0.000000e+00  -0.000000e+00  1.000000e+00
    outer loop
      vertex -8.683826e+01  5.698629e+01  4.430000e+01
      vertex -8.650000e+01  5.376795e+01  4.430000e+01
      vertex -8.650000e+01  5.723205e+01  4.430000e+01
    endloop
  endfacet
  facet normal  0.000000e+00  0.000000e+00  1.000000e+00
    outer loop
      vertex -8.650000e+01  5.723205e+01  4.430000e+01
      vertex -8.650000e+01  5.376795e+01  4.430000e+01
      vertex -8.611803e+01  5.359789e+01  4.430000e+01
    endloop
  endfacet
  facet normal  0.000000e+00  -0.000000e+00  1.000000e+00
    outer loop
      vertex -8.650000e+01  5.723205e+01  4.430000e+01
      vertex -8.611803e+01  5.359789e+01  4.430000e+01
      vertex -8.611803e+01  5.740211e+01  4.430000e+01
    endloop
  endfacet
  facet normal  0.000000e+00  0.000000e+00  9.999999e-01
    outer loop
      vertex -8.611803e+01  5.740211e+01  4.430000e+01
      vertex -8.611803e+01  5.359789e+01  4.430000e+01
      vertex -8.570906e+01  5.351096e+01  4.430000e+01
    endloop
  endfacet
  facet normal  0.000000e+00  -0.000000e+00  1.000000e+00
    outer loop
      vertex -8.611803e+01  5.740211e+01  4.430000e+01
      vertex -8.570906e+01  5.351096e+01  4.430000e+01
      vertex -8.570906e+01  5.748904e+01  4.430000e+01
    endloop
  endfacet
  facet normal  0.000000e+00  0.000000e+00  9.999999e-01
    outer loop
      vertex -8.570906e+01  5.748904e+01  4.430000e+01
      vertex -8.570906e+01  5.351096e+01  4.430000e+01
      vertex -8.529094e+01  5.351096e+01  4.430000e+01
    endloop
  endfacet
  facet normal  0.000000e+00  -0.000000e+00  9.999999e-01
    outer loop
      vertex -8.570906e+01  5.748904e+01  4.430000e+01
      vertex -8.529094e+01  5.351096e+01  4.430000e+01
      vertex -8.529094e+01  5.748904e+01  4.430000e+01
    endloop
  endfacet
  facet normal  0.000000e+00  0.000000e+00  1.000000e+00
    outer loop
      vertex -8.529094e+01  5.748904e+01  4.430000e+01
      vertex -8.529094e+01  5.351096e+01  4.430000e+01
      vertex -8.488197e+01  5.359789e+01  4.430000e+01
    endloop
  endfacet
  facet normal  0.000000e+00  -0.000000e+00  9.999999e-01
    outer loop
      vertex -8.529094e+01  5.748904e+01  4.430000e+01
      vertex -8.488197e+01  5.359789e+01  4.430000e+01
      vertex -8.488197e+01  5.740211e+01  4.430000e+01
    endloop
  endfacet
  facet normal  0.000000e+00  0.000000e+00  1.000000e+00
    outer loop
      vertex -8.488197e+01  5.740211e+01  4.430000e+01
      vertex -8.488197e+01  5.359789e+01  4.430000e+01
      vertex -8.450000e+01  5.376795e+01  4.430000e+01
    endloop
  endfacet
  facet normal  0.000000e+00  -0.000000e+00  1.000000e+00
    outer loop
      vertex -8.488197e+01  5.740211e+01  4.430000e+01
      vertex -8.450000e+01  5.376795e+01  4.430000e+01
      vertex -8.450000e+01  5.723205e+01  4.430000e+01
    endloop
  endfacet
  facet normal  0.000000e+00  0.000000e+00  1.000000e+00
    outer loop
      vertex -8.450000e+01  5.723205e+01  4.430000e+01
      vertex -8.450000e+01  5.376795e+01  4.430000e+01
      vertex -8.416174e+01  5.401371e+01  4.430000e+01
    endloop
  endfacet
  facet normal  0.000000e+00  -0.000000e+00  1.000000e+00
    outer loop
      vertex -8.450000e+01  5.723205e+01  4.430000e+01
      vertex -8.416174e+01  5.401371e+01  4.430000e+01
      vertex -8.416174e+01  5.698629e+01  4.430000e+01
    endloop
  endfacet
  facet normal  0.000000e+00  0.000000e+00  9.999999e-01
    outer loop
      vertex -8.416174e+01  5.698629e+01  4.430000e+01
      vertex -8.416174e+01  5.401371e+01  4.430000e+01
      vertex -8.388197e+01  5.432443e+01  4.430000e+01
    endloop
  endfacet
  facet normal  0.000000e+00  -0.000000e+00  1.000000e+00
    outer loop
      vertex -8.416174e+01  5.698629e+01  4.430000e+01
      vertex -8.388197e+01  5.432443e+01  4.430000e+01
      vertex -8.388197e+01  5.667557e+01  4.430000e+01
    endloop
  endfacet
  facet normal  0.000000e+00  0.000000e+00  1.000000e+00
    outer loop
      vertex -8.388197e+01  5.667557e+01  4.430000e+01
      vertex -8.388197e+01  5.432443e+01  4.430000e+01
      vertex -8.367291e+01  5.468653e+01  4.430000e+01
    endloop
  endfacet
  facet normal  0.000000e+00  -0.000000e+00  1.000000e+00
    outer loop
      vertex -8.388197e+01  5.667557e+01  4.430000e+01
      vertex -8.367291e+01  5.468653e+01  4.430000e+01
      vertex -8.367291e+01  5.631347e+01  4.430000e+01
    endloop
  endfacet
  facet normal  0.000000e+00  0.000000e+00  9.999999e-01
    outer loop
      vertex -8.367291e+01  5.631347e+01  4.430000e+01
      vertex -8.367291e+01  5.468653e+01  4.430000e+01
      vertex -8.354370e+01  5.508418e+01  4.430000e+01
    endloop
  endfacet
  facet normal  0.000000e+00  -0.000000e+00  1.000000e+00
    outer loop
      vertex -8.367291e+01  5.631347e+01  4.430000e+01
      vertex -8.354370e+01  5.508418e+01  4.430000e+01
      vertex -8.354370e+01  5.591582e+01  4.430000e+01
    endloop
  endfacet
  facet normal  0.000000e+00  0.000000e+00  9.999999e-01
    outer loop
      vertex -7.427962e+01 -3.827513e+01  5.000000e+00
      vertex -7.423920e+01 -3.789050e+01  5.000000e+00
      vertex -7.458999e+01  3.766013e+01  5.000000e+00
    endloop
  endfacet
  facet normal  0.000000e+00  0.000000e+00  1.000000e+00
    outer loop
      vertex -7.291935e+01 -5.732697e+01  5.000000e+00
      vertex -7.223624e+01 -4.011500e+01  5.000000e+00
      vertex -7.262300e+01 -4.011500e+01  5.000000e+00
    endloop
  endfacet
  facet normal  0.000000e+00  -0.000000e+00  1.000000e+00
    outer loop
      vertex  7.242832e+01  4.225945e+01  5.000000e+00
      vertex  7.280663e+01  4.233987e+01  5.000000e+00
      vertex  7.291935e+01  5.732697e+01  5.000000e+00
    endloop
  endfacet
  facet normal  0.000000e+00  0.000000e+00  1.000000e+00
    outer loop
      vertex  8.732697e+01 -4.291935e+01  5.000000e+00
      vertex  7.469006e+01 -4.204754e+01  5.000000e+00
      vertex  7.480957e+01 -4.241536e+01  5.000000e+00
    endloop
  endfacet
  facet normal  0.000000e+00  0.000000e+00  1.000000e+00
    outer loop
      vertex  8.711150e+01 -4.411361e+01  5.000000e+00
      vertex  7.480957e+01 -4.318464e+01  5.000000e+00
      vertex  7.469006e+01 -4.355246e+01  5.000000e+00
    endloop
  endfacet
  facet normal  0.000000e+00  0.000000e+00  1.000000e+00
    outer loop
      vertex  8.711150e+01 -4.411361e+01  5.000000e+00
      vertex  7.469006e+01 -4.355246e+01  5.000000e+00
      vertex  7.449668e+01 -4.388740e+01  5.000000e+00
    endloop
  endfacet
  facet normal  0.000000e+00  0.000000e+00  9.999999e-01
    outer loop
      vertex  7.449668e+01 -4.388740e+01  5.000000e+00
      vertex  7.423789e+01 -4.417482e+01  5.000000e+00
      vertex  8.711150e+01 -4.411361e+01  5.000000e+00
    endloop
  endfacet
  facet normal  -0.000000e+00  0.000000e+00  1.000000e+00
    outer loop
      vertex -7.254661e+01  3.950000e+01  5.000000e+00
      vertex -7.258704e+01  3.911536e+01  5.000000e+00
      vertex -7.262300e+01 -3.643526e+01  5.000000e+00
    endloop
  endfacet
  facet normal  0.000000e+00  0.000000e+00  1.000000e+00
    outer loop
      vertex -7.254661e+01  3.950000e+01  5.000000e+00
      vertex -7.262300e+01 -3.643526e+01  5.000000e+00
      vertex -7.223624e+01 -3.643526e+01  5.000000e+00
    endloop
  endfacet
  facet normal  0.000000e+00  -0.000000e+00  1.000000e+00
    outer loop
      vertex -7.254661e+01  3.950000e+01  5.000000e+00
      vertex -7.223624e+01 -3.643526e+01  5.000000e+00
      vertex -7.171277e+01  5.745668e+01  5.000000e+00
    endloop
  endfacet
  facet normal  0.000000e+00  0.000000e+00  1.000000e+00
    outer loop
      vertex -7.254661e+01  3.950000e+01  5.000000e+00
      vertex -7.171277e+01  5.745668e+01  5.000000e+00
      vertex -7.291935e+01  5.732697e+01  5.000000e+00
    endloop
  endfacet
  facet normal  0.000000e+00  0.000000e+00  1.000000e+00
    outer loop
      vertex -7.254661e+01  3.950000e+01  5.000000e+00
      vertex -7.291935e+01  5.732697e+01  5.000000e+00
      vertex -7.258704e+01  3.988464e+01  5.000000e+00
    endloop
  endfacet
  facet normal  0.000000e+00  0.000000e+00  1.000000e+00
    outer loop
      vertex  8.750000e+01 -4.050000e+01  5.000000e+00
      vertex  8.750000e+01  4.050000e+01  5.000000e+00
      vertex  7.485000e+01  4.050000e+01  5.000000e+00
    endloop
  endfacet
  facet normal  0.000000e+00  0.000000e+00  1.000000e+00
    outer loop
      vertex  8.750000e+01 -4.050000e+01  5.000000e+00
      vertex  7.485000e+01  4.050000e+01  5.000000e+00
      vertex  7.480957e+01  4.011536e+01  5.000000e+00
    endloop
  endfacet
  facet normal  0.000000e+00  0.000000e+00  1.000000e+00
    outer loop
      vertex  8.750000e+01 -4.050000e+01  5.000000e+00
      vertex  7.480957e+01  4.011536e+01  5.000000e+00
      vertex  7.469006e+01  3.974754e+01  5.000000e+00
    endloop
  endfacet
  facet normal  0.000000e+00  0.000000e+00  1.000000e+00
    outer loop
      vertex  8.750000e+01 -4.050000e+01  5.000000e+00
      vertex  7.469006e+01  3.974754e+01  5.000000e+00
      vertex  7.449668e+01  3.941260e+01  5.000000e+00
    endloop
  endfacet
  facet normal  0.000000e+00  0.000000e+00  9.999999e-01
    outer loop
      vertex  8.750000e+01 -4.050000e+01  5.000000e+00
      vertex  7.449668e+01  3.941260e+01  5.000000e+00
      vertex  7.423789e+01  3.912518e+01  5.000000e+00
    endloop
  endfacet
  facet normal  0.000000e+00  0.000000e+00  1.000000e+00
    outer loop
      vertex  8.750000e+01 -4.050000e+01  5.000000e+00
      vertex  7.423789e+01  3.912518e+01  5.000000e+00
      vertex  7.392500e+01  3.889785e+01  5.000000e+00
    endloop
  endfacet
  facet normal  0.000000e+00  0.000000e+00  1.000000e+00
    outer loop
      vertex  8.750000e+01 -4.050000e+01  5.000000e+00
      vertex  7.392500e+01  3.889785e+01  5.000000e+00
      vertex  7.357168e+01  3.874055e+01  5.000000e+00
    endloop
  endfacet
  facet normal  0.000000e+00  0.000000e+00  1.000000e+00
    outer loop
      vertex  8.750000e+01 -4.050000e+01  5.000000e+00
      vertex  7.357168e+01  3.874055e+01  5.000000e+00
      vertex  7.319337e+01  3.866013e+01  5.000000e+00
    endloop
  endfacet
  facet normal  0.000000e+00  0.000000e+00  1.000000e+00
    outer loop
      vertex  8.750000e+01 -4.050000e+01  5.000000e+00
      vertex  7.319337e+01  3.866013e+01  5.000000e+00
      vertex  7.319337e+01 -4.096013e+01  5.000000e+00
    endloop
  endfacet
  facet normal  -0.000000e+00  0.000000e+00  1.000000e+00
    outer loop
      vertex  8.750000e+01 -4.050000e+01  5.000000e+00
      vertex  7.319337e+01 -4.096013e+01  5.000000e+00
      vertex  8.745669e+01 -4.171276e+01  5.000000e+00
    endloop
  endfacet
  facet normal  -0.000000e+00  -0.000000e+00  1.000000e+00
    outer loop
      vertex -8.750000e+01 -4.050000e+01  5.000000e+00
      vertex -8.745669e+01 -4.171276e+01  5.000000e+00
      vertex -8.732697e+01 -4.291935e+01  5.000000e+00
    endloop
  endfacet
  facet normal  -0.000000e+00  -0.000000e+00  1.000000e+00
    outer loop
      vertex -8.750000e+01 -4.050000e+01  5.000000e+00
      vertex -8.732697e+01 -4.291935e+01  5.000000e+00
      vertex -8.711150e+01 -4.411361e+01  5.000000e+00
    endloop
  endfacet
  facet normal  -0.000000e+00  -0.000000e+00  1.000000e+00
    outer loop
      vertex -8.750000e+01 -4.050000e+01  5.000000e+00
      vertex -8.711150e+01 -4.411361e+01  5.000000e+00
      vertex -8.681138e+01 -4.528945e+01  5.000000e+00
    endloop
  endfacet
  facet normal  -0.000000e+00  -0.000000e+00  1.000000e+00
    outer loop
      vertex -8.750000e+01 -4.050000e+01  5.000000e+00
      vertex -8.681138e+01 -4.528945e+01  5.000000e+00
      vertex -8.642815e+01 -4.644089e+01  5.000000e+00
    endloop
  endfacet
  facet normal  -0.000000e+00  -0.000000e+00  1.000000e+00
    outer loop
      vertex -8.750000e+01 -4.050000e+01  5.000000e+00
      vertex -8.642815e+01 -4.644089e+01  5.000000e+00
      vertex -8.596375e+01 -4.756205e+01  5.000000e+00
    endloop
  endfacet
  facet normal  -0.000000e+00  -0.000000e+00  1.000000e+00
    outer loop
      vertex -8.750000e+01 -4.050000e+01  5.000000e+00
      vertex -8.596375e+01 -4.756205e+01  5.000000e+00
      vertex -8.542054e+01 -4.864723e+01  5.000000e+00
    endloop
  endfacet
  facet normal  -0.000000e+00  -0.000000e+00  1.000000e+00
    outer loop
      vertex -8.750000e+01 -4.050000e+01  5.000000e+00
      vertex -8.542054e+01 -4.864723e+01  5.000000e+00
      vertex -8.480131e+01 -4.969090e+01  5.000000e+00
    endloop
  endfacet
  facet normal  -0.000000e+00  -0.000000e+00  1.000000e+00
    outer loop
      vertex -8.750000e+01 -4.050000e+01  5.000000e+00
      vertex -8.480131e+01 -4.969090e+01  5.000000e+00
      vertex -8.410920e+01 -5.068772e+01  5.000000e+00
    endloop
  endfacet
  facet normal  -0.000000e+00  -0.000000e+00  1.000000e+00
    outer loop
      vertex -8.750000e+01 -4.050000e+01  5.000000e+00
      vertex -8.410920e+01 -5.068772e+01  5.000000e+00
      vertex -8.334774e+01 -5.163263e+01  5.000000e+00
    endloop
  endfacet
  facet normal  -0.000000e+00  -0.000000e+00  1.000000e+00
    outer loop
      vertex -8.750000e+01 -4.050000e+01  5.000000e+00
      vertex -8.334774e+01 -5.163263e+01  5.000000e+00
      vertex -8.252081e+01 -5.252082e+01  5.000000e+00
    endloop
  endfacet
  facet normal  -0.000000e+00  -0.000000e+00  1.000000e+00
    outer loop
      vertex -8.750000e+01 -4.050000e+01  5.000000e+00
      vertex -8.252081e+01 -5.252082e+01  5.000000e+00
      vertex -8.163263e+01 -5.334774e+01  5.000000e+00
    endloop
  endfacet
  facet normal  -0.000000e+00  -0.000000e+00  1.000000e+00
    outer loop
      vertex -8.750000e+01 -4.050000e+01  5.000000e+00
      vertex -8.163263e+01 -5.334774e+01  5.000000e+00
      vertex -8.068772e+01 -5.410920e+01  5.000000e+00
    endloop
  endfacet
  facet normal  -0.000000e+00  -0.000000e+00  1.000000e+00
    outer loop
      vertex -8.750000e+01 -4.050000e+01  5.000000e+00
      vertex -8.068772e+01 -5.410920e+01  5.000000e+00
      vertex -7.969090e+01 -5.480131e+01  5.000000e+00
    endloop
  endfacet
  facet normal  -0.000000e+00  -0.000000e+00  1.000000e+00
    outer loop
      vertex -8.750000e+01 -4.050000e+01  5.000000e+00
      vertex -7.969090e+01 -5.480131e+01  5.000000e+00
      vertex -7.864723e+01 -5.542054e+01  5.000000e+00
    endloop
  endfacet
  facet normal  -0.000000e+00  -0.000000e+00  1.000000e+00
    outer loop
      vertex -8.750000e+01 -4.050000e+01  5.000000e+00
      vertex -7.864723e+01 -5.542054e+01  5.000000e+00
      vertex -7.756206e+01 -5.596375e+01  5.000000e+00
    endloop
  endfacet
  facet normal  -0.000000e+00  -0.000000e+00  1.000000e+00
    outer loop
      vertex -8.750000e+01 -4.050000e+01  5.000000e+00
      vertex -7.756206e+01 -5.596375e+01  5.000000e+00
      vertex -7.644089e+01 -5.642815e+01  5.000000e+00
    endloop
  endfacet
  facet normal  -0.000000e+00  -0.000000e+00  1.000000e+00
    outer loop
      vertex -8.750000e+01 -4.050000e+01  5.000000e+00
      vertex -7.644089e+01 -5.642815e+01  5.000000e+00
      vertex -7.528945e+01 -5.681138e+01  5.000000e+00
    endloop
  endfacet
  facet normal  0.000000e+00  -0.000000e+00  1.000000e+00
    outer loop
      vertex -8.750000e+01 -4.050000e+01  5.000000e+00
      vertex -7.528945e+01 -5.681138e+01  5.000000e+00
      vertex -7.458999e+01  3.766013e+01  5.000000e+00
    endloop
  endfacet
  facet normal  0.000000e+00  0.000000e+00  1.000000e+00
    outer loop
      vertex -8.750000e+01 -4.050000e+01  5.000000e+00
      vertex -7.458999e+01  3.766013e+01  5.000000e+00
      vertex -7.496829e+01  3.774055e+01  5.000000e+00
    endloop
  endfacet
  facet normal  0.000000e+00  0.000000e+00  1.000000e+00
    outer loop
      vertex -8.750000e+01 -4.050000e+01  5.000000e+00
      vertex -7.496829e+01  3.774055e+01  5.000000e+00
      vertex -7.532161e+01  3.789785e+01  5.000000e+00
    endloop
  endfacet
  facet normal  0.000000e+00  0.000000e+00  1.000000e+00
    outer loop
      vertex -8.750000e+01 -4.050000e+01  5.000000e+00
      vertex -7.532161e+01  3.789785e+01  5.000000e+00
      vertex -7.563450e+01  3.812518e+01  5.000000e+00
    endloop
  endfacet
  facet normal  0.000000e+00  0.000000e+00  1.000000e+00
    outer loop
      vertex -8.750000e+01 -4.050000e+01  5.000000e+00
      vertex -7.563450e+01  3.812518e+01  5.000000e+00
      vertex -7.589329e+01  3.841260e+01  5.000000e+00
    endloop
  endfacet
  facet normal  0.000000e+00  0.000000e+00  1.000000e+00
    outer loop
      vertex -8.750000e+01 -4.050000e+01  5.000000e+00
      vertex -7.589329e+01  3.841260e+01  5.000000e+00
      vertex -7.608667e+01  3.874754e+01  5.000000e+00
    endloop
  endfacet
  facet normal  0.000000e+00  0.000000e+00  1.000000e+00
    outer loop
      vertex -8.750000e+01 -4.050000e+01  5.000000e+00
      vertex -7.608667e+01  3.874754e+01  5.000000e+00
      vertex -7.620618e+01  3.911536e+01  5.000000e+00
    endloop
  endfacet
  facet normal  0.000000e+00  0.000000e+00  1.000000e+00
    outer loop
      vertex -8.750000e+01 -4.050000e+01  5.000000e+00
      vertex -7.620618e+01  3.911536e+01  5.000000e+00
      vertex -7.624660e+01  3.950000e+01  5.000000e+00
    endloop
  endfacet
  facet normal  0.000000e+00  -0.000000e+00  1.000000e+00
    outer loop
      vertex -8.750000e+01 -4.050000e+01  5.000000e+00
      vertex -7.624660e+01  3.950000e+01  5.000000e+00
      vertex -7.620618e+01  3.988464e+01  5.000000e+00
    endloop
  endfacet
  facet normal  0.000000e+00  -0.000000e+00  1.000000e+00
    outer loop
      vertex -7.528945e+01 -5.681138e+01  5.000000e+00
      vertex -7.411361e+01 -5.711150e+01  5.000000e+00
      vertex -7.392631e+01 -3.936253e+01  5.000000e+00
    endloop
  endfacet
  facet normal  0.000000e+00  0.000000e+00  1.000000e+00
    outer loop
      vertex -7.528945e+01 -5.681138e+01  5.000000e+00
      vertex -7.392631e+01 -3.936253e+01  5.000000e+00
      vertex -7.411968e+01 -3.902760e+01  5.000000e+00
    endloop
  endfacet
  facet normal  0.000000e+00  0.000000e+00  1.000000e+00
    outer loop
      vertex -7.528945e+01 -5.681138e+01  5.000000e+00
      vertex -7.411968e+01 -3.902760e+01  5.000000e+00
      vertex -7.423920e+01 -3.865977e+01  5.000000e+00
    endloop
  endfacet
  facet normal  0.000000e+00  0.000000e+00  9.999999e-01
    outer loop
      vertex -7.528945e+01 -5.681138e+01  5.000000e+00
      vertex -7.423920e+01 -3.865977e+01  5.000000e+00
      vertex -7.427962e+01 -3.827513e+01  5.000000e+00
    endloop
  endfacet
  facet normal  0.000000e+00  0.000000e+00  1.000000e+00
    outer loop
      vertex -7.528945e+01 -5.681138e+01  5.000000e+00
      vertex -7.427962e+01 -3.827513e+01  5.000000e+00
      vertex -7.458999e+01  3.766013e+01  5.000000e+00
    endloop
  endfacet
  facet normal  0.000000e+00  -0.000000e+00  1.000000e+00
    outer loop
      vertex -7.411361e+01 -5.711150e+01  5.000000e+00
      vertex -7.291935e+01 -5.732697e+01  5.000000e+00
      vertex -7.262300e+01 -4.011500e+01  5.000000e+00
    endloop
  endfacet
  facet normal  0.000000e+00  0.000000e+00  1.000000e+00
    outer loop
      vertex -7.411361e+01 -5.711150e+01  5.000000e+00
      vertex -7.262300e+01 -4.011500e+01  5.000000e+00
      vertex -7.300130e+01 -4.003458e+01  5.000000e+00
    endloop
  endfacet
  facet normal  0.000000e+00  0.000000e+00  1.000000e+00
    outer loop
      vertex -7.411361e+01 -5.711150e+01  5.000000e+00
      vertex -7.300130e+01 -4.003458e+01  5.000000e+00
      vertex -7.335462e+01 -3.987728e+01  5.000000e+00
    endloop
  endfacet
  facet normal  0.000000e+00  0.000000e+00  1.000000e+00
    outer loop
      vertex -7.411361e+01 -5.711150e+01  5.000000e+00
      vertex -7.335462e+01 -3.987728e+01  5.000000e+00
      vertex -7.366752e+01 -3.964995e+01  5.000000e+00
    endloop
  endfacet
  facet normal  0.000000e+00  0.000000e+00  1.000000e+00
    outer loop
      vertex -7.411361e+01 -5.711150e+01  5.000000e+00
      vertex -7.366752e+01 -3.964995e+01  5.000000e+00
      vertex -7.392631e+01 -3.936253e+01  5.000000e+00
    endloop
  endfacet
  facet normal  -0.000000e+00  0.000000e+00  1.000000e+00
    outer loop
      vertex -7.420323e+01  3.766013e+01  5.000000e+00
      vertex -7.458999e+01  3.766013e+01  5.000000e+00
      vertex -7.423920e+01 -3.789050e+01  5.000000e+00
    endloop
  endfacet
  facet normal  0.000000e+00  0.000000e+00  1.000000e+00
    outer loop
      vertex -7.420323e+01  3.766013e+01  5.000000e+00
      vertex -7.423920e+01 -3.789050e+01  5.000000e+00
      vertex -7.411968e+01 -3.752267e+01  5.000000e+00
    endloop
  endfacet
  facet normal  0.000000e+00  -0.000000e+00  9.999999e-01
    outer loop
      vertex -7.420323e+01  3.766013e+01  5.000000e+00
      vertex -7.411968e+01 -3.752267e+01  5.000000e+00
      vertex -7.392631e+01 -3.718773e+01  5.000000e+00
    endloop
  endfacet
  facet normal  0.000000e+00  -0.000000e+00  1.000000e+00
    outer loop
      vertex -7.420323e+01  3.766013e+01  5.000000e+00
      vertex -7.392631e+01 -3.718773e+01  5.000000e+00
      vertex -7.366752e+01 -3.690031e+01  5.000000e+00
    endloop
  endfacet
  facet normal  0.000000e+00  -0.000000e+00  1.000000e+00
    outer loop
      vertex -7.420323e+01  3.766013e+01  5.000000e+00
      vertex -7.366752e+01 -3.690031e+01  5.000000e+00
      vertex -7.335462e+01 -3.667299e+01  5.000000e+00
    endloop
  endfacet
  facet normal  0.000000e+00  -0.000000e+00  9.999999e-01
    outer loop
      vertex -7.420323e+01  3.766013e+01  5.000000e+00
      vertex -7.335462e+01 -3.667299e+01  5.000000e+00
      vertex -7.300130e+01 -3.651567e+01  5.000000e+00
    endloop
  endfacet
  facet normal  0.000000e+00  -0.000000e+00  1.000000e+00
    outer loop
      vertex -7.420323e+01  3.766013e+01  5.000000e+00
      vertex -7.300130e+01 -3.651567e+01  5.000000e+00
      vertex -7.262300e+01 -3.643526e+01  5.000000e+00
    endloop
  endfacet
  facet normal  0.000000e+00  0.000000e+00  1.000000e+00
    outer loop
      vertex -8.745669e+01  4.171276e+01  5.000000e+00
      vertex -8.750000e+01  4.050000e+01  5.000000e+00
      vertex -7.458999e+01  4.133987e+01  5.000000e+00
    endloop
  endfacet
  facet normal  0.000000e+00  -0.000000e+00  1.000000e+00
    outer loop
      vertex -8.745669e+01  4.171276e+01  5.000000e+00
      vertex -7.458999e+01  4.133987e+01  5.000000e+00
      vertex -7.420323e+01  4.133987e+01  5.000000e+00
    endloop
  endfacet
  facet normal  0.000000e+00  0.000000e+00  1.000000e+00
    outer loop
      vertex -8.745669e+01  4.171276e+01  5.000000e+00
      vertex -7.420323e+01  4.133987e+01  5.000000e+00
      vertex -7.528945e+01  5.681138e+01  5.000000e+00
    endloop
  endfacet
  facet normal  0.000000e+00  0.000000e+00  1.000000e+00
    outer loop
      vertex -8.745669e+01  4.171276e+01  5.000000e+00
      vertex -7.528945e+01  5.681138e+01  5.000000e+00
      vertex -7.644089e+01  5.642815e+01  5.000000e+00
    endloop
  endfacet
  facet normal  0.000000e+00  0.000000e+00  1.000000e+00
    outer loop
      vertex -8.745669e+01  4.171276e+01  5.000000e+00
      vertex -7.644089e+01  5.642815e+01  5.000000e+00
      vertex -7.756206e+01  5.596375e+01  5.000000e+00
    endloop
  endfacet
  facet normal  0.000000e+00  0.000000e+00  1.000000e+00
    outer loop
      vertex -8.745669e+01  4.171276e+01  5.000000e+00
      vertex -7.756206e+01  5.596375e+01  5.000000e+00
      vertex -7.864723e+01  5.542054e+01  5.000000e+00
    endloop
  endfacet
  facet normal  0.000000e+00  0.000000e+00  1.000000e+00
    outer loop
      vertex -8.745669e+01  4.171276e+01  5.000000e+00
      vertex -7.864723e+01  5.542054e+01  5.000000e+00
      vertex -7.969090e+01  5.480131e+01  5.000000e+00
    endloop
  endfacet
  facet normal  0.000000e+00  0.000000e+00  1.000000e+00
    outer loop
      vertex -8.745669e+01  4.171276e+01  5.000000e+00
      vertex -7.969090e+01  5.480131e+01  5.000000e+00
      vertex -8.068772e+01  5.410920e+01  5.000000e+00
    endloop
  endfacet
  facet normal  0.000000e+00  0.000000e+00  9.999999e-01
    outer loop
      vertex -8.745669e+01  4.171276e+01  5.000000e+00
      vertex -8.068772e+01  5.410920e+01  5.000000e+00
      vertex -8.163263e+01  5.334774e+01  5.000000e+00
    endloop
  endfacet
  facet normal  0.000000e+00  0.000000e+00  1.000000e+00
    outer loop
      vertex -8.745669e+01  4.171276e+01  5.000000e+00
      vertex -8.163263e+01  5.334774e+01  5.000000e+00
      vertex -8.252081e+01  5.252082e+01  5.000000e+00
    endloop
  endfacet
  facet normal  0.000000e+00  0.000000e+00  1.000000e+00
    outer loop
      vertex -8.745669e+01  4.171276e+01  5.000000e+00
      vertex -8.252081e+01  5.252082e+01  5.000000e+00
      vertex -8.334774e+01  5.163263e+01  5.000000e+00
    endloop
  endfacet
  facet normal  0.000000e+00  0.000000e+00  1.000000e+00
    outer loop
      vertex -8.745669e+01  4.171276e+01  5.000000e+00
      vertex -8.334774e+01  5.163263e+01  5.000000e+00
      vertex -8.410920e+01  5.068772e+01  5.000000e+00
    endloop
  endfacet
  facet normal  0.000000e+00  0.000000e+00  1.000000e+00
    outer loop
      vertex -8.745669e+01  4.171276e+01  5.000000e+00
      vertex -8.410920e+01  5.068772e+01  5.000000e+00
      vertex -8.480131e+01  4.969090e+01  5.000000e+00
    endloop
  endfacet
  facet normal  0.000000e+00  0.000000e+00  1.000000e+00
    outer loop
      vertex -8.745669e+01  4.171276e+01  5.000000e+00
      vertex -8.480131e+01  4.969090e+01  5.000000e+00
      vertex -8.542054e+01  4.864723e+01  5.000000e+00
    endloop
  endfacet
  facet normal  0.000000e+00  0.000000e+00  1.000000e+00
    outer loop
      vertex -8.745669e+01  4.171276e+01  5.000000e+00
      vertex -8.542054e+01  4.864723e+01  5.000000e+00
      vertex -8.596375e+01  4.756205e+01  5.000000e+00
    endloop
  endfacet
  facet normal  0.000000e+00  0.000000e+00  1.000000e+00
    outer loop
      vertex -8.745669e+01  4.171276e+01  5.000000e+00
      vertex -8.596375e+01  4.756205e+01  5.000000e+00
      vertex -8.642815e+01  4.644089e+01  5.000000e+00
    endloop
  endfacet
  facet normal  0.000000e+00  0.000000e+00  1.000000e+00
    outer loop
      vertex -8.745669e+01  4.171276e+01  5.000000e+00
      vertex -8.642815e+01  4.644089e+01  5.000000e+00
      vertex -8.681138e+01  4.528945e+01  5.000000e+00
    endloop
  endfacet
  facet normal  0.000000e+00  0.000000e+00  1.000000e+00
    outer loop
      vertex -8.745669e+01  4.171276e+01  5.000000e+00
      vertex -8.681138e+01  4.528945e+01  5.000000e+00
      vertex -8.711150e+01  4.411361e+01  5.000000e+00
    endloop
  endfacet
  facet normal  0.000000e+00  0.000000e+00  1.000000e+00
    outer loop
      vertex -8.745669e+01  4.171276e+01  5.000000e+00
      vertex -8.711150e+01  4.411361e+01  5.000000e+00
      vertex -8.732697e+01  4.291935e+01  5.000000e+00
    endloop
  endfacet
  facet normal  -0.000000e+00  0.000000e+00  9.999999e-01
    outer loop
      vertex -7.411361e+01  5.711150e+01  5.000000e+00
      vertex -7.528945e+01  5.681138e+01  5.000000e+00
      vertex -7.420323e+01  4.133987e+01  5.000000e+00
    endloop
  endfacet
  facet normal  -0.000000e+00  0.000000e+00  1.000000e+00
    outer loop
      vertex -7.411361e+01  5.711150e+01  5.000000e+00
      vertex -7.420323e+01  4.133987e+01  5.000000e+00
      vertex -7.382493e+01  4.125945e+01  5.000000e+00
    endloop
  endfacet
  facet normal  -0.000000e+00  -0.000000e+00  1.000000e+00
    outer loop
      vertex -7.411361e+01  5.711150e+01  5.000000e+00
      vertex -7.382493e+01  4.125945e+01  5.000000e+00
      vertex -7.347161e+01  4.110215e+01  5.000000e+00
    endloop
  endfacet
  facet normal  -0.000000e+00  -0.000000e+00  1.000000e+00
    outer loop
      vertex -7.411361e+01  5.711150e+01  5.000000e+00
      vertex -7.347161e+01  4.110215e+01  5.000000e+00
      vertex -7.315871e+01  4.087482e+01  5.000000e+00
    endloop
  endfacet
  facet normal  -0.000000e+00  -0.000000e+00  1.000000e+00
    outer loop
      vertex -7.411361e+01  5.711150e+01  5.000000e+00
      vertex -7.315871e+01  4.087482e+01  5.000000e+00
      vertex -7.289993e+01  4.058740e+01  5.000000e+00
    endloop
  endfacet
  facet normal  -0.000000e+00  -0.000000e+00  1.000000e+00
    outer loop
      vertex -7.411361e+01  5.711150e+01  5.000000e+00
      vertex -7.289993e+01  4.058740e+01  5.000000e+00
      vertex -7.270655e+01  4.025246e+01  5.000000e+00
    endloop
  endfacet
  facet normal  -0.000000e+00  -0.000000e+00  1.000000e+00
    outer loop
      vertex -7.411361e+01  5.711150e+01  5.000000e+00
      vertex -7.270655e+01  4.025246e+01  5.000000e+00
      vertex -7.258704e+01  3.988464e+01  5.000000e+00
    endloop
  endfacet
  facet normal  0.000000e+00  0.000000e+00  1.000000e+00
    outer loop
      vertex -7.411361e+01  5.711150e+01  5.000000e+00
      vertex -7.258704e+01  3.988464e+01  5.000000e+00
      vertex -7.291935e+01  5.732697e+01  5.000000e+00
    endloop
  endfacet
  facet normal  0.000000e+00  -0.000000e+00  1.000000e+00
    outer loop
      vertex -7.171277e+01 -5.745668e+01  5.000000e+00
      vertex -7.050000e+01 -5.750000e+01  5.000000e+00
      vertex  7.050000e+01 -5.750000e+01  5.000000e+00
    endloop
  endfacet
  facet normal  0.000000e+00  -0.000000e+00  1.000000e+00
    outer loop
      vertex -7.171277e+01 -5.745668e+01  5.000000e+00
      vertex  7.050000e+01 -5.750000e+01  5.000000e+00
      vertex  7.171277e+01 -5.745668e+01  5.000000e+00
    endloop
  endfacet
  facet normal  0.000000e+00  -0.000000e+00  1.000000e+00
    outer loop
      vertex -7.171277e+01 -5.745668e+01  5.000000e+00
      vertex  7.171277e+01 -5.745668e+01  5.000000e+00
      vertex  7.176211e+01 -4.417482e+01  5.000000e+00
    endloop
  endfacet
  facet normal  0.000000e+00  0.000000e+00  1.000000e+00
    outer loop
      vertex -7.171277e+01 -5.745668e+01  5.000000e+00
      vertex  7.176211e+01 -4.417482e+01  5.000000e+00
      vertex  7.150332e+01 -4.388740e+01  5.000000e+00
    endloop
  endfacet
  facet normal  0.000000e+00  0.000000e+00  1.000000e+00
    outer loop
      vertex -7.171277e+01 -5.745668e+01  5.000000e+00
      vertex  7.150332e+01 -4.388740e+01  5.000000e+00
      vertex  7.130994e+01 -4.355246e+01  5.000000e+00
    endloop
  endfacet
  facet normal  0.000000e+00  0.000000e+00  1.000000e+00
    outer loop
      vertex -7.171277e+01 -5.745668e+01  5.000000e+00
      vertex  7.130994e+01 -4.355246e+01  5.000000e+00
      vertex  7.119043e+01 -4.318464e+01  5.000000e+00
    endloop
  endfacet
  facet normal  0.000000e+00  0.000000e+00  1.000000e+00
    outer loop
      vertex -7.171277e+01 -5.745668e+01  5.000000e+00
      vertex  7.119043e+01 -4.318464e+01  5.000000e+00
      vertex  7.115000e+01 -4.280000e+01  5.000000e+00
    endloop
  endfacet
  facet normal  0.000000e+00  0.000000e+00  1.000000e+00
    outer loop
      vertex -7.171277e+01 -5.745668e+01  5.000000e+00
      vertex  7.115000e+01 -4.280000e+01  5.000000e+00
      vertex -7.223624e+01 -4.011500e+01  5.000000e+00
    endloop
  endfacet
  facet normal  0.000000e+00  0.000000e+00  1.000000e+00
    outer loop
      vertex -7.171277e+01 -5.745668e+01  5.000000e+00
      vertex -7.223624e+01 -4.011500e+01  5.000000e+00
      vertex -7.291935e+01 -5.732697e+01  5.000000e+00
    endloop
  endfacet
  facet normal  0.000000e+00  0.000000e+00  1.000000e+00
    outer loop
      vertex  7.171277e+01 -5.745668e+01  5.000000e+00
      vertex  7.291935e+01 -5.732697e+01  5.000000e+00
      vertex  7.280663e+01 -4.463987e+01  5.000000e+00
    endloop
  endfacet
  facet normal  0.000000e+00  0.000000e+00  1.000000e+00
    outer loop
      vertex  7.171277e+01 -5.745668e+01  5.000000e+00
      vertex  7.280663e+01 -4.463987e+01  5.000000e+00
      vertex  7.242832e+01 -4.455946e+01  5.000000e+00
    endloop
  endfacet
  facet normal  0.000000e+00  0.000000e+00  1.000000e+00
    outer loop
      vertex  7.171277e+01 -5.745668e+01  5.000000e+00
      vertex  7.242832e+01 -4.455946e+01  5.000000e+00
      vertex  7.207500e+01 -4.440215e+01  5.000000e+00
    endloop
  endfacet
  facet normal  0.000000e+00  0.000000e+00  1.000000e+00
    outer loop
      vertex  7.171277e+01 -5.745668e+01  5.000000e+00
      vertex  7.207500e+01 -4.440215e+01  5.000000e+00
      vertex  7.176211e+01 -4.417482e+01  5.000000e+00
    endloop
  endfacet
  facet normal  0.000000e+00  -0.000000e+00  1.000000e+00
    outer loop
      vertex -7.223624e+01 -4.011500e+01  5.000000e+00
      vertex  7.115000e+01 -4.280000e+01  5.000000e+00
      vertex  7.119043e+01 -4.241536e+01  5.000000e+00
    endloop
  endfacet
  facet normal  0.000000e+00  -0.000000e+00  1.000000e+00
    outer loop
      vertex -7.223624e+01 -4.011500e+01  5.000000e+00
      vertex  7.119043e+01 -4.241536e+01  5.000000e+00
      vertex  7.130994e+01 -4.204754e+01  5.000000e+00
    endloop
  endfacet
  facet normal  0.000000e+00  -0.000000e+00  1.000000e+00
    outer loop
      vertex -7.223624e+01 -4.011500e+01  5.000000e+00
      vertex  7.130994e+01 -4.204754e+01  5.000000e+00
      vertex  7.150332e+01 -4.171260e+01  5.000000e+00
    endloop
  endfacet
  facet normal  0.000000e+00  -0.000000e+00  1.000000e+00
    outer loop
      vertex -7.223624e+01 -4.011500e+01  5.000000e+00
      vertex  7.150332e+01 -4.171260e+01  5.000000e+00
      vertex  7.176211e+01 -4.142518e+01  5.000000e+00
    endloop
  endfacet
  facet normal  0.000000e+00  -0.000000e+00  1.000000e+00
    outer loop
      vertex -7.223624e+01 -4.011500e+01  5.000000e+00
      vertex  7.176211e+01 -4.142518e+01  5.000000e+00
      vertex  7.207500e+01 -4.119785e+01  5.000000e+00
    endloop
  endfacet
  facet normal  0.000000e+00  -0.000000e+00  9.999999e-01
    outer loop
      vertex -7.223624e+01 -4.011500e+01  5.000000e+00
      vertex  7.207500e+01 -4.119785e+01  5.000000e+00
      vertex  7.242832e+01 -4.104055e+01  5.000000e+00
    endloop
  endfacet
  facet normal  0.000000e+00  -0.000000e+00  1.000000e+00
    outer loop
      vertex -7.223624e+01 -4.011500e+01  5.000000e+00
      vertex  7.242832e+01 -4.104055e+01  5.000000e+00
      vertex  7.280663e+01 -4.096013e+01  5.000000e+00
    endloop
  endfacet
  facet normal  0.000000e+00  0.000000e+00  1.000000e+00
    outer loop
      vertex -7.262300e+01 -3.643526e+01  5.000000e+00
      vertex -7.258704e+01  3.911536e+01  5.000000e+00
      vertex -7.270655e+01  3.874754e+01  5.000000e+00
    endloop
  endfacet
  facet normal  0.000000e+00  0.000000e+00  9.999999e-01
    outer loop
      vertex -7.262300e+01 -3.643526e+01  5.000000e+00
      vertex -7.270655e+01  3.874754e+01  5.000000e+00
      vertex -7.289993e+01  3.841260e+01  5.000000e+00
    endloop
  endfacet
  facet normal  0.000000e+00  0.000000e+00  1.000000e+00
    outer loop
      vertex -7.262300e+01 -3.643526e+01  5.000000e+00
      vertex -7.289993e+01  3.841260e+01  5.000000e+00
      vertex -7.315871e+01  3.812518e+01  5.000000e+00
    endloop
  endfacet
  facet normal  0.000000e+00  0.000000e+00  1.000000e+00
    outer loop
      vertex -7.262300e+01 -3.643526e+01  5.000000e+00
      vertex -7.315871e+01  3.812518e+01  5.000000e+00
      vertex -7.347161e+01  3.789785e+01  5.000000e+00
    endloop
  endfacet
  facet normal  0.000000e+00  0.000000e+00  1.000000e+00
    outer loop
      vertex -7.262300e+01 -3.643526e+01  5.000000e+00
      vertex -7.347161e+01  3.789785e+01  5.000000e+00
      vertex -7.382493e+01  3.774055e+01  5.000000e+00
    endloop
  endfacet
  facet normal  0.000000e+00  0.000000e+00  1.000000e+00
    outer loop
      vertex -7.262300e+01 -3.643526e+01  5.000000e+00
      vertex -7.382493e+01  3.774055e+01  5.000000e+00
      vertex -7.420323e+01  3.766013e+01  5.000000e+00
    endloop
  endfacet
  facet normal  0.000000e+00  0.000000e+00  9.999999e-01
    outer loop
      vertex -7.223624e+01 -3.643526e+01  5.000000e+00
      vertex  7.280663e+01  3.866013e+01  5.000000e+00
      vertex  7.242832e+01  3.874055e+01  5.000000e+00
    endloop
  endfacet
  facet normal  0.000000e+00  0.000000e+00  9.999999e-01
    outer loop
      vertex -7.223624e+01 -3.643526e+01  5.000000e+00
      vertex  7.242832e+01  3.874055e+01  5.000000e+00
      vertex  7.207500e+01  3.889785e+01  5.000000e+00
    endloop
  endfacet
  facet normal  0.000000e+00  0.000000e+00  1.000000e+00
    outer loop
      vertex -7.223624e+01 -3.643526e+01  5.000000e+00
      vertex  7.207500e+01  3.889785e+01  5.000000e+00
      vertex  7.176211e+01  3.912518e+01  5.000000e+00
    endloop
  endfacet
  facet normal  0.000000e+00  0.000000e+00  1.000000e+00
    outer loop
      vertex -7.223624e+01 -3.643526e+01  5.000000e+00
      vertex  7.176211e+01  3.912518e+01  5.000000e+00
      vertex  7.150332e+01  3.941260e+01  5.000000e+00
    endloop
  endfacet
  facet normal  0.000000e+00  0.000000e+00  1.000000e+00
    outer loop
      vertex -7.223624e+01 -3.643526e+01  5.000000e+00
      vertex  7.150332e+01  3.941260e+01  5.000000e+00
      vertex  7.130994e+01  3.974754e+01  5.000000e+00
    endloop
  endfacet
  facet normal  0.000000e+00  0.000000e+00  1.000000e+00
    outer loop
      vertex -7.223624e+01 -3.643526e+01  5.000000e+00
      vertex  7.130994e+01  3.974754e+01  5.000000e+00
      vertex  7.119043e+01  4.011536e+01  5.000000e+00
    endloop
  endfacet
  facet normal  0.000000e+00  0.000000e+00  1.000000e+00
    outer loop
      vertex -7.223624e+01 -3.643526e+01  5.000000e+00
      vertex  7.119043e+01  4.011536e+01  5.000000e+00
      vertex  7.115000e+01  4.050000e+01  5.000000e+00
    endloop
  endfacet
  facet normal  0.000000e+00  0.000000e+00  1.000000e+00
    outer loop
      vertex -7.223624e+01 -3.643526e+01  5.000000e+00
      vertex  7.115000e+01  4.050000e+01  5.000000e+00
      vertex -7.171277e+01  5.745668e+01  5.000000e+00
    endloop
  endfacet
  facet normal  0.000000e+00  -0.000000e+00  1.000000e+00
    outer loop
      vertex -7.171277e+01  5.745668e+01  5.000000e+00
      vertex  7.115000e+01  4.050000e+01  5.000000e+00
      vertex  7.119043e+01  4.088464e+01  5.000000e+00
    endloop
  endfacet
  facet normal  0.000000e+00  -0.000000e+00  1.000000e+00
    outer loop
      vertex -7.171277e+01  5.745668e+01  5.000000e+00
      vertex  7.119043e+01  4.088464e+01  5.000000e+00
      vertex  7.130994e+01  4.125246e+01  5.000000e+00
    endloop
  endfacet
  facet normal  0.000000e+00  -0.000000e+00  1.000000e+00
    outer loop
      vertex -7.171277e+01  5.745668e+01  5.000000e+00
      vertex  7.130994e+01  4.125246e+01  5.000000e+00
      vertex  7.150332e+01  4.158740e+01  5.000000e+00
    endloop
  endfacet
  facet normal  -0.000000e+00  0.000000e+00  1.000000e+00
    outer loop
      vertex  7.319337e+01 -4.463987e+01  5.000000e+00
      vertex  7.280663e+01 -4.463987e+01  5.000000e+00
      vertex  7.291935e+01 -5.732697e+01  5.000000e+00
    endloop
  endfacet
  facet normal  0.000000e+00  0.000000e+00  1.000000e+00
    outer loop
      vertex  7.319337e+01 -4.463987e+01  5.000000e+00
      vertex  7.291935e+01 -5.732697e+01  5.000000e+00
      vertex  7.411361e+01 -5.711150e+01  5.000000e+00
    endloop
  endfacet
  facet normal  0.000000e+00  -0.000000e+00  9.999999e-01
    outer loop
      vertex  7.319337e+01 -4.463987e+01  5.000000e+00
      vertex  7.411361e+01 -5.711150e+01  5.000000e+00
      vertex  7.528945e+01 -5.681138e+01  5.000000e+00
    endloop
  endfacet
  facet normal  0.000000e+00  -0.000000e+00  1.000000e+00
    outer loop
      vertex  7.319337e+01 -4.463987e+01  5.000000e+00
      vertex  7.528945e+01 -5.681138e+01  5.000000e+00
      vertex  7.644089e+01 -5.642815e+01  5.000000e+00
    endloop
  endfacet
  facet normal  0.000000e+00  -0.000000e+00  1.000000e+00
    outer loop
      vertex  7.319337e+01 -4.463987e+01  5.000000e+00
      vertex  7.644089e+01 -5.642815e+01  5.000000e+00
      vertex  7.756206e+01 -5.596375e+01  5.000000e+00
    endloop
  endfacet
  facet normal  0.000000e+00  -0.000000e+00  1.000000e+00
    outer loop
      vertex  7.319337e+01 -4.463987e+01  5.000000e+00
      vertex  7.756206e+01 -5.596375e+01  5.000000e+00
      vertex  7.864723e+01 -5.542054e+01  5.000000e+00
    endloop
  endfacet
  facet normal  0.000000e+00  -0.000000e+00  1.000000e+00
    outer loop
      vertex  7.319337e+01 -4.463987e+01  5.000000e+00
      vertex  7.864723e+01 -5.542054e+01  5.000000e+00
      vertex  7.969090e+01 -5.480131e+01  5.000000e+00
    endloop
  endfacet
  facet normal  0.000000e+00  -0.000000e+00  1.000000e+00
    outer loop
      vertex  7.319337e+01 -4.463987e+01  5.000000e+00
      vertex  7.969090e+01 -5.480131e+01  5.000000e+00
      vertex  8.068772e+01 -5.410920e+01  5.000000e+00
    endloop
  endfacet
  facet normal  0.000000e+00  -0.000000e+00  1.000000e+00
    outer loop
      vertex  7.319337e+01 -4.463987e+01  5.000000e+00
      vertex  8.068772e+01 -5.410920e+01  5.000000e+00
      vertex  8.163263e+01 -5.334774e+01  5.000000e+00
    endloop
  endfacet
  facet normal  0.000000e+00  -0.000000e+00  1.000000e+00
    outer loop
      vertex  7.319337e+01 -4.463987e+01  5.000000e+00
      vertex  8.163263e+01 -5.334774e+01  5.000000e+00
      vertex  8.252081e+01 -5.252082e+01  5.000000e+00
    endloop
  endfacet
  facet normal  0.000000e+00  -0.000000e+00  1.000000e+00
    outer loop
      vertex  7.319337e+01 -4.463987e+01  5.000000e+00
      vertex  8.252081e+01 -5.252082e+01  5.000000e+00
      vertex  8.334774e+01 -5.163263e+01  5.000000e+00
    endloop
  endfacet
  facet normal  0.000000e+00  -0.000000e+00  1.000000e+00
    outer loop
      vertex  7.319337e+01 -4.463987e+01  5.000000e+00
      vertex  8.334774e+01 -5.163263e+01  5.000000e+00
      vertex  8.410920e+01 -5.068772e+01  5.000000e+00
    endloop
  endfacet
  facet normal  0.000000e+00  -0.000000e+00  1.000000e+00
    outer loop
      vertex  7.319337e+01 -4.463987e+01  5.000000e+00
      vertex  8.410920e+01 -5.068772e+01  5.000000e+00
      vertex  8.480131e+01 -4.969090e+01  5.000000e+00
    endloop
  endfacet
  facet normal  0.000000e+00  -0.000000e+00  1.000000e+00
    outer loop
      vertex  7.319337e+01 -4.463987e+01  5.000000e+00
      vertex  8.480131e+01 -4.969090e+01  5.000000e+00
      vertex  8.542054e+01 -4.864723e+01  5.000000e+00
    endloop
  endfacet
  facet normal  0.000000e+00  -0.000000e+00  1.000000e+00
    outer loop
      vertex  7.319337e+01 -4.463987e+01  5.000000e+00
      vertex  8.542054e+01 -4.864723e+01  5.000000e+00
      vertex  8.596375e+01 -4.756205e+01  5.000000e+00
    endloop
  endfacet
  facet normal  0.000000e+00  -0.000000e+00  9.999999e-01
    outer loop
      vertex  7.319337e+01 -4.463987e+01  5.000000e+00
      vertex  8.596375e+01 -4.756205e+01  5.000000e+00
      vertex  8.642815e+01 -4.644089e+01  5.000000e+00
    endloop
  endfacet
  facet normal  0.000000e+00  -0.000000e+00  1.000000e+00
    outer loop
      vertex  7.319337e+01 -4.463987e+01  5.000000e+00
      vertex  8.642815e+01 -4.644089e+01  5.000000e+00
      vertex  8.681138e+01 -4.528945e+01  5.000000e+00
    endloop
  endfacet
  facet normal  -0.000000e+00  0.000000e+00  1.000000e+00
    outer loop
      vertex  7.280663e+01  3.866013e+01  5.000000e+00
      vertex -7.223624e+01 -3.643526e+01  5.000000e+00
      vertex -7.185794e+01 -3.651567e+01  5.000000e+00
    endloop
  endfacet
  facet normal  -0.000000e+00  0.000000e+00  1.000000e+00
    outer loop
      vertex  7.280663e+01  3.866013e+01  5.000000e+00
      vertex -7.185794e+01 -3.651567e+01  5.000000e+00
      vertex -7.150462e+01 -3.667299e+01  5.000000e+00
    endloop
  endfacet
  facet normal  -0.000000e+00  0.000000e+00  1.000000e+00
    outer loop
      vertex  7.280663e+01  3.866013e+01  5.000000e+00
      vertex -7.150462e+01 -3.667299e+01  5.000000e+00
      vertex -7.119173e+01 -3.690031e+01  5.000000e+00
    endloop
  endfacet
  facet normal  -0.000000e+00  0.000000e+00  1.000000e+00
    outer loop
      vertex  7.280663e+01  3.866013e+01  5.000000e+00
      vertex -7.119173e+01 -3.690031e+01  5.000000e+00
      vertex -7.093295e+01 -3.718773e+01  5.000000e+00
    endloop
  endfacet
  facet normal  -0.000000e+00  0.000000e+00  1.000000e+00
    outer loop
      vertex  7.280663e+01  3.866013e+01  5.000000e+00
      vertex -7.093295e+01 -3.718773e+01  5.000000e+00
      vertex -7.073956e+01 -3.752267e+01  5.000000e+00
    endloop
  endfacet
  facet normal  -0.000000e+00  0.000000e+00  1.000000e+00
    outer loop
      vertex  7.280663e+01  3.866013e+01  5.000000e+00
      vertex -7.073956e+01 -3.752267e+01  5.000000e+00
      vertex -7.062005e+01 -3.789050e+01  5.000000e+00
    endloop
  endfacet
  facet normal  -0.000000e+00  0.000000e+00  1.000000e+00
    outer loop
      vertex  7.280663e+01  3.866013e+01  5.000000e+00
      vertex -7.062005e+01 -3.789050e+01  5.000000e+00
      vertex -7.057962e+01 -3.827513e+01  5.000000e+00
    endloop
  endfacet
  facet normal  -0.000000e+00  0.000000e+00  1.000000e+00
    outer loop
      vertex  7.280663e+01  3.866013e+01  5.000000e+00
      vertex -7.057962e+01 -3.827513e+01  5.000000e+00
      vertex -7.062005e+01 -3.865977e+01  5.000000e+00
    endloop
  endfacet
  facet normal  -0.000000e+00  0.000000e+00  1.000000e+00
    outer loop
      vertex  7.280663e+01  3.866013e+01  5.000000e+00
      vertex -7.062005e+01 -3.865977e+01  5.000000e+00
      vertex  7.280663e+01 -4.096013e+01  5.000000e+00
    endloop
  endfacet
  facet normal  0.000000e+00  0.000000e+00  1.000000e+00
    outer loop
      vertex  7.280663e+01  3.866013e+01  5.000000e+00
      vertex  7.280663e+01 -4.096013e+01  5.000000e+00
      vertex  7.319337e+01 -4.096013e+01  5.000000e+00
    endloop
  endfacet
  facet normal  0.000000e+00  -0.000000e+00  1.000000e+00
    outer loop
      vertex  7.280663e+01  3.866013e+01  5.000000e+00
      vertex  7.319337e+01 -4.096013e+01  5.000000e+00
      vertex  7.319337e+01  3.866013e+01  5.000000e+00
    endloop
  endfacet
  facet normal  0.000000e+00  0.000000e+00  1.000000e+00
    outer loop
      vertex  7.280663e+01 -4.096013e+01  5.000000e+00
      vertex -7.062005e+01 -3.865977e+01  5.000000e+00
      vertex -7.073956e+01 -3.902760e+01  5.000000e+00
    endloop
  endfacet
  facet normal  0.000000e+00  0.000000e+00  1.000000e+00
    outer loop
      vertex  7.280663e+01 -4.096013e+01  5.000000e+00
      vertex -7.073956e+01 -3.902760e+01  5.000000e+00
      vertex -7.093295e+01 -3.936253e+01  5.000000e+00
    endloop
  endfacet
  facet normal  0.000000e+00  0.000000e+00  1.000000e+00
    outer loop
      vertex  7.280663e+01 -4.096013e+01  5.000000e+00
      vertex -7.093295e+01 -3.936253e+01  5.000000e+00
      vertex -7.119173e+01 -3.964995e+01  5.000000e+00
    endloop
  endfacet
  facet normal  0.000000e+00  0.000000e+00  1.000000e+00
    outer loop
      vertex  7.280663e+01 -4.096013e+01  5.000000e+00
      vertex -7.119173e+01 -3.964995e+01  5.000000e+00
      vertex -7.150462e+01 -3.987728e+01  5.000000e+00
    endloop
  endfacet
  facet normal  0.000000e+00  0.000000e+00  1.000000e+00
    outer loop
      vertex  7.280663e+01 -4.096013e+01  5.000000e+00
      vertex -7.150462e+01 -3.987728e+01  5.000000e+00
      vertex -7.185794e+01 -4.003458e+01  5.000000e+00
    endloop
  endfacet
  facet normal  0.000000e+00  0.000000e+00  1.000000e+00
    outer loop
      vertex  7.280663e+01 -4.096013e+01  5.000000e+00
      vertex -7.185794e+01 -4.003458e+01  5.000000e+00
      vertex -7.223624e+01 -4.011500e+01  5.000000e+00
    endloop
  endfacet
  facet normal  0.000000e+00  0.000000e+00  1.000000e+00
    outer loop
      vertex  7.319337e+01  4.233987e+01  5.000000e+00
      vertex  8.745669e+01  4.171276e+01  5.000000e+00
      vertex  8.732697e+01  4.291935e+01  5.000000e+00
    endloop
  endfacet
  facet normal  0.000000e+00  0.000000e+00  1.000000e+00
    outer loop
      vertex  7.319337e+01  4.233987e+01  5.000000e+00
      vertex  8.732697e+01  4.291935e+01  5.000000e+00
      vertex  8.711150e+01  4.411361e+01  5.000000e+00
    endloop
  endfacet
  facet normal  0.000000e+00  0.000000e+00  1.000000e+00
    outer loop
      vertex  7.319337e+01  4.233987e+01  5.000000e+00
      vertex  8.711150e+01  4.411361e+01  5.000000e+00
      vertex  8.681138e+01  4.528945e+01  5.000000e+00
    endloop
  endfacet
  facet normal  0.000000e+00  0.000000e+00  1.000000e+00
    outer loop
      vertex  7.319337e+01  4.233987e+01  5.000000e+00
      vertex  8.681138e+01  4.528945e+01  5.000000e+00
      vertex  8.642815e+01  4.644089e+01  5.000000e+00
    endloop
  endfacet
  facet normal  0.000000e+00  0.000000e+00  1.000000e+00
    outer loop
      vertex  7.319337e+01  4.233987e+01  5.000000e+00
      vertex  8.642815e+01  4.644089e+01  5.000000e+00
      vertex  8.596375e+01  4.756205e+01  5.000000e+00
    endloop
  endfacet
  facet normal  0.000000e+00  0.000000e+00  1.000000e+00
    outer loop
      vertex  7.319337e+01  4.233987e+01  5.000000e+00
      vertex  8.596375e+01  4.756205e+01  5.000000e+00
      vertex  8.542054e+01  4.864723e+01  5.000000e+00
    endloop
  endfacet
  facet normal  0.000000e+00  0.000000e+00  1.000000e+00
    outer loop
      vertex  7.319337e+01  4.233987e+01  5.000000e+00
      vertex  8.542054e+01  4.864723e+01  5.000000e+00
      vertex  8.480131e+01  4.969090e+01  5.000000e+00
    endloop
  endfacet
  facet normal  0.000000e+00  0.000000e+00  1.000000e+00
    outer loop
      vertex  7.319337e+01  4.233987e+01  5.000000e+00
      vertex  8.480131e+01  4.969090e+01  5.000000e+00
      vertex  8.410920e+01  5.068772e+01  5.000000e+00
    endloop
  endfacet
  facet normal  0.000000e+00  0.000000e+00  1.000000e+00
    outer loop
      vertex  7.319337e+01  4.233987e+01  5.000000e+00
      vertex  8.410920e+01  5.068772e+01  5.000000e+00
      vertex  8.334774e+01  5.163263e+01  5.000000e+00
    endloop
  endfacet
  facet normal  0.000000e+00  0.000000e+00  1.000000e+00
    outer loop
      vertex  7.319337e+01  4.233987e+01  5.000000e+00
      vertex  8.334774e+01  5.163263e+01  5.000000e+00
      vertex  8.252081e+01  5.252082e+01  5.000000e+00
    endloop
  endfacet
  facet normal  0.000000e+00  0.000000e+00  1.000000e+00
    outer loop
      vertex  7.319337e+01  4.233987e+01  5.000000e+00
      vertex  8.252081e+01  5.252082e+01  5.000000e+00
      vertex  8.163263e+01  5.334774e+01  5.000000e+00
    endloop
  endfacet
  facet normal  0.000000e+00  0.000000e+00  9.999999e-01
    outer loop
      vertex  7.319337e+01  4.233987e+01  5.000000e+00
      vertex  8.163263e+01  5.334774e+01  5.000000e+00
      vertex  8.068772e+01  5.410920e+01  5.000000e+00
    endloop
  endfacet
  facet normal  0.000000e+00  0.000000e+00  1.000000e+00
    outer loop
      vertex  7.319337e+01  4.233987e+01  5.000000e+00
      vertex  8.068772e+01  5.410920e+01  5.000000e+00
      vertex  7.969090e+01  5.480131e+01  5.000000e+00
    endloop
  endfacet
  facet normal  0.000000e+00  0.000000e+00  1.000000e+00
    outer loop
      vertex  7.319337e+01  4.233987e+01  5.000000e+00
      vertex  7.969090e+01  5.480131e+01  5.000000e+00
      vertex  7.864723e+01  5.542054e+01  5.000000e+00
    endloop
  endfacet
  facet normal  0.000000e+00  0.000000e+00  1.000000e+00
    outer loop
      vertex  7.319337e+01  4.233987e+01  5.000000e+00
      vertex  7.864723e+01  5.542054e+01  5.000000e+00
      vertex  7.756206e+01  5.596375e+01  5.000000e+00
    endloop
  endfacet
  facet normal  0.000000e+00  0.000000e+00  1.000000e+00
    outer loop
      vertex  7.319337e+01  4.233987e+01  5.000000e+00
      vertex  7.756206e+01  5.596375e+01  5.000000e+00
      vertex  7.644089e+01  5.642815e+01  5.000000e+00
    endloop
  endfacet
  facet normal  0.000000e+00  0.000000e+00  1.000000e+00
    outer loop
      vertex  7.319337e+01  4.233987e+01  5.000000e+00
      vertex  7.644089e+01  5.642815e+01  5.000000e+00
      vertex  7.528945e+01  5.681138e+01  5.000000e+00
    endloop
  endfacet
  facet normal  0.000000e+00  0.000000e+00  1.000000e+00
    outer loop
      vertex  7.319337e+01  4.233987e+01  5.000000e+00
      vertex  7.528945e+01  5.681138e+01  5.000000e+00
      vertex  7.411361e+01  5.711150e+01  5.000000e+00
    endloop
  endfacet
  facet normal  0.000000e+00  0.000000e+00  1.000000e+00
    outer loop
      vertex  7.319337e+01  4.233987e+01  5.000000e+00
      vertex  7.411361e+01  5.711150e+01  5.000000e+00
      vertex  7.291935e+01  5.732697e+01  5.000000e+00
    endloop
  endfacet
  facet normal  0.000000e+00  0.000000e+00  1.000000e+00
    outer loop
      vertex  7.319337e+01  4.233987e+01  5.000000e+00
      vertex  7.291935e+01  5.732697e+01  5.000000e+00
      vertex  7.280663e+01  4.233987e+01  5.000000e+00
    endloop
  endfacet
  facet normal  0.000000e+00  0.000000e+00  1.000000e+00
    outer loop
      vertex -8.750000e+01  4.050000e+01  5.000000e+00
      vertex -8.750000e+01 -4.050000e+01  5.000000e+00
      vertex -7.620618e+01  3.988464e+01  5.000000e+00
    endloop
  endfacet
  facet normal  0.000000e+00  -0.000000e+00  1.000000e+00
    outer loop
      vertex -8.750000e+01  4.050000e+01  5.000000e+00
      vertex -7.620618e+01  3.988464e+01  5.000000e+00
      vertex -7.608667e+01  4.025246e+01  5.000000e+00
    endloop
  endfacet
  facet normal  0.000000e+00  -0.000000e+00  9.999999e-01
    outer loop
      vertex -8.750000e+01  4.050000e+01  5.000000e+00
      vertex -7.608667e+01  4.025246e+01  5.000000e+00
      vertex -7.589329e+01  4.058740e+01  5.000000e+00
    endloop
  endfacet
  facet normal  0.000000e+00  -0.000000e+00  9.999999e-01
    outer loop
      vertex -8.750000e+01  4.050000e+01  5.000000e+00
      vertex -7.589329e+01  4.058740e+01  5.000000e+00
      vertex -7.563450e+01  4.087482e+01  5.000000e+00
    endloop
  endfacet
  facet normal  0.000000e+00  -0.000000e+00  1.000000e+00
    outer loop
      vertex -8.750000e+01  4.050000e+01  5.000000e+00
      vertex -7.563450e+01  4.087482e+01  5.000000e+00
      vertex -7.532161e+01  4.110215e+01  5.000000e+00
    endloop
  endfacet
  facet normal  0.000000e+00  -0.000000e+00  1.000000e+00
    outer loop
      vertex -8.750000e+01  4.050000e+01  5.000000e+00
      vertex -7.532161e+01  4.110215e+01  5.000000e+00
      vertex -7.496829e+01  4.125945e+01  5.000000e+00
    endloop
  endfacet
  facet normal  0.000000e+00  -0.000000e+00  1.000000e+00
    outer loop
      vertex -8.750000e+01  4.050000e+01  5.000000e+00
      vertex -7.496829e+01  4.125945e+01  5.000000e+00
      vertex -7.458999e+01  4.133987e+01  5.000000e+00
    endloop
  endfacet
  facet normal  0.000000e+00  0.000000e+00  1.000000e+00
    outer loop
      vertex  8.745669e+01  4.171276e+01  5.000000e+00
      vertex  7.319337e+01  4.233987e+01  5.000000e+00
      vertex  7.357168e+01  4.225945e+01  5.000000e+00
    endloop
  endfacet
  facet normal  0.000000e+00  0.000000e+00  9.999999e-01
    outer loop
      vertex  8.745669e+01  4.171276e+01  5.000000e+00
      vertex  7.357168e+01  4.225945e+01  5.000000e+00
      vertex  7.392500e+01  4.210215e+01  5.000000e+00
    endloop
  endfacet
  facet normal  0.000000e+00  0.000000e+00  1.000000e+00
    outer loop
      vertex  8.745669e+01  4.171276e+01  5.000000e+00
      vertex  7.392500e+01  4.210215e+01  5.000000e+00
      vertex  7.423789e+01  4.187482e+01  5.000000e+00
    endloop
  endfacet
  facet normal  0.000000e+00  0.000000e+00  9.999999e-01
    outer loop
      vertex  8.745669e+01  4.171276e+01  5.000000e+00
      vertex  7.423789e+01  4.187482e+01  5.000000e+00
      vertex  7.449668e+01  4.158740e+01  5.000000e+00
    endloop
  endfacet
  facet normal  -0.000000e+00  0.000000e+00  9.999999e-01
    outer loop
      vertex  8.745669e+01  4.171276e+01  5.000000e+00
      vertex  7.449668e+01  4.158740e+01  5.000000e+00
      vertex  8.750000e+01  4.050000e+01  5.000000e+00
    endloop
  endfacet
  facet normal  0.000000e+00  0.000000e+00  1.000000e+00
    outer loop
      vertex  8.750000e+01  4.050000e+01  5.000000e+00
      vertex  7.449668e+01  4.158740e+01  5.000000e+00
      vertex  7.469006e+01  4.125246e+01  5.000000e+00
    endloop
  endfacet
  facet normal  0.000000e+00  0.000000e+00  1.000000e+00
    outer loop
      vertex  8.750000e+01  4.050000e+01  5.000000e+00
      vertex  7.469006e+01  4.125246e+01  5.000000e+00
      vertex  7.480957e+01  4.088464e+01  5.000000e+00
    endloop
  endfacet
  facet normal  0.000000e+00  0.000000e+00  1.000000e+00
    outer loop
      vertex  8.750000e+01  4.050000e+01  5.000000e+00
      vertex  7.480957e+01  4.088464e+01  5.000000e+00
      vertex  7.485000e+01  4.050000e+01  5.000000e+00
    endloop
  endfacet
  facet normal  0.000000e+00  0.000000e+00  9.999999e-01
    outer loop
      vertex  8.745669e+01 -4.171276e+01  5.000000e+00
      vertex  7.319337e+01 -4.096013e+01  5.000000e+00
      vertex  7.357168e+01 -4.104055e+01  5.000000e+00
    endloop
  endfacet
  facet normal  0.000000e+00  0.000000e+00  1.000000e+00
    outer loop
      vertex  8.745669e+01 -4.171276e+01  5.000000e+00
      vertex  7.357168e+01 -4.104055e+01  5.000000e+00
      vertex  7.392500e+01 -4.119785e+01  5.000000e+00
    endloop
  endfacet
  facet normal  0.000000e+00  0.000000e+00  1.000000e+00
    outer loop
      vertex  8.745669e+01 -4.171276e+01  5.000000e+00
      vertex  7.392500e+01 -4.119785e+01  5.000000e+00
      vertex  7.423789e+01 -4.142518e+01  5.000000e+00
    endloop
  endfacet
  facet normal  0.000000e+00  0.000000e+00  1.000000e+00
    outer loop
      vertex  8.745669e+01 -4.171276e+01  5.000000e+00
      vertex  7.423789e+01 -4.142518e+01  5.000000e+00
      vertex  7.449668e+01 -4.171260e+01  5.000000e+00
    endloop
  endfacet
  facet normal  0.000000e+00  0.000000e+00  1.000000e+00
    outer loop
      vertex  8.745669e+01 -4.171276e+01  5.000000e+00
      vertex  7.449668e+01 -4.171260e+01  5.000000e+00
      vertex  7.469006e+01 -4.204754e+01  5.000000e+00
    endloop
  endfacet
  facet normal  -0.000000e+00  0.000000e+00  1.000000e+00
    outer loop
      vertex  8.745669e+01 -4.171276e+01  5.000000e+00
      vertex  7.469006e+01 -4.204754e+01  5.000000e+00
      vertex  8.732697e+01 -4.291935e+01  5.000000e+00
    endloop
  endfacet
  facet normal  0.000000e+00  0.000000e+00  9.999999e-01
    outer loop
      vertex  8.681138e+01 -4.528945e+01  5.000000e+00
      vertex  8.711150e+01 -4.411361e+01  5.000000e+00
      vertex  7.423789e+01 -4.417482e+01  5.000000e+00
    endloop
  endfacet
  facet normal  0.000000e+00  0.000000e+00  1.000000e+00
    outer loop
      vertex  8.681138e+01 -4.528945e+01  5.000000e+00
      vertex  7.423789e+01 -4.417482e+01  5.000000e+00
      vertex  7.392500e+01 -4.440215e+01  5.000000e+00
    endloop
  endfacet
  facet normal  0.000000e+00  0.000000e+00  1.000000e+00
    outer loop
      vertex  8.681138e+01 -4.528945e+01  5.000000e+00
      vertex  7.392500e+01 -4.440215e+01  5.000000e+00
      vertex  7.357168e+01 -4.455946e+01  5.000000e+00
    endloop
  endfacet
  facet normal  0.000000e+00  0.000000e+00  1.000000e+00
    outer loop
      vertex  8.681138e+01 -4.528945e+01  5.000000e+00
      vertex  7.357168e+01 -4.455946e+01  5.000000e+00
      vertex  7.319337e+01 -4.463987e+01  5.000000e+00
    endloop
  endfacet
  facet normal  0.000000e+00  -0.000000e+00  1.000000e+00
    outer loop
      vertex -7.171277e+01  5.745668e+01  5.000000e+00
      vertex  7.150332e+01  4.158740e+01  5.000000e+00
      vertex  7.171277e+01  5.745668e+01  5.000000e+00
    endloop
  endfacet
  facet normal  0.000000e+00  0.000000e+00  1.000000e+00
    outer loop
      vertex  7.171277e+01  5.745668e+01  5.000000e+00
      vertex  7.150332e+01  4.158740e+01  5.000000e+00
      vertex  7.176211e+01  4.187482e+01  5.000000e+00
    endloop
  endfacet
  facet normal  0.000000e+00  -0.000000e+00  1.000000e+00
    outer loop
      vertex  7.171277e+01  5.745668e+01  5.000000e+00
      vertex  7.176211e+01  4.187482e+01  5.000000e+00
      vertex  7.291935e+01  5.732697e+01  5.000000e+00
    endloop
  endfacet
  facet normal  0.000000e+00  0.000000e+00  1.000000e+00
    outer loop
      vertex  7.291935e+01  5.732697e+01  5.000000e+00
      vertex  7.176211e+01  4.187482e+01  5.000000e+00
      vertex  7.207500e+01  4.210215e+01  5.000000e+00
    endloop
  endfacet
  facet normal  0.000000e+00  0.000000e+00  1.000000e+00
    outer loop
      vertex  7.291935e+01  5.732697e+01  5.000000e+00
      vertex  7.207500e+01  4.210215e+01  5.000000e+00
      vertex  7.242832e+01  4.225945e+01  5.000000e+00
    endloop
  endfacet
  facet normal  0.000000e+00  0.000000e+00  1.000000e+00
    outer loop
      vertex -7.171277e+01  5.745668e+01  5.000000e+00
      vertex  7.171277e+01  5.745668e+01  5.000000e+00
      vertex -7.050000e+01  5.750000e+01  5.000000e+00
    endloop
  endfacet
  facet normal  -0.000000e+00  0.000000e+00  1.000000e+00
    outer loop
      vertex -7.050000e+01  5.750000e+01  5.000000e+00
      vertex  7.171277e+01  5.745668e+01  5.000000e+00
      vertex  7.050000e+01  5.750000e+01  5.000000e+00
    endloop
  endfacet
  facet normal  0.000000e+00  0.000000e+00  1.000000e+00
    outer loop
      vertex  7.480957e+01 -4.318464e+01  5.000000e+00
      vertex  8.711150e+01 -4.411361e+01  5.000000e+00
      vertex  7.485000e+01 -4.280000e+01  5.000000e+00
    endloop
  endfacet
  facet normal  0.000000e+00  0.000000e+00  9.999999e-01
    outer loop
      vertex  7.485000e+01 -4.280000e+01  5.000000e+00
      vertex  8.711150e+01 -4.411361e+01  5.000000e+00
      vertex  8.732697e+01 -4.291935e+01  5.000000e+00
    endloop
  endfacet
  facet normal  0.000000e+00  0.000000e+00  1.000000e+00
    outer loop
      vertex  7.485000e+01 -4.280000e+01  5.000000e+00
      vertex  8.732697e+01 -4.291935e+01  5.000000e+00
      vertex  7.480957e+01 -4.241536e+01  5.000000e+00
    endloop
  endfacet
  facet normal  1.490425e-01  0.000000e+00  9.888308e-01
    outer loop
      vertex -1.758323e+01  5.750000e+01  2.592015e+01
      vertex -1.817440e+01  6.250000e+01  2.600925e+01
      vertex -1.817440e+01  5.750000e+01  2.600925e+01
    endloop
  endfacet
  facet normal  2.947538e-01  -0.000000e+00  9.555732e-01
    outer loop
      vertex -1.817440e+01  5.750000e+01  2.600925e+01
      vertex -1.817440e+01  6.250000e+01  2.600925e+01
      vertex -1.874568e+01  6.250000e+01  2.618546e+01
    endloop
  endfacet
  facet normal  2.947538e-01  0.000000e+00  9.555732e-01
    outer loop
      vertex -1.817440e+01  5.750000e+01  2.600925e+01
      vertex -1.874568e+01  6.250000e+01  2.618546e+01
      vertex -1.874568e+01  5.750000e+01  2.618546e+01
    endloop
  endfacet
  facet normal  4.338846e-01  -0.000000e+00  9.009685e-01
    outer loop
      vertex -1.874568e+01  5.750000e+01  2.618546e+01
      vertex -1.874568e+01  6.250000e+01  2.618546e+01
      vertex -1.928432e+01  6.250000e+01  2.644486e+01
    endloop
  endfacet
  facet normal  4.338846e-01  0.000000e+00  9.009685e-01
    outer loop
      vertex -1.874568e+01  5.750000e+01  2.618546e+01
      vertex -1.928432e+01  6.250000e+01  2.644486e+01
      vertex -1.928432e+01  5.750000e+01  2.644486e+01
    endloop
  endfacet
  facet normal  5.633211e-01  -0.000000e+00  8.262381e-01
    outer loop
      vertex -1.928432e+01  5.750000e+01  2.644486e+01
      vertex -1.928432e+01  6.250000e+01  2.644486e+01
      vertex -1.977827e+01  6.250000e+01  2.678164e+01
    endloop
  endfacet
  facet normal  5.633211e-01  0.000000e+00  8.262381e-01
    outer loop
      vertex -1.928432e+01  5.750000e+01  2.644486e+01
      vertex -1.977827e+01  6.250000e+01  2.678164e+01
      vertex -1.977827e+01  5.750000e+01  2.678164e+01
    endloop
  endfacet
  facet normal  6.801718e-01  -0.000000e+00  7.330527e-01
    outer loop
      vertex -1.977827e+01  5.750000e+01  2.678164e+01
      vertex -1.977827e+01  6.250000e+01  2.678164e+01
      vertex -2.021652e+01  6.250000e+01  2.718827e+01
    endloop
  endfacet
  facet normal  6.801718e-01  0.000000e+00  7.330527e-01
    outer loop
      vertex -1.977827e+01  5.750000e+01  2.678164e+01
      vertex -2.021652e+01  6.250000e+01  2.718827e+01
      vertex -2.021652e+01  5.750000e+01  2.718827e+01
    endloop
  endfacet
  facet normal  7.818319e-01  -0.000000e+00  6.234894e-01
    outer loop
      vertex -2.021652e+01  5.750000e+01  2.718827e+01
      vertex -2.021652e+01  6.250000e+01  2.718827e+01
      vertex -2.058927e+01  6.250000e+01  2.765568e+01
    endloop
  endfacet
  facet normal  7.818319e-01  0.000000e+00  6.234894e-01
    outer loop
      vertex -2.021652e+01  5.750000e+01  2.718827e+01
      vertex -2.058927e+01  6.250000e+01  2.765568e+01
      vertex -2.058927e+01  5.750000e+01  2.765568e+01
    endloop
  endfacet
  facet normal  8.660247e-01  -0.000000e+00  5.000010e-01
    outer loop
      vertex -2.058927e+01  5.750000e+01  2.765568e+01
      vertex -2.058927e+01  6.250000e+01  2.765568e+01
      vertex -2.088819e+01  6.250000e+01  2.817343e+01
    endloop
  endfacet
  facet normal  8.660247e-01  0.000000e+00  5.000010e-01
    outer loop
      vertex -2.058927e+01  5.750000e+01  2.765568e+01
      vertex -2.088819e+01  6.250000e+01  2.817343e+01
      vertex -2.088819e+01  5.750000e+01  2.817343e+01
    endloop
  endfacet
  facet normal  9.308746e-01  -0.000000e+00  3.653386e-01
    outer loop
      vertex -2.088819e+01  5.750000e+01  2.817343e+01
      vertex -2.088819e+01  6.250000e+01  2.817343e+01
      vertex -2.110661e+01  6.250000e+01  2.872994e+01
    endloop
  endfacet
  facet normal  9.308746e-01  0.000000e+00  3.653386e-01
    outer loop
      vertex -2.088819e+01  5.750000e+01  2.817343e+01
      vertex -2.110661e+01  6.250000e+01  2.872994e+01
      vertex -2.110661e+01  5.750000e+01  2.872994e+01
    endloop
  endfacet
  facet normal  9.749272e-01  -0.000000e+00  2.225237e-01
    outer loop
      vertex -2.110661e+01  5.750000e+01  2.872994e+01
      vertex -2.110661e+01  6.250000e+01  2.872994e+01
      vertex -2.123964e+01  6.250000e+01  2.931279e+01
    endloop
  endfacet
  facet normal  9.749272e-01  0.000000e+00  2.225237e-01
    outer loop
      vertex -2.110661e+01  5.750000e+01  2.872994e+01
      vertex -2.123964e+01  6.250000e+01  2.931279e+01
      vertex -2.123964e+01  5.750000e+01  2.931279e+01
    endloop
  endfacet
  facet normal  9.972039e-01  -0.000000e+00  7.472872e-02
    outer loop
      vertex -2.123964e+01  5.750000e+01  2.931279e+01
      vertex -2.123964e+01  6.250000e+01  2.931279e+01
      vertex -2.128432e+01  6.250000e+01  2.990896e+01
    endloop
  endfacet
  facet normal  9.972039e-01  0.000000e+00  7.472872e-02
    outer loop
      vertex -2.123964e+01  5.750000e+01  2.931279e+01
      vertex -2.128432e+01  6.250000e+01  2.990896e+01
      vertex -2.128432e+01  5.750000e+01  2.990896e+01
    endloop
  endfacet
  facet normal  1.490425e-01  -0.000000e+00  9.888308e-01
    outer loop
      vertex -1.817440e+01  6.250000e+01  2.600925e+01
      vertex -1.758323e+01  5.750000e+01  2.592015e+01
      vertex -1.758323e+01  6.250000e+01  2.592015e+01
    endloop
  endfacet
  facet normal  0.000000e+00  0.000000e+00  1.000000e+00
    outer loop
      vertex -1.758323e+01  6.250000e+01  2.592015e+01
      vertex -1.758323e+01  5.750000e+01  2.592015e+01
      vertex -1.698540e+01  5.750000e+01  2.592015e+01
    endloop
  endfacet
  facet normal  0.000000e+00  -0.000000e+00  1.000000e+00
    outer loop
      vertex -1.758323e+01  6.250000e+01  2.592015e+01
      vertex -1.698540e+01  5.750000e+01  2.592015e+01
      vertex -1.698540e+01  6.250000e+01  2.592015e+01
    endloop
  endfacet
  facet normal -1.490425e-01  0.000000e+00  9.888308e-01
    outer loop
      vertex -1.698540e+01  6.250000e+01  2.592015e+01
      vertex -1.698540e+01  5.750000e+01  2.592015e+01
      vertex -1.639423e+01  5.750000e+01  2.600925e+01
    endloop
  endfacet
  facet normal -1.490425e-01  0.000000e+00  9.888308e-01
    outer loop
      vertex -1.698540e+01  6.250000e+01  2.592015e+01
      vertex -1.639423e+01  5.750000e+01  2.600925e+01
      vertex -1.639423e+01  6.250000e+01  2.600925e+01
    endloop
  endfacet
  facet normal -2.947543e-01  0.000000e+00  9.555731e-01
    outer loop
      vertex -1.639423e+01  6.250000e+01  2.600925e+01
      vertex -1.639423e+01  5.750000e+01  2.600925e+01
      vertex -1.582295e+01  5.750000e+01  2.618546e+01
    endloop
  endfacet
  facet normal -2.947543e-01  0.000000e+00  9.555731e-01
    outer loop
      vertex -1.639423e+01  6.250000e+01  2.600925e+01
      vertex -1.582295e+01  5.750000e+01  2.618546e+01
      vertex -1.582295e+01  6.250000e+01  2.618546e+01
    endloop
  endfacet
  facet normal -4.338840e-01  0.000000e+00  9.009688e-01
    outer loop
      vertex -1.582295e+01  6.250000e+01  2.618546e+01
      vertex -1.582295e+01  5.750000e+01  2.618546e+01
      vertex -1.528432e+01  5.750000e+01  2.644486e+01
    endloop
  endfacet
  facet normal -4.338840e-01  0.000000e+00  9.009688e-01
    outer loop
      vertex -1.582295e+01  6.250000e+01  2.618546e+01
      vertex -1.528432e+01  5.750000e+01  2.644486e+01
      vertex -1.528432e+01  6.250000e+01  2.644486e+01
    endloop
  endfacet
  facet normal -5.633211e-01  0.000000e+00  8.262381e-01
    outer loop
      vertex -1.528432e+01  6.250000e+01  2.644486e+01
      vertex -1.528432e+01  5.750000e+01  2.644486e+01
      vertex -1.479036e+01  5.750000e+01  2.678164e+01
    endloop
  endfacet
  facet normal -5.633211e-01  0.000000e+00  8.262381e-01
    outer loop
      vertex -1.528432e+01  6.250000e+01  2.644486e+01
      vertex -1.479036e+01  5.750000e+01  2.678164e+01
      vertex -1.479036e+01  6.250000e+01  2.678164e+01
    endloop
  endfacet
  facet normal -6.801718e-01  0.000000e+00  7.330527e-01
    outer loop
      vertex -1.479036e+01  6.250000e+01  2.678164e+01
      vertex -1.479036e+01  5.750000e+01  2.678164e+01
      vertex -1.435211e+01  5.750000e+01  2.718827e+01
    endloop
  endfacet
  facet normal -6.801718e-01  0.000000e+00  7.330527e-01
    outer loop
      vertex -1.479036e+01  6.250000e+01  2.678164e+01
      vertex -1.435211e+01  5.750000e+01  2.718827e+01
      vertex -1.435211e+01  6.250000e+01  2.718827e+01
    endloop
  endfacet
  facet normal -7.818310e-01  0.000000e+00  6.234903e-01
    outer loop
      vertex -1.435211e+01  6.250000e+01  2.718827e+01
      vertex -1.435211e+01  5.750000e+01  2.718827e+01
      vertex -1.397936e+01  5.750000e+01  2.765568e+01
    endloop
  endfacet
  facet normal -7.818310e-01  0.000000e+00  6.234903e-01
    outer loop
      vertex -1.435211e+01  6.250000e+01  2.718827e+01
      vertex -1.397936e+01  5.750000e+01  2.765568e+01
      vertex -1.397936e+01  6.250000e+01  2.765568e+01
    endloop
  endfacet
  facet normal -8.660262e-01  0.000000e+00  4.999986e-01
    outer loop
      vertex -1.397936e+01  6.250000e+01  2.765568e+01
      vertex -1.397936e+01  5.750000e+01  2.765568e+01
      vertex -1.368044e+01  5.750000e+01  2.817343e+01
    endloop
  endfacet
  facet normal -8.660262e-01  0.000000e+00  4.999986e-01
    outer loop
      vertex -1.397936e+01  6.250000e+01  2.765568e+01
      vertex -1.368044e+01  5.750000e+01  2.817343e+01
      vertex -1.368044e+01  6.250000e+01  2.817343e+01
    endloop
  endfacet
  facet normal -9.308736e-01  0.000000e+00  3.653414e-01
    outer loop
      vertex -1.368044e+01  6.250000e+01  2.817343e+01
      vertex -1.368044e+01  5.750000e+01  2.817343e+01
      vertex -1.346202e+01  5.750000e+01  2.872994e+01
    endloop
  endfacet
  facet normal -9.308736e-01  0.000000e+00  3.653414e-01
    outer loop
      vertex -1.368044e+01  6.250000e+01  2.817343e+01
      vertex -1.346202e+01  5.750000e+01  2.872994e+01
      vertex -1.346202e+01  6.250000e+01  2.872994e+01
    endloop
  endfacet
  facet normal -9.749280e-01  0.000000e+00  2.225206e-01
    outer loop
      vertex -1.346202e+01  6.250000e+01  2.872994e+01
      vertex -1.346202e+01  5.750000e+01  2.872994e+01
      vertex -1.332899e+01  5.750000e+01  2.931279e+01
    endloop
  endfacet
  facet normal -9.749280e-01  0.000000e+00  2.225206e-01
    outer loop
      vertex -1.346202e+01  6.250000e+01  2.872994e+01
      vertex -1.332899e+01  5.750000e+01  2.931279e+01
      vertex -1.332899e+01  6.250000e+01  2.931279e+01
    endloop
  endfacet
  facet normal -9.972037e-01  0.000000e+00  7.473030e-02
    outer loop
      vertex -1.332899e+01  6.250000e+01  2.931279e+01
      vertex -1.332899e+01  5.750000e+01  2.931279e+01
      vertex -1.328432e+01  5.750000e+01  2.990896e+01
    endloop
  endfacet
  facet normal -9.972037e-01  0.000000e+00  7.473030e-02
    outer loop
      vertex -1.332899e+01  6.250000e+01  2.931279e+01
      vertex -1.328432e+01  5.750000e+01  2.990896e+01
      vertex -1.328432e+01  6.250000e+01  2.990896e+01
    endloop
  endfacet
  facet normal -1.490425e-01  -0.000000e+00 -9.888308e-01
    outer loop
      vertex -1.698540e+01  5.750000e+01  3.389777e+01
      vertex -1.639423e+01  6.250000e+01  3.380867e+01
      vertex -1.639423e+01  5.750000e+01  3.380867e+01
    endloop
  endfacet
  facet normal -2.947543e-01  0.000000e+00 -9.555731e-01
    outer loop
      vertex -1.639423e+01  5.750000e+01  3.380867e+01
      vertex -1.639423e+01  6.250000e+01  3.380867e+01
      vertex -1.582295e+01  6.250000e+01  3.363245e+01
    endloop
  endfacet
  facet normal -2.947543e-01  -0.000000e+00 -9.555731e-01
    outer loop
      vertex -1.639423e+01  5.750000e+01  3.380867e+01
      vertex -1.582295e+01  6.250000e+01  3.363245e+01
      vertex -1.582295e+01  5.750000e+01  3.363245e+01
    endloop
  endfacet
  facet normal -4.338814e-01  0.000000e+00 -9.009700e-01
    outer loop
      vertex -1.582295e+01  5.750000e+01  3.363245e+01
      vertex -1.582295e+01  6.250000e+01  3.363245e+01
      vertex -1.528432e+01  6.250000e+01  3.337306e+01
    endloop
  endfacet
  facet normal -4.338814e-01  -0.000000e+00 -9.009700e-01
    outer loop
      vertex -1.582295e+01  5.750000e+01  3.363245e+01
      vertex -1.528432e+01  6.250000e+01  3.337306e+01
      vertex -1.528432e+01  5.750000e+01  3.337306e+01
    endloop
  endfacet
  facet normal -5.633211e-01  0.000000e+00 -8.262381e-01
    outer loop
      vertex -1.528432e+01  5.750000e+01  3.337306e+01
      vertex -1.528432e+01  6.250000e+01  3.337306e+01
      vertex -1.479036e+01  6.250000e+01  3.303629e+01
    endloop
  endfacet
  facet normal -5.633211e-01  -0.000000e+00 -8.262381e-01
    outer loop
      vertex -1.528432e+01  5.750000e+01  3.337306e+01
      vertex -1.479036e+01  6.250000e+01  3.303629e+01
      vertex -1.479036e+01  5.750000e+01  3.303629e+01
    endloop
  endfacet
  facet normal -6.801735e-01  0.000000e+00 -7.330512e-01
    outer loop
      vertex -1.479036e+01  5.750000e+01  3.303629e+01
      vertex -1.479036e+01  6.250000e+01  3.303629e+01
      vertex -1.435211e+01  6.250000e+01  3.262965e+01
    endloop
  endfacet
  facet normal -6.801735e-01  -0.000000e+00 -7.330512e-01
    outer loop
      vertex -1.479036e+01  5.750000e+01  3.303629e+01
      vertex -1.435211e+01  6.250000e+01  3.262965e+01
      vertex -1.435211e+01  5.750000e+01  3.262965e+01
    endloop
  endfacet
  facet normal -7.818310e-01  0.000000e+00 -6.234903e-01
    outer loop
      vertex -1.435211e+01  5.750000e+01  3.262965e+01
      vertex -1.435211e+01  6.250000e+01  3.262965e+01
      vertex -1.397936e+01  6.250000e+01  3.216224e+01
    endloop
  endfacet
  facet normal -7.818310e-01  -0.000000e+00 -6.234903e-01
    outer loop
      vertex -1.435211e+01  5.750000e+01  3.262965e+01
      vertex -1.397936e+01  6.250000e+01  3.216224e+01
      vertex -1.397936e+01  5.750000e+01  3.216224e+01
    endloop
  endfacet
  facet normal -8.660254e-01  0.000000e+00 -5.000000e-01
    outer loop
      vertex -1.397936e+01  5.750000e+01  3.216224e+01
      vertex -1.397936e+01  6.250000e+01  3.216224e+01
      vertex -1.368044e+01  6.250000e+01  3.164450e+01
    endloop
  endfacet
  facet normal -8.660254e-01  -0.000000e+00 -5.000000e-01
    outer loop
      vertex -1.397936e+01  5.750000e+01  3.216224e+01
      vertex -1.368044e+01  6.250000e+01  3.164450e+01
      vertex -1.368044e+01  5.750000e+01  3.164450e+01
    endloop
  endfacet
  facet normal -9.308736e-01  0.000000e+00 -3.653414e-01
    outer loop
      vertex -1.368044e+01  5.750000e+01  3.164450e+01
      vertex -1.368044e+01  6.250000e+01  3.164450e+01
      vertex -1.346202e+01  6.250000e+01  3.108798e+01
    endloop
  endfacet
  facet normal -9.308736e-01  -0.000000e+00 -3.653414e-01
    outer loop
      vertex -1.368044e+01  5.750000e+01  3.164450e+01
      vertex -1.346202e+01  6.250000e+01  3.108798e+01
      vertex -1.346202e+01  5.750000e+01  3.108798e+01
    endloop
  endfacet
  facet normal -9.749280e-01  0.000000e+00 -2.225206e-01
    outer loop
      vertex -1.346202e+01  5.750000e+01  3.108798e+01
      vertex -1.346202e+01  6.250000e+01  3.108798e+01
      vertex -1.332899e+01  6.250000e+01  3.050513e+01
    endloop
  endfacet
  facet normal -9.749280e-01  -0.000000e+00 -2.225206e-01
    outer loop
      vertex -1.346202e+01  5.750000e+01  3.108798e+01
      vertex -1.332899e+01  6.250000e+01  3.050513e+01
      vertex -1.332899e+01  5.750000e+01  3.050513e+01
    endloop
  endfacet
  facet normal -9.972037e-01  0.000000e+00 -7.473030e-02
    outer loop
      vertex -1.332899e+01  5.750000e+01  3.050513e+01
      vertex -1.332899e+01  6.250000e+01  3.050513e+01
      vertex -1.328432e+01  6.250000e+01  2.990896e+01
    endloop
  endfacet
  facet normal -9.972037e-01  -0.000000e+00 -7.473030e-02
    outer loop
      vertex -1.332899e+01  5.750000e+01  3.050513e+01
      vertex -1.328432e+01  6.250000e+01  2.990896e+01
      vertex -1.328432e+01  5.750000e+01  2.990896e+01
    endloop
  endfacet
  facet normal -1.490425e-01  0.000000e+00 -9.888308e-01
    outer loop
      vertex -1.639423e+01  6.250000e+01  3.380867e+01
      vertex -1.698540e+01  5.750000e+01  3.389777e+01
      vertex -1.698540e+01  6.250000e+01  3.389777e+01
    endloop
  endfacet
  facet normal  0.000000e+00  -0.000000e+00 -1.000000e+00
    outer loop
      vertex -1.698540e+01  6.250000e+01  3.389777e+01
      vertex -1.698540e+01  5.750000e+01  3.389777e+01
      vertex -1.758323e+01  5.750000e+01  3.389777e+01
    endloop
  endfacet
  facet normal  0.000000e+00  0.000000e+00 -1.000000e+00
    outer loop
      vertex -1.698540e+01  6.250000e+01  3.389777e+01
      vertex -1.758323e+01  5.750000e+01  3.389777e+01
      vertex -1.758323e+01  6.250000e+01  3.389777e+01
    endloop
  endfacet
  facet normal  1.490425e-01  0.000000e+00 -9.888308e-01
    outer loop
      vertex -1.758323e+01  6.250000e+01  3.389777e+01
      vertex -1.758323e+01  5.750000e+01  3.389777e+01
      vertex -1.817440e+01  5.750000e+01  3.380867e+01
    endloop
  endfacet
  facet normal  1.490425e-01  0.000000e+00 -9.888308e-01
    outer loop
      vertex -1.758323e+01  6.250000e+01  3.389777e+01
      vertex -1.817440e+01  5.750000e+01  3.380867e+01
      vertex -1.817440e+01  6.250000e+01  3.380867e+01
    endloop
  endfacet
  facet normal  2.947538e-01  0.000000e+00 -9.555732e-01
    outer loop
      vertex -1.817440e+01  6.250000e+01  3.380867e+01
      vertex -1.817440e+01  5.750000e+01  3.380867e+01
      vertex -1.874568e+01  5.750000e+01  3.363245e+01
    endloop
  endfacet
  facet normal  2.947538e-01  0.000000e+00 -9.555732e-01
    outer loop
      vertex -1.817440e+01  6.250000e+01  3.380867e+01
      vertex -1.874568e+01  5.750000e+01  3.363245e+01
      vertex -1.874568e+01  6.250000e+01  3.363245e+01
    endloop
  endfacet
  facet normal  4.338820e-01  0.000000e+00 -9.009697e-01
    outer loop
      vertex -1.874568e+01  6.250000e+01  3.363245e+01
      vertex -1.874568e+01  5.750000e+01  3.363245e+01
      vertex -1.928432e+01  5.750000e+01  3.337306e+01
    endloop
  endfacet
  facet normal  4.338820e-01  0.000000e+00 -9.009697e-01
    outer loop
      vertex -1.874568e+01  6.250000e+01  3.363245e+01
      vertex -1.928432e+01  5.750000e+01  3.337306e+01
      vertex -1.928432e+01  6.250000e+01  3.337306e+01
    endloop
  endfacet
  facet normal  5.633211e-01  0.000000e+00 -8.262381e-01
    outer loop
      vertex -1.928432e+01  6.250000e+01  3.337306e+01
      vertex -1.928432e+01  5.750000e+01  3.337306e+01
      vertex -1.977827e+01  5.750000e+01  3.303629e+01
    endloop
  endfacet
  facet normal  5.633211e-01  0.000000e+00 -8.262381e-01
    outer loop
      vertex -1.928432e+01  6.250000e+01  3.337306e+01
      vertex -1.977827e+01  5.750000e+01  3.303629e+01
      vertex -1.977827e+01  6.250000e+01  3.303629e+01
    endloop
  endfacet
  facet normal  6.801735e-01  0.000000e+00 -7.330512e-01
    outer loop
      vertex -1.977827e+01  6.250000e+01  3.303629e+01
      vertex -1.977827e+01  5.750000e+01  3.303629e+01
      vertex -2.021652e+01  5.750000e+01  3.262965e+01
    endloop
  endfacet
  facet normal  6.801735e-01  0.000000e+00 -7.330512e-01
    outer loop
      vertex -1.977827e+01  6.250000e+01  3.303629e+01
      vertex -2.021652e+01  5.750000e+01  3.262965e+01
      vertex -2.021652e+01  6.250000e+01  3.262965e+01
    endloop
  endfacet
  facet normal  7.818319e-01  0.000000e+00 -6.234894e-01
    outer loop
      vertex -2.021652e+01  6.250000e+01  3.262965e+01
      vertex -2.021652e+01  5.750000e+01  3.262965e+01
      vertex -2.058927e+01  5.750000e+01  3.216224e+01
    endloop
  endfacet
  facet normal  7.818319e-01  0.000000e+00 -6.234894e-01
    outer loop
      vertex -2.021652e+01  6.250000e+01  3.262965e+01
      vertex -2.058927e+01  5.750000e+01  3.216224e+01
      vertex -2.058927e+01  6.250000e+01  3.216224e+01
    endloop
  endfacet
  facet normal  8.660240e-01  0.000000e+00 -5.000024e-01
    outer loop
      vertex -2.058927e+01  6.250000e+01  3.216224e+01
      vertex -2.058927e+01  5.750000e+01  3.216224e+01
      vertex -2.088819e+01  5.750000e+01  3.164450e+01
    endloop
  endfacet
  facet normal  8.660240e-01  0.000000e+00 -5.000024e-01
    outer loop
      vertex -2.058927e+01  6.250000e+01  3.216224e+01
      vertex -2.088819e+01  5.750000e+01  3.164450e+01
      vertex -2.088819e+01  6.250000e+01  3.164450e+01
    endloop
  endfacet
  facet normal  9.308746e-01  0.000000e+00 -3.653386e-01
    outer loop
      vertex -2.088819e+01  6.250000e+01  3.164450e+01
      vertex -2.088819e+01  5.750000e+01  3.164450e+01
      vertex -2.110661e+01  5.750000e+01  3.108798e+01
    endloop
  endfacet
  facet normal  9.308746e-01  0.000000e+00 -3.653386e-01
    outer loop
      vertex -2.088819e+01  6.250000e+01  3.164450e+01
      vertex -2.110661e+01  5.750000e+01  3.108798e+01
      vertex -2.110661e+01  6.250000e+01  3.108798e+01
    endloop
  endfacet
  facet normal  9.749272e-01  0.000000e+00 -2.225237e-01
    outer loop
      vertex -2.110661e+01  6.250000e+01  3.108798e+01
      vertex -2.110661e+01  5.750000e+01  3.108798e+01
      vertex -2.123964e+01  5.750000e+01  3.050513e+01
    endloop
  endfacet
  facet normal  9.749272e-01  0.000000e+00 -2.225237e-01
    outer loop
      vertex -2.110661e+01  6.250000e+01  3.108798e+01
      vertex -2.123964e+01  5.750000e+01  3.050513e+01
      vertex -2.123964e+01  6.250000e+01  3.050513e+01
    endloop
  endfacet
  facet normal  9.972039e-01  0.000000e+00 -7.472872e-02
    outer loop
      vertex -2.123964e+01  6.250000e+01  3.050513e+01
      vertex -2.123964e+01  5.750000e+01  3.050513e+01
      vertex -2.128432e+01  5.750000e+01  2.990896e+01
    endloop
  endfacet
  facet normal  9.972039e-01  0.000000e+00 -7.472872e-02
    outer loop
      vertex -2.123964e+01  6.250000e+01  3.050513e+01
      vertex -2.128432e+01  5.750000e+01  2.990896e+01
      vertex -2.128432e+01  6.250000e+01  2.990896e+01
    endloop
  endfacet
  facet normal  1.490425e-01  0.000000e+00  9.888308e-01
    outer loop
      vertex  7.416765e+00  5.750000e+01  2.592015e+01
      vertex  6.825601e+00  6.250000e+01  2.600925e+01
      vertex  6.825601e+00  5.750000e+01  2.600925e+01
    endloop
  endfacet
  facet normal  2.947543e-01  -0.000000e+00  9.555731e-01
    outer loop
      vertex  6.825601e+00  5.750000e+01  2.600925e+01
      vertex  6.825601e+00  6.250000e+01  2.600925e+01
      vertex  6.254321e+00  6.250000e+01  2.618546e+01
    endloop
  endfacet
  facet normal  2.947543e-01  0.000000e+00  9.555731e-01
    outer loop
      vertex  6.825601e+00  5.750000e+01  2.600925e+01
      vertex  6.254321e+00  6.250000e+01  2.618546e+01
      vertex  6.254321e+00  5.750000e+01  2.618546e+01
    endloop
  endfacet
  facet normal  4.338843e-01  -0.000000e+00  9.009686e-01
    outer loop
      vertex  6.254321e+00  5.750000e+01  2.618546e+01
      vertex  6.254321e+00  6.250000e+01  2.618546e+01
      vertex  5.715685e+00  6.250000e+01  2.644486e+01
    endloop
  endfacet
  facet normal  4.338843e-01  0.000000e+00  9.009686e-01
    outer loop
      vertex  6.254321e+00  5.750000e+01  2.618546e+01
      vertex  5.715685e+00  6.250000e+01  2.644486e+01
      vertex  5.715685e+00  5.750000e+01  2.644486e+01
    endloop
  endfacet
  facet normal  5.633211e-01  -0.000000e+00  8.262381e-01
    outer loop
      vertex  5.715685e+00  5.750000e+01  2.644486e+01
      vertex  5.715685e+00  6.250000e+01  2.644486e+01
      vertex  5.221725e+00  6.250000e+01  2.678164e+01
    endloop
  endfacet
  facet normal  5.633211e-01  0.000000e+00  8.262381e-01
    outer loop
      vertex  5.715685e+00  5.750000e+01  2.644486e+01
      vertex  5.221725e+00  6.250000e+01  2.678164e+01
      vertex  5.221725e+00  5.750000e+01  2.678164e+01
    endloop
  endfacet
  facet normal  6.801714e-01  -0.000000e+00  7.330531e-01
    outer loop
      vertex  5.221725e+00  5.750000e+01  2.678164e+01
      vertex  5.221725e+00  6.250000e+01  2.678164e+01
      vertex  4.783477e+00  6.250000e+01  2.718827e+01
    endloop
  endfacet
  facet normal  6.801714e-01  0.000000e+00  7.330531e-01
    outer loop
      vertex  5.221725e+00  5.750000e+01  2.678164e+01
      vertex  4.783477e+00  6.250000e+01  2.718827e+01
      vertex  4.783477e+00  5.750000e+01  2.718827e+01
    endloop
  endfacet
  facet normal  7.818319e-01  -0.000000e+00  6.234894e-01
    outer loop
      vertex  4.783477e+00  5.750000e+01  2.718827e+01
      vertex  4.783477e+00  6.250000e+01  2.718827e+01
      vertex  4.410730e+00  6.250000e+01  2.765568e+01
    endloop
  endfacet
  facet normal  7.818319e-01  0.000000e+00  6.234894e-01
    outer loop
      vertex  4.783477e+00  5.750000e+01  2.718827e+01
      vertex  4.410730e+00  6.250000e+01  2.765568e+01
      vertex  4.410730e+00  5.750000e+01  2.765568e+01
    endloop
  endfacet
  facet normal  8.660254e-01  -0.000000e+00  4.999998e-01
    outer loop
      vertex  4.410730e+00  5.750000e+01  2.765568e+01
      vertex  4.410730e+00  6.250000e+01  2.765568e+01
      vertex  4.111809e+00  6.250000e+01  2.817343e+01
    endloop
  endfacet
  facet normal  8.660254e-01  0.000000e+00  4.999998e-01
    outer loop
      vertex  4.410730e+00  5.750000e+01  2.765568e+01
      vertex  4.111809e+00  6.250000e+01  2.817343e+01
      vertex  4.111809e+00  5.750000e+01  2.817343e+01
    endloop
  endfacet
  facet normal  9.308739e-01  -0.000000e+00  3.653404e-01
    outer loop
      vertex  4.111809e+00  5.750000e+01  2.817343e+01
      vertex  4.111809e+00  6.250000e+01  2.817343e+01
      vertex  3.893394e+00  6.250000e+01  2.872994e+01
    endloop
  endfacet
  facet normal  9.308739e-01  0.000000e+00  3.653404e-01
    outer loop
      vertex  4.111809e+00  5.750000e+01  2.817343e+01
      vertex  3.893394e+00  6.250000e+01  2.872994e+01
      vertex  3.893394e+00  5.750000e+01  2.872994e+01
    endloop
  endfacet
  facet normal  9.749278e-01  -0.000000e+00  2.225210e-01
    outer loop
      vertex  3.893394e+00  5.750000e+01  2.872994e+01
      vertex  3.893394e+00  6.250000e+01  2.872994e+01
      vertex  3.760362e+00  6.250000e+01  2.931279e+01
    endloop
  endfacet
  facet normal  9.749278e-01  0.000000e+00  2.225210e-01
    outer loop
      vertex  3.893394e+00  5.750000e+01  2.872994e+01
      vertex  3.760362e+00  6.250000e+01  2.931279e+01
      vertex  3.760362e+00  5.750000e+01  2.931279e+01
    endloop
  endfacet
  facet normal  9.972037e-01  -0.000000e+00  7.473030e-02
    outer loop
      vertex  3.760362e+00  5.750000e+01  2.931279e+01
      vertex  3.760362e+00  6.250000e+01  2.931279e+01
      vertex  3.715685e+00  6.250000e+01  2.990896e+01
    endloop
  endfacet
  facet normal  9.972037e-01  0.000000e+00  7.473030e-02
    outer loop
      vertex  3.760362e+00  5.750000e+01  2.931279e+01
      vertex  3.715685e+00  6.250000e+01  2.990896e+01
      vertex  3.715685e+00  5.750000e+01  2.990896e+01
    endloop
  endfacet
  facet normal  1.490425e-01  -0.000000e+00  9.888308e-01
    outer loop
      vertex  6.825601e+00  6.250000e+01  2.600925e+01
      vertex  7.416765e+00  5.750000e+01  2.592015e+01
      vertex  7.416765e+00  6.250000e+01  2.592015e+01
    endloop
  endfacet
  facet normal  0.000000e+00  0.000000e+00  1.000000e+00
    outer loop
      vertex  7.416765e+00  6.250000e+01  2.592015e+01
      vertex  7.416765e+00  5.750000e+01  2.592015e+01
      vertex  8.014606e+00  5.750000e+01  2.592015e+01
    endloop
  endfacet
  facet normal  0.000000e+00  -0.000000e+00  1.000000e+00
    outer loop
      vertex  7.416765e+00  6.250000e+01  2.592015e+01
      vertex  8.014606e+00  5.750000e+01  2.592015e+01
      vertex  8.014606e+00  6.250000e+01  2.592015e+01
    endloop
  endfacet
  facet normal -1.490427e-01  0.000000e+00  9.888308e-01
    outer loop
      vertex  8.014606e+00  6.250000e+01  2.592015e+01
      vertex  8.014606e+00  5.750000e+01  2.592015e+01
      vertex  8.605768e+00  5.750000e+01  2.600925e+01
    endloop
  endfacet
  facet normal -1.490427e-01  0.000000e+00  9.888308e-01
    outer loop
      vertex  8.014606e+00  6.250000e+01  2.592015e+01
      vertex  8.605768e+00  5.750000e+01  2.600925e+01
      vertex  8.605768e+00  6.250000e+01  2.600925e+01
    endloop
  endfacet
  facet normal -2.947543e-01  0.000000e+00  9.555731e-01
    outer loop
      vertex  8.605768e+00  6.250000e+01  2.600925e+01
      vertex  8.605768e+00  5.750000e+01  2.600925e+01
      vertex  9.177049e+00  5.750000e+01  2.618546e+01
    endloop
  endfacet
  facet normal -2.947543e-01  0.000000e+00  9.555731e-01
    outer loop
      vertex  8.605768e+00  6.250000e+01  2.600925e+01
      vertex  9.177049e+00  5.750000e+01  2.618546e+01
      vertex  9.177049e+00  6.250000e+01  2.618546e+01
    endloop
  endfacet
  facet normal -4.338840e-01  0.000000e+00  9.009688e-01
    outer loop
      vertex  9.177049e+00  6.250000e+01  2.618546e+01
      vertex  9.177049e+00  5.750000e+01  2.618546e+01
      vertex  9.715685e+00  5.750000e+01  2.644486e+01
    endloop
  endfacet
  facet normal -4.338840e-01  0.000000e+00  9.009688e-01
    outer loop
      vertex  9.177049e+00  6.250000e+01  2.618546e+01
      vertex  9.715685e+00  5.750000e+01  2.644486e+01
      vertex  9.715685e+00  6.250000e+01  2.644486e+01
    endloop
  endfacet
  facet normal -5.633211e-01  0.000000e+00  8.262381e-01
    outer loop
      vertex  9.715685e+00  6.250000e+01  2.644486e+01
      vertex  9.715685e+00  5.750000e+01  2.644486e+01
      vertex  1.020964e+01  5.750000e+01  2.678164e+01
    endloop
  endfacet
  facet normal -5.633211e-01  0.000000e+00  8.262381e-01
    outer loop
      vertex  9.715685e+00  6.250000e+01  2.644486e+01
      vertex  1.020964e+01  5.750000e+01  2.678164e+01
      vertex  1.020964e+01  6.250000e+01  2.678164e+01
    endloop
  endfacet
  facet normal -6.801718e-01  0.000000e+00  7.330527e-01
    outer loop
      vertex  1.020964e+01  6.250000e+01  2.678164e+01
      vertex  1.020964e+01  5.750000e+01  2.678164e+01
      vertex  1.064789e+01  5.750000e+01  2.718827e+01
    endloop
  endfacet
  facet normal -6.801718e-01  0.000000e+00  7.330527e-01
    outer loop
      vertex  1.020964e+01  6.250000e+01  2.678164e+01
      vertex  1.064789e+01  5.750000e+01  2.718827e+01
      vertex  1.064789e+01  6.250000e+01  2.718827e+01
    endloop
  endfacet
  facet normal -7.818310e-01  0.000000e+00  6.234903e-01
    outer loop
      vertex  1.064789e+01  6.250000e+01  2.718827e+01
      vertex  1.064789e+01  5.750000e+01  2.718827e+01
      vertex  1.102064e+01  5.750000e+01  2.765568e+01
    endloop
  endfacet
  facet normal -7.818310e-01  0.000000e+00  6.234903e-01
    outer loop
      vertex  1.064789e+01  6.250000e+01  2.718827e+01
      vertex  1.102064e+01  5.750000e+01  2.765568e+01
      vertex  1.102064e+01  6.250000e+01  2.765568e+01
    endloop
  endfacet
  facet normal -8.660262e-01  0.000000e+00  4.999986e-01
    outer loop
      vertex  1.102064e+01  6.250000e+01  2.765568e+01
      vertex  1.102064e+01  5.750000e+01  2.765568e+01
      vertex  1.131956e+01  5.750000e+01  2.817343e+01
    endloop
  endfacet
  facet normal -8.660262e-01  0.000000e+00  4.999986e-01
    outer loop
      vertex  1.102064e+01  6.250000e+01  2.765568e+01
      vertex  1.131956e+01  5.750000e+01  2.817343e+01
      vertex  1.131956e+01  6.250000e+01  2.817343e+01
    endloop
  endfacet
  facet normal -9.308736e-01  0.000000e+00  3.653414e-01
    outer loop
      vertex  1.131956e+01  6.250000e+01  2.817343e+01
      vertex  1.131956e+01  5.750000e+01  2.817343e+01
      vertex  1.153798e+01  5.750000e+01  2.872994e+01
    endloop
  endfacet
  facet normal -9.308736e-01  0.000000e+00  3.653414e-01
    outer loop
      vertex  1.131956e+01  6.250000e+01  2.817343e+01
      vertex  1.153798e+01  5.750000e+01  2.872994e+01
      vertex  1.153798e+01  6.250000e+01  2.872994e+01
    endloop
  endfacet
  facet normal -9.749280e-01  0.000000e+00  2.225206e-01
    outer loop
      vertex  1.153798e+01  6.250000e+01  2.872994e+01
      vertex  1.153798e+01  5.750000e+01  2.872994e+01
      vertex  1.167101e+01  5.750000e+01  2.931279e+01
    endloop
  endfacet
  facet normal -9.749280e-01  0.000000e+00  2.225206e-01
    outer loop
      vertex  1.153798e+01  6.250000e+01  2.872994e+01
      vertex  1.167101e+01  5.750000e+01  2.931279e+01
      vertex  1.167101e+01  6.250000e+01  2.931279e+01
    endloop
  endfacet
  facet normal -9.972037e-01  0.000000e+00  7.473030e-02
    outer loop
      vertex  1.167101e+01  6.250000e+01  2.931279e+01
      vertex  1.167101e+01  5.750000e+01  2.931279e+01
      vertex  1.171568e+01  5.750000e+01  2.990896e+01
    endloop
  endfacet
  facet normal -9.972037e-01  0.000000e+00  7.473030e-02
    outer loop
      vertex  1.167101e+01  6.250000e+01  2.931279e+01
      vertex  1.171568e+01  5.750000e+01  2.990896e+01
      vertex  1.171568e+01  6.250000e+01  2.990896e+01
    endloop
  endfacet
  facet normal -1.490427e-01  -0.000000e+00 -9.888308e-01
    outer loop
      vertex  8.014606e+00  5.750000e+01  3.389777e+01
      vertex  8.605768e+00  6.250000e+01  3.380867e+01
      vertex  8.605768e+00  5.750000e+01  3.380867e+01
    endloop
  endfacet
  facet normal -2.947543e-01  0.000000e+00 -9.555731e-01
    outer loop
      vertex  8.605768e+00  5.750000e+01  3.380867e+01
      vertex  8.605768e+00  6.250000e+01  3.380867e+01
      vertex  9.177049e+00  6.250000e+01  3.363245e+01
    endloop
  endfacet
  facet normal -2.947543e-01  -0.000000e+00 -9.555731e-01
    outer loop
      vertex  8.605768e+00  5.750000e+01  3.380867e+01
      vertex  9.177049e+00  6.250000e+01  3.363245e+01
      vertex  9.177049e+00  5.750000e+01  3.363245e+01
    endloop
  endfacet
  facet normal -4.338814e-01  0.000000e+00 -9.009700e-01
    outer loop
      vertex  9.177049e+00  5.750000e+01  3.363245e+01
      vertex  9.177049e+00  6.250000e+01  3.363245e+01
      vertex  9.715685e+00  6.250000e+01  3.337306e+01
    endloop
  endfacet
  facet normal -4.338814e-01  -0.000000e+00 -9.009700e-01
    outer loop
      vertex  9.177049e+00  5.750000e+01  3.363245e+01
      vertex  9.715685e+00  6.250000e+01  3.337306e+01
      vertex  9.715685e+00  5.750000e+01  3.337306e+01
    endloop
  endfacet
  facet normal -5.633211e-01  0.000000e+00 -8.262381e-01
    outer loop
      vertex  9.715685e+00  5.750000e+01  3.337306e+01
      vertex  9.715685e+00  6.250000e+01  3.337306e+01
      vertex  1.020964e+01  6.250000e+01  3.303629e+01
    endloop
  endfacet
  facet normal -5.633211e-01  -0.000000e+00 -8.262381e-01
    outer loop
      vertex  9.715685e+00  5.750000e+01  3.337306e+01
      vertex  1.020964e+01  6.250000e+01  3.303629e+01
      vertex  1.020964e+01  5.750000e+01  3.303629e+01
    endloop
  endfacet
  facet normal -6.801735e-01  0.000000e+00 -7.330512e-01
    outer loop
      vertex  1.020964e+01  5.750000e+01  3.303629e+01
      vertex  1.020964e+01  6.250000e+01  3.303629e+01
      vertex  1.064789e+01  6.250000e+01  3.262965e+01
    endloop
  endfacet
  facet normal -6.801735e-01  -0.000000e+00 -7.330512e-01
    outer loop
      vertex  1.020964e+01  5.750000e+01  3.303629e+01
      vertex  1.064789e+01  6.250000e+01  3.262965e+01
      vertex  1.064789e+01  5.750000e+01  3.262965e+01
    endloop
  endfacet
  facet normal -7.818310e-01  0.000000e+00 -6.234903e-01
    outer loop
      vertex  1.064789e+01  5.750000e+01  3.262965e+01
      vertex  1.064789e+01  6.250000e+01  3.262965e+01
      vertex  1.102064e+01  6.250000e+01  3.216224e+01
    endloop
  endfacet
  facet normal -7.818310e-01  -0.000000e+00 -6.234903e-01
    outer loop
      vertex  1.064789e+01  5.750000e+01  3.262965e+01
      vertex  1.102064e+01  6.250000e+01  3.216224e+01
      vertex  1.102064e+01  5.750000e+01  3.216224e+01
    endloop
  endfacet
  facet normal -8.660254e-01  0.000000e+00 -5.000000e-01
    outer loop
      vertex  1.102064e+01  5.750000e+01  3.216224e+01
      vertex  1.102064e+01  6.250000e+01  3.216224e+01
      vertex  1.131956e+01  6.250000e+01  3.164450e+01
    endloop
  endfacet
  facet normal -8.660254e-01  -0.000000e+00 -5.000000e-01
    outer loop
      vertex  1.102064e+01  5.750000e+01  3.216224e+01
      vertex  1.131956e+01  6.250000e+01  3.164450e+01
      vertex  1.131956e+01  5.750000e+01  3.164450e+01
    endloop
  endfacet
  facet normal -9.308736e-01  0.000000e+00 -3.653414e-01
    outer loop
      vertex  1.131956e+01  5.750000e+01  3.164450e+01
      vertex  1.131956e+01  6.250000e+01  3.164450e+01
      vertex  1.153798e+01  6.250000e+01  3.108798e+01
    endloop
  endfacet
  facet normal -9.308736e-01  -0.000000e+00 -3.653414e-01
    outer loop
      vertex  1.131956e+01  5.750000e+01  3.164450e+01
      vertex  1.153798e+01  6.250000e+01  3.108798e+01
      vertex  1.153798e+01  5.750000e+01  3.108798e+01
    endloop
  endfacet
  facet normal -9.749280e-01  0.000000e+00 -2.225206e-01
    outer loop
      vertex  1.153798e+01  5.750000e+01  3.108798e+01
      vertex  1.153798e+01  6.250000e+01  3.108798e+01
      vertex  1.167101e+01  6.250000e+01  3.050513e+01
    endloop
  endfacet
  facet normal -9.749280e-01  -0.000000e+00 -2.225206e-01
    outer loop
      vertex  1.153798e+01  5.750000e+01  3.108798e+01
      vertex  1.167101e+01  6.250000e+01  3.050513e+01
      vertex  1.167101e+01  5.750000e+01  3.050513e+01
    endloop
  endfacet
  facet normal -9.972037e-01  0.000000e+00 -7.473030e-02
    outer loop
      vertex  1.167101e+01  5.750000e+01  3.050513e+01
      vertex  1.167101e+01  6.250000e+01  3.050513e+01
      vertex  1.171568e+01  6.250000e+01  2.990896e+01
    endloop
  endfacet
  facet normal -9.972037e-01  -0.000000e+00 -7.473030e-02
    outer loop
      vertex  1.167101e+01  5.750000e+01  3.050513e+01
      vertex  1.171568e+01  6.250000e+01  2.990896e+01
      vertex  1.171568e+01  5.750000e+01  2.990896e+01
    endloop
  endfacet
  facet normal -1.490427e-01  0.000000e+00 -9.888308e-01
    outer loop
      vertex  8.605768e+00  6.250000e+01  3.380867e+01
      vertex  8.014606e+00  5.750000e+01  3.389777e+01
      vertex  8.014606e+00  6.250000e+01  3.389777e+01
    endloop
  endfacet
  facet normal  0.000000e+00  -0.000000e+00 -1.000000e+00
    outer loop
      vertex  8.014606e+00  6.250000e+01  3.389777e+01
      vertex  8.014606e+00  5.750000e+01  3.389777e+01
      vertex  7.416765e+00  5.750000e+01  3.389777e+01
    endloop
  endfacet
  facet normal  0.000000e+00  0.000000e+00 -1.000000e+00
    outer loop
      vertex  8.014606e+00  6.250000e+01  3.389777e+01
      vertex  7.416765e+00  5.750000e+01  3.389777e+01
      vertex  7.416765e+00  6.250000e+01  3.389777e+01
    endloop
  endfacet
  facet normal  1.490425e-01  0.000000e+00 -9.888308e-01
    outer loop
      vertex  7.416765e+00  6.250000e+01  3.389777e+01
      vertex  7.416765e+00  5.750000e+01  3.389777e+01
      vertex  6.825601e+00  5.750000e+01  3.380867e+01
    endloop
  endfacet
  facet normal  1.490425e-01  0.000000e+00 -9.888308e-01
    outer loop
      vertex  7.416765e+00  6.250000e+01  3.389777e+01
      vertex  6.825601e+00  5.750000e+01  3.380867e+01
      vertex  6.825601e+00  6.250000e+01  3.380867e+01
    endloop
  endfacet
  facet normal  2.947543e-01  0.000000e+00 -9.555731e-01
    outer loop
      vertex  6.825601e+00  6.250000e+01  3.380867e+01
      vertex  6.825601e+00  5.750000e+01  3.380867e+01
      vertex  6.254321e+00  5.750000e+01  3.363245e+01
    endloop
  endfacet
  facet normal  2.947543e-01  0.000000e+00 -9.555731e-01
    outer loop
      vertex  6.825601e+00  6.250000e+01  3.380867e+01
      vertex  6.254321e+00  5.750000e+01  3.363245e+01
      vertex  6.254321e+00  6.250000e+01  3.363245e+01
    endloop
  endfacet
  facet normal  4.338817e-01  0.000000e+00 -9.009698e-01
    outer loop
      vertex  6.254321e+00  6.250000e+01  3.363245e+01
      vertex  6.254321e+00  5.750000e+01  3.363245e+01
      vertex  5.715685e+00  5.750000e+01  3.337306e+01
    endloop
  endfacet
  facet normal  4.338817e-01  0.000000e+00 -9.009698e-01
    outer loop
      vertex  6.254321e+00  6.250000e+01  3.363245e+01
      vertex  5.715685e+00  5.750000e+01  3.337306e+01
      vertex  5.715685e+00  6.250000e+01  3.337306e+01
    endloop
  endfacet
  facet normal  5.633211e-01  0.000000e+00 -8.262381e-01
    outer loop
      vertex  5.715685e+00  6.250000e+01  3.337306e+01
      vertex  5.715685e+00  5.750000e+01  3.337306e+01
      vertex  5.221725e+00  5.750000e+01  3.303629e+01
    endloop
  endfacet
  facet normal  5.633211e-01  0.000000e+00 -8.262381e-01
    outer loop
      vertex  5.715685e+00  6.250000e+01  3.337306e+01
      vertex  5.221725e+00  5.750000e+01  3.303629e+01
      vertex  5.221725e+00  6.250000e+01  3.303629e+01
    endloop
  endfacet
  facet normal  6.801731e-01  0.000000e+00 -7.330515e-01
    outer loop
      vertex  5.221725e+00  6.250000e+01  3.303629e+01
      vertex  5.221725e+00  5.750000e+01  3.303629e+01
      vertex  4.783477e+00  5.750000e+01  3.262965e+01
    endloop
  endfacet
  facet normal  6.801731e-01  0.000000e+00 -7.330515e-01
    outer loop
      vertex  5.221725e+00  6.250000e+01  3.303629e+01
      vertex  4.783477e+00  5.750000e+01  3.262965e+01
      vertex  4.783477e+00  6.250000e+01  3.262965e+01
    endloop
  endfacet
  facet normal  7.818319e-01  0.000000e+00 -6.234894e-01
    outer loop
      vertex  4.783477e+00  6.250000e+01  3.262965e+01
      vertex  4.783477e+00  5.750000e+01  3.262965e+01
      vertex  4.410730e+00  5.750000e+01  3.216224e+01
    endloop
  endfacet
  facet normal  7.818319e-01  0.000000e+00 -6.234894e-01
    outer loop
      vertex  4.783477e+00  6.250000e+01  3.262965e+01
      vertex  4.410730e+00  5.750000e+01  3.216224e+01
      vertex  4.410730e+00  6.250000e+01  3.216224e+01
    endloop
  endfacet
  facet normal  8.660247e-01  0.000000e+00 -5.000012e-01
    outer loop
      vertex  4.410730e+00  6.250000e+01  3.216224e+01
      vertex  4.410730e+00  5.750000e+01  3.216224e+01
      vertex  4.111809e+00  5.750000e+01  3.164450e+01
    endloop
  endfacet
  facet normal  8.660247e-01  0.000000e+00 -5.000012e-01
    outer loop
      vertex  4.410730e+00  6.250000e+01  3.216224e+01
      vertex  4.111809e+00  5.750000e+01  3.164450e+01
      vertex  4.111809e+00  6.250000e+01  3.164450e+01
    endloop
  endfacet
  facet normal  9.308739e-01  0.000000e+00 -3.653404e-01
    outer loop
      vertex  4.111809e+00  6.250000e+01  3.164450e+01
      vertex  4.111809e+00  5.750000e+01  3.164450e+01
      vertex  3.893394e+00  5.750000e+01  3.108798e+01
    endloop
  endfacet
  facet normal  9.308739e-01  0.000000e+00 -3.653404e-01
    outer loop
      vertex  4.111809e+00  6.250000e+01  3.164450e+01
      vertex  3.893394e+00  5.750000e+01  3.108798e+01
      vertex  3.893394e+00  6.250000e+01  3.108798e+01
    endloop
  endfacet
  facet normal  9.749278e-01  0.000000e+00 -2.225210e-01
    outer loop
      vertex  3.893394e+00  6.250000e+01  3.108798e+01
      vertex  3.893394e+00  5.750000e+01  3.108798e+01
      vertex  3.760362e+00  5.750000e+01  3.050513e+01
    endloop
  endfacet
  facet normal  9.749278e-01  0.000000e+00 -2.225210e-01
    outer loop
      vertex  3.893394e+00  6.250000e+01  3.108798e+01
      vertex  3.760362e+00  5.750000e+01  3.050513e+01
      vertex  3.760362e+00  6.250000e+01  3.050513e+01
    endloop
  endfacet
  facet normal  9.972037e-01  0.000000e+00 -7.473030e-02
    outer loop
      vertex  3.760362e+00  6.250000e+01  3.050513e+01
      vertex  3.760362e+00  5.750000e+01  3.050513e+01
      vertex  3.715685e+00  5.750000e+01  2.990896e+01
    endloop
  endfacet
  facet normal  9.972037e-01  0.000000e+00 -7.473030e-02
    outer loop
      vertex  3.760362e+00  6.250000e+01  3.050513e+01
      vertex  3.715685e+00  5.750000e+01  2.990896e+01
      vertex  3.715685e+00  6.250000e+01  2.990896e+01
    endloop
  endfacet
  facet normal  1.490429e-01  0.000000e+00  9.888307e-01
    outer loop
      vertex  3.241676e+01  5.750000e+01  2.592015e+01
      vertex  3.182560e+01  6.250000e+01  2.600925e+01
      vertex  3.182560e+01  5.750000e+01  2.600925e+01
    endloop
  endfacet
  facet normal  2.947538e-01  -0.000000e+00  9.555732e-01
    outer loop
      vertex  3.182560e+01  5.750000e+01  2.600925e+01
      vertex  3.182560e+01  6.250000e+01  2.600925e+01
      vertex  3.125432e+01  6.250000e+01  2.618546e+01
    endloop
  endfacet
  facet normal  2.947538e-01  0.000000e+00  9.555732e-01
    outer loop
      vertex  3.182560e+01  5.750000e+01  2.600925e+01
      vertex  3.125432e+01  6.250000e+01  2.618546e+01
      vertex  3.125432e+01  5.750000e+01  2.618546e+01
    endloop
  endfacet
  facet normal  4.338846e-01  -0.000000e+00  9.009685e-01
    outer loop
      vertex  3.125432e+01  5.750000e+01  2.618546e+01
      vertex  3.125432e+01  6.250000e+01  2.618546e+01
      vertex  3.071568e+01  6.250000e+01  2.644486e+01
    endloop
  endfacet
  facet normal  4.338846e-01  0.000000e+00  9.009685e-01
    outer loop
      vertex  3.125432e+01  5.750000e+01  2.618546e+01
      vertex  3.071568e+01  6.250000e+01  2.644486e+01
      vertex  3.071568e+01  5.750000e+01  2.644486e+01
    endloop
  endfacet
  facet normal  5.633211e-01  -0.000000e+00  8.262381e-01
    outer loop
      vertex  3.071568e+01  5.750000e+01  2.644486e+01
      vertex  3.071568e+01  6.250000e+01  2.644486e+01
      vertex  3.022173e+01  6.250000e+01  2.678164e+01
    endloop
  endfacet
  facet normal  5.633211e-01  0.000000e+00  8.262381e-01
    outer loop
      vertex  3.071568e+01  5.750000e+01  2.644486e+01
      vertex  3.022173e+01  6.250000e+01  2.678164e+01
      vertex  3.022173e+01  5.750000e+01  2.678164e+01
    endloop
  endfacet
  facet normal  6.801718e-01  -0.000000e+00  7.330527e-01
    outer loop
      vertex  3.022173e+01  5.750000e+01  2.678164e+01
      vertex  3.022173e+01  6.250000e+01  2.678164e+01
      vertex  2.978348e+01  6.250000e+01  2.718827e+01
    endloop
  endfacet
  facet normal  6.801718e-01  0.000000e+00  7.330527e-01
    outer loop
      vertex  3.022173e+01  5.750000e+01  2.678164e+01
      vertex  2.978348e+01  6.250000e+01  2.718827e+01
      vertex  2.978348e+01  5.750000e+01  2.718827e+01
    endloop
  endfacet
  facet normal  7.818319e-01  -0.000000e+00  6.234894e-01
    outer loop
      vertex  2.978348e+01  5.750000e+01  2.718827e+01
      vertex  2.978348e+01  6.250000e+01  2.718827e+01
      vertex  2.941073e+01  6.250000e+01  2.765568e+01
    endloop
  endfacet
  facet normal  7.818319e-01  0.000000e+00  6.234894e-01
    outer loop
      vertex  2.978348e+01  5.750000e+01  2.718827e+01
      vertex  2.941073e+01  6.250000e+01  2.765568e+01
      vertex  2.941073e+01  5.750000e+01  2.765568e+01
    endloop
  endfacet
  facet normal  8.660247e-01  -0.000000e+00  5.000010e-01
    outer loop
      vertex  2.941073e+01  5.750000e+01  2.765568e+01
      vertex  2.941073e+01  6.250000e+01  2.765568e+01
      vertex  2.911181e+01  6.250000e+01  2.817343e+01
    endloop
  endfacet
  facet normal  8.660247e-01  0.000000e+00  5.000010e-01
    outer loop
      vertex  2.941073e+01  5.750000e+01  2.765568e+01
      vertex  2.911181e+01  6.250000e+01  2.817343e+01
      vertex  2.911181e+01  5.750000e+01  2.817343e+01
    endloop
  endfacet
  facet normal  9.308746e-01  -0.000000e+00  3.653386e-01
    outer loop
      vertex  2.911181e+01  5.750000e+01  2.817343e+01
      vertex  2.911181e+01  6.250000e+01  2.817343e+01
      vertex  2.889339e+01  6.250000e+01  2.872994e+01
    endloop
  endfacet
  facet normal  9.308746e-01  0.000000e+00  3.653386e-01
    outer loop
      vertex  2.911181e+01  5.750000e+01  2.817343e+01
      vertex  2.889339e+01  6.250000e+01  2.872994e+01
      vertex  2.889339e+01  5.750000e+01  2.872994e+01
    endloop
  endfacet
  facet normal  9.749272e-01  -0.000000e+00  2.225237e-01
    outer loop
      vertex  2.889339e+01  5.750000e+01  2.872994e+01
      vertex  2.889339e+01  6.250000e+01  2.872994e+01
      vertex  2.876036e+01  6.250000e+01  2.931279e+01
    endloop
  endfacet
  facet normal  9.749272e-01  0.000000e+00  2.225237e-01
    outer loop
      vertex  2.889339e+01  5.750000e+01  2.872994e+01
      vertex  2.876036e+01  6.250000e+01  2.931279e+01
      vertex  2.876036e+01  5.750000e+01  2.931279e+01
    endloop
  endfacet
  facet normal  9.972039e-01  -0.000000e+00  7.472872e-02
    outer loop
      vertex  2.876036e+01  5.750000e+01  2.931279e+01
      vertex  2.876036e+01  6.250000e+01  2.931279e+01
      vertex  2.871568e+01  6.250000e+01  2.990896e+01
    endloop
  endfacet
  facet normal  9.972039e-01  0.000000e+00  7.472872e-02
    outer loop
      vertex  2.876036e+01  5.750000e+01  2.931279e+01
      vertex  2.871568e+01  6.250000e+01  2.990896e+01
      vertex  2.871568e+01  5.750000e+01  2.990896e+01
    endloop
  endfacet
  facet normal  1.490429e-01  -0.000000e+00  9.888307e-01
    outer loop
      vertex  3.182560e+01  6.250000e+01  2.600925e+01
      vertex  3.241676e+01  5.750000e+01  2.592015e+01
      vertex  3.241676e+01  6.250000e+01  2.592015e+01
    endloop
  endfacet
  facet normal  0.000000e+00  0.000000e+00  1.000000e+00
    outer loop
      vertex  3.241676e+01  6.250000e+01  2.592015e+01
      vertex  3.241676e+01  5.750000e+01  2.592015e+01
      vertex  3.301461e+01  5.750000e+01  2.592015e+01
    endloop
  endfacet
  facet normal  0.000000e+00  -0.000000e+00  1.000000e+00
    outer loop
      vertex  3.241676e+01  6.250000e+01  2.592015e+01
      vertex  3.301461e+01  5.750000e+01  2.592015e+01
      vertex  3.301461e+01  6.250000e+01  2.592015e+01
    endloop
  endfacet
  facet normal -1.490425e-01  0.000000e+00  9.888308e-01
    outer loop
      vertex  3.301461e+01  6.250000e+01  2.592015e+01
      vertex  3.301461e+01  5.750000e+01  2.592015e+01
      vertex  3.360577e+01  5.750000e+01  2.600925e+01
    endloop
  endfacet
  facet normal -1.490425e-01  0.000000e+00  9.888308e-01
    outer loop
      vertex  3.301461e+01  6.250000e+01  2.592015e+01
      vertex  3.360577e+01  5.750000e+01  2.600925e+01
      vertex  3.360577e+01  6.250000e+01  2.600925e+01
    endloop
  endfacet
  facet normal -2.947557e-01  0.000000e+00  9.555727e-01
    outer loop
      vertex  3.360577e+01  6.250000e+01  2.600925e+01
      vertex  3.360577e+01  5.750000e+01  2.600925e+01
      vertex  3.417705e+01  5.750000e+01  2.618546e+01
    endloop
  endfacet
  facet normal -2.947557e-01  0.000000e+00  9.555727e-01
    outer loop
      vertex  3.360577e+01  6.250000e+01  2.600925e+01
      vertex  3.417705e+01  5.750000e+01  2.618546e+01
      vertex  3.417705e+01  6.250000e+01  2.618546e+01
    endloop
  endfacet
  facet normal -4.338846e-01  0.000000e+00  9.009685e-01
    outer loop
      vertex  3.417705e+01  6.250000e+01  2.618546e+01
      vertex  3.417705e+01  5.750000e+01  2.618546e+01
      vertex  3.471568e+01  5.750000e+01  2.644486e+01
    endloop
  endfacet
  facet normal -4.338846e-01  0.000000e+00  9.009685e-01
    outer loop
      vertex  3.417705e+01  6.250000e+01  2.618546e+01
      vertex  3.471568e+01  5.750000e+01  2.644486e+01
      vertex  3.471568e+01  6.250000e+01  2.644486e+01
    endloop
  endfacet
  facet normal -5.633196e-01  0.000000e+00  8.262390e-01
    outer loop
      vertex  3.471568e+01  6.250000e+01  2.644486e+01
      vertex  3.471568e+01  5.750000e+01  2.644486e+01
      vertex  3.520964e+01  5.750000e+01  2.678164e+01
    endloop
  endfacet
  facet normal -5.633196e-01  0.000000e+00  8.262390e-01
    outer loop
      vertex  3.471568e+01  6.250000e+01  2.644486e+01
      vertex  3.520964e+01  5.750000e+01  2.678164e+01
      vertex  3.520964e+01  6.250000e+01  2.678164e+01
    endloop
  endfacet
  facet normal -6.801718e-01  0.000000e+00  7.330527e-01
    outer loop
      vertex  3.520964e+01  6.250000e+01  2.678164e+01
      vertex  3.520964e+01  5.750000e+01  2.678164e+01
      vertex  3.564789e+01  5.750000e+01  2.718827e+01
    endloop
  endfacet
  facet normal -6.801718e-01  0.000000e+00  7.330527e-01
    outer loop
      vertex  3.520964e+01  6.250000e+01  2.678164e+01
      vertex  3.564789e+01  5.750000e+01  2.718827e+01
      vertex  3.564789e+01  6.250000e+01  2.718827e+01
    endloop
  endfacet
  facet normal -7.818303e-01  0.000000e+00  6.234913e-01
    outer loop
      vertex  3.564789e+01  6.250000e+01  2.718827e+01
      vertex  3.564789e+01  5.750000e+01  2.718827e+01
      vertex  3.602064e+01  5.750000e+01  2.765568e+01
    endloop
  endfacet
  facet normal -7.818303e-01  0.000000e+00  6.234913e-01
    outer loop
      vertex  3.564789e+01  6.250000e+01  2.718827e+01
      vertex  3.602064e+01  5.750000e+01  2.765568e+01
      vertex  3.602064e+01  6.250000e+01  2.765568e+01
    endloop
  endfacet
  facet normal -8.660262e-01  0.000000e+00  4.999986e-01
    outer loop
      vertex  3.602064e+01  6.250000e+01  2.765568e+01
      vertex  3.602064e+01  5.750000e+01  2.765568e+01
      vertex  3.631956e+01  5.750000e+01  2.817343e+01
    endloop
  endfacet
  facet normal -8.660262e-01  0.000000e+00  4.999986e-01
    outer loop
      vertex  3.602064e+01  6.250000e+01  2.765568e+01
      vertex  3.631956e+01  5.750000e+01  2.817343e+01
      vertex  3.631956e+01  6.250000e+01  2.817343e+01
    endloop
  endfacet
  facet normal -9.308746e-01  0.000000e+00  3.653386e-01
    outer loop
      vertex  3.631956e+01  6.250000e+01  2.817343e+01
      vertex  3.631956e+01  5.750000e+01  2.817343e+01
      vertex  3.653798e+01  5.750000e+01  2.872994e+01
    endloop
  endfacet
  facet normal -9.308746e-01  0.000000e+00  3.653386e-01
    outer loop
      vertex  3.631956e+01  6.250000e+01  2.817343e+01
      vertex  3.653798e+01  5.750000e+01  2.872994e+01
      vertex  3.653798e+01  6.250000e+01  2.872994e+01
    endloop
  endfacet
  facet normal -9.749272e-01  0.000000e+00  2.225237e-01
    outer loop
      vertex  3.653798e+01  6.250000e+01  2.872994e+01
      vertex  3.653798e+01  5.750000e+01  2.872994e+01
      vertex  3.667101e+01  5.750000e+01  2.931279e+01
    endloop
  endfacet
  facet normal -9.749272e-01  0.000000e+00  2.225237e-01
    outer loop
      vertex  3.653798e+01  6.250000e+01  2.872994e+01
      vertex  3.667101e+01  5.750000e+01  2.931279e+01
      vertex  3.667101e+01  6.250000e+01  2.931279e+01
    endloop
  endfacet
  facet normal -9.972041e-01  0.000000e+00  7.472554e-02
    outer loop
      vertex  3.667101e+01  6.250000e+01  2.931279e+01
      vertex  3.667101e+01  5.750000e+01  2.931279e+01
      vertex  3.671568e+01  5.750000e+01  2.990896e+01
    endloop
  endfacet
  facet normal -9.972041e-01  0.000000e+00  7.472554e-02
    outer loop
      vertex  3.667101e+01  6.250000e+01  2.931279e+01
      vertex  3.671568e+01  5.750000e+01  2.990896e+01
      vertex  3.671568e+01  6.250000e+01  2.990896e+01
    endloop
  endfacet
  facet normal -1.490425e-01  -0.000000e+00 -9.888308e-01
    outer loop
      vertex  3.301461e+01  5.750000e+01  3.389777e+01
      vertex  3.360577e+01  6.250000e+01  3.380867e+01
      vertex  3.360577e+01  5.750000e+01  3.380867e+01
    endloop
  endfacet
  facet normal -2.947557e-01  0.000000e+00 -9.555727e-01
    outer loop
      vertex  3.360577e+01  5.750000e+01  3.380867e+01
      vertex  3.360577e+01  6.250000e+01  3.380867e+01
      vertex  3.417705e+01  6.250000e+01  3.363245e+01
    endloop
  endfacet
  facet normal -2.947557e-01  -0.000000e+00 -9.555727e-01
    outer loop
      vertex  3.360577e+01  5.750000e+01  3.380867e+01
      vertex  3.417705e+01  6.250000e+01  3.363245e+01
      vertex  3.417705e+01  5.750000e+01  3.363245e+01
    endloop
  endfacet
  facet normal -4.338820e-01  0.000000e+00 -9.009697e-01
    outer loop
      vertex  3.417705e+01  5.750000e+01  3.363245e+01
      vertex  3.417705e+01  6.250000e+01  3.363245e+01
      vertex  3.471568e+01  6.250000e+01  3.337306e+01
    endloop
  endfacet
  facet normal -4.338820e-01  -0.000000e+00 -9.009697e-01
    outer loop
      vertex  3.417705e+01  5.750000e+01  3.363245e+01
      vertex  3.471568e+01  6.250000e+01  3.337306e+01
      vertex  3.471568e+01  5.750000e+01  3.337306e+01
    endloop
  endfacet
  facet normal -5.633196e-01  0.000000e+00 -8.262390e-01
    outer loop
      vertex  3.471568e+01  5.750000e+01  3.337306e+01
      vertex  3.471568e+01  6.250000e+01  3.337306e+01
      vertex  3.520964e+01  6.250000e+01  3.303629e+01
    endloop
  endfacet
  facet normal -5.633196e-01  -0.000000e+00 -8.262390e-01
    outer loop
      vertex  3.471568e+01  5.750000e+01  3.337306e+01
      vertex  3.520964e+01  6.250000e+01  3.303629e+01
      vertex  3.520964e+01  5.750000e+01  3.303629e+01
    endloop
  endfacet
  facet normal -6.801735e-01  0.000000e+00 -7.330512e-01
    outer loop
      vertex  3.520964e+01  5.750000e+01  3.303629e+01
      vertex  3.520964e+01  6.250000e+01  3.303629e+01
      vertex  3.564789e+01  6.250000e+01  3.262965e+01
    endloop
  endfacet
  facet normal -6.801735e-01  -0.000000e+00 -7.330512e-01
    outer loop
      vertex  3.520964e+01  5.750000e+01  3.303629e+01
      vertex  3.564789e+01  6.250000e+01  3.262965e+01
      vertex  3.564789e+01  5.750000e+01  3.262965e+01
    endloop
  endfacet
  facet normal -7.818303e-01  0.000000e+00 -6.234913e-01
    outer loop
      vertex  3.564789e+01  5.750000e+01  3.262965e+01
      vertex  3.564789e+01  6.250000e+01  3.262965e+01
      vertex  3.602064e+01  6.250000e+01  3.216224e+01
    endloop
  endfacet
  facet normal -7.818303e-01  -0.000000e+00 -6.234913e-01
    outer loop
      vertex  3.564789e+01  5.750000e+01  3.262965e+01
      vertex  3.602064e+01  6.250000e+01  3.216224e+01
      vertex  3.602064e+01  5.750000e+01  3.216224e+01
    endloop
  endfacet
  facet normal -8.660254e-01  0.000000e+00 -5.000000e-01
    outer loop
      vertex  3.602064e+01  5.750000e+01  3.216224e+01
      vertex  3.602064e+01  6.250000e+01  3.216224e+01
      vertex  3.631956e+01  6.250000e+01  3.164450e+01
    endloop
  endfacet
  facet normal -8.660254e-01  -0.000000e+00 -5.000000e-01
    outer loop
      vertex  3.602064e+01  5.750000e+01  3.216224e+01
      vertex  3.631956e+01  6.250000e+01  3.164450e+01
      vertex  3.631956e+01  5.750000e+01  3.164450e+01
    endloop
  endfacet
  facet normal -9.308746e-01  0.000000e+00 -3.653386e-01
    outer loop
      vertex  3.631956e+01  5.750000e+01  3.164450e+01
      vertex  3.631956e+01  6.250000e+01  3.164450e+01
      vertex  3.653798e+01  6.250000e+01  3.108798e+01
    endloop
  endfacet
  facet normal -9.308746e-01  -0.000000e+00 -3.653386e-01
    outer loop
      vertex  3.631956e+01  5.750000e+01  3.164450e+01
      vertex  3.653798e+01  6.250000e+01  3.108798e+01
      vertex  3.653798e+01  5.750000e+01  3.108798e+01
    endloop
  endfacet
  facet normal -9.749272e-01  0.000000e+00 -2.225237e-01
    outer loop
      vertex  3.653798e+01  5.750000e+01  3.108798e+01
      vertex  3.653798e+01  6.250000e+01  3.108798e+01
      vertex  3.667101e+01  6.250000e+01  3.050513e+01
    endloop
  endfacet
  facet normal -9.749272e-01  -0.000000e+00 -2.225237e-01
    outer loop
      vertex  3.653798e+01  5.750000e+01  3.108798e+01
      vertex  3.667101e+01  6.250000e+01  3.050513e+01
      vertex  3.667101e+01  5.750000e+01  3.050513e+01
    endloop
  endfacet
  facet normal -9.972041e-01  0.000000e+00 -7.472554e-02
    outer loop
      vertex  3.667101e+01  5.750000e+01  3.050513e+01
      vertex  3.667101e+01  6.250000e+01  3.050513e+01
      vertex  3.671568e+01  6.250000e+01  2.990896e+01
    endloop
  endfacet
  facet normal -9.972041e-01  -0.000000e+00 -7.472554e-02
    outer loop
      vertex  3.667101e+01  5.750000e+01  3.050513e+01
      vertex  3.671568e+01  6.250000e+01  2.990896e+01
      vertex  3.671568e+01  5.750000e+01  2.990896e+01
    endloop
  endfacet
  facet normal -1.490425e-01  0.000000e+00 -9.888308e-01
    outer loop
      vertex  3.360577e+01  6.250000e+01  3.380867e+01
      vertex  3.301461e+01  5.750000e+01  3.389777e+01
      vertex  3.301461e+01  6.250000e+01  3.389777e+01
    endloop
  endfacet
  facet normal  0.000000e+00  -0.000000e+00 -1.000000e+00
    outer loop
      vertex  3.301461e+01  6.250000e+01  3.389777e+01
      vertex  3.301461e+01  5.750000e+01  3.389777e+01
      vertex  3.241676e+01  5.750000e+01  3.389777e+01
    endloop
  endfacet
  facet normal  0.000000e+00  0.000000e+00 -1.000000e+00
    outer loop
      vertex  3.301461e+01  6.250000e+01  3.389777e+01
      vertex  3.241676e+01  5.750000e+01  3.389777e+01
      vertex  3.241676e+01  6.250000e+01  3.389777e+01
    endloop
  endfacet
  facet normal  1.490429e-01  0.000000e+00 -9.888307e-01
    outer loop
      vertex  3.241676e+01  6.250000e+01  3.389777e+01
      vertex  3.241676e+01  5.750000e+01  3.389777e+01
      vertex  3.182560e+01  5.750000e+01  3.380867e+01
    endloop
  endfacet
  facet normal  1.490429e-01  0.000000e+00 -9.888307e-01
    outer loop
      vertex  3.241676e+01  6.250000e+01  3.389777e+01
      vertex  3.182560e+01  5.750000e+01  3.380867e+01
      vertex  3.182560e+01  6.250000e+01  3.380867e+01
    endloop
  endfacet
  facet normal  2.947538e-01  0.000000e+00 -9.555732e-01
    outer loop
      vertex  3.182560e+01  6.250000e+01  3.380867e+01
      vertex  3.182560e+01  5.750000e+01  3.380867e+01
      vertex  3.125432e+01  5.750000e+01  3.363245e+01
    endloop
  endfacet
  facet normal  2.947538e-01  0.000000e+00 -9.555732e-01
    outer loop
      vertex  3.182560e+01  6.250000e+01  3.380867e+01
      vertex  3.125432e+01  5.750000e+01  3.363245e+01
      vertex  3.125432e+01  6.250000e+01  3.363245e+01
    endloop
  endfacet
  facet normal  4.338820e-01  0.000000e+00 -9.009697e-01
    outer loop
      vertex  3.125432e+01  6.250000e+01  3.363245e+01
      vertex  3.125432e+01  5.750000e+01  3.363245e+01
      vertex  3.071568e+01  5.750000e+01  3.337306e+01
    endloop
  endfacet
  facet normal  4.338820e-01  0.000000e+00 -9.009697e-01
    outer loop
      vertex  3.125432e+01  6.250000e+01  3.363245e+01
      vertex  3.071568e+01  5.750000e+01  3.337306e+01
      vertex  3.071568e+01  6.250000e+01  3.337306e+01
    endloop
  endfacet
  facet normal  5.633211e-01  0.000000e+00 -8.262381e-01
    outer loop
      vertex  3.071568e+01  6.250000e+01  3.337306e+01
      vertex  3.071568e+01  5.750000e+01  3.337306e+01
      vertex  3.022173e+01  5.750000e+01  3.303629e+01
    endloop
  endfacet
  facet normal  5.633211e-01  0.000000e+00 -8.262381e-01
    outer loop
      vertex  3.071568e+01  6.250000e+01  3.337306e+01
      vertex  3.022173e+01  5.750000e+01  3.303629e+01
      vertex  3.022173e+01  6.250000e+01  3.303629e+01
    endloop
  endfacet
  facet normal  6.801735e-01  0.000000e+00 -7.330512e-01
    outer loop
      vertex  3.022173e+01  6.250000e+01  3.303629e+01
      vertex  3.022173e+01  5.750000e+01  3.303629e+01
      vertex  2.978348e+01  5.750000e+01  3.262965e+01
    endloop
  endfacet
  facet normal  6.801735e-01  0.000000e+00 -7.330512e-01
    outer loop
      vertex  3.022173e+01  6.250000e+01  3.303629e+01
      vertex  2.978348e+01  5.750000e+01  3.262965e+01
      vertex  2.978348e+01  6.250000e+01  3.262965e+01
    endloop
  endfacet
  facet normal  7.818319e-01  0.000000e+00 -6.234894e-01
    outer loop
      vertex  2.978348e+01  6.250000e+01  3.262965e+01
      vertex  2.978348e+01  5.750000e+01  3.262965e+01
      vertex  2.941073e+01  5.750000e+01  3.216224e+01
    endloop
  endfacet
  facet normal  7.818319e-01  0.000000e+00 -6.234894e-01
    outer loop
      vertex  2.978348e+01  6.250000e+01  3.262965e+01
      vertex  2.941073e+01  5.750000e+01  3.216224e+01
      vertex  2.941073e+01  6.250000e+01  3.216224e+01
    endloop
  endfacet
  facet normal  8.660240e-01  0.000000e+00 -5.000024e-01
    outer loop
      vertex  2.941073e+01  6.250000e+01  3.216224e+01
      vertex  2.941073e+01  5.750000e+01  3.216224e+01
      vertex  2.911181e+01  5.750000e+01  3.164450e+01
    endloop
  endfacet
  facet normal  8.660240e-01  0.000000e+00 -5.000024e-01
    outer loop
      vertex  2.941073e+01  6.250000e+01  3.216224e+01
      vertex  2.911181e+01  5.750000e+01  3.164450e+01
      vertex  2.911181e+01  6.250000e+01  3.164450e+01
    endloop
  endfacet
  facet normal  9.308746e-01  0.000000e+00 -3.653386e-01
    outer loop
      vertex  2.911181e+01  6.250000e+01  3.164450e+01
      vertex  2.911181e+01  5.750000e+01  3.164450e+01
      vertex  2.889339e+01  5.750000e+01  3.108798e+01
    endloop
  endfacet
  facet normal  9.308746e-01  0.000000e+00 -3.653386e-01
    outer loop
      vertex  2.911181e+01  6.250000e+01  3.164450e+01
      vertex  2.889339e+01  5.750000e+01  3.108798e+01
      vertex  2.889339e+01  6.250000e+01  3.108798e+01
    endloop
  endfacet
  facet normal  9.749272e-01  0.000000e+00 -2.225237e-01
    outer loop
      vertex  2.889339e+01  6.250000e+01  3.108798e+01
      vertex  2.889339e+01  5.750000e+01  3.108798e+01
      vertex  2.876036e+01  5.750000e+01  3.050513e+01
    endloop
  endfacet
  facet normal  9.749272e-01  0.000000e+00 -2.225237e-01
    outer loop
      vertex  2.889339e+01  6.250000e+01  3.108798e+01
      vertex  2.876036e+01  5.750000e+01  3.050513e+01
      vertex  2.876036e+01  6.250000e+01  3.050513e+01
    endloop
  endfacet
  facet normal  9.972039e-01  0.000000e+00 -7.472872e-02
    outer loop
      vertex  2.876036e+01  6.250000e+01  3.050513e+01
      vertex  2.876036e+01  5.750000e+01  3.050513e+01
      vertex  2.871568e+01  5.750000e+01  2.990896e+01
    endloop
  endfacet
  facet normal  9.972039e-01  0.000000e+00 -7.472872e-02
    outer loop
      vertex  2.876036e+01  6.250000e+01  3.050513e+01
      vertex  2.871568e+01  5.750000e+01  2.990896e+01
      vertex  2.871568e+01  6.250000e+01  2.990896e+01
    endloop
  endfacet
  facet normal -1.490425e-01  -0.000000e+00 -9.888308e-01
    outer loop
      vertex  5.801461e+01  5.750000e+01  3.389777e+01
      vertex  5.860577e+01  6.250000e+01  3.380867e+01
      vertex  5.860577e+01  5.750000e+01  3.380867e+01
    endloop
  endfacet
  facet normal -2.947557e-01  0.000000e+00 -9.555727e-01
    outer loop
      vertex  5.860577e+01  5.750000e+01  3.380867e+01
      vertex  5.860577e+01  6.250000e+01  3.380867e+01
      vertex  5.917705e+01  6.250000e+01  3.363245e+01
    endloop
  endfacet
  facet normal -2.947557e-01  -0.000000e+00 -9.555727e-01
    outer loop
      vertex  5.860577e+01  5.750000e+01  3.380867e+01
      vertex  5.917705e+01  6.250000e+01  3.363245e+01
      vertex  5.917705e+01  5.750000e+01  3.363245e+01
    endloop
  endfacet
  facet normal -4.338820e-01  0.000000e+00 -9.009697e-01
    outer loop
      vertex  5.917705e+01  5.750000e+01  3.363245e+01
      vertex  5.917705e+01  6.250000e+01  3.363245e+01
      vertex  5.971568e+01  6.250000e+01  3.337306e+01
    endloop
  endfacet
  facet normal -4.338820e-01  -0.000000e+00 -9.009697e-01
    outer loop
      vertex  5.917705e+01  5.750000e+01  3.363245e+01
      vertex  5.971568e+01  6.250000e+01  3.337306e+01
      vertex  5.971568e+01  5.750000e+01  3.337306e+01
    endloop
  endfacet
  facet normal -5.633196e-01  0.000000e+00 -8.262390e-01
    outer loop
      vertex  5.971568e+01  5.750000e+01  3.337306e+01
      vertex  5.971568e+01  6.250000e+01  3.337306e+01
      vertex  6.020964e+01  6.250000e+01  3.303629e+01
    endloop
  endfacet
  facet normal -5.633196e-01  -0.000000e+00 -8.262390e-01
    outer loop
      vertex  5.971568e+01  5.750000e+01  3.337306e+01
      vertex  6.020964e+01  6.250000e+01  3.303629e+01
      vertex  6.020964e+01  5.750000e+01  3.303629e+01
    endloop
  endfacet
  facet normal -6.801735e-01  0.000000e+00 -7.330512e-01
    outer loop
      vertex  6.020964e+01  5.750000e+01  3.303629e+01
      vertex  6.020964e+01  6.250000e+01  3.303629e+01
      vertex  6.064789e+01  6.250000e+01  3.262965e+01
    endloop
  endfacet
  facet normal -6.801735e-01  -0.000000e+00 -7.330512e-01
    outer loop
      vertex  6.020964e+01  5.750000e+01  3.303629e+01
      vertex  6.064789e+01  6.250000e+01  3.262965e+01
      vertex  6.064789e+01  5.750000e+01  3.262965e+01
    endloop
  endfacet
  facet normal -7.818303e-01  0.000000e+00 -6.234913e-01
    outer loop
      vertex  6.064789e+01  5.750000e+01  3.262965e+01
      vertex  6.064789e+01  6.250000e+01  3.262965e+01
      vertex  6.102064e+01  6.250000e+01  3.216224e+01
    endloop
  endfacet
  facet normal -7.818303e-01  -0.000000e+00 -6.234913e-01
    outer loop
      vertex  6.064789e+01  5.750000e+01  3.262965e+01
      vertex  6.102064e+01  6.250000e+01  3.216224e+01
      vertex  6.102064e+01  5.750000e+01  3.216224e+01
    endloop
  endfacet
  facet normal -8.660254e-01  0.000000e+00 -5.000000e-01
    outer loop
      vertex  6.102064e+01  5.750000e+01  3.216224e+01
      vertex  6.102064e+01  6.250000e+01  3.216224e+01
      vertex  6.131956e+01  6.250000e+01  3.164450e+01
    endloop
  endfacet
  facet normal -8.660254e-01  -0.000000e+00 -5.000000e-01
    outer loop
      vertex  6.102064e+01  5.750000e+01  3.216224e+01
      vertex  6.131956e+01  6.250000e+01  3.164450e+01
      vertex  6.131956e+01  5.750000e+01  3.164450e+01
    endloop
  endfacet
  facet normal -9.308746e-01  0.000000e+00 -3.653386e-01
    outer loop
      vertex  6.131956e+01  5.750000e+01  3.164450e+01
      vertex  6.131956e+01  6.250000e+01  3.164450e+01
      vertex  6.153798e+01  6.250000e+01  3.108798e+01
    endloop
  endfacet
  facet normal -9.308746e-01  -0.000000e+00 -3.653386e-01
    outer loop
      vertex  6.131956e+01  5.750000e+01  3.164450e+01
      vertex  6.153798e+01  6.250000e+01  3.108798e+01
      vertex  6.153798e+01  5.750000e+01  3.108798e+01
    endloop
  endfacet
  facet normal -9.749272e-01  0.000000e+00 -2.225237e-01
    outer loop
      vertex  6.153798e+01  5.750000e+01  3.108798e+01
      vertex  6.153798e+01  6.250000e+01  3.108798e+01
      vertex  6.167101e+01  6.250000e+01  3.050513e+01
    endloop
  endfacet
  facet normal -9.749272e-01  -0.000000e+00 -2.225237e-01
    outer loop
      vertex  6.153798e+01  5.750000e+01  3.108798e+01
      vertex  6.167101e+01  6.250000e+01  3.050513e+01
      vertex  6.167101e+01  5.750000e+01  3.050513e+01
    endloop
  endfacet
  facet normal -9.972041e-01  0.000000e+00 -7.472554e-02
    outer loop
      vertex  6.167101e+01  5.750000e+01  3.050513e+01
      vertex  6.167101e+01  6.250000e+01  3.050513e+01
      vertex  6.171568e+01  6.250000e+01  2.990896e+01
    endloop
  endfacet
  facet normal -9.972041e-01  -0.000000e+00 -7.472554e-02
    outer loop
      vertex  6.167101e+01  5.750000e+01  3.050513e+01
      vertex  6.171568e+01  6.250000e+01  2.990896e+01
      vertex  6.171568e+01  5.750000e+01  2.990896e+01
    endloop
  endfacet
  facet normal -1.490425e-01  0.000000e+00 -9.888308e-01
    outer loop
      vertex  5.860577e+01  6.250000e+01  3.380867e+01
      vertex  5.801461e+01  5.750000e+01  3.389777e+01
      vertex  5.801461e+01  6.250000e+01  3.389777e+01
    endloop
  endfacet
  facet normal  0.000000e+00  -0.000000e+00 -1.000000e+00
    outer loop
      vertex  5.801461e+01  6.250000e+01  3.389777e+01
      vertex  5.801461e+01  5.750000e+01  3.389777e+01
      vertex  5.741676e+01  5.750000e+01  3.389777e+01
    endloop
  endfacet
  facet normal  0.000000e+00  0.000000e+00 -1.000000e+00
    outer loop
      vertex  5.801461e+01  6.250000e+01  3.389777e+01
      vertex  5.741676e+01  5.750000e+01  3.389777e+01
      vertex  5.741676e+01  6.250000e+01  3.389777e+01
    endloop
  endfacet
  facet normal  1.490425e-01  0.000000e+00 -9.888308e-01
    outer loop
      vertex  5.741676e+01  6.250000e+01  3.389777e+01
      vertex  5.741676e+01  5.750000e+01  3.389777e+01
      vertex  5.682560e+01  5.750000e+01  3.380867e+01
    endloop
  endfacet
  facet normal  1.490425e-01  0.000000e+00 -9.888308e-01
    outer loop
      vertex  5.741676e+01  6.250000e+01  3.389777e+01
      vertex  5.682560e+01  5.750000e+01  3.380867e+01
      vertex  5.682560e+01  6.250000e+01  3.380867e+01
    endloop
  endfacet
  facet normal  2.947557e-01  0.000000e+00 -9.555727e-01
    outer loop
      vertex  5.682560e+01  6.250000e+01  3.380867e+01
      vertex  5.682560e+01  5.750000e+01  3.380867e+01
      vertex  5.625432e+01  5.750000e+01  3.363245e+01
    endloop
  endfacet
  facet normal  2.947557e-01  0.000000e+00 -9.555727e-01
    outer loop
      vertex  5.682560e+01  6.250000e+01  3.380867e+01
      vertex  5.625432e+01  5.750000e+01  3.363245e+01
      vertex  5.625432e+01  6.250000e+01  3.363245e+01
    endloop
  endfacet
  facet normal  4.338795e-01  0.000000e+00 -9.009708e-01
    outer loop
      vertex  5.625432e+01  6.250000e+01  3.363245e+01
      vertex  5.625432e+01  5.750000e+01  3.363245e+01
      vertex  5.571568e+01  5.750000e+01  3.337306e+01
    endloop
  endfacet
  facet normal  4.338795e-01  0.000000e+00 -9.009708e-01
    outer loop
      vertex  5.625432e+01  6.250000e+01  3.363245e+01
      vertex  5.571568e+01  5.750000e+01  3.337306e+01
      vertex  5.571568e+01  6.250000e+01  3.337306e+01
    endloop
  endfacet
  facet normal  5.633226e-01  0.000000e+00 -8.262371e-01
    outer loop
      vertex  5.571568e+01  6.250000e+01  3.337306e+01
      vertex  5.571568e+01  5.750000e+01  3.337306e+01
      vertex  5.522173e+01  5.750000e+01  3.303629e+01
    endloop
  endfacet
  facet normal  5.633226e-01  0.000000e+00 -8.262371e-01
    outer loop
      vertex  5.571568e+01  6.250000e+01  3.337306e+01
      vertex  5.522173e+01  5.750000e+01  3.303629e+01
      vertex  5.522173e+01  6.250000e+01  3.303629e+01
    endloop
  endfacet
  facet normal  6.801735e-01  0.000000e+00 -7.330512e-01
    outer loop
      vertex  5.522173e+01  6.250000e+01  3.303629e+01
      vertex  5.522173e+01  5.750000e+01  3.303629e+01
      vertex  5.478348e+01  5.750000e+01  3.262965e+01
    endloop
  endfacet
  facet normal  6.801735e-01  0.000000e+00 -7.330512e-01
    outer loop
      vertex  5.522173e+01  6.250000e+01  3.303629e+01
      vertex  5.478348e+01  5.750000e+01  3.262965e+01
      vertex  5.478348e+01  6.250000e+01  3.262965e+01
    endloop
  endfacet
  facet normal  7.818303e-01  0.000000e+00 -6.234913e-01
    outer loop
      vertex  5.478348e+01  6.250000e+01  3.262965e+01
      vertex  5.478348e+01  5.750000e+01  3.262965e+01
      vertex  5.441073e+01  5.750000e+01  3.216224e+01
    endloop
  endfacet
  facet normal  7.818303e-01  0.000000e+00 -6.234913e-01
    outer loop
      vertex  5.478348e+01  6.250000e+01  3.262965e+01
      vertex  5.441073e+01  5.750000e+01  3.216224e+01
      vertex  5.441073e+01  6.250000e+01  3.216224e+01
    endloop
  endfacet
  facet normal  8.660254e-01  0.000000e+00 -5.000000e-01
    outer loop
      vertex  5.441073e+01  6.250000e+01  3.216224e+01
      vertex  5.441073e+01  5.750000e+01  3.216224e+01
      vertex  5.411181e+01  5.750000e+01  3.164450e+01
    endloop
  endfacet
  facet normal  8.660254e-01  0.000000e+00 -5.000000e-01
    outer loop
      vertex  5.441073e+01  6.250000e+01  3.216224e+01
      vertex  5.411181e+01  5.750000e+01  3.164450e+01
      vertex  5.411181e+01  6.250000e+01  3.164450e+01
    endloop
  endfacet
  facet normal  9.308746e-01  0.000000e+00 -3.653386e-01
    outer loop
      vertex  5.411181e+01  6.250000e+01  3.164450e+01
      vertex  5.411181e+01  5.750000e+01  3.164450e+01
      vertex  5.389339e+01  5.750000e+01  3.108798e+01
    endloop
  endfacet
  facet normal  9.308746e-01  0.000000e+00 -3.653386e-01
    outer loop
      vertex  5.411181e+01  6.250000e+01  3.164450e+01
      vertex  5.389339e+01  5.750000e+01  3.108798e+01
      vertex  5.389339e+01  6.250000e+01  3.108798e+01
    endloop
  endfacet
  facet normal  9.749272e-01  0.000000e+00 -2.225237e-01
    outer loop
      vertex  5.389339e+01  6.250000e+01  3.108798e+01
      vertex  5.389339e+01  5.750000e+01  3.108798e+01
      vertex  5.376036e+01  5.750000e+01  3.050513e+01
    endloop
  endfacet
  facet normal  9.749272e-01  0.000000e+00 -2.225237e-01
    outer loop
      vertex  5.389339e+01  6.250000e+01  3.108798e+01
      vertex  5.376036e+01  5.750000e+01  3.050513e+01
      vertex  5.376036e+01  6.250000e+01  3.050513e+01
    endloop
  endfacet
  facet normal  9.972036e-01  0.000000e+00 -7.473189e-02
    outer loop
      vertex  5.376036e+01  6.250000e+01  3.050513e+01
      vertex  5.376036e+01  5.750000e+01  3.050513e+01
      vertex  5.371568e+01  5.750000e+01  2.990896e+01
    endloop
  endfacet
  facet normal  9.972036e-01  0.000000e+00 -7.473189e-02
    outer loop
      vertex  5.376036e+01  6.250000e+01  3.050513e+01
      vertex  5.371568e+01  5.750000e+01  2.990896e+01
      vertex  5.371568e+01  6.250000e+01  2.990896e+01
    endloop
  endfacet
  facet normal  1.490425e-01  0.000000e+00  9.888308e-01
    outer loop
      vertex  5.741676e+01  5.750000e+01  2.592015e+01
      vertex  5.682560e+01  6.250000e+01  2.600925e+01
      vertex  5.682560e+01  5.750000e+01  2.600925e+01
    endloop
  endfacet
  facet normal  2.947557e-01  -0.000000e+00  9.555727e-01
    outer loop
      vertex  5.682560e+01  5.750000e+01  2.600925e+01
      vertex  5.682560e+01  6.250000e+01  2.600925e+01
      vertex  5.625432e+01  6.250000e+01  2.618546e+01
    endloop
  endfacet
  facet normal  2.947557e-01  0.000000e+00  9.555727e-01
    outer loop
      vertex  5.682560e+01  5.750000e+01  2.600925e+01
      vertex  5.625432e+01  6.250000e+01  2.618546e+01
      vertex  5.625432e+01  5.750000e+01  2.618546e+01
    endloop
  endfacet
  facet normal  4.338821e-01  -0.000000e+00  9.009696e-01
    outer loop
      vertex  5.625432e+01  5.750000e+01  2.618546e+01
      vertex  5.625432e+01  6.250000e+01  2.618546e+01
      vertex  5.571568e+01  6.250000e+01  2.644486e+01
    endloop
  endfacet
  facet normal  4.338821e-01  0.000000e+00  9.009696e-01
    outer loop
      vertex  5.625432e+01  5.750000e+01  2.618546e+01
      vertex  5.571568e+01  6.250000e+01  2.644486e+01
      vertex  5.571568e+01  5.750000e+01  2.644486e+01
    endloop
  endfacet
  facet normal  5.633226e-01  -0.000000e+00  8.262371e-01
    outer loop
      vertex  5.571568e+01  5.750000e+01  2.644486e+01
      vertex  5.571568e+01  6.250000e+01  2.644486e+01
      vertex  5.522173e+01  6.250000e+01  2.678164e+01
    endloop
  endfacet
  facet normal  5.633226e-01  0.000000e+00  8.262371e-01
    outer loop
      vertex  5.571568e+01  5.750000e+01  2.644486e+01
      vertex  5.522173e+01  6.250000e+01  2.678164e+01
      vertex  5.522173e+01  5.750000e+01  2.678164e+01
    endloop
  endfacet
  facet normal  6.801718e-01  -0.000000e+00  7.330527e-01
    outer loop
      vertex  5.522173e+01  5.750000e+01  2.678164e+01
      vertex  5.522173e+01  6.250000e+01  2.678164e+01
      vertex  5.478348e+01  6.250000e+01  2.718827e+01
    endloop
  endfacet
  facet normal  6.801718e-01  0.000000e+00  7.330527e-01
    outer loop
      vertex  5.522173e+01  5.750000e+01  2.678164e+01
      vertex  5.478348e+01  6.250000e+01  2.718827e+01
      vertex  5.478348e+01  5.750000e+01  2.718827e+01
    endloop
  endfacet
  facet normal  7.818303e-01  -0.000000e+00  6.234913e-01
    outer loop
      vertex  5.478348e+01  5.750000e+01  2.718827e+01
      vertex  5.478348e+01  6.250000e+01  2.718827e+01
      vertex  5.441073e+01  6.250000e+01  2.765568e+01
    endloop
  endfacet
  facet normal  7.818303e-01  0.000000e+00  6.234913e-01
    outer loop
      vertex  5.478348e+01  5.750000e+01  2.718827e+01
      vertex  5.441073e+01  6.250000e+01  2.765568e+01
      vertex  5.441073e+01  5.750000e+01  2.765568e+01
    endloop
  endfacet
  facet normal  8.660262e-01  -0.000000e+00  4.999986e-01
    outer loop
      vertex  5.441073e+01  5.750000e+01  2.765568e+01
      vertex  5.441073e+01  6.250000e+01  2.765568e+01
      vertex  5.411181e+01  6.250000e+01  2.817343e+01
    endloop
  endfacet
  facet normal  8.660262e-01  0.000000e+00  4.999986e-01
    outer loop
      vertex  5.441073e+01  5.750000e+01  2.765568e+01
      vertex  5.411181e+01  6.250000e+01  2.817343e+01
      vertex  5.411181e+01  5.750000e+01  2.817343e+01
    endloop
  endfacet
  facet normal  9.308746e-01  -0.000000e+00  3.653386e-01
    outer loop
      vertex  5.411181e+01  5.750000e+01  2.817343e+01
      vertex  5.411181e+01  6.250000e+01  2.817343e+01
      vertex  5.389339e+01  6.250000e+01  2.872994e+01
    endloop
  endfacet
  facet normal  9.308746e-01  0.000000e+00  3.653386e-01
    outer loop
      vertex  5.411181e+01  5.750000e+01  2.817343e+01
      vertex  5.389339e+01  6.250000e+01  2.872994e+01
      vertex  5.389339e+01  5.750000e+01  2.872994e+01
    endloop
  endfacet
  facet normal  9.749272e-01  -0.000000e+00  2.225237e-01
    outer loop
      vertex  5.389339e+01  5.750000e+01  2.872994e+01
      vertex  5.389339e+01  6.250000e+01  2.872994e+01
      vertex  5.376036e+01  6.250000e+01  2.931279e+01
    endloop
  endfacet
  facet normal  9.749272e-01  0.000000e+00  2.225237e-01
    outer loop
      vertex  5.389339e+01  5.750000e+01  2.872994e+01
      vertex  5.376036e+01  6.250000e+01  2.931279e+01
      vertex  5.376036e+01  5.750000e+01  2.931279e+01
    endloop
  endfacet
  facet normal  9.972036e-01  -0.000000e+00  7.473189e-02
    outer loop
      vertex  5.376036e+01  5.750000e+01  2.931279e+01
      vertex  5.376036e+01  6.250000e+01  2.931279e+01
      vertex  5.371568e+01  6.250000e+01  2.990896e+01
    endloop
  endfacet
  facet normal  9.972036e-01  0.000000e+00  7.473189e-02
    outer loop
      vertex  5.376036e+01  5.750000e+01  2.931279e+01
      vertex  5.371568e+01  6.250000e+01  2.990896e+01
      vertex  5.371568e+01  5.750000e+01  2.990896e+01
    endloop
  endfacet
  facet normal  1.490425e-01  -0.000000e+00  9.888308e-01
    outer loop
      vertex  5.682560e+01  6.250000e+01  2.600925e+01
      vertex  5.741676e+01  5.750000e+01  2.592015e+01
      vertex  5.741676e+01  6.250000e+01  2.592015e+01
    endloop
  endfacet
  facet normal  0.000000e+00  0.000000e+00  1.000000e+00
    outer loop
      vertex  5.741676e+01  6.250000e+01  2.592015e+01
      vertex  5.741676e+01  5.750000e+01  2.592015e+01
      vertex  5.801461e+01  5.750000e+01  2.592015e+01
    endloop
  endfacet
  facet normal  0.000000e+00  -0.000000e+00  1.000000e+00
    outer loop
      vertex  5.741676e+01  6.250000e+01  2.592015e+01
      vertex  5.801461e+01  5.750000e+01  2.592015e+01
      vertex  5.801461e+01  6.250000e+01  2.592015e+01
    endloop
  endfacet
  facet normal -1.490425e-01  0.000000e+00  9.888308e-01
    outer loop
      vertex  5.801461e+01  6.250000e+01  2.592015e+01
      vertex  5.801461e+01  5.750000e+01  2.592015e+01
      vertex  5.860577e+01  5.750000e+01  2.600925e+01
    endloop
  endfacet
  facet normal -1.490425e-01  0.000000e+00  9.888308e-01
    outer loop
      vertex  5.801461e+01  6.250000e+01  2.592015e+01
      vertex  5.860577e+01  5.750000e+01  2.600925e+01
      vertex  5.860577e+01  6.250000e+01  2.600925e+01
    endloop
  endfacet
  facet normal -2.947557e-01  0.000000e+00  9.555727e-01
    outer loop
      vertex  5.860577e+01  6.250000e+01  2.600925e+01
      vertex  5.860577e+01  5.750000e+01  2.600925e+01
      vertex  5.917705e+01  5.750000e+01  2.618546e+01
    endloop
  endfacet
  facet normal -2.947557e-01  0.000000e+00  9.555727e-01
    outer loop
      vertex  5.860577e+01  6.250000e+01  2.600925e+01
      vertex  5.917705e+01  5.750000e+01  2.618546e+01
      vertex  5.917705e+01  6.250000e+01  2.618546e+01
    endloop
  endfacet
  facet normal -4.338846e-01  0.000000e+00  9.009685e-01
    outer loop
      vertex  5.917705e+01  6.250000e+01  2.618546e+01
      vertex  5.917705e+01  5.750000e+01  2.618546e+01
      vertex  5.971568e+01  5.750000e+01  2.644486e+01
    endloop
  endfacet
  facet normal -4.338846e-01  0.000000e+00  9.009685e-01
    outer loop
      vertex  5.917705e+01  6.250000e+01  2.618546e+01
      vertex  5.971568e+01  5.750000e+01  2.644486e+01
      vertex  5.971568e+01  6.250000e+01  2.644486e+01
    endloop
  endfacet
  facet normal -5.633196e-01  0.000000e+00  8.262390e-01
    outer loop
      vertex  5.971568e+01  6.250000e+01  2.644486e+01
      vertex  5.971568e+01  5.750000e+01  2.644486e+01
      vertex  6.020964e+01  5.750000e+01  2.678164e+01
    endloop
  endfacet
  facet normal -5.633196e-01  0.000000e+00  8.262390e-01
    outer loop
      vertex  5.971568e+01  6.250000e+01  2.644486e+01
      vertex  6.020964e+01  5.750000e+01  2.678164e+01
      vertex  6.020964e+01  6.250000e+01  2.678164e+01
    endloop
  endfacet
  facet normal -6.801718e-01  0.000000e+00  7.330527e-01
    outer loop
      vertex  6.020964e+01  6.250000e+01  2.678164e+01
      vertex  6.020964e+01  5.750000e+01  2.678164e+01
      vertex  6.064789e+01  5.750000e+01  2.718827e+01
    endloop
  endfacet
  facet normal -6.801718e-01  0.000000e+00  7.330527e-01
    outer loop
      vertex  6.020964e+01  6.250000e+01  2.678164e+01
      vertex  6.064789e+01  5.750000e+01  2.718827e+01
      vertex  6.064789e+01  6.250000e+01  2.718827e+01
    endloop
  endfacet
  facet normal -7.818303e-01  0.000000e+00  6.234913e-01
    outer loop
      vertex  6.064789e+01  6.250000e+01  2.718827e+01
      vertex  6.064789e+01  5.750000e+01  2.718827e+01
      vertex  6.102064e+01  5.750000e+01  2.765568e+01
    endloop
  endfacet
  facet normal -7.818303e-01  0.000000e+00  6.234913e-01
    outer loop
      vertex  6.064789e+01  6.250000e+01  2.718827e+01
      vertex  6.102064e+01  5.750000e+01  2.765568e+01
      vertex  6.102064e+01  6.250000e+01  2.765568e+01
    endloop
  endfacet
  facet normal -8.660262e-01  0.000000e+00  4.999986e-01
    outer loop
      vertex  6.102064e+01  6.250000e+01  2.765568e+01
      vertex  6.102064e+01  5.750000e+01  2.765568e+01
      vertex  6.131956e+01  5.750000e+01  2.817343e+01
    endloop
  endfacet
  facet normal -8.660262e-01  0.000000e+00  4.999986e-01
    outer loop
      vertex  6.102064e+01  6.250000e+01  2.765568e+01
      vertex  6.131956e+01  5.750000e+01  2.817343e+01
      vertex  6.131956e+01  6.250000e+01  2.817343e+01
    endloop
  endfacet
  facet normal -9.308746e-01  0.000000e+00  3.653386e-01
    outer loop
      vertex  6.131956e+01  6.250000e+01  2.817343e+01
      vertex  6.131956e+01  5.750000e+01  2.817343e+01
      vertex  6.153798e+01  5.750000e+01  2.872994e+01
    endloop
  endfacet
  facet normal -9.308746e-01  0.000000e+00  3.653386e-01
    outer loop
      vertex  6.131956e+01  6.250000e+01  2.817343e+01
      vertex  6.153798e+01  5.750000e+01  2.872994e+01
      vertex  6.153798e+01  6.250000e+01  2.872994e+01
    endloop
  endfacet
  facet normal -9.749272e-01  0.000000e+00  2.225237e-01
    outer loop
      vertex  6.153798e+01  6.250000e+01  2.872994e+01
      vertex  6.153798e+01  5.750000e+01  2.872994e+01
      vertex  6.167101e+01  5.750000e+01  2.931279e+01
    endloop
  endfacet
  facet normal -9.749272e-01  0.000000e+00  2.225237e-01
    outer loop
      vertex  6.153798e+01  6.250000e+01  2.872994e+01
      vertex  6.167101e+01  5.750000e+01  2.931279e+01
      vertex  6.167101e+01  6.250000e+01  2.931279e+01
    endloop
  endfacet
  facet normal -9.972041e-01  0.000000e+00  7.472554e-02
    outer loop
      vertex  6.167101e+01  6.250000e+01  2.931279e+01
      vertex  6.167101e+01  5.750000e+01  2.931279e+01
      vertex  6.171568e+01  5.750000e+01  2.990896e+01
    endloop
  endfacet
  facet normal -9.972041e-01  0.000000e+00  7.472554e-02
    outer loop
      vertex  6.167101e+01  6.250000e+01  2.931279e+01
      vertex  6.171568e+01  5.750000e+01  2.990896e+01
      vertex  6.171568e+01  6.250000e+01  2.990896e+01
    endloop
  endfacet
  facet normal  -0.000000e+00  0.000000e+00 -1.000000e+00
    outer loop
      vertex -7.466499e+01  3.626110e+01  0.000000e+00
      vertex -7.420721e+01 -3.555434e+01  0.000000e+00
      vertex -7.463079e+01 -3.588403e+01  0.000000e+00
    endloop
  endfacet
  facet normal  -0.000000e+00  0.000000e+00 -1.000000e+00
    outer loop
      vertex -7.216124e+01 -4.151403e+01  0.000000e+00
      vertex  6.992609e+01 -4.174473e+01  0.000000e+00
      vertex  6.979433e+01 -4.226507e+01  0.000000e+00
    endloop
  endfacet
  facet normal  4.390269e-18  8.298162e-16 -1.000000e+00
    outer loop
      vertex -7.216124e+01 -4.151403e+01  0.000000e+00
      vertex  6.979433e+01 -4.226507e+01  0.000000e+00
      vertex  6.975000e+01 -4.280000e+01 -4.440892e-16
    endloop
  endfacet
  facet normal  0.000000e+00  0.000000e+00 -1.000000e+00
    outer loop
      vertex  7.273162e+01 -3.956110e+01  0.000000e+00
      vertex -6.922395e+01 -3.881006e+01  0.000000e+00
      vertex -6.917963e+01 -3.827513e+01  0.000000e+00
    endloop
  endfacet
  facet normal  0.000000e+00  0.000000e+00 -9.999999e-01
    outer loop
      vertex  7.079884e+01 -4.040890e+01  0.000000e+00
      vertex -6.986491e+01 -4.027132e+01  0.000000e+00
      vertex  7.122242e+01 -4.007921e+01  0.000000e+00
    endloop
  endfacet
  facet normal  0.000000e+00  0.000000e+00 -1.000000e+00
    outer loop
      vertex -7.412823e+01  3.626110e+01  0.000000e+00
      vertex -7.216124e+01 -3.503623e+01  0.000000e+00
      vertex -7.269801e+01 -3.503623e+01  0.000000e+00
    endloop
  endfacet
  facet normal  -0.000000e+00  0.000000e+00 -1.000000e+00
    outer loop
      vertex -7.412823e+01  3.626110e+01  0.000000e+00
      vertex -7.269801e+01 -3.503623e+01  0.000000e+00
      vertex -7.322746e+01 -3.512458e+01  0.000000e+00
    endloop
  endfacet
  facet normal  -0.000000e+00  0.000000e+00 -9.999999e-01
    outer loop
      vertex -7.412823e+01  3.626110e+01  0.000000e+00
      vertex -7.322746e+01 -3.512458e+01  0.000000e+00
      vertex -7.373514e+01 -3.529887e+01  0.000000e+00
    endloop
  endfacet
  facet normal  -0.000000e+00  0.000000e+00 -1.000000e+00
    outer loop
      vertex -7.412823e+01  3.626110e+01  0.000000e+00
      vertex -7.373514e+01 -3.529887e+01  0.000000e+00
      vertex -7.420721e+01 -3.555434e+01  0.000000e+00
    endloop
  endfacet
  facet normal  0.000000e+00  0.000000e+00 -1.000000e+00
    outer loop
      vertex -7.412823e+01  3.626110e+01  0.000000e+00
      vertex -7.420721e+01 -3.555434e+01  0.000000e+00
      vertex -7.466499e+01  3.626110e+01  0.000000e+00
    endloop
  endfacet
  facet normal  1.062546e-14 -1.710653e-15 -1.000000e+00
    outer loop
      vertex -9.250000e+01 -5.250000e+01  0.000000e+00
      vertex -7.760228e+01  4.003493e+01  0.000000e+00
      vertex -7.764661e+01  3.950000e+01  4.440892e-16
    endloop
  endfacet
  facet normal -3.378242e-15  5.502439e-16 -1.000000e+00
    outer loop
      vertex -9.250000e+01 -5.250000e+01  0.000000e+00
      vertex -7.764661e+01  3.950000e+01  4.440892e-16
      vertex -7.760228e+01  3.896507e+01  0.000000e+00
    endloop
  endfacet
  facet normal  0.000000e+00  -0.000000e+00 -1.000000e+00
    outer loop
      vertex -9.250000e+01 -5.250000e+01  0.000000e+00
      vertex -7.760228e+01  3.896507e+01  0.000000e+00
      vertex -7.747051e+01  3.844473e+01  0.000000e+00
    endloop
  endfacet
  facet normal  0.000000e+00  -0.000000e+00 -9.999999e-01
    outer loop
      vertex -9.250000e+01 -5.250000e+01  0.000000e+00
      vertex -7.747051e+01  3.844473e+01  0.000000e+00
      vertex -7.725490e+01  3.795317e+01  0.000000e+00
    endloop
  endfacet
  facet normal  0.000000e+00  -0.000000e+00 -1.000000e+00
    outer loop
      vertex -9.250000e+01 -5.250000e+01  0.000000e+00
      vertex -7.725490e+01  3.795317e+01  0.000000e+00
      vertex -7.696131e+01  3.750381e+01  0.000000e+00
    endloop
  endfacet
  facet normal  0.000000e+00  -0.000000e+00 -1.000000e+00
    outer loop
      vertex -9.250000e+01 -5.250000e+01  0.000000e+00
      vertex -7.696131e+01  3.750381e+01  0.000000e+00
      vertex -7.659777e+01  3.710890e+01  0.000000e+00
    endloop
  endfacet
  facet normal  0.000000e+00  -0.000000e+00 -1.000000e+00
    outer loop
      vertex -9.250000e+01 -5.250000e+01  0.000000e+00
      vertex -7.659777e+01  3.710890e+01  0.000000e+00
      vertex -7.617419e+01  3.677921e+01  0.000000e+00
    endloop
  endfacet
  facet normal  0.000000e+00  -0.000000e+00 -1.000000e+00
    outer loop
      vertex -9.250000e+01 -5.250000e+01  0.000000e+00
      vertex -7.617419e+01  3.677921e+01  0.000000e+00
      vertex -7.570212e+01  3.652374e+01  0.000000e+00
    endloop
  endfacet
  facet normal  0.000000e+00  -0.000000e+00 -9.999999e-01
    outer loop
      vertex -9.250000e+01 -5.250000e+01  0.000000e+00
      vertex -7.570212e+01  3.652374e+01  0.000000e+00
      vertex -7.519444e+01  3.634945e+01  0.000000e+00
    endloop
  endfacet
  facet normal  0.000000e+00  -0.000000e+00 -1.000000e+00
    outer loop
      vertex -9.250000e+01 -5.250000e+01  0.000000e+00
      vertex -7.519444e+01  3.634945e+01  0.000000e+00
      vertex -7.466499e+01  3.626110e+01  0.000000e+00
    endloop
  endfacet
  facet normal  0.000000e+00  -0.000000e+00 -1.000000e+00
    outer loop
      vertex -9.250000e+01 -5.250000e+01  0.000000e+00
      vertex -7.466499e+01  3.626110e+01  0.000000e+00
      vertex -7.463079e+01 -3.588403e+01  0.000000e+00
    endloop
  endfacet
  facet normal  0.000000e+00  0.000000e+00 -1.000000e+00
    outer loop
      vertex -9.250000e+01 -5.250000e+01  0.000000e+00
      vertex -7.463079e+01 -3.588403e+01  0.000000e+00
      vertex -7.499433e+01 -3.627894e+01  0.000000e+00
    endloop
  endfacet
  facet normal  0.000000e+00  0.000000e+00 -1.000000e+00
    outer loop
      vertex -9.250000e+01 -5.250000e+01  0.000000e+00
      vertex -7.499433e+01 -3.627894e+01  0.000000e+00
      vertex -7.528791e+01 -3.672830e+01  0.000000e+00
    endloop
  endfacet
  facet normal  0.000000e+00  0.000000e+00 -1.000000e+00
    outer loop
      vertex -9.250000e+01 -5.250000e+01  0.000000e+00
      vertex -7.528791e+01 -3.672830e+01  0.000000e+00
      vertex -7.550353e+01 -3.721986e+01  0.000000e+00
    endloop
  endfacet
  facet normal  0.000000e+00  0.000000e+00 -1.000000e+00
    outer loop
      vertex -9.250000e+01 -5.250000e+01  0.000000e+00
      vertex -7.550353e+01 -3.721986e+01  0.000000e+00
      vertex -7.563530e+01 -3.774020e+01  0.000000e+00
    endloop
  endfacet
  facet normal -7.833766e-16  8.950942e-16 -1.000000e+00
    outer loop
      vertex -9.250000e+01 -5.250000e+01  0.000000e+00
      vertex -7.563530e+01 -3.774020e+01  0.000000e+00
      vertex -7.567963e+01 -3.827513e+01 -4.440892e-16
    endloop
  endfacet
  facet normal  6.314264e-16 -7.778572e-16 -1.000000e+00
    outer loop
      vertex -9.250000e+01 -5.250000e+01  0.000000e+00
      vertex -7.567963e+01 -3.827513e+01 -4.440892e-16
      vertex -7.563530e+01 -3.881006e+01  0.000000e+00
    endloop
  endfacet
  facet normal  0.000000e+00  -0.000000e+00 -1.000000e+00
    outer loop
      vertex -9.250000e+01 -5.250000e+01  0.000000e+00
      vertex -7.563530e+01 -3.881006e+01  0.000000e+00
      vertex -7.550353e+01 -3.933040e+01  0.000000e+00
    endloop
  endfacet
  facet normal  0.000000e+00  -0.000000e+00 -1.000000e+00
    outer loop
      vertex -9.250000e+01 -5.250000e+01  0.000000e+00
      vertex -7.550353e+01 -3.933040e+01  0.000000e+00
      vertex -7.528791e+01 -3.982196e+01  0.000000e+00
    endloop
  endfacet
  facet normal  0.000000e+00  -0.000000e+00 -1.000000e+00
    outer loop
      vertex -9.250000e+01 -5.250000e+01  0.000000e+00
      vertex -7.528791e+01 -3.982196e+01  0.000000e+00
      vertex -7.499433e+01 -4.027132e+01  0.000000e+00
    endloop
  endfacet
  facet normal  0.000000e+00  -0.000000e+00 -9.999999e-01
    outer loop
      vertex -9.250000e+01 -5.250000e+01  0.000000e+00
      vertex -7.499433e+01 -4.027132e+01  0.000000e+00
      vertex -7.463079e+01 -4.066623e+01  0.000000e+00
    endloop
  endfacet
  facet normal  0.000000e+00  -0.000000e+00 -1.000000e+00
    outer loop
      vertex -9.250000e+01 -5.250000e+01  0.000000e+00
      vertex -7.463079e+01 -4.066623e+01  0.000000e+00
      vertex -7.420721e+01 -4.099592e+01  0.000000e+00
    endloop
  endfacet
  facet normal  0.000000e+00  0.000000e+00 -1.000000e+00
    outer loop
      vertex -9.250000e+01 -5.250000e+01  0.000000e+00
      vertex -7.420721e+01 -4.099592e+01  0.000000e+00
      vertex -8.250000e+01 -6.250000e+01  0.000000e+00
    endloop
  endfacet
  facet normal  0.000000e+00  0.000000e+00 -1.000000e+00
    outer loop
      vertex -9.250000e+01 -5.250000e+01  0.000000e+00
      vertex -8.250000e+01 -6.250000e+01  0.000000e+00
      vertex -8.342268e+01 -6.245734e+01  0.000000e+00
    endloop
  endfacet
  facet normal  0.000000e+00  0.000000e+00 -1.000000e+00
    outer loop
      vertex -9.250000e+01 -5.250000e+01  0.000000e+00
      vertex -8.342268e+01 -6.245734e+01  0.000000e+00
      vertex -8.433749e+01 -6.232973e+01  0.000000e+00
    endloop
  endfacet
  facet normal  0.000000e+00  0.000000e+00 -9.999999e-01
    outer loop
      vertex -9.250000e+01 -5.250000e+01  0.000000e+00
      vertex -8.433749e+01 -6.232973e+01  0.000000e+00
      vertex -8.523663e+01 -6.211826e+01  0.000000e+00
    endloop
  endfacet
  facet normal  0.000000e+00  0.000000e+00 -9.999999e-01
    outer loop
      vertex -9.250000e+01 -5.250000e+01  0.000000e+00
      vertex -8.523663e+01 -6.211826e+01  0.000000e+00
      vertex -8.611242e+01 -6.182472e+01  0.000000e+00
    endloop
  endfacet
  facet normal  0.000000e+00  0.000000e+00 -1.000000e+00
    outer loop
      vertex -9.250000e+01 -5.250000e+01  0.000000e+00
      vertex -8.611242e+01 -6.182472e+01  0.000000e+00
      vertex -8.695738e+01 -6.145163e+01  0.000000e+00
    endloop
  endfacet
  facet normal  0.000000e+00  0.000000e+00 -1.000000e+00
    outer loop
      vertex -9.250000e+01 -5.250000e+01  0.000000e+00
      vertex -8.695738e+01 -6.145163e+01  0.000000e+00
      vertex -8.776432e+01 -6.100217e+01  0.000000e+00
    endloop
  endfacet
  facet normal  0.000000e+00  0.000000e+00 -1.000000e+00
    outer loop
      vertex -9.250000e+01 -5.250000e+01  0.000000e+00
      vertex -8.776432e+01 -6.100217e+01  0.000000e+00
      vertex -8.852634e+01 -6.048017e+01  0.000000e+00
    endloop
  endfacet
  facet normal  0.000000e+00  0.000000e+00 -1.000000e+00
    outer loop
      vertex -9.250000e+01 -5.250000e+01  0.000000e+00
      vertex -8.852634e+01 -6.048017e+01  0.000000e+00
      vertex -8.923695e+01 -5.989009e+01  0.000000e+00
    endloop
  endfacet
  facet normal  0.000000e+00  0.000000e+00 -1.000000e+00
    outer loop
      vertex -9.250000e+01 -5.250000e+01  0.000000e+00
      vertex -8.923695e+01 -5.989009e+01  0.000000e+00
      vertex -8.989009e+01 -5.923696e+01  0.000000e+00
    endloop
  endfacet
  facet normal  0.000000e+00  0.000000e+00 -1.000000e+00
    outer loop
      vertex -9.250000e+01 -5.250000e+01  0.000000e+00
      vertex -8.989009e+01 -5.923696e+01  0.000000e+00
      vertex -9.048017e+01 -5.852635e+01  0.000000e+00
    endloop
  endfacet
  facet normal  0.000000e+00  0.000000e+00 -9.999999e-01
    outer loop
      vertex -9.250000e+01 -5.250000e+01  0.000000e+00
      vertex -9.048017e+01 -5.852635e+01  0.000000e+00
      vertex -9.100217e+01 -5.776432e+01  0.000000e+00
    endloop
  endfacet
  facet normal  0.000000e+00  0.000000e+00 -1.000000e+00
    outer loop
      vertex -9.250000e+01 -5.250000e+01  0.000000e+00
      vertex -9.100217e+01 -5.776432e+01  0.000000e+00
      vertex -9.145163e+01 -5.695738e+01  0.000000e+00
    endloop
  endfacet
  facet normal  0.000000e+00  0.000000e+00 -1.000000e+00
    outer loop
      vertex -9.250000e+01 -5.250000e+01  0.000000e+00
      vertex -9.145163e+01 -5.695738e+01  0.000000e+00
      vertex -9.182472e+01 -5.611242e+01  0.000000e+00
    endloop
  endfacet
  facet normal  0.000000e+00  0.000000e+00 -1.000000e+00
    outer loop
      vertex -9.250000e+01 -5.250000e+01  0.000000e+00
      vertex -9.182472e+01 -5.611242e+01  0.000000e+00
      vertex -9.211826e+01 -5.523663e+01  0.000000e+00
    endloop
  endfacet
  facet normal  0.000000e+00  0.000000e+00 -1.000000e+00
    outer loop
      vertex -9.250000e+01 -5.250000e+01  0.000000e+00
      vertex -9.211826e+01 -5.523663e+01  0.000000e+00
      vertex -9.232973e+01 -5.433749e+01  0.000000e+00
    endloop
  endfacet
  facet normal  0.000000e+00  0.000000e+00 -1.000000e+00
    outer loop
      vertex -9.250000e+01 -5.250000e+01  0.000000e+00
      vertex -9.232973e+01 -5.433749e+01  0.000000e+00
      vertex -9.245734e+01 -5.342268e+01  0.000000e+00
    endloop
  endfacet
  facet normal  0.000000e+00  -0.000000e+00 -1.000000e+00
    outer loop
      vertex -9.250000e+01  5.250000e+01  0.000000e+00
      vertex -9.245734e+01  5.342268e+01  0.000000e+00
      vertex -9.232973e+01  5.433749e+01  0.000000e+00
    endloop
  endfacet
  facet normal  0.000000e+00  -0.000000e+00 -9.999999e-01
    outer loop
      vertex -9.250000e+01  5.250000e+01  0.000000e+00
      vertex -9.232973e+01  5.433749e+01  0.000000e+00
      vertex -9.211826e+01  5.523663e+01  0.000000e+00
    endloop
  endfacet
  facet normal  0.000000e+00  -0.000000e+00 -1.000000e+00
    outer loop
      vertex -9.250000e+01  5.250000e+01  0.000000e+00
      vertex -9.211826e+01  5.523663e+01  0.000000e+00
      vertex -9.182472e+01  5.611242e+01  0.000000e+00
    endloop
  endfacet
  facet normal  0.000000e+00  -0.000000e+00 -1.000000e+00
    outer loop
      vertex -9.250000e+01  5.250000e+01  0.000000e+00
      vertex -9.182472e+01  5.611242e+01  0.000000e+00
      vertex -9.145163e+01  5.695738e+01  0.000000e+00
    endloop
  endfacet
  facet normal  0.000000e+00  -0.000000e+00 -1.000000e+00
    outer loop
      vertex -9.250000e+01  5.250000e+01  0.000000e+00
      vertex -9.145163e+01  5.695738e+01  0.000000e+00
      vertex -9.100217e+01  5.776432e+01  0.000000e+00
    endloop
  endfacet
  facet normal  0.000000e+00  -0.000000e+00 -9.999999e-01
    outer loop
      vertex -9.250000e+01  5.250000e+01  0.000000e+00
      vertex -9.100217e+01  5.776432e+01  0.000000e+00
      vertex -9.048017e+01  5.852635e+01  0.000000e+00
    endloop
  endfacet
  facet normal  0.000000e+00  -0.000000e+00 -1.000000e+00
    outer loop
      vertex -9.250000e+01  5.250000e+01  0.000000e+00
      vertex -9.048017e+01  5.852635e+01  0.000000e+00
      vertex -8.989009e+01  5.923696e+01  0.000000e+00
    endloop
  endfacet
  facet normal  0.000000e+00  -0.000000e+00 -1.000000e+00
    outer loop
      vertex -9.250000e+01  5.250000e+01  0.000000e+00
      vertex -8.989009e+01  5.923696e+01  0.000000e+00
      vertex -8.923695e+01  5.989009e+01  0.000000e+00
    endloop
  endfacet
  facet normal  0.000000e+00  -0.000000e+00 -1.000000e+00
    outer loop
      vertex -9.250000e+01  5.250000e+01  0.000000e+00
      vertex -8.923695e+01  5.989009e+01  0.000000e+00
      vertex -8.852634e+01  6.048017e+01  0.000000e+00
    endloop
  endfacet
  facet normal  0.000000e+00  -0.000000e+00 -1.000000e+00
    outer loop
      vertex -9.250000e+01  5.250000e+01  0.000000e+00
      vertex -8.852634e+01  6.048017e+01  0.000000e+00
      vertex -8.776432e+01  6.100217e+01  0.000000e+00
    endloop
  endfacet
  facet normal  0.000000e+00  -0.000000e+00 -1.000000e+00
    outer loop
      vertex -9.250000e+01  5.250000e+01  0.000000e+00
      vertex -8.776432e+01  6.100217e+01  0.000000e+00
      vertex -8.695738e+01  6.145163e+01  0.000000e+00
    endloop
  endfacet
  facet normal  0.000000e+00  -0.000000e+00 -9.999999e-01
    outer loop
      vertex -9.250000e+01  5.250000e+01  0.000000e+00
      vertex -8.695738e+01  6.145163e+01  0.000000e+00
      vertex -8.611242e+01  6.182472e+01  0.000000e+00
    endloop
  endfacet
  facet normal  0.000000e+00  -0.000000e+00 -1.000000e+00
    outer loop
      vertex -9.250000e+01  5.250000e+01  0.000000e+00
      vertex -8.611242e+01  6.182472e+01  0.000000e+00
      vertex -8.523663e+01  6.211826e+01  0.000000e+00
    endloop
  endfacet
  facet normal  0.000000e+00  -0.000000e+00 -1.000000e+00
    outer loop
      vertex -9.250000e+01  5.250000e+01  0.000000e+00
      vertex -8.523663e+01  6.211826e+01  0.000000e+00
      vertex -8.433749e+01  6.232973e+01  0.000000e+00
    endloop
  endfacet
  facet normal  0.000000e+00  -0.000000e+00 -1.000000e+00
    outer loop
      vertex -9.250000e+01  5.250000e+01  0.000000e+00
      vertex -8.433749e+01  6.232973e+01  0.000000e+00
      vertex -8.342268e+01  6.245734e+01  0.000000e+00
    endloop
  endfacet
  facet normal  0.000000e+00  -0.000000e+00 -1.000000e+00
    outer loop
      vertex -9.250000e+01  5.250000e+01  0.000000e+00
      vertex -8.342268e+01  6.245734e+01  0.000000e+00
      vertex -8.250000e+01  6.250000e+01  0.000000e+00
    endloop
  endfacet
  facet normal  0.000000e+00  -0.000000e+00 -1.000000e+00
    outer loop
      vertex -9.250000e+01  5.250000e+01  0.000000e+00
      vertex -8.250000e+01  6.250000e+01  0.000000e+00
      vertex -7.466499e+01  4.273890e+01  0.000000e+00
    endloop
  endfacet
  facet normal  -0.000000e+00  0.000000e+00 -1.000000e+00
    outer loop
      vertex -9.250000e+01  5.250000e+01  0.000000e+00
      vertex -7.466499e+01  4.273890e+01  0.000000e+00
      vertex -7.519444e+01  4.265055e+01  0.000000e+00
    endloop
  endfacet
  facet normal  -0.000000e+00  0.000000e+00 -1.000000e+00
    outer loop
      vertex -9.250000e+01  5.250000e+01  0.000000e+00
      vertex -7.519444e+01  4.265055e+01  0.000000e+00
      vertex -7.570212e+01  4.247626e+01  0.000000e+00
    endloop
  endfacet
  facet normal  -0.000000e+00  0.000000e+00 -1.000000e+00
    outer loop
      vertex -9.250000e+01  5.250000e+01  0.000000e+00
      vertex -7.570212e+01  4.247626e+01  0.000000e+00
      vertex -7.617419e+01  4.222079e+01  0.000000e+00
    endloop
  endfacet
  facet normal  -0.000000e+00  0.000000e+00 -1.000000e+00
    outer loop
      vertex -9.250000e+01  5.250000e+01  0.000000e+00
      vertex -7.617419e+01  4.222079e+01  0.000000e+00
      vertex -7.659777e+01  4.189110e+01  0.000000e+00
    endloop
  endfacet
  facet normal  -0.000000e+00  0.000000e+00 -1.000000e+00
    outer loop
      vertex -9.250000e+01  5.250000e+01  0.000000e+00
      vertex -7.659777e+01  4.189110e+01  0.000000e+00
      vertex -7.696131e+01  4.149619e+01  0.000000e+00
    endloop
  endfacet
  facet normal  -0.000000e+00  0.000000e+00 -9.999999e-01
    outer loop
      vertex -9.250000e+01  5.250000e+01  0.000000e+00
      vertex -7.696131e+01  4.149619e+01  0.000000e+00
      vertex -7.725490e+01  4.104683e+01  0.000000e+00
    endloop
  endfacet
  facet normal  -0.000000e+00  0.000000e+00 -1.000000e+00
    outer loop
      vertex -9.250000e+01  5.250000e+01  0.000000e+00
      vertex -7.725490e+01  4.104683e+01  0.000000e+00
      vertex -7.747051e+01  4.055527e+01  0.000000e+00
    endloop
  endfacet
  facet normal  -0.000000e+00  0.000000e+00 -1.000000e+00
    outer loop
      vertex -9.250000e+01  5.250000e+01  0.000000e+00
      vertex -7.747051e+01  4.055527e+01  0.000000e+00
      vertex -7.760228e+01  4.003493e+01  0.000000e+00
    endloop
  endfacet
  facet normal  -0.000000e+00  0.000000e+00 -1.000000e+00
    outer loop
      vertex -9.250000e+01  5.250000e+01  0.000000e+00
      vertex -7.760228e+01  4.003493e+01  0.000000e+00
      vertex -9.250000e+01 -5.250000e+01  0.000000e+00
    endloop
  endfacet
  facet normal  -0.000000e+00  0.000000e+00 -1.000000e+00
    outer loop
      vertex -8.250000e+01  6.250000e+01  0.000000e+00
      vertex  8.250000e+01  6.250000e+01  0.000000e+00
      vertex  7.326838e+01  4.373890e+01  0.000000e+00
    endloop
  endfacet
  facet normal  0.000000e+00  0.000000e+00 -1.000000e+00
    outer loop
      vertex -8.250000e+01  6.250000e+01  0.000000e+00
      vertex  7.326838e+01  4.373890e+01  0.000000e+00
      vertex  7.273162e+01  4.373890e+01  0.000000e+00
    endloop
  endfacet
  facet normal  -0.000000e+00  0.000000e+00 -1.000000e+00
    outer loop
      vertex -8.250000e+01  6.250000e+01  0.000000e+00
      vertex  7.273162e+01  4.373890e+01  0.000000e+00
      vertex  7.220217e+01  4.365055e+01  0.000000e+00
    endloop
  endfacet
  facet normal  -0.000000e+00  0.000000e+00 -1.000000e+00
    outer loop
      vertex -8.250000e+01  6.250000e+01  0.000000e+00
      vertex  7.220217e+01  4.365055e+01  0.000000e+00
      vertex  7.169449e+01  4.347626e+01  0.000000e+00
    endloop
  endfacet
  facet normal  -0.000000e+00  0.000000e+00 -1.000000e+00
    outer loop
      vertex -8.250000e+01  6.250000e+01  0.000000e+00
      vertex  7.169449e+01  4.347626e+01  0.000000e+00
      vertex  7.122242e+01  4.322079e+01  0.000000e+00
    endloop
  endfacet
  facet normal  -0.000000e+00  0.000000e+00 -9.999999e-01
    outer loop
      vertex -8.250000e+01  6.250000e+01  0.000000e+00
      vertex  7.122242e+01  4.322079e+01  0.000000e+00
      vertex  7.079884e+01  4.289110e+01  0.000000e+00
    endloop
  endfacet
  facet normal  -0.000000e+00  0.000000e+00 -1.000000e+00
    outer loop
      vertex -8.250000e+01  6.250000e+01  0.000000e+00
      vertex  7.079884e+01  4.289110e+01  0.000000e+00
      vertex -7.412823e+01  4.273890e+01  0.000000e+00
    endloop
  endfacet
  facet normal  0.000000e+00  0.000000e+00 -1.000000e+00
    outer loop
      vertex -8.250000e+01  6.250000e+01  0.000000e+00
      vertex -7.412823e+01  4.273890e+01  0.000000e+00
      vertex -7.466499e+01  4.273890e+01  0.000000e+00
    endloop
  endfacet
  facet normal  0.000000e+00  -0.000000e+00 -9.999999e-01
    outer loop
      vertex -8.250000e+01 -6.250000e+01  0.000000e+00
      vertex -7.420721e+01 -4.099592e+01  0.000000e+00
      vertex -7.373514e+01 -4.125139e+01  0.000000e+00
    endloop
  endfacet
  facet normal  0.000000e+00  -0.000000e+00 -1.000000e+00
    outer loop
      vertex -8.250000e+01 -6.250000e+01  0.000000e+00
      vertex -7.373514e+01 -4.125139e+01  0.000000e+00
      vertex -7.322746e+01 -4.142568e+01  0.000000e+00
    endloop
  endfacet
  facet normal  0.000000e+00  -0.000000e+00 -1.000000e+00
    outer loop
      vertex -8.250000e+01 -6.250000e+01  0.000000e+00
      vertex -7.322746e+01 -4.142568e+01  0.000000e+00
      vertex -7.269801e+01 -4.151403e+01  0.000000e+00
    endloop
  endfacet
  facet normal  0.000000e+00  -0.000000e+00 -1.000000e+00
    outer loop
      vertex -8.250000e+01 -6.250000e+01  0.000000e+00
      vertex -7.269801e+01 -4.151403e+01  0.000000e+00
      vertex -7.216124e+01 -4.151403e+01  0.000000e+00
    endloop
  endfacet
  facet normal -3.115436e-18  1.534823e-18 -1.000000e+00
    outer loop
      vertex -8.250000e+01 -6.250000e+01  0.000000e+00
      vertex -7.216124e+01 -4.151403e+01  0.000000e+00
      vertex  6.975000e+01 -4.280000e+01 -4.440892e-16
    endloop
  endfacet
  facet normal  1.033929e-16 -8.216066e-16 -1.000000e+00
    outer loop
      vertex -8.250000e+01 -6.250000e+01  0.000000e+00
      vertex  6.975000e+01 -4.280000e+01 -4.440892e-16
      vertex  6.979433e+01 -4.333493e+01  0.000000e+00
    endloop
  endfacet
  facet normal  0.000000e+00  -0.000000e+00 -1.000000e+00
    outer loop
      vertex -8.250000e+01 -6.250000e+01  0.000000e+00
      vertex  6.979433e+01 -4.333493e+01  0.000000e+00
      vertex  6.992609e+01 -4.385527e+01  0.000000e+00
    endloop
  endfacet
  facet normal  0.000000e+00  -0.000000e+00 -9.999999e-01
    outer loop
      vertex -8.250000e+01 -6.250000e+01  0.000000e+00
      vertex  6.992609e+01 -4.385527e+01  0.000000e+00
      vertex  7.014171e+01 -4.434683e+01  0.000000e+00
    endloop
  endfacet
  facet normal  0.000000e+00  -0.000000e+00 -1.000000e+00
    outer loop
      vertex -8.250000e+01 -6.250000e+01  0.000000e+00
      vertex  7.014171e+01 -4.434683e+01  0.000000e+00
      vertex  7.043530e+01 -4.479619e+01  0.000000e+00
    endloop
  endfacet
  facet normal  0.000000e+00  -0.000000e+00 -1.000000e+00
    outer loop
      vertex -8.250000e+01 -6.250000e+01  0.000000e+00
      vertex  7.043530e+01 -4.479619e+01  0.000000e+00
      vertex  7.079884e+01 -4.519110e+01  0.000000e+00
    endloop
  endfacet
  facet normal  0.000000e+00  -0.000000e+00 -1.000000e+00
    outer loop
      vertex -8.250000e+01 -6.250000e+01  0.000000e+00
      vertex  7.079884e+01 -4.519110e+01  0.000000e+00
      vertex  7.122242e+01 -4.552079e+01  0.000000e+00
    endloop
  endfacet
  facet normal  0.000000e+00  -0.000000e+00 -1.000000e+00
    outer loop
      vertex -8.250000e+01 -6.250000e+01  0.000000e+00
      vertex  7.122242e+01 -4.552079e+01  0.000000e+00
      vertex  7.169449e+01 -4.577626e+01  0.000000e+00
    endloop
  endfacet
  facet normal  0.000000e+00  -0.000000e+00 -1.000000e+00
    outer loop
      vertex -8.250000e+01 -6.250000e+01  0.000000e+00
      vertex  7.169449e+01 -4.577626e+01  0.000000e+00
      vertex  7.220217e+01 -4.595055e+01  0.000000e+00
    endloop
  endfacet
  facet normal  0.000000e+00  -0.000000e+00 -9.999999e-01
    outer loop
      vertex -8.250000e+01 -6.250000e+01  0.000000e+00
      vertex  7.220217e+01 -4.595055e+01  0.000000e+00
      vertex  7.273162e+01 -4.603890e+01  0.000000e+00
    endloop
  endfacet
  facet normal  0.000000e+00  -0.000000e+00 -1.000000e+00
    outer loop
      vertex -8.250000e+01 -6.250000e+01  0.000000e+00
      vertex  7.273162e+01 -4.603890e+01  0.000000e+00
      vertex  7.326838e+01 -4.603890e+01  0.000000e+00
    endloop
  endfacet
  facet normal  0.000000e+00  -0.000000e+00 -1.000000e+00
    outer loop
      vertex -8.250000e+01 -6.250000e+01  0.000000e+00
      vertex  7.326838e+01 -4.603890e+01  0.000000e+00
      vertex  8.250000e+01 -6.250000e+01  0.000000e+00
    endloop
  endfacet
  facet normal  -0.000000e+00  0.000000e+00 -1.000000e+00
    outer loop
      vertex  7.326838e+01 -4.603890e+01  0.000000e+00
      vertex  9.250000e+01 -5.250000e+01  0.000000e+00
      vertex  9.245734e+01 -5.342268e+01  0.000000e+00
    endloop
  endfacet
  facet normal  -0.000000e+00  0.000000e+00 -1.000000e+00
    outer loop
      vertex  7.326838e+01 -4.603890e+01  0.000000e+00
      vertex  9.245734e+01 -5.342268e+01  0.000000e+00
      vertex  9.232973e+01 -5.433749e+01  0.000000e+00
    endloop
  endfacet
  facet normal  -0.000000e+00  0.000000e+00 -1.000000e+00
    outer loop
      vertex  7.326838e+01 -4.603890e+01  0.000000e+00
      vertex  9.232973e+01 -5.433749e+01  0.000000e+00
      vertex  9.211826e+01 -5.523663e+01  0.000000e+00
    endloop
  endfacet
  facet normal  -0.000000e+00  0.000000e+00 -1.000000e+00
    outer loop
      vertex  7.326838e+01 -4.603890e+01  0.000000e+00
      vertex  9.211826e+01 -5.523663e+01  0.000000e+00
      vertex  9.182472e+01 -5.611242e+01  0.000000e+00
    endloop
  endfacet
  facet normal  -0.000000e+00  0.000000e+00 -1.000000e+00
    outer loop
      vertex  7.326838e+01 -4.603890e+01  0.000000e+00
      vertex  9.182472e+01 -5.611242e+01  0.000000e+00
      vertex  9.145163e+01 -5.695738e+01  0.000000e+00
    endloop
  endfacet
  facet normal  -0.000000e+00  0.000000e+00 -1.000000e+00
    outer loop
      vertex  7.326838e+01 -4.603890e+01  0.000000e+00
      vertex  9.145163e+01 -5.695738e+01  0.000000e+00
      vertex  9.100217e+01 -5.776432e+01  0.000000e+00
    endloop
  endfacet
  facet normal  -0.000000e+00  0.000000e+00 -1.000000e+00
    outer loop
      vertex  7.326838e+01 -4.603890e+01  0.000000e+00
      vertex  9.100217e+01 -5.776432e+01  0.000000e+00
      vertex  9.048017e+01 -5.852635e+01  0.000000e+00
    endloop
  endfacet
  facet normal  -0.000000e+00  0.000000e+00 -1.000000e+00
    outer loop
      vertex  7.326838e+01 -4.603890e+01  0.000000e+00
      vertex  9.048017e+01 -5.852635e+01  0.000000e+00
      vertex  8.989009e+01 -5.923696e+01  0.000000e+00
    endloop
  endfacet
  facet normal  -0.000000e+00  0.000000e+00 -1.000000e+00
    outer loop
      vertex  7.326838e+01 -4.603890e+01  0.000000e+00
      vertex  8.989009e+01 -5.923696e+01  0.000000e+00
      vertex  8.923695e+01 -5.989009e+01  0.000000e+00
    endloop
  endfacet
  facet normal  -0.000000e+00  0.000000e+00 -9.999999e-01
    outer loop
      vertex  7.326838e+01 -4.603890e+01  0.000000e+00
      vertex  8.923695e+01 -5.989009e+01  0.000000e+00
      vertex  8.852634e+01 -6.048017e+01  0.000000e+00
    endloop
  endfacet
  facet normal  -0.000000e+00  0.000000e+00 -1.000000e+00
    outer loop
      vertex  7.326838e+01 -4.603890e+01  0.000000e+00
      vertex  8.852634e+01 -6.048017e+01  0.000000e+00
      vertex  8.776432e+01 -6.100217e+01  0.000000e+00
    endloop
  endfacet
  facet normal  -0.000000e+00  0.000000e+00 -1.000000e+00
    outer loop
      vertex  7.326838e+01 -4.603890e+01  0.000000e+00
      vertex  8.776432e+01 -6.100217e+01  0.000000e+00
      vertex  8.695738e+01 -6.145163e+01  0.000000e+00
    endloop
  endfacet
  facet normal  -0.000000e+00  0.000000e+00 -1.000000e+00
    outer loop
      vertex  7.326838e+01 -4.603890e+01  0.000000e+00
      vertex  8.695738e+01 -6.145163e+01  0.000000e+00
      vertex  8.611242e+01 -6.182472e+01  0.000000e+00
    endloop
  endfacet
  facet normal  -0.000000e+00  0.000000e+00 -1.000000e+00
    outer loop
      vertex  7.326838e+01 -4.603890e+01  0.000000e+00
      vertex  8.611242e+01 -6.182472e+01  0.000000e+00
      vertex  8.523663e+01 -6.211826e+01  0.000000e+00
    endloop
  endfacet
  facet normal  -0.000000e+00  0.000000e+00 -1.000000e+00
    outer loop
      vertex  7.326838e+01 -4.603890e+01  0.000000e+00
      vertex  8.523663e+01 -6.211826e+01  0.000000e+00
      vertex  8.433749e+01 -6.232973e+01  0.000000e+00
    endloop
  endfacet
  facet normal  -0.000000e+00  0.000000e+00 -1.000000e+00
    outer loop
      vertex  7.326838e+01 -4.603890e+01  0.000000e+00
      vertex  8.433749e+01 -6.232973e+01  0.000000e+00
      vertex  8.342268e+01 -6.245734e+01  0.000000e+00
    endloop
  endfacet
  facet normal  -0.000000e+00  0.000000e+00 -1.000000e+00
    outer loop
      vertex  7.326838e+01 -4.603890e+01  0.000000e+00
      vertex  8.342268e+01 -6.245734e+01  0.000000e+00
      vertex  8.250000e+01 -6.250000e+01  0.000000e+00
    endloop
  endfacet
  facet normal  0.000000e+00  0.000000e+00 -1.000000e+00
    outer loop
      vertex -7.216124e+01 -3.503623e+01  0.000000e+00
      vertex -7.412823e+01  3.626110e+01  0.000000e+00
      vertex -7.359878e+01  3.634945e+01  0.000000e+00
    endloop
  endfacet
  facet normal  0.000000e+00  0.000000e+00 -1.000000e+00
    outer loop
      vertex -7.216124e+01 -3.503623e+01  0.000000e+00
      vertex -7.359878e+01  3.634945e+01  0.000000e+00
      vertex -7.309109e+01  3.652374e+01  0.000000e+00
    endloop
  endfacet
  facet normal  0.000000e+00  0.000000e+00 -1.000000e+00
    outer loop
      vertex -7.216124e+01 -3.503623e+01  0.000000e+00
      vertex -7.309109e+01  3.652374e+01  0.000000e+00
      vertex -7.261903e+01  3.677921e+01  0.000000e+00
    endloop
  endfacet
  facet normal  0.000000e+00  0.000000e+00 -1.000000e+00
    outer loop
      vertex -7.216124e+01 -3.503623e+01  0.000000e+00
      vertex -7.261903e+01  3.677921e+01  0.000000e+00
      vertex -7.219544e+01  3.710890e+01  0.000000e+00
    endloop
  endfacet
  facet normal  0.000000e+00  0.000000e+00 -1.000000e+00
    outer loop
      vertex -7.219544e+01  3.710890e+01  0.000000e+00
      vertex -6.917963e+01 -3.827513e+01  0.000000e+00
      vertex -6.922395e+01 -3.774020e+01  0.000000e+00
    endloop
  endfacet
  facet normal  0.000000e+00  0.000000e+00 -1.000000e+00
    outer loop
      vertex -7.219544e+01  3.710890e+01  0.000000e+00
      vertex -6.922395e+01 -3.774020e+01  0.000000e+00
      vertex -6.935572e+01 -3.721986e+01  0.000000e+00
    endloop
  endfacet
  facet normal  0.000000e+00  0.000000e+00 -1.000000e+00
    outer loop
      vertex -7.219544e+01  3.710890e+01  0.000000e+00
      vertex -6.935572e+01 -3.721986e+01  0.000000e+00
      vertex -6.957133e+01 -3.672830e+01  0.000000e+00
    endloop
  endfacet
  facet normal  0.000000e+00  0.000000e+00 -1.000000e+00
    outer loop
      vertex -7.219544e+01  3.710890e+01  0.000000e+00
      vertex -6.957133e+01 -3.672830e+01  0.000000e+00
      vertex -6.986491e+01 -3.627894e+01  0.000000e+00
    endloop
  endfacet
  facet normal  0.000000e+00  0.000000e+00 -1.000000e+00
    outer loop
      vertex -7.219544e+01  3.710890e+01  0.000000e+00
      vertex -6.986491e+01 -3.627894e+01  0.000000e+00
      vertex -7.022846e+01 -3.588403e+01  0.000000e+00
    endloop
  endfacet
  facet normal  0.000000e+00  0.000000e+00 -1.000000e+00
    outer loop
      vertex -7.219544e+01  3.710890e+01  0.000000e+00
      vertex -7.022846e+01 -3.588403e+01  0.000000e+00
      vertex -7.065205e+01 -3.555434e+01  0.000000e+00
    endloop
  endfacet
  facet normal  0.000000e+00  0.000000e+00 -1.000000e+00
    outer loop
      vertex -7.219544e+01  3.710890e+01  0.000000e+00
      vertex -7.065205e+01 -3.555434e+01  0.000000e+00
      vertex -7.112411e+01 -3.529887e+01  0.000000e+00
    endloop
  endfacet
  facet normal  0.000000e+00  0.000000e+00 -1.000000e+00
    outer loop
      vertex -7.219544e+01  3.710890e+01  0.000000e+00
      vertex -7.112411e+01 -3.529887e+01  0.000000e+00
      vertex -7.163180e+01 -3.512458e+01  0.000000e+00
    endloop
  endfacet
  facet normal  0.000000e+00  0.000000e+00 -1.000000e+00
    outer loop
      vertex -7.219544e+01  3.710890e+01  0.000000e+00
      vertex -7.163180e+01 -3.512458e+01  0.000000e+00
      vertex -7.216124e+01 -3.503623e+01  0.000000e+00
    endloop
  endfacet
  facet normal  0.000000e+00  0.000000e+00 -1.000000e+00
    outer loop
      vertex  7.326838e+01  3.726110e+01  0.000000e+00
      vertex  9.250000e+01 -5.250000e+01  0.000000e+00
      vertex  7.477758e+01 -4.007921e+01  0.000000e+00
    endloop
  endfacet
  facet normal  0.000000e+00  0.000000e+00 -1.000000e+00
    outer loop
      vertex  7.326838e+01  3.726110e+01  0.000000e+00
      vertex  7.477758e+01 -4.007921e+01  0.000000e+00
      vertex  7.430551e+01 -3.982374e+01  0.000000e+00
    endloop
  endfacet
  facet normal  0.000000e+00  0.000000e+00 -1.000000e+00
    outer loop
      vertex  7.326838e+01  3.726110e+01  0.000000e+00
      vertex  7.430551e+01 -3.982374e+01  0.000000e+00
      vertex  7.379783e+01 -3.964945e+01  0.000000e+00
    endloop
  endfacet
  facet normal  0.000000e+00  0.000000e+00 -9.999999e-01
    outer loop
      vertex  7.326838e+01  3.726110e+01  0.000000e+00
      vertex  7.379783e+01 -3.964945e+01  0.000000e+00
      vertex  7.326838e+01 -3.956110e+01  0.000000e+00
    endloop
  endfacet
  facet normal  0.000000e+00  -0.000000e+00 -1.000000e+00
    outer loop
      vertex  7.326838e+01  4.373890e+01  0.000000e+00
      vertex  8.250000e+01  6.250000e+01  0.000000e+00
      vertex  8.342268e+01  6.245734e+01  0.000000e+00
    endloop
  endfacet
  facet normal  0.000000e+00  -0.000000e+00 -1.000000e+00
    outer loop
      vertex  7.326838e+01  4.373890e+01  0.000000e+00
      vertex  8.342268e+01  6.245734e+01  0.000000e+00
      vertex  8.433749e+01  6.232973e+01  0.000000e+00
    endloop
  endfacet
  facet normal  0.000000e+00  -0.000000e+00 -1.000000e+00
    outer loop
      vertex  7.326838e+01  4.373890e+01  0.000000e+00
      vertex  8.433749e+01  6.232973e+01  0.000000e+00
      vertex  8.523663e+01  6.211826e+01  0.000000e+00
    endloop
  endfacet
  facet normal  0.000000e+00  -0.000000e+00 -1.000000e+00
    outer loop
      vertex  7.326838e+01  4.373890e+01  0.000000e+00
      vertex  8.523663e+01  6.211826e+01  0.000000e+00
      vertex  8.611242e+01  6.182472e+01  0.000000e+00
    endloop
  endfacet
  facet normal  0.000000e+00  -0.000000e+00 -1.000000e+00
    outer loop
      vertex  7.326838e+01  4.373890e+01  0.000000e+00
      vertex  8.611242e+01  6.182472e+01  0.000000e+00
      vertex  8.695738e+01  6.145163e+01  0.000000e+00
    endloop
  endfacet
  facet normal  0.000000e+00  -0.000000e+00 -1.000000e+00
    outer loop
      vertex  7.326838e+01  4.373890e+01  0.000000e+00
      vertex  8.695738e+01  6.145163e+01  0.000000e+00
      vertex  8.776432e+01  6.100217e+01  0.000000e+00
    endloop
  endfacet
  facet normal  0.000000e+00  -0.000000e+00 -1.000000e+00
    outer loop
      vertex  7.326838e+01  4.373890e+01  0.000000e+00
      vertex  8.776432e+01  6.100217e+01  0.000000e+00
      vertex  8.852634e+01  6.048017e+01  0.000000e+00
    endloop
  endfacet
  facet normal  0.000000e+00  -0.000000e+00 -1.000000e+00
    outer loop
      vertex  7.326838e+01  4.373890e+01  0.000000e+00
      vertex  8.852634e+01  6.048017e+01  0.000000e+00
      vertex  8.923695e+01  5.989009e+01  0.000000e+00
    endloop
  endfacet
  facet normal  0.000000e+00  -0.000000e+00 -1.000000e+00
    outer loop
      vertex  7.326838e+01  4.373890e+01  0.000000e+00
      vertex  8.923695e+01  5.989009e+01  0.000000e+00
      vertex  8.989009e+01  5.923696e+01  0.000000e+00
    endloop
  endfacet
  facet normal  0.000000e+00  -0.000000e+00 -1.000000e+00
    outer loop
      vertex  7.326838e+01  4.373890e+01  0.000000e+00
      vertex  8.989009e+01  5.923696e+01  0.000000e+00
      vertex  9.048017e+01  5.852635e+01  0.000000e+00
    endloop
  endfacet
  facet normal  0.000000e+00  -0.000000e+00 -1.000000e+00
    outer loop
      vertex  7.326838e+01  4.373890e+01  0.000000e+00
      vertex  9.048017e+01  5.852635e+01  0.000000e+00
      vertex  9.100217e+01  5.776432e+01  0.000000e+00
    endloop
  endfacet
  facet normal  0.000000e+00  -0.000000e+00 -1.000000e+00
    outer loop
      vertex  7.326838e+01  4.373890e+01  0.000000e+00
      vertex  9.100217e+01  5.776432e+01  0.000000e+00
      vertex  9.145163e+01  5.695738e+01  0.000000e+00
    endloop
  endfacet
  facet normal  0.000000e+00  -0.000000e+00 -1.000000e+00
    outer loop
      vertex  7.326838e+01  4.373890e+01  0.000000e+00
      vertex  9.145163e+01  5.695738e+01  0.000000e+00
      vertex  9.182472e+01  5.611242e+01  0.000000e+00
    endloop
  endfacet
  facet normal  0.000000e+00  -0.000000e+00 -1.000000e+00
    outer loop
      vertex  7.326838e+01  4.373890e+01  0.000000e+00
      vertex  9.182472e+01  5.611242e+01  0.000000e+00
      vertex  9.211826e+01  5.523663e+01  0.000000e+00
    endloop
  endfacet
  facet normal  0.000000e+00  -0.000000e+00 -1.000000e+00
    outer loop
      vertex  7.326838e+01  4.373890e+01  0.000000e+00
      vertex  9.211826e+01  5.523663e+01  0.000000e+00
      vertex  9.232973e+01  5.433749e+01  0.000000e+00
    endloop
  endfacet
  facet normal  0.000000e+00  -0.000000e+00 -1.000000e+00
    outer loop
      vertex  7.326838e+01  4.373890e+01  0.000000e+00
      vertex  9.232973e+01  5.433749e+01  0.000000e+00
      vertex  9.245734e+01  5.342268e+01  0.000000e+00
    endloop
  endfacet
  facet normal  0.000000e+00  -0.000000e+00 -1.000000e+00
    outer loop
      vertex  7.326838e+01  4.373890e+01  0.000000e+00
      vertex  9.245734e+01  5.342268e+01  0.000000e+00
      vertex  9.250000e+01  5.250000e+01  0.000000e+00
    endloop
  endfacet
  facet normal  0.000000e+00  0.000000e+00 -1.000000e+00
    outer loop
      vertex  9.250000e+01 -5.250000e+01  0.000000e+00
      vertex  7.326838e+01 -4.603890e+01  0.000000e+00
      vertex  7.379783e+01 -4.595055e+01  0.000000e+00
    endloop
  endfacet
  facet normal  0.000000e+00  0.000000e+00 -1.000000e+00
    outer loop
      vertex  9.250000e+01 -5.250000e+01  0.000000e+00
      vertex  7.379783e+01 -4.595055e+01  0.000000e+00
      vertex  7.430551e+01 -4.577626e+01  0.000000e+00
    endloop
  endfacet
  facet normal  0.000000e+00  0.000000e+00 -1.000000e+00
    outer loop
      vertex  9.250000e+01 -5.250000e+01  0.000000e+00
      vertex  7.430551e+01 -4.577626e+01  0.000000e+00
      vertex  7.477758e+01 -4.552079e+01  0.000000e+00
    endloop
  endfacet
  facet normal  0.000000e+00  0.000000e+00 -1.000000e+00
    outer loop
      vertex  9.250000e+01 -5.250000e+01  0.000000e+00
      vertex  7.477758e+01 -4.552079e+01  0.000000e+00
      vertex  7.520116e+01 -4.519110e+01  0.000000e+00
    endloop
  endfacet
  facet normal  0.000000e+00  0.000000e+00 -1.000000e+00
    outer loop
      vertex  9.250000e+01 -5.250000e+01  0.000000e+00
      vertex  7.520116e+01 -4.519110e+01  0.000000e+00
      vertex  7.556470e+01 -4.479619e+01  0.000000e+00
    endloop
  endfacet
  facet normal  0.000000e+00  0.000000e+00 -1.000000e+00
    outer loop
      vertex  9.250000e+01 -5.250000e+01  0.000000e+00
      vertex  7.556470e+01 -4.479619e+01  0.000000e+00
      vertex  7.585829e+01 -4.434683e+01  0.000000e+00
    endloop
  endfacet
  facet normal  0.000000e+00  0.000000e+00 -1.000000e+00
    outer loop
      vertex  9.250000e+01 -5.250000e+01  0.000000e+00
      vertex  7.585829e+01 -4.434683e+01  0.000000e+00
      vertex  7.607391e+01 -4.385527e+01  0.000000e+00
    endloop
  endfacet
  facet normal  0.000000e+00  0.000000e+00 -1.000000e+00
    outer loop
      vertex  9.250000e+01 -5.250000e+01  0.000000e+00
      vertex  7.607391e+01 -4.385527e+01  0.000000e+00
      vertex  7.620567e+01 -4.333493e+01  0.000000e+00
    endloop
  endfacet
  facet normal  0.000000e+00  0.000000e+00 -1.000000e+00
    outer loop
      vertex  9.250000e+01 -5.250000e+01  0.000000e+00
      vertex  7.620567e+01 -4.333493e+01  0.000000e+00
      vertex  7.625000e+01 -4.280000e+01  0.000000e+00
    endloop
  endfacet
  facet normal  0.000000e+00  0.000000e+00 -1.000000e+00
    outer loop
      vertex  9.250000e+01 -5.250000e+01  0.000000e+00
      vertex  7.625000e+01 -4.280000e+01  0.000000e+00
      vertex  7.620567e+01 -4.226507e+01  0.000000e+00
    endloop
  endfacet
  facet normal  0.000000e+00  0.000000e+00 -1.000000e+00
    outer loop
      vertex  9.250000e+01 -5.250000e+01  0.000000e+00
      vertex  7.620567e+01 -4.226507e+01  0.000000e+00
      vertex  7.607391e+01 -4.174473e+01  0.000000e+00
    endloop
  endfacet
  facet normal  0.000000e+00  0.000000e+00 -1.000000e+00
    outer loop
      vertex  9.250000e+01 -5.250000e+01  0.000000e+00
      vertex  7.607391e+01 -4.174473e+01  0.000000e+00
      vertex  7.585829e+01 -4.125317e+01  0.000000e+00
    endloop
  endfacet
  facet normal  0.000000e+00  0.000000e+00 -1.000000e+00
    outer loop
      vertex  9.250000e+01 -5.250000e+01  0.000000e+00
      vertex  7.585829e+01 -4.125317e+01  0.000000e+00
      vertex  7.556470e+01 -4.080381e+01  0.000000e+00
    endloop
  endfacet
  facet normal  0.000000e+00  0.000000e+00 -1.000000e+00
    outer loop
      vertex  9.250000e+01 -5.250000e+01  0.000000e+00
      vertex  7.556470e+01 -4.080381e+01  0.000000e+00
      vertex  7.520116e+01 -4.040890e+01  0.000000e+00
    endloop
  endfacet
  facet normal  0.000000e+00  0.000000e+00 -1.000000e+00
    outer loop
      vertex  9.250000e+01 -5.250000e+01  0.000000e+00
      vertex  7.520116e+01 -4.040890e+01  0.000000e+00
      vertex  7.477758e+01 -4.007921e+01  0.000000e+00
    endloop
  endfacet
  facet normal  0.000000e+00  0.000000e+00 -1.000000e+00
    outer loop
      vertex  9.250000e+01 -5.250000e+01  0.000000e+00
      vertex  7.326838e+01  3.726110e+01  0.000000e+00
      vertex  7.379783e+01  3.734945e+01  0.000000e+00
    endloop
  endfacet
  facet normal  0.000000e+00  0.000000e+00 -1.000000e+00
    outer loop
      vertex  9.250000e+01 -5.250000e+01  0.000000e+00
      vertex  7.379783e+01  3.734945e+01  0.000000e+00
      vertex  7.430551e+01  3.752374e+01  0.000000e+00
    endloop
  endfacet
  facet normal  0.000000e+00  0.000000e+00 -1.000000e+00
    outer loop
      vertex  9.250000e+01 -5.250000e+01  0.000000e+00
      vertex  7.430551e+01  3.752374e+01  0.000000e+00
      vertex  7.477758e+01  3.777921e+01  0.000000e+00
    endloop
  endfacet
  facet normal  0.000000e+00  0.000000e+00 -1.000000e+00
    outer loop
      vertex  9.250000e+01 -5.250000e+01  0.000000e+00
      vertex  7.477758e+01  3.777921e+01  0.000000e+00
      vertex  7.520116e+01  3.810890e+01  0.000000e+00
    endloop
  endfacet
  facet normal  0.000000e+00  0.000000e+00 -1.000000e+00
    outer loop
      vertex  9.250000e+01 -5.250000e+01  0.000000e+00
      vertex  7.520116e+01  3.810890e+01  0.000000e+00
      vertex  7.556470e+01  3.850381e+01  0.000000e+00
    endloop
  endfacet
  facet normal  0.000000e+00  0.000000e+00 -9.999999e-01
    outer loop
      vertex  9.250000e+01 -5.250000e+01  0.000000e+00
      vertex  7.556470e+01  3.850381e+01  0.000000e+00
      vertex  7.585829e+01  3.895317e+01  0.000000e+00
    endloop
  endfacet
  facet normal  0.000000e+00  0.000000e+00 -1.000000e+00
    outer loop
      vertex  9.250000e+01 -5.250000e+01  0.000000e+00
      vertex  7.585829e+01  3.895317e+01  0.000000e+00
      vertex  7.607391e+01  3.944473e+01  0.000000e+00
    endloop
  endfacet
  facet normal  0.000000e+00  0.000000e+00 -1.000000e+00
    outer loop
      vertex  9.250000e+01 -5.250000e+01  0.000000e+00
      vertex  7.607391e+01  3.944473e+01  0.000000e+00
      vertex  7.620567e+01  3.996507e+01  0.000000e+00
    endloop
  endfacet
  facet normal  0.000000e+00  0.000000e+00 -1.000000e+00
    outer loop
      vertex  9.250000e+01 -5.250000e+01  0.000000e+00
      vertex  7.620567e+01  3.996507e+01  0.000000e+00
      vertex  7.625000e+01  4.050000e+01  0.000000e+00
    endloop
  endfacet
  facet normal  0.000000e+00  0.000000e+00 -1.000000e+00
    outer loop
      vertex  9.250000e+01 -5.250000e+01  0.000000e+00
      vertex  7.625000e+01  4.050000e+01  0.000000e+00
      vertex  7.620567e+01  4.103493e+01  0.000000e+00
    endloop
  endfacet
  facet normal  0.000000e+00  0.000000e+00 -1.000000e+00
    outer loop
      vertex  9.250000e+01  5.250000e+01  0.000000e+00
      vertex  9.250000e+01 -5.250000e+01  0.000000e+00
      vertex  7.620567e+01  4.103493e+01  0.000000e+00
    endloop
  endfacet
  facet normal  0.000000e+00  0.000000e+00 -1.000000e+00
    outer loop
      vertex  9.250000e+01  5.250000e+01  0.000000e+00
      vertex  7.620567e+01  4.103493e+01  0.000000e+00
      vertex  7.607391e+01  4.155527e+01  0.000000e+00
    endloop
  endfacet
  facet normal  0.000000e+00  0.000000e+00 -1.000000e+00
    outer loop
      vertex  9.250000e+01  5.250000e+01  0.000000e+00
      vertex  7.607391e+01  4.155527e+01  0.000000e+00
      vertex  7.585829e+01  4.204683e+01  0.000000e+00
    endloop
  endfacet
  facet normal  0.000000e+00  0.000000e+00 -1.000000e+00
    outer loop
      vertex  9.250000e+01  5.250000e+01  0.000000e+00
      vertex  7.585829e+01  4.204683e+01  0.000000e+00
      vertex  7.556470e+01  4.249619e+01  0.000000e+00
    endloop
  endfacet
  facet normal  0.000000e+00  0.000000e+00 -1.000000e+00
    outer loop
      vertex  9.250000e+01  5.250000e+01  0.000000e+00
      vertex  7.556470e+01  4.249619e+01  0.000000e+00
      vertex  7.520116e+01  4.289110e+01  0.000000e+00
    endloop
  endfacet
  facet normal  0.000000e+00  0.000000e+00 -1.000000e+00
    outer loop
      vertex  9.250000e+01  5.250000e+01  0.000000e+00
      vertex  7.520116e+01  4.289110e+01  0.000000e+00
      vertex  7.477758e+01  4.322079e+01  0.000000e+00
    endloop
  endfacet
  facet normal  0.000000e+00  0.000000e+00 -1.000000e+00
    outer loop
      vertex  9.250000e+01  5.250000e+01  0.000000e+00
      vertex  7.477758e+01  4.322079e+01  0.000000e+00
      vertex  7.430551e+01  4.347626e+01  0.000000e+00
    endloop
  endfacet
  facet normal  0.000000e+00  0.000000e+00 -1.000000e+00
    outer loop
      vertex  9.250000e+01  5.250000e+01  0.000000e+00
      vertex  7.430551e+01  4.347626e+01  0.000000e+00
      vertex  7.379783e+01  4.365055e+01  0.000000e+00
    endloop
  endfacet
  facet normal  0.000000e+00  0.000000e+00 -9.999999e-01
    outer loop
      vertex  9.250000e+01  5.250000e+01  0.000000e+00
      vertex  7.379783e+01  4.365055e+01  0.000000e+00
      vertex  7.326838e+01  4.373890e+01  0.000000e+00
    endloop
  endfacet
  facet normal  0.000000e+00  0.000000e+00 -1.000000e+00
    outer loop
      vertex  7.326838e+01 -3.956110e+01  0.000000e+00
      vertex  7.273162e+01 -3.956110e+01  0.000000e+00
      vertex  7.326838e+01  3.726110e+01  0.000000e+00
    endloop
  endfacet
  facet normal  -0.000000e+00  0.000000e+00 -1.000000e+00
    outer loop
      vertex  7.326838e+01  3.726110e+01  0.000000e+00
      vertex  7.273162e+01 -3.956110e+01  0.000000e+00
      vertex  7.273162e+01  3.726110e+01  0.000000e+00
    endloop
  endfacet
  facet normal  0.000000e+00  0.000000e+00 -1.000000e+00
    outer loop
      vertex  7.273162e+01 -3.956110e+01  0.000000e+00
      vertex -6.917963e+01 -3.827513e+01  0.000000e+00
      vertex  7.273162e+01  3.726110e+01  0.000000e+00
    endloop
  endfacet
  facet normal  0.000000e+00  0.000000e+00 -9.999999e-01
    outer loop
      vertex  7.273162e+01  3.726110e+01  0.000000e+00
      vertex -6.917963e+01 -3.827513e+01  0.000000e+00
      vertex -7.219544e+01  3.710890e+01  0.000000e+00
    endloop
  endfacet
  facet normal  0.000000e+00  0.000000e+00 -1.000000e+00
    outer loop
      vertex -7.309109e+01  4.247626e+01  0.000000e+00
      vertex -7.359878e+01  4.265055e+01  0.000000e+00
      vertex  7.043530e+01  4.249619e+01  0.000000e+00
    endloop
  endfacet
  facet normal  0.000000e+00  0.000000e+00 -1.000000e+00
    outer loop
      vertex  7.043530e+01  4.249619e+01  0.000000e+00
      vertex -7.359878e+01  4.265055e+01  0.000000e+00
      vertex -7.412823e+01  4.273890e+01  0.000000e+00
    endloop
  endfacet
  facet normal  0.000000e+00  0.000000e+00 -1.000000e+00
    outer loop
      vertex  7.043530e+01  4.249619e+01  0.000000e+00
      vertex -7.412823e+01  4.273890e+01  0.000000e+00
      vertex  7.079884e+01  4.289110e+01  0.000000e+00
    endloop
  endfacet
  facet normal  0.000000e+00  0.000000e+00 -1.000000e+00
    outer loop
      vertex -7.219544e+01  4.189110e+01  0.000000e+00
      vertex -7.261903e+01  4.222079e+01  0.000000e+00
      vertex  7.014171e+01  4.204683e+01  0.000000e+00
    endloop
  endfacet
  facet normal  0.000000e+00  0.000000e+00 -1.000000e+00
    outer loop
      vertex  7.014171e+01  4.204683e+01  0.000000e+00
      vertex -7.261903e+01  4.222079e+01  0.000000e+00
      vertex -7.309109e+01  4.247626e+01  0.000000e+00
    endloop
  endfacet
  facet normal  0.000000e+00  0.000000e+00 -1.000000e+00
    outer loop
      vertex  7.014171e+01  4.204683e+01  0.000000e+00
      vertex -7.309109e+01  4.247626e+01  0.000000e+00
      vertex  7.043530e+01  4.249619e+01  0.000000e+00
    endloop
  endfacet
  facet normal  0.000000e+00  0.000000e+00 -1.000000e+00
    outer loop
      vertex  7.169449e+01  3.752374e+01  0.000000e+00
      vertex -7.183190e+01  3.750381e+01  0.000000e+00
      vertex  7.122242e+01  3.777921e+01  0.000000e+00
    endloop
  endfacet
  facet normal  -0.000000e+00  0.000000e+00 -1.000000e+00
    outer loop
      vertex  7.122242e+01  3.777921e+01  0.000000e+00
      vertex -7.183190e+01  3.750381e+01  0.000000e+00
      vertex -7.153831e+01  3.795317e+01  0.000000e+00
    endloop
  endfacet
  facet normal  0.000000e+00  0.000000e+00 -1.000000e+00
    outer loop
      vertex  7.122242e+01  3.777921e+01  0.000000e+00
      vertex -7.153831e+01  3.795317e+01  0.000000e+00
      vertex  7.079884e+01  3.810890e+01  0.000000e+00
    endloop
  endfacet
  facet normal  -0.000000e+00  0.000000e+00 -1.000000e+00
    outer loop
      vertex  7.079884e+01  3.810890e+01  0.000000e+00
      vertex -7.153831e+01  3.795317e+01  0.000000e+00
      vertex -7.132270e+01  3.844473e+01  0.000000e+00
    endloop
  endfacet
  facet normal  0.000000e+00  0.000000e+00 -1.000000e+00
    outer loop
      vertex  7.079884e+01  3.810890e+01  0.000000e+00
      vertex -7.132270e+01  3.844473e+01  0.000000e+00
      vertex  7.043530e+01  3.850381e+01  0.000000e+00
    endloop
  endfacet
  facet normal  -0.000000e+00  0.000000e+00 -1.000000e+00
    outer loop
      vertex  7.043530e+01  3.850381e+01  0.000000e+00
      vertex -7.132270e+01  3.844473e+01  0.000000e+00
      vertex -7.119093e+01  3.896507e+01  0.000000e+00
    endloop
  endfacet
  facet normal  0.000000e+00  0.000000e+00 -1.000000e+00
    outer loop
      vertex  7.043530e+01  3.850381e+01  0.000000e+00
      vertex -7.119093e+01  3.896507e+01  0.000000e+00
      vertex  7.014171e+01  3.895317e+01  0.000000e+00
    endloop
  endfacet
  facet normal  0.000000e+00  0.000000e+00 -9.999999e-01
    outer loop
      vertex  7.014171e+01  3.895317e+01  0.000000e+00
      vertex -7.119093e+01  3.896507e+01  0.000000e+00
      vertex -7.114661e+01  3.950000e+01  0.000000e+00
    endloop
  endfacet
  facet normal  0.000000e+00  0.000000e+00 -1.000000e+00
    outer loop
      vertex  7.014171e+01  3.895317e+01  0.000000e+00
      vertex -7.114661e+01  3.950000e+01  0.000000e+00
      vertex  6.992609e+01  3.944473e+01  0.000000e+00
    endloop
  endfacet
  facet normal  0.000000e+00  0.000000e+00 -1.000000e+00
    outer loop
      vertex  6.992609e+01  3.944473e+01  0.000000e+00
      vertex -7.114661e+01  3.950000e+01  0.000000e+00
      vertex -7.119093e+01  4.003493e+01  0.000000e+00
    endloop
  endfacet
  facet normal  0.000000e+00  0.000000e+00 -1.000000e+00
    outer loop
      vertex  6.992609e+01  3.944473e+01  0.000000e+00
      vertex -7.119093e+01  4.003493e+01  0.000000e+00
      vertex  6.979433e+01  3.996507e+01  0.000000e+00
    endloop
  endfacet
  facet normal  0.000000e+00  0.000000e+00 -1.000000e+00
    outer loop
      vertex  6.979433e+01  3.996507e+01  0.000000e+00
      vertex -7.119093e+01  4.003493e+01  0.000000e+00
      vertex -7.132270e+01  4.055527e+01  0.000000e+00
    endloop
  endfacet
  facet normal -3.473339e-18 -8.304680e-16 -1.000000e+00
    outer loop
      vertex  6.979433e+01  3.996507e+01  0.000000e+00
      vertex -7.132270e+01  4.055527e+01  0.000000e+00
      vertex  6.975000e+01  4.050000e+01 -4.440892e-16
    endloop
  endfacet
  facet normal -3.148487e-18 -1.381095e-18 -1.000000e+00
    outer loop
      vertex  6.975000e+01  4.050000e+01 -4.440892e-16
      vertex -7.132270e+01  4.055527e+01  0.000000e+00
      vertex -7.153831e+01  4.104683e+01  0.000000e+00
    endloop
  endfacet
  facet normal  6.988793e-20  8.301742e-16 -9.999999e-01
    outer loop
      vertex  6.975000e+01  4.050000e+01 -4.440892e-16
      vertex -7.153831e+01  4.104683e+01  0.000000e+00
      vertex  6.979433e+01  4.103493e+01  0.000000e+00
    endloop
  endfacet
  facet normal  0.000000e+00  0.000000e+00 -1.000000e+00
    outer loop
      vertex  6.979433e+01  4.103493e+01  0.000000e+00
      vertex -7.153831e+01  4.104683e+01  0.000000e+00
      vertex -7.183190e+01  4.149619e+01  0.000000e+00
    endloop
  endfacet
  facet normal  0.000000e+00  0.000000e+00 -1.000000e+00
    outer loop
      vertex  6.979433e+01  4.103493e+01  0.000000e+00
      vertex -7.183190e+01  4.149619e+01  0.000000e+00
      vertex  6.992609e+01  4.155527e+01  0.000000e+00
    endloop
  endfacet
  facet normal  -0.000000e+00  0.000000e+00 -1.000000e+00
    outer loop
      vertex  6.992609e+01  4.155527e+01  0.000000e+00
      vertex -7.183190e+01  4.149619e+01  0.000000e+00
      vertex -7.219544e+01  4.189110e+01  0.000000e+00
    endloop
  endfacet
  facet normal  0.000000e+00  0.000000e+00 -1.000000e+00
    outer loop
      vertex  6.992609e+01  4.155527e+01  0.000000e+00
      vertex -7.219544e+01  4.189110e+01  0.000000e+00
      vertex  7.014171e+01  4.204683e+01  0.000000e+00
    endloop
  endfacet
  facet normal  0.000000e+00  0.000000e+00 -1.000000e+00
    outer loop
      vertex -6.922395e+01 -3.881006e+01  0.000000e+00
      vertex  7.273162e+01 -3.956110e+01  0.000000e+00
      vertex -6.935572e+01 -3.933040e+01  0.000000e+00
    endloop
  endfacet
  facet normal  0.000000e+00  0.000000e+00 -1.000000e+00
    outer loop
      vertex -6.935572e+01 -3.933040e+01  0.000000e+00
      vertex  7.273162e+01 -3.956110e+01  0.000000e+00
      vertex  7.220217e+01 -3.964945e+01  0.000000e+00
    endloop
  endfacet
  facet normal  -0.000000e+00  0.000000e+00 -1.000000e+00
    outer loop
      vertex -6.935572e+01 -3.933040e+01  0.000000e+00
      vertex  7.220217e+01 -3.964945e+01  0.000000e+00
      vertex -6.957133e+01 -3.982196e+01  0.000000e+00
    endloop
  endfacet
  facet normal  0.000000e+00  0.000000e+00 -1.000000e+00
    outer loop
      vertex  7.273162e+01  3.726110e+01  0.000000e+00
      vertex -7.219544e+01  3.710890e+01  0.000000e+00
      vertex  7.220217e+01  3.734945e+01  0.000000e+00
    endloop
  endfacet
  facet normal  -0.000000e+00  0.000000e+00 -1.000000e+00
    outer loop
      vertex  7.220217e+01  3.734945e+01  0.000000e+00
      vertex -7.219544e+01  3.710890e+01  0.000000e+00
      vertex -7.183190e+01  3.750381e+01  0.000000e+00
    endloop
  endfacet
  facet normal  0.000000e+00  0.000000e+00 -1.000000e+00
    outer loop
      vertex  7.220217e+01  3.734945e+01  0.000000e+00
      vertex -7.183190e+01  3.750381e+01  0.000000e+00
      vertex  7.169449e+01  3.752374e+01  0.000000e+00
    endloop
  endfacet
  facet normal  0.000000e+00  0.000000e+00 -1.000000e+00
    outer loop
      vertex  7.220217e+01 -3.964945e+01  0.000000e+00
      vertex  7.169449e+01 -3.982374e+01  0.000000e+00
      vertex -6.957133e+01 -3.982196e+01  0.000000e+00
    endloop
  endfacet
  facet normal  0.000000e+00  0.000000e+00 -1.000000e+00
    outer loop
      vertex -6.957133e+01 -3.982196e+01  0.000000e+00
      vertex  7.169449e+01 -3.982374e+01  0.000000e+00
      vertex  7.122242e+01 -4.007921e+01  0.000000e+00
    endloop
  endfacet
  facet normal  -0.000000e+00  0.000000e+00 -9.999999e-01
    outer loop
      vertex -6.957133e+01 -3.982196e+01  0.000000e+00
      vertex  7.122242e+01 -4.007921e+01  0.000000e+00
      vertex -6.986491e+01 -4.027132e+01  0.000000e+00
    endloop
  endfacet
  facet normal  0.000000e+00  -0.000000e+00 -1.000000e+00
    outer loop
      vertex -7.112411e+01 -4.125139e+01  0.000000e+00
      vertex -7.065205e+01 -4.099592e+01  0.000000e+00
      vertex  7.014171e+01 -4.125317e+01  0.000000e+00
    endloop
  endfacet
  facet normal  0.000000e+00  0.000000e+00 -1.000000e+00
    outer loop
      vertex  7.014171e+01 -4.125317e+01  0.000000e+00
      vertex -7.065205e+01 -4.099592e+01  0.000000e+00
      vertex -7.022846e+01 -4.066623e+01  0.000000e+00
    endloop
  endfacet
  facet normal  0.000000e+00  0.000000e+00 -1.000000e+00
    outer loop
      vertex  7.014171e+01 -4.125317e+01  0.000000e+00
      vertex -7.022846e+01 -4.066623e+01  0.000000e+00
      vertex  7.043530e+01 -4.080381e+01  0.000000e+00
    endloop
  endfacet
  facet normal  0.000000e+00  0.000000e+00 -1.000000e+00
    outer loop
      vertex  7.043530e+01 -4.080381e+01  0.000000e+00
      vertex -7.022846e+01 -4.066623e+01  0.000000e+00
      vertex -6.986491e+01 -4.027132e+01  0.000000e+00
    endloop
  endfacet
  facet normal  0.000000e+00  0.000000e+00 -1.000000e+00
    outer loop
      vertex  7.043530e+01 -4.080381e+01  0.000000e+00
      vertex -6.986491e+01 -4.027132e+01  0.000000e+00
      vertex  7.079884e+01 -4.040890e+01  0.000000e+00
    endloop
  endfacet
  facet normal  0.000000e+00  -0.000000e+00 -1.000000e+00
    outer loop
      vertex -7.216124e+01 -4.151403e+01  0.000000e+00
      vertex -7.163180e+01 -4.142568e+01  0.000000e+00
      vertex  6.992609e+01 -4.174473e+01  0.000000e+00
    endloop
  endfacet
  facet normal  0.000000e+00  0.000000e+00 -1.000000e+00
    outer loop
      vertex  6.992609e+01 -4.174473e+01  0.000000e+00
      vertex -7.163180e+01 -4.142568e+01  0.000000e+00
      vertex -7.112411e+01 -4.125139e+01  0.000000e+00
    endloop
  endfacet
  facet normal  0.000000e+00  0.000000e+00 -1.000000e+00
    outer loop
      vertex  6.992609e+01 -4.174473e+01  0.000000e+00
      vertex -7.112411e+01 -4.125139e+01  0.000000e+00
      vertex  7.014171e+01 -4.125317e+01  0.000000e+00
    endloop
  endfacet
  facet normal  2.079189e-01 -9.781461e-01  0.000000e+00
    outer loop
      vertex  7.280663e+01  4.233987e+01  3.000000e+00
      vertex  7.242832e+01  4.225945e+01  5.000000e+00
      vertex  7.242832e+01  4.225945e+01  3.000000e+00
    endloop
  endfacet
  facet normal  4.067286e-01 -9.135489e-01  0.000000e+00
    outer loop
      vertex  7.242832e+01  4.225945e+01  3.000000e+00
      vertex  7.242832e+01  4.225945e+01  5.000000e+00
      vertex  7.207500e+01  4.210215e+01  5.000000e+00
    endloop
  endfacet
  facet normal  4.067286e-01 -9.135489e-01  0.000000e+00
    outer loop
      vertex  7.242832e+01  4.225945e+01  3.000000e+00
      vertex  7.207500e+01  4.210215e+01  5.000000e+00
      vertex  7.207500e+01  4.210215e+01  3.000000e+00
    endloop
  endfacet
  facet normal  5.877887e-01 -8.090145e-01  0.000000e+00
    outer loop
      vertex  7.207500e+01  4.210215e+01  3.000000e+00
      vertex  7.207500e+01  4.210215e+01  5.000000e+00
      vertex  7.176211e+01  4.187482e+01  5.000000e+00
    endloop
  endfacet
  facet normal  5.877887e-01 -8.090145e-01  0.000000e+00
    outer loop
      vertex  7.207500e+01  4.210215e+01  3.000000e+00
      vertex  7.176211e+01  4.187482e+01  5.000000e+00
      vertex  7.176211e+01  4.187482e+01  3.000000e+00
    endloop
  endfacet
  facet normal  7.431450e-01 -6.691304e-01  0.000000e+00
    outer loop
      vertex  7.176211e+01  4.187482e+01  3.000000e+00
      vertex  7.176211e+01  4.187482e+01  5.000000e+00
      vertex  7.150332e+01  4.158740e+01  5.000000e+00
    endloop
  endfacet
  facet normal  7.431450e-01 -6.691304e-01  0.000000e+00
    outer loop
      vertex  7.176211e+01  4.187482e+01  3.000000e+00
      vertex  7.150332e+01  4.158740e+01  5.000000e+00
      vertex  7.150332e+01  4.158740e+01  3.000000e+00
    endloop
  endfacet
  facet normal  8.660275e-01 -4.999962e-01  0.000000e+00
    outer loop
      vertex  7.150332e+01  4.158740e+01  3.000000e+00
      vertex  7.150332e+01  4.158740e+01  5.000000e+00
      vertex  7.130994e+01  4.125246e+01  5.000000e+00
    endloop
  endfacet
  facet normal  8.660275e-01 -4.999962e-01  0.000000e+00
    outer loop
      vertex  7.150332e+01  4.158740e+01  3.000000e+00
      vertex  7.130994e+01  4.125246e+01  5.000000e+00
      vertex  7.130994e+01  4.125246e+01  3.000000e+00
    endloop
  endfacet
  facet normal  9.510567e-01 -3.090165e-01  0.000000e+00
    outer loop
      vertex  7.130994e+01  4.125246e+01  3.000000e+00
      vertex  7.130994e+01  4.125246e+01  5.000000e+00
      vertex  7.119043e+01  4.088464e+01  5.000000e+00
    endloop
  endfacet
  facet normal  9.510567e-01 -3.090165e-01  0.000000e+00
    outer loop
      vertex  7.130994e+01  4.125246e+01  3.000000e+00
      vertex  7.119043e+01  4.088464e+01  5.000000e+00
      vertex  7.119043e+01  4.088464e+01  3.000000e+00
    endloop
  endfacet
  facet normal  9.945215e-01 -1.045318e-01  0.000000e+00
    outer loop
      vertex  7.119043e+01  4.088464e+01  3.000000e+00
      vertex  7.119043e+01  4.088464e+01  5.000000e+00
      vertex  7.115000e+01  4.050000e+01  5.000000e+00
    endloop
  endfacet
  facet normal  9.945215e-01 -1.045318e-01  0.000000e+00
    outer loop
      vertex  7.119043e+01  4.088464e+01  3.000000e+00
      vertex  7.115000e+01  4.050000e+01  5.000000e+00
      vertex  7.115000e+01  4.050000e+01  3.000000e+00
    endloop
  endfacet
  facet normal  2.079189e-01 -9.781461e-01  0.000000e+00
    outer loop
      vertex  7.242832e+01  4.225945e+01  5.000000e+00
      vertex  7.280663e+01  4.233987e+01  3.000000e+00
      vertex  7.280663e+01  4.233987e+01  5.000000e+00
    endloop
  endfacet
  facet normal  0.000000e+00 -1.000000e+00  0.000000e+00
    outer loop
      vertex  7.280663e+01  4.233987e+01  5.000000e+00
      vertex  7.280663e+01  4.233987e+01  3.000000e+00
      vertex  7.319337e+01  4.233987e+01  3.000000e+00
    endloop
  endfacet
  facet normal  0.000000e+00 -1.000000e+00  0.000000e+00
    outer loop
      vertex  7.280663e+01  4.233987e+01  5.000000e+00
      vertex  7.319337e+01  4.233987e+01  3.000000e+00
      vertex  7.319337e+01  4.233987e+01  5.000000e+00
    endloop
  endfacet
  facet normal -2.079189e-01 -9.781461e-01  -0.000000e+00
    outer loop
      vertex  7.319337e+01  4.233987e+01  5.000000e+00
      vertex  7.319337e+01  4.233987e+01  3.000000e+00
      vertex  7.357168e+01  4.225945e+01  3.000000e+00
    endloop
  endfacet
  facet normal -2.079189e-01 -9.781461e-01  0.000000e+00
    outer loop
      vertex  7.319337e+01  4.233987e+01  5.000000e+00
      vertex  7.357168e+01  4.225945e+01  3.000000e+00
      vertex  7.357168e+01  4.225945e+01  5.000000e+00
    endloop
  endfacet
  facet normal -4.067286e-01 -9.135489e-01  -0.000000e+00
    outer loop
      vertex  7.357168e+01  4.225945e+01  5.000000e+00
      vertex  7.357168e+01  4.225945e+01  3.000000e+00
      vertex  7.392500e+01  4.210215e+01  3.000000e+00
    endloop
  endfacet
  facet normal -4.067286e-01 -9.135489e-01  0.000000e+00
    outer loop
      vertex  7.357168e+01  4.225945e+01  5.000000e+00
      vertex  7.392500e+01  4.210215e+01  3.000000e+00
      vertex  7.392500e+01  4.210215e+01  5.000000e+00
    endloop
  endfacet
  facet normal -5.877887e-01 -8.090145e-01  -0.000000e+00
    outer loop
      vertex  7.392500e+01  4.210215e+01  5.000000e+00
      vertex  7.392500e+01  4.210215e+01  3.000000e+00
      vertex  7.423789e+01  4.187482e+01  3.000000e+00
    endloop
  endfacet
  facet normal -5.877887e-01 -8.090145e-01  0.000000e+00
    outer loop
      vertex  7.392500e+01  4.210215e+01  5.000000e+00
      vertex  7.423789e+01  4.187482e+01  3.000000e+00
      vertex  7.423789e+01  4.187482e+01  5.000000e+00
    endloop
  endfacet
  facet normal -7.431450e-01 -6.691304e-01  -0.000000e+00
    outer loop
      vertex  7.423789e+01  4.187482e+01  5.000000e+00
      vertex  7.423789e+01  4.187482e+01  3.000000e+00
      vertex  7.449668e+01  4.158740e+01  3.000000e+00
    endloop
  endfacet
  facet normal -7.431450e-01 -6.691304e-01  0.000000e+00
    outer loop
      vertex  7.423789e+01  4.187482e+01  5.000000e+00
      vertex  7.449668e+01  4.158740e+01  3.000000e+00
      vertex  7.449668e+01  4.158740e+01  5.000000e+00
    endloop
  endfacet
  facet normal -8.660275e-01 -4.999962e-01  -0.000000e+00
    outer loop
      vertex  7.449668e+01  4.158740e+01  5.000000e+00
      vertex  7.449668e+01  4.158740e+01  3.000000e+00
      vertex  7.469006e+01  4.125246e+01  3.000000e+00
    endloop
  endfacet
  facet normal -8.660275e-01 -4.999962e-01  0.000000e+00
    outer loop
      vertex  7.449668e+01  4.158740e+01  5.000000e+00
      vertex  7.469006e+01  4.125246e+01  3.000000e+00
      vertex  7.469006e+01  4.125246e+01  5.000000e+00
    endloop
  endfacet
  facet normal -9.510567e-01 -3.090165e-01  -0.000000e+00
    outer loop
      vertex  7.469006e+01  4.125246e+01  5.000000e+00
      vertex  7.469006e+01  4.125246e+01  3.000000e+00
      vertex  7.480957e+01  4.088464e+01  3.000000e+00
    endloop
  endfacet
  facet normal -9.510567e-01 -3.090165e-01  0.000000e+00
    outer loop
      vertex  7.469006e+01  4.125246e+01  5.000000e+00
      vertex  7.480957e+01  4.088464e+01  3.000000e+00
      vertex  7.480957e+01  4.088464e+01  5.000000e+00
    endloop
  endfacet
  facet normal -9.945215e-01 -1.045318e-01  -0.000000e+00
    outer loop
      vertex  7.480957e+01  4.088464e+01  5.000000e+00
      vertex  7.480957e+01  4.088464e+01  3.000000e+00
      vertex  7.485000e+01  4.050000e+01  3.000000e+00
    endloop
  endfacet
  facet normal -9.945215e-01 -1.045318e-01  0.000000e+00
    outer loop
      vertex  7.480957e+01  4.088464e+01  5.000000e+00
      vertex  7.485000e+01  4.050000e+01  3.000000e+00
      vertex  7.485000e+01  4.050000e+01  5.000000e+00
    endloop
  endfacet
  facet normal -2.079189e-01  9.781461e-01  0.000000e+00
    outer loop
      vertex  7.319337e+01  3.866013e+01  3.000000e+00
      vertex  7.357168e+01  3.874055e+01  5.000000e+00
      vertex  7.357168e+01  3.874055e+01  3.000000e+00
    endloop
  endfacet
  facet normal -4.067286e-01  9.135489e-01  0.000000e+00
    outer loop
      vertex  7.357168e+01  3.874055e+01  3.000000e+00
      vertex  7.357168e+01  3.874055e+01  5.000000e+00
      vertex  7.392500e+01  3.889785e+01  5.000000e+00
    endloop
  endfacet
  facet normal -4.067286e-01  9.135489e-01  0.000000e+00
    outer loop
      vertex  7.357168e+01  3.874055e+01  3.000000e+00
      vertex  7.392500e+01  3.889785e+01  5.000000e+00
      vertex  7.392500e+01  3.889785e+01  3.000000e+00
    endloop
  endfacet
  facet normal -5.877887e-01  8.090145e-01  0.000000e+00
    outer loop
      vertex  7.392500e+01  3.889785e+01  3.000000e+00
      vertex  7.392500e+01  3.889785e+01  5.000000e+00
      vertex  7.423789e+01  3.912518e+01  5.000000e+00
    endloop
  endfacet
  facet normal -5.877887e-01  8.090145e-01  0.000000e+00
    outer loop
      vertex  7.392500e+01  3.889785e+01  3.000000e+00
      vertex  7.423789e+01  3.912518e+01  5.000000e+00
      vertex  7.423789e+01  3.912518e+01  3.000000e+00
    endloop
  endfacet
  facet normal -7.431450e-01  6.691304e-01  0.000000e+00
    outer loop
      vertex  7.423789e+01  3.912518e+01  3.000000e+00
      vertex  7.423789e+01  3.912518e+01  5.000000e+00
      vertex  7.449668e+01  3.941260e+01  5.000000e+00
    endloop
  endfacet
  facet normal -7.431450e-01  6.691304e-01  0.000000e+00
    outer loop
      vertex  7.423789e+01  3.912518e+01  3.000000e+00
      vertex  7.449668e+01  3.941260e+01  5.000000e+00
      vertex  7.449668e+01  3.941260e+01  3.000000e+00
    endloop
  endfacet
  facet normal -8.660275e-01  4.999962e-01  0.000000e+00
    outer loop
      vertex  7.449668e+01  3.941260e+01  3.000000e+00
      vertex  7.449668e+01  3.941260e+01  5.000000e+00
      vertex  7.469006e+01  3.974754e+01  5.000000e+00
    endloop
  endfacet
  facet normal -8.660275e-01  4.999962e-01  0.000000e+00
    outer loop
      vertex  7.449668e+01  3.941260e+01  3.000000e+00
      vertex  7.469006e+01  3.974754e+01  5.000000e+00
      vertex  7.469006e+01  3.974754e+01  3.000000e+00
    endloop
  endfacet
  facet normal -9.510567e-01  3.090165e-01  0.000000e+00
    outer loop
      vertex  7.469006e+01  3.974754e+01  3.000000e+00
      vertex  7.469006e+01  3.974754e+01  5.000000e+00
      vertex  7.480957e+01  4.011536e+01  5.000000e+00
    endloop
  endfacet
  facet normal -9.510567e-01  3.090165e-01  0.000000e+00
    outer loop
      vertex  7.469006e+01  3.974754e+01  3.000000e+00
      vertex  7.480957e+01  4.011536e+01  5.000000e+00
      vertex  7.480957e+01  4.011536e+01  3.000000e+00
    endloop
  endfacet
  facet normal -9.945215e-01  1.045318e-01  0.000000e+00
    outer loop
      vertex  7.480957e+01  4.011536e+01  3.000000e+00
      vertex  7.480957e+01  4.011536e+01  5.000000e+00
      vertex  7.485000e+01  4.050000e+01  5.000000e+00
    endloop
  endfacet
  facet normal -9.945215e-01  1.045318e-01  0.000000e+00
    outer loop
      vertex  7.480957e+01  4.011536e+01  3.000000e+00
      vertex  7.485000e+01  4.050000e+01  5.000000e+00
      vertex  7.485000e+01  4.050000e+01  3.000000e+00
    endloop
  endfacet
  facet normal -2.079189e-01  9.781461e-01  0.000000e+00
    outer loop
      vertex  7.357168e+01  3.874055e+01  5.000000e+00
      vertex  7.319337e+01  3.866013e+01  3.000000e+00
      vertex  7.319337e+01  3.866013e+01  5.000000e+00
    endloop
  endfacet
  facet normal  0.000000e+00  1.000000e+00  0.000000e+00
    outer loop
      vertex  7.319337e+01  3.866013e+01  5.000000e+00
      vertex  7.319337e+01  3.866013e+01  3.000000e+00
      vertex  7.280663e+01  3.866013e+01  3.000000e+00
    endloop
  endfacet
  facet normal  0.000000e+00  1.000000e+00  0.000000e+00
    outer loop
      vertex  7.319337e+01  3.866013e+01  5.000000e+00
      vertex  7.280663e+01  3.866013e+01  3.000000e+00
      vertex  7.280663e+01  3.866013e+01  5.000000e+00
    endloop
  endfacet
  facet normal  2.079189e-01  9.781461e-01  0.000000e+00
    outer loop
      vertex  7.280663e+01  3.866013e+01  5.000000e+00
      vertex  7.280663e+01  3.866013e+01  3.000000e+00
      vertex  7.242832e+01  3.874055e+01  3.000000e+00
    endloop
  endfacet
  facet normal  2.079189e-01  9.781461e-01  -0.000000e+00
    outer loop
      vertex  7.280663e+01  3.866013e+01  5.000000e+00
      vertex  7.242832e+01  3.874055e+01  3.000000e+00
      vertex  7.242832e+01  3.874055e+01  5.000000e+00
    endloop
  endfacet
  facet normal  4.067286e-01  9.135489e-01  0.000000e+00
    outer loop
      vertex  7.242832e+01  3.874055e+01  5.000000e+00
      vertex  7.242832e+01  3.874055e+01  3.000000e+00
      vertex  7.207500e+01  3.889785e+01  3.000000e+00
    endloop
  endfacet
  facet normal  4.067286e-01  9.135489e-01  -0.000000e+00
    outer loop
      vertex  7.242832e+01  3.874055e+01  5.000000e+00
      vertex  7.207500e+01  3.889785e+01  3.000000e+00
      vertex  7.207500e+01  3.889785e+01  5.000000e+00
    endloop
  endfacet
  facet normal  5.877887e-01  8.090145e-01  0.000000e+00
    outer loop
      vertex  7.207500e+01  3.889785e+01  5.000000e+00
      vertex  7.207500e+01  3.889785e+01  3.000000e+00
      vertex  7.176211e+01  3.912518e+01  3.000000e+00
    endloop
  endfacet
  facet normal  5.877887e-01  8.090145e-01  -0.000000e+00
    outer loop
      vertex  7.207500e+01  3.889785e+01  5.000000e+00
      vertex  7.176211e+01  3.912518e+01  3.000000e+00
      vertex  7.176211e+01  3.912518e+01  5.000000e+00
    endloop
  endfacet
  facet normal  7.431450e-01  6.691304e-01  0.000000e+00
    outer loop
      vertex  7.176211e+01  3.912518e+01  5.000000e+00
      vertex  7.176211e+01  3.912518e+01  3.000000e+00
      vertex  7.150332e+01  3.941260e+01  3.000000e+00
    endloop
  endfacet
  facet normal  7.431450e-01  6.691304e-01  -0.000000e+00
    outer loop
      vertex  7.176211e+01  3.912518e+01  5.000000e+00
      vertex  7.150332e+01  3.941260e+01  3.000000e+00
      vertex  7.150332e+01  3.941260e+01  5.000000e+00
    endloop
  endfacet
  facet normal  8.660275e-01  4.999962e-01  0.000000e+00
    outer loop
      vertex  7.150332e+01  3.941260e+01  5.000000e+00
      vertex  7.150332e+01  3.941260e+01  3.000000e+00
      vertex  7.130994e+01  3.974754e+01  3.000000e+00
    endloop
  endfacet
  facet normal  8.660275e-01  4.999962e-01  -0.000000e+00
    outer loop
      vertex  7.150332e+01  3.941260e+01  5.000000e+00
      vertex  7.130994e+01  3.974754e+01  3.000000e+00
      vertex  7.130994e+01  3.974754e+01  5.000000e+00
    endloop
  endfacet
  facet normal  9.510567e-01  3.090165e-01  0.000000e+00
    outer loop
      vertex  7.130994e+01  3.974754e+01  5.000000e+00
      vertex  7.130994e+01  3.974754e+01  3.000000e+00
      vertex  7.119043e+01  4.011536e+01  3.000000e+00
    endloop
  endfacet
  facet normal  9.510567e-01  3.090165e-01  -0.000000e+00
    outer loop
      vertex  7.130994e+01  3.974754e+01  5.000000e+00
      vertex  7.119043e+01  4.011536e+01  3.000000e+00
      vertex  7.119043e+01  4.011536e+01  5.000000e+00
    endloop
  endfacet
  facet normal  9.945215e-01  1.045318e-01  0.000000e+00
    outer loop
      vertex  7.119043e+01  4.011536e+01  5.000000e+00
      vertex  7.119043e+01  4.011536e+01  3.000000e+00
      vertex  7.115000e+01  4.050000e+01  3.000000e+00
    endloop
  endfacet
  facet normal  9.945215e-01  1.045318e-01  -0.000000e+00
    outer loop
      vertex  7.119043e+01  4.011536e+01  5.000000e+00
      vertex  7.115000e+01  4.050000e+01  3.000000e+00
      vertex  7.115000e+01  4.050000e+01  5.000000e+00
    endloop
  endfacet
  facet normal  1.645926e-01 -9.863617e-01  0.000000e+00
    outer loop
      vertex  7.273162e+01  4.373890e+01  0.000000e+00
      vertex  7.220217e+01  4.365055e+01  3.000000e+00
      vertex  7.220217e+01  4.365055e+01  0.000000e+00
    endloop
  endfacet
  facet normal  3.246964e-01 -9.458183e-01  0.000000e+00
    outer loop
      vertex  7.220217e+01  4.365055e+01  0.000000e+00
      vertex  7.220217e+01  4.365055e+01  3.000000e+00
      vertex  7.169449e+01  4.347626e+01  3.000000e+00
    endloop
  endfacet
  facet normal  3.246964e-01 -9.458183e-01  0.000000e+00
    outer loop
      vertex  7.220217e+01  4.365055e+01  0.000000e+00
      vertex  7.169449e+01  4.347626e+01  3.000000e+00
      vertex  7.169449e+01  4.347626e+01  0.000000e+00
    endloop
  endfacet
  facet normal  4.759521e-01 -8.794712e-01  0.000000e+00
    outer loop
      vertex  7.169449e+01  4.347626e+01  0.000000e+00
      vertex  7.169449e+01  4.347626e+01  3.000000e+00
      vertex  7.122242e+01  4.322079e+01  3.000000e+00
    endloop
  endfacet
  facet normal  4.759521e-01 -8.794712e-01  0.000000e+00
    outer loop
      vertex  7.169449e+01  4.347626e+01  0.000000e+00
      vertex  7.122242e+01  4.322079e+01  3.000000e+00
      vertex  7.122242e+01  4.322079e+01  0.000000e+00
    endloop
  endfacet
  facet normal  6.142132e-01 -7.891402e-01  0.000000e+00
    outer loop
      vertex  7.122242e+01  4.322079e+01  0.000000e+00
      vertex  7.122242e+01  4.322079e+01  3.000000e+00
      vertex  7.079884e+01  4.289110e+01  3.000000e+00
    endloop
  endfacet
  facet normal  6.142132e-01 -7.891402e-01  0.000000e+00
    outer loop
      vertex  7.122242e+01  4.322079e+01  0.000000e+00
      vertex  7.079884e+01  4.289110e+01  3.000000e+00
      vertex  7.079884e+01  4.289110e+01  0.000000e+00
    endloop
  endfacet
  facet normal  7.357226e-01 -6.772830e-01  0.000000e+00
    outer loop
      vertex  7.079884e+01  4.289110e+01  0.000000e+00
      vertex  7.079884e+01  4.289110e+01  3.000000e+00
      vertex  7.043530e+01  4.249619e+01  3.000000e+00
    endloop
  endfacet
  facet normal  7.357226e-01 -6.772830e-01  0.000000e+00
    outer loop
      vertex  7.079884e+01  4.289110e+01  0.000000e+00
      vertex  7.043530e+01  4.249619e+01  3.000000e+00
      vertex  7.043530e+01  4.249619e+01  0.000000e+00
    endloop
  endfacet
  facet normal  8.371641e-01 -5.469518e-01  0.000000e+00
    outer loop
      vertex  7.043530e+01  4.249619e+01  0.000000e+00
      vertex  7.043530e+01  4.249619e+01  3.000000e+00
      vertex  7.014171e+01  4.204683e+01  3.000000e+00
    endloop
  endfacet
  facet normal  8.371641e-01 -5.469518e-01  0.000000e+00
    outer loop
      vertex  7.043530e+01  4.249619e+01  0.000000e+00
      vertex  7.014171e+01  4.204683e+01  3.000000e+00
      vertex  7.014171e+01  4.204683e+01  0.000000e+00
    endloop
  endfacet
  facet normal  9.157742e-01 -4.016933e-01  0.000000e+00
    outer loop
      vertex  7.014171e+01  4.204683e+01  0.000000e+00
      vertex  7.014171e+01  4.204683e+01  3.000000e+00
      vertex  6.992609e+01  4.155527e+01  3.000000e+00
    endloop
  endfacet
  facet normal  9.157742e-01 -4.016933e-01  0.000000e+00
    outer loop
      vertex  7.014171e+01  4.204683e+01  0.000000e+00
      vertex  6.992609e+01  4.155527e+01  3.000000e+00
      vertex  6.992609e+01  4.155527e+01  0.000000e+00
    endloop
  endfacet
  facet normal  9.694010e-01 -2.454826e-01  0.000000e+00
    outer loop
      vertex  6.992609e+01  4.155527e+01  0.000000e+00
      vertex  6.992609e+01  4.155527e+01  3.000000e+00
      vertex  6.979433e+01  4.103493e+01  3.000000e+00
    endloop
  endfacet
  facet normal  9.694010e-01 -2.454826e-01  0.000000e+00
    outer loop
      vertex  6.992609e+01  4.155527e+01  0.000000e+00
      vertex  6.979433e+01  4.103493e+01  3.000000e+00
      vertex  6.979433e+01  4.103493e+01  0.000000e+00
    endloop
  endfacet
  facet normal  9.965842e-01 -8.258142e-02  0.000000e+00
    outer loop
      vertex  6.979433e+01  4.103493e+01  0.000000e+00
      vertex  6.979433e+01  4.103493e+01  3.000000e+00
      vertex  6.975000e+01  4.050000e+01  3.000000e+00
    endloop
  endfacet
  facet normal  9.965842e-01 -8.258142e-02  0.000000e+00
    outer loop
      vertex  6.979433e+01  4.103493e+01  0.000000e+00
      vertex  6.975000e+01  4.050000e+01  3.000000e+00
      vertex  6.975000e+01  4.050000e+01 -4.440892e-16
    endloop
  endfacet
  facet normal  1.645926e-01 -9.863617e-01  0.000000e+00
    outer loop
      vertex  7.220217e+01  4.365055e+01  3.000000e+00
      vertex  7.273162e+01  4.373890e+01  0.000000e+00
      vertex  7.273162e+01  4.373890e+01  3.000000e+00
    endloop
  endfacet
  facet normal  0.000000e+00 -1.000000e+00  0.000000e+00
    outer loop
      vertex  7.273162e+01  4.373890e+01  3.000000e+00
      vertex  7.273162e+01  4.373890e+01  0.000000e+00
      vertex  7.326838e+01  4.373890e+01  0.000000e+00
    endloop
  endfacet
  facet normal  0.000000e+00 -1.000000e+00  0.000000e+00
    outer loop
      vertex  7.273162e+01  4.373890e+01  3.000000e+00
      vertex  7.326838e+01  4.373890e+01  0.000000e+00
      vertex  7.326838e+01  4.373890e+01  3.000000e+00
    endloop
  endfacet
  facet normal -1.645926e-01 -9.863617e-01  -0.000000e+00
    outer loop
      vertex  7.326838e+01  4.373890e+01  3.000000e+00
      vertex  7.326838e+01  4.373890e+01  0.000000e+00
      vertex  7.379783e+01  4.365055e+01  0.000000e+00
    endloop
  endfacet
  facet normal -1.645926e-01 -9.863617e-01  0.000000e+00
    outer loop
      vertex  7.326838e+01  4.373890e+01  3.000000e+00
      vertex  7.379783e+01  4.365055e+01  0.000000e+00
      vertex  7.379783e+01  4.365055e+01  3.000000e+00
    endloop
  endfacet
  facet normal -3.246964e-01 -9.458183e-01  -0.000000e+00
    outer loop
      vertex  7.379783e+01  4.365055e+01  3.000000e+00
      vertex  7.379783e+01  4.365055e+01  0.000000e+00
      vertex  7.430551e+01  4.347626e+01  0.000000e+00
    endloop
  endfacet
  facet normal -3.246964e-01 -9.458183e-01  0.000000e+00
    outer loop
      vertex  7.379783e+01  4.365055e+01  3.000000e+00
      vertex  7.430551e+01  4.347626e+01  0.000000e+00
      vertex  7.430551e+01  4.347626e+01  3.000000e+00
    endloop
  endfacet
  facet normal -4.759521e-01 -8.794712e-01  -0.000000e+00
    outer loop
      vertex  7.430551e+01  4.347626e+01  3.000000e+00
      vertex  7.430551e+01  4.347626e+01  0.000000e+00
      vertex  7.477758e+01  4.322079e+01  0.000000e+00
    endloop
  endfacet
  facet normal -4.759521e-01 -8.794712e-01  0.000000e+00
    outer loop
      vertex  7.430551e+01  4.347626e+01  3.000000e+00
      vertex  7.477758e+01  4.322079e+01  0.000000e+00
      vertex  7.477758e+01  4.322079e+01  3.000000e+00
    endloop
  endfacet
  facet normal -6.142132e-01 -7.891402e-01  -0.000000e+00
    outer loop
      vertex  7.477758e+01  4.322079e+01  3.000000e+00
      vertex  7.477758e+01  4.322079e+01  0.000000e+00
      vertex  7.520116e+01  4.289110e+01  0.000000e+00
    endloop
  endfacet
  facet normal -6.142132e-01 -7.891402e-01  0.000000e+00
    outer loop
      vertex  7.477758e+01  4.322079e+01  3.000000e+00
      vertex  7.520116e+01  4.289110e+01  0.000000e+00
      vertex  7.520116e+01  4.289110e+01  3.000000e+00
    endloop
  endfacet
  facet normal -7.357226e-01 -6.772830e-01  -0.000000e+00
    outer loop
      vertex  7.520116e+01  4.289110e+01  3.000000e+00
      vertex  7.520116e+01  4.289110e+01  0.000000e+00
      vertex  7.556470e+01  4.249619e+01  0.000000e+00
    endloop
  endfacet
  facet normal -7.357226e-01 -6.772830e-01  0.000000e+00
    outer loop
      vertex  7.520116e+01  4.289110e+01  3.000000e+00
      vertex  7.556470e+01  4.249619e+01  0.000000e+00
      vertex  7.556470e+01  4.249619e+01  3.000000e+00
    endloop
  endfacet
  facet normal -8.371641e-01 -5.469518e-01  -0.000000e+00
    outer loop
      vertex  7.556470e+01  4.249619e+01  3.000000e+00
      vertex  7.556470e+01  4.249619e+01  0.000000e+00
      vertex  7.585829e+01  4.204683e+01  0.000000e+00
    endloop
  endfacet
  facet normal -8.371641e-01 -5.469518e-01  0.000000e+00
    outer loop
      vertex  7.556470e+01  4.249619e+01  3.000000e+00
      vertex  7.585829e+01  4.204683e+01  0.000000e+00
      vertex  7.585829e+01  4.204683e+01  3.000000e+00
    endloop
  endfacet
  facet normal -9.157742e-01 -4.016933e-01  -0.000000e+00
    outer loop
      vertex  7.585829e+01  4.204683e+01  3.000000e+00
      vertex  7.585829e+01  4.204683e+01  0.000000e+00
      vertex  7.607391e+01  4.155527e+01  0.000000e+00
    endloop
  endfacet
  facet normal -9.157742e-01 -4.016933e-01  0.000000e+00
    outer loop
      vertex  7.585829e+01  4.204683e+01  3.000000e+00
      vertex  7.607391e+01  4.155527e+01  0.000000e+00
      vertex  7.607391e+01  4.155527e+01  3.000000e+00
    endloop
  endfacet
  facet normal -9.694010e-01 -2.454826e-01  -0.000000e+00
    outer loop
      vertex  7.607391e+01  4.155527e+01  3.000000e+00
      vertex  7.607391e+01  4.155527e+01  0.000000e+00
      vertex  7.620567e+01  4.103493e+01  0.000000e+00
    endloop
  endfacet
  facet normal -9.694010e-01 -2.454826e-01  0.000000e+00
    outer loop
      vertex  7.607391e+01  4.155527e+01  3.000000e+00
      vertex  7.620567e+01  4.103493e+01  0.000000e+00
      vertex  7.620567e+01  4.103493e+01  3.000000e+00
    endloop
  endfacet
  facet normal -9.965842e-01 -8.258142e-02  -0.000000e+00
    outer loop
      vertex  7.620567e+01  4.103493e+01  3.000000e+00
      vertex  7.620567e+01  4.103493e+01  0.000000e+00
      vertex  7.625000e+01  4.050000e+01  0.000000e+00
    endloop
  endfacet
  facet normal -9.965842e-01 -8.258142e-02  0.000000e+00
    outer loop
      vertex  7.620567e+01  4.103493e+01  3.000000e+00
      vertex  7.625000e+01  4.050000e+01  0.000000e+00
      vertex  7.625000e+01  4.050000e+01  3.000000e+00
    endloop
  endfacet
  facet normal -1.645926e-01  9.863617e-01  0.000000e+00
    outer loop
      vertex  7.326838e+01  3.726110e+01  0.000000e+00
      vertex  7.379783e+01  3.734945e+01  3.000000e+00
      vertex  7.379783e+01  3.734945e+01  0.000000e+00
    endloop
  endfacet
  facet normal -3.246964e-01  9.458183e-01  0.000000e+00
    outer loop
      vertex  7.379783e+01  3.734945e+01  0.000000e+00
      vertex  7.379783e+01  3.734945e+01  3.000000e+00
      vertex  7.430551e+01  3.752374e+01  3.000000e+00
    endloop
  endfacet
  facet normal -3.246964e-01  9.458183e-01  0.000000e+00
    outer loop
      vertex  7.379783e+01  3.734945e+01  0.000000e+00
      vertex  7.430551e+01  3.752374e+01  3.000000e+00
      vertex  7.430551e+01  3.752374e+01  0.000000e+00
    endloop
  endfacet
  facet normal -4.759521e-01  8.794712e-01  0.000000e+00
    outer loop
      vertex  7.430551e+01  3.752374e+01  0.000000e+00
      vertex  7.430551e+01  3.752374e+01  3.000000e+00
      vertex  7.477758e+01  3.777921e+01  3.000000e+00
    endloop
  endfacet
  facet normal -4.759521e-01  8.794712e-01  0.000000e+00
    outer loop
      vertex  7.430551e+01  3.752374e+01  0.000000e+00
      vertex  7.477758e+01  3.777921e+01  3.000000e+00
      vertex  7.477758e+01  3.777921e+01  0.000000e+00
    endloop
  endfacet
  facet normal -6.142132e-01  7.891402e-01  0.000000e+00
    outer loop
      vertex  7.477758e+01  3.777921e+01  0.000000e+00
      vertex  7.477758e+01  3.777921e+01  3.000000e+00
      vertex  7.520116e+01  3.810890e+01  3.000000e+00
    endloop
  endfacet
  facet normal -6.142132e-01  7.891402e-01  0.000000e+00
    outer loop
      vertex  7.477758e+01  3.777921e+01  0.000000e+00
      vertex  7.520116e+01  3.810890e+01  3.000000e+00
      vertex  7.520116e+01  3.810890e+01  0.000000e+00
    endloop
  endfacet
  facet normal -7.357226e-01  6.772830e-01  0.000000e+00
    outer loop
      vertex  7.520116e+01  3.810890e+01  0.000000e+00
      vertex  7.520116e+01  3.810890e+01  3.000000e+00
      vertex  7.556470e+01  3.850381e+01  3.000000e+00
    endloop
  endfacet
  facet normal -7.357226e-01  6.772830e-01  0.000000e+00
    outer loop
      vertex  7.520116e+01  3.810890e+01  0.000000e+00
      vertex  7.556470e+01  3.850381e+01  3.000000e+00
      vertex  7.556470e+01  3.850381e+01  0.000000e+00
    endloop
  endfacet
  facet normal -8.371641e-01  5.469518e-01  0.000000e+00
    outer loop
      vertex  7.556470e+01  3.850381e+01  0.000000e+00
      vertex  7.556470e+01  3.850381e+01  3.000000e+00
      vertex  7.585829e+01  3.895317e+01  3.000000e+00
    endloop
  endfacet
  facet normal -8.371641e-01  5.469518e-01  0.000000e+00
    outer loop
      vertex  7.556470e+01  3.850381e+01  0.000000e+00
      vertex  7.585829e+01  3.895317e+01  3.000000e+00
      vertex  7.585829e+01  3.895317e+01  0.000000e+00
    endloop
  endfacet
  facet normal -9.157742e-01  4.016933e-01  0.000000e+00
    outer loop
      vertex  7.585829e+01  3.895317e+01  0.000000e+00
      vertex  7.585829e+01  3.895317e+01  3.000000e+00
      vertex  7.607391e+01  3.944473e+01  3.000000e+00
    endloop
  endfacet
  facet normal -9.157742e-01  4.016933e-01  0.000000e+00
    outer loop
      vertex  7.585829e+01  3.895317e+01  0.000000e+00
      vertex  7.607391e+01  3.944473e+01  3.000000e+00
      vertex  7.607391e+01  3.944473e+01  0.000000e+00
    endloop
  endfacet
  facet normal -9.694010e-01  2.454826e-01  0.000000e+00
    outer loop
      vertex  7.607391e+01  3.944473e+01  0.000000e+00
      vertex  7.607391e+01  3.944473e+01  3.000000e+00
      vertex  7.620567e+01  3.996507e+01  3.000000e+00
    endloop
  endfacet
  facet normal -9.694010e-01  2.454826e-01  0.000000e+00
    outer loop
      vertex  7.607391e+01  3.944473e+01  0.000000e+00
      vertex  7.620567e+01  3.996507e+01  3.000000e+00
      vertex  7.620567e+01  3.996507e+01  0.000000e+00
    endloop
  endfacet
  facet normal -9.965842e-01  8.258142e-02  0.000000e+00
    outer loop
      vertex  7.620567e+01  3.996507e+01  0.000000e+00
      vertex  7.620567e+01  3.996507e+01  3.000000e+00
      vertex  7.625000e+01  4.050000e+01  3.000000e+00
    endloop
  endfacet
  facet normal -9.965842e-01  8.258142e-02  0.000000e+00
    outer loop
      vertex  7.620567e+01  3.996507e+01  0.000000e+00
      vertex  7.625000e+01  4.050000e+01  3.000000e+00
      vertex  7.625000e+01  4.050000e+01  0.000000e+00
    endloop
  endfacet
  facet normal -1.645926e-01  9.863617e-01  0.000000e+00
    outer loop
      vertex  7.379783e+01  3.734945e+01  3.000000e+00
      vertex  7.326838e+01  3.726110e+01  0.000000e+00
      vertex  7.326838e+01  3.726110e+01  3.000000e+00
    endloop
  endfacet
  facet normal  0.000000e+00  1.000000e+00  0.000000e+00
    outer loop
      vertex  7.326838e+01  3.726110e+01  3.000000e+00
      vertex  7.326838e+01  3.726110e+01  0.000000e+00
      vertex  7.273162e+01  3.726110e+01  0.000000e+00
    endloop
  endfacet
  facet normal  0.000000e+00  1.000000e+00  0.000000e+00
    outer loop
      vertex  7.326838e+01  3.726110e+01  3.000000e+00
      vertex  7.273162e+01  3.726110e+01  0.000000e+00
      vertex  7.273162e+01  3.726110e+01  3.000000e+00
    endloop
  endfacet
  facet normal  1.645926e-01  9.863617e-01  0.000000e+00
    outer loop
      vertex  7.273162e+01  3.726110e+01  3.000000e+00
      vertex  7.273162e+01  3.726110e+01  0.000000e+00
      vertex  7.220217e+01  3.734945e+01  0.000000e+00
    endloop
  endfacet
  facet normal  1.645926e-01  9.863617e-01  -0.000000e+00
    outer loop
      vertex  7.273162e+01  3.726110e+01  3.000000e+00
      vertex  7.220217e+01  3.734945e+01  0.000000e+00
      vertex  7.220217e+01  3.734945e+01  3.000000e+00
    endloop
  endfacet
  facet normal  3.246964e-01  9.458183e-01  0.000000e+00
    outer loop
      vertex  7.220217e+01  3.734945e+01  3.000000e+00
      vertex  7.220217e+01  3.734945e+01  0.000000e+00
      vertex  7.169449e+01  3.752374e+01  0.000000e+00
    endloop
  endfacet
  facet normal  3.246964e-01  9.458183e-01  -0.000000e+00
    outer loop
      vertex  7.220217e+01  3.734945e+01  3.000000e+00
      vertex  7.169449e+01  3.752374e+01  0.000000e+00
      vertex  7.169449e+01  3.752374e+01  3.000000e+00
    endloop
  endfacet
  facet normal  4.759521e-01  8.794712e-01  0.000000e+00
    outer loop
      vertex  7.169449e+01  3.752374e+01  3.000000e+00
      vertex  7.169449e+01  3.752374e+01  0.000000e+00
      vertex  7.122242e+01  3.777921e+01  0.000000e+00
    endloop
  endfacet
  facet normal  4.759521e-01  8.794712e-01  -0.000000e+00
    outer loop
      vertex  7.169449e+01  3.752374e+01  3.000000e+00
      vertex  7.122242e+01  3.777921e+01  0.000000e+00
      vertex  7.122242e+01  3.777921e+01  3.000000e+00
    endloop
  endfacet
  facet normal  6.142132e-01  7.891402e-01  0.000000e+00
    outer loop
      vertex  7.122242e+01  3.777921e+01  3.000000e+00
      vertex  7.122242e+01  3.777921e+01  0.000000e+00
      vertex  7.079884e+01  3.810890e+01  0.000000e+00
    endloop
  endfacet
  facet normal  6.142132e-01  7.891402e-01  -0.000000e+00
    outer loop
      vertex  7.122242e+01  3.777921e+01  3.000000e+00
      vertex  7.079884e+01  3.810890e+01  0.000000e+00
      vertex  7.079884e+01  3.810890e+01  3.000000e+00
    endloop
  endfacet
  facet normal  7.357226e-01  6.772830e-01  0.000000e+00
    outer loop
      vertex  7.079884e+01  3.810890e+01  3.000000e+00
      vertex  7.079884e+01  3.810890e+01  0.000000e+00
      vertex  7.043530e+01  3.850381e+01  0.000000e+00
    endloop
  endfacet
  facet normal  7.357226e-01  6.772830e-01  -0.000000e+00
    outer loop
      vertex  7.079884e+01  3.810890e+01  3.000000e+00
      vertex  7.043530e+01  3.850381e+01  0.000000e+00
      vertex  7.043530e+01  3.850381e+01  3.000000e+00
    endloop
  endfacet
  facet normal  8.371641e-01  5.469518e-01  0.000000e+00
    outer loop
      vertex  7.043530e+01  3.850381e+01  3.000000e+00
      vertex  7.043530e+01  3.850381e+01  0.000000e+00
      vertex  7.014171e+01  3.895317e+01  0.000000e+00
    endloop
  endfacet
  facet normal  8.371641e-01  5.469518e-01  -0.000000e+00
    outer loop
      vertex  7.043530e+01  3.850381e+01  3.000000e+00
      vertex  7.014171e+01  3.895317e+01  0.000000e+00
      vertex  7.014171e+01  3.895317e+01  3.000000e+00
    endloop
  endfacet
  facet normal  9.157742e-01  4.016933e-01  0.000000e+00
    outer loop
      vertex  7.014171e+01  3.895317e+01  3.000000e+00
      vertex  7.014171e+01  3.895317e+01  0.000000e+00
      vertex  6.992609e+01  3.944473e+01  0.000000e+00
    endloop
  endfacet
  facet normal  9.157742e-01  4.016933e-01  -0.000000e+00
    outer loop
      vertex  7.014171e+01  3.895317e+01  3.000000e+00
      vertex  6.992609e+01  3.944473e+01  0.000000e+00
      vertex  6.992609e+01  3.944473e+01  3.000000e+00
    endloop
  endfacet
  facet normal  9.694010e-01  2.454826e-01  0.000000e+00
    outer loop
      vertex  6.992609e+01  3.944473e+01  3.000000e+00
      vertex  6.992609e+01  3.944473e+01  0.000000e+00
      vertex  6.979433e+01  3.996507e+01  0.000000e+00
    endloop
  endfacet
  facet normal  9.694010e-01  2.454826e-01  -0.000000e+00
    outer loop
      vertex  6.992609e+01  3.944473e+01  3.000000e+00
      vertex  6.979433e+01  3.996507e+01  0.000000e+00
      vertex  6.979433e+01  3.996507e+01  3.000000e+00
    endloop
  endfacet
  facet normal  9.965842e-01  8.258142e-02  0.000000e+00
    outer loop
      vertex  6.979433e+01  3.996507e+01  3.000000e+00
      vertex  6.979433e+01  3.996507e+01  0.000000e+00
      vertex  6.975000e+01  4.050000e+01 -4.440892e-16
    endloop
  endfacet
  facet normal  9.965842e-01  8.258142e-02  -0.000000e+00
    outer loop
      vertex  6.979433e+01  3.996507e+01  3.000000e+00
      vertex  6.975000e+01  4.050000e+01 -4.440892e-16
      vertex  6.975000e+01  4.050000e+01  3.000000e+00
    endloop
  endfacet
  facet normal  0.000000e+00  0.000000e+00 -1.000000e+00
    outer loop
      vertex  7.430551e+01  3.752374e+01  3.000000e+00
      vertex  7.423789e+01  3.912518e+01  3.000000e+00
      vertex  7.449668e+01  3.941260e+01  3.000000e+00
    endloop
  endfacet
  facet normal  0.000000e+00  -0.000000e+00 -1.000000e+00
    outer loop
      vertex  7.423789e+01  4.187482e+01  3.000000e+00
      vertex  7.430551e+01  4.347626e+01  3.000000e+00
      vertex  7.449668e+01  4.158740e+01  3.000000e+00
    endloop
  endfacet
  facet normal  0.000000e+00  -0.000000e+00 -1.000000e+00
    outer loop
      vertex  6.975000e+01  4.050000e+01  3.000000e+00
      vertex  6.979433e+01  4.103493e+01  3.000000e+00
      vertex  6.992609e+01  4.155527e+01  3.000000e+00
    endloop
  endfacet
  facet normal  0.000000e+00  -0.000000e+00 -1.000000e+00
    outer loop
      vertex  6.975000e+01  4.050000e+01  3.000000e+00
      vertex  6.992609e+01  4.155527e+01  3.000000e+00
      vertex  7.014171e+01  4.204683e+01  3.000000e+00
    endloop
  endfacet
  facet normal  0.000000e+00  -0.000000e+00 -1.000000e+00
    outer loop
      vertex  6.975000e+01  4.050000e+01  3.000000e+00
      vertex  7.014171e+01  4.204683e+01  3.000000e+00
      vertex  7.043530e+01  4.249619e+01  3.000000e+00
    endloop
  endfacet
  facet normal  0.000000e+00  -0.000000e+00 -1.000000e+00
    outer loop
      vertex  6.975000e+01  4.050000e+01  3.000000e+00
      vertex  7.043530e+01  4.249619e+01  3.000000e+00
      vertex  7.079884e+01  4.289110e+01  3.000000e+00
    endloop
  endfacet
  facet normal  0.000000e+00  -0.000000e+00 -1.000000e+00
    outer loop
      vertex  6.975000e+01  4.050000e+01  3.000000e+00
      vertex  7.079884e+01  4.289110e+01  3.000000e+00
      vertex  7.115000e+01  4.050000e+01  3.000000e+00
    endloop
  endfacet
  facet normal  -0.000000e+00  0.000000e+00 -1.000000e+00
    outer loop
      vertex  6.975000e+01  4.050000e+01  3.000000e+00
      vertex  7.115000e+01  4.050000e+01  3.000000e+00
      vertex  7.079884e+01  3.810890e+01  3.000000e+00
    endloop
  endfacet
  facet normal  0.000000e+00  0.000000e+00 -1.000000e+00
    outer loop
      vertex  6.975000e+01  4.050000e+01  3.000000e+00
      vertex  7.079884e+01  3.810890e+01  3.000000e+00
      vertex  7.043530e+01  3.850381e+01  3.000000e+00
    endloop
  endfacet
  facet normal  0.000000e+00  0.000000e+00 -1.000000e+00
    outer loop
      vertex  6.975000e+01  4.050000e+01  3.000000e+00
      vertex  7.043530e+01  3.850381e+01  3.000000e+00
      vertex  7.014171e+01  3.895317e+01  3.000000e+00
    endloop
  endfacet
  facet normal  0.000000e+00  0.000000e+00 -1.000000e+00
    outer loop
      vertex  6.975000e+01  4.050000e+01  3.000000e+00
      vertex  7.014171e+01  3.895317e+01  3.000000e+00
      vertex  6.992609e+01  3.944473e+01  3.000000e+00
    endloop
  endfacet
  facet normal  0.000000e+00  0.000000e+00 -1.000000e+00
    outer loop
      vertex  6.975000e+01  4.050000e+01  3.000000e+00
      vertex  6.992609e+01  3.944473e+01  3.000000e+00
      vertex  6.979433e+01  3.996507e+01  3.000000e+00
    endloop
  endfacet
  facet normal  0.000000e+00  0.000000e+00 -1.000000e+00
    outer loop
      vertex  7.485000e+01  4.050000e+01  3.000000e+00
      vertex  7.480957e+01  4.088464e+01  3.000000e+00
      vertex  7.477758e+01  4.322079e+01  3.000000e+00
    endloop
  endfacet
  facet normal  0.000000e+00  0.000000e+00 -1.000000e+00
    outer loop
      vertex  7.485000e+01  4.050000e+01  3.000000e+00
      vertex  7.477758e+01  4.322079e+01  3.000000e+00
      vertex  7.520116e+01  4.289110e+01  3.000000e+00
    endloop
  endfacet
  facet normal  0.000000e+00  -0.000000e+00 -1.000000e+00
    outer loop
      vertex  7.485000e+01  4.050000e+01  3.000000e+00
      vertex  7.520116e+01  4.289110e+01  3.000000e+00
      vertex  7.556470e+01  4.249619e+01  3.000000e+00
    endloop
  endfacet
  facet normal  0.000000e+00  -0.000000e+00 -1.000000e+00
    outer loop
      vertex  7.485000e+01  4.050000e+01  3.000000e+00
      vertex  7.556470e+01  4.249619e+01  3.000000e+00
      vertex  7.585829e+01  4.204683e+01  3.000000e+00
    endloop
  endfacet
  facet normal  0.000000e+00  -0.000000e+00 -1.000000e+00
    outer loop
      vertex  7.485000e+01  4.050000e+01  3.000000e+00
      vertex  7.585829e+01  4.204683e+01  3.000000e+00
      vertex  7.607391e+01  4.155527e+01  3.000000e+00
    endloop
  endfacet
  facet normal  0.000000e+00  -0.000000e+00 -9.999999e-01
    outer loop
      vertex  7.485000e+01  4.050000e+01  3.000000e+00
      vertex  7.607391e+01  4.155527e+01  3.000000e+00
      vertex  7.620567e+01  4.103493e+01  3.000000e+00
    endloop
  endfacet
  facet normal  0.000000e+00  -0.000000e+00 -9.999999e-01
    outer loop
      vertex  7.485000e+01  4.050000e+01  3.000000e+00
      vertex  7.620567e+01  4.103493e+01  3.000000e+00
      vertex  7.625000e+01  4.050000e+01  3.000000e+00
    endloop
  endfacet
  facet normal  -0.000000e+00  0.000000e+00 -9.999999e-01
    outer loop
      vertex  7.485000e+01  4.050000e+01  3.000000e+00
      vertex  7.625000e+01  4.050000e+01  3.000000e+00
      vertex  7.620567e+01  3.996507e+01  3.000000e+00
    endloop
  endfacet
  facet normal  -0.000000e+00  0.000000e+00 -9.999999e-01
    outer loop
      vertex  7.485000e+01  4.050000e+01  3.000000e+00
      vertex  7.620567e+01  3.996507e+01  3.000000e+00
      vertex  7.607391e+01  3.944473e+01  3.000000e+00
    endloop
  endfacet
  facet normal  -0.000000e+00  0.000000e+00 -1.000000e+00
    outer loop
      vertex  7.485000e+01  4.050000e+01  3.000000e+00
      vertex  7.607391e+01  3.944473e+01  3.000000e+00
      vertex  7.585829e+01  3.895317e+01  3.000000e+00
    endloop
  endfacet
  facet normal  -0.000000e+00  0.000000e+00 -1.000000e+00
    outer loop
      vertex  7.485000e+01  4.050000e+01  3.000000e+00
      vertex  7.585829e+01  3.895317e+01  3.000000e+00
      vertex  7.556470e+01  3.850381e+01  3.000000e+00
    endloop
  endfacet
  facet normal  -0.000000e+00  0.000000e+00 -1.000000e+00
    outer loop
      vertex  7.485000e+01  4.050000e+01  3.000000e+00
      vertex  7.556470e+01  3.850381e+01  3.000000e+00
      vertex  7.520116e+01  3.810890e+01  3.000000e+00
    endloop
  endfacet
  facet normal  -0.000000e+00  0.000000e+00 -1.000000e+00
    outer loop
      vertex  7.485000e+01  4.050000e+01  3.000000e+00
      vertex  7.520116e+01  3.810890e+01  3.000000e+00
      vertex  7.477758e+01  3.777921e+01  3.000000e+00
    endloop
  endfacet
  facet normal  0.000000e+00  0.000000e+00 -1.000000e+00
    outer loop
      vertex  7.485000e+01  4.050000e+01  3.000000e+00
      vertex  7.477758e+01  3.777921e+01  3.000000e+00
      vertex  7.480957e+01  4.011536e+01  3.000000e+00
    endloop
  endfacet
  facet normal  0.000000e+00  0.000000e+00 -1.000000e+00
    outer loop
      vertex  7.449668e+01  3.941260e+01  3.000000e+00
      vertex  7.469006e+01  3.974754e+01  3.000000e+00
      vertex  7.430551e+01  3.752374e+01  3.000000e+00
    endloop
  endfacet
  facet normal  0.000000e+00  0.000000e+00 -9.999999e-01
    outer loop
      vertex  7.430551e+01  3.752374e+01  3.000000e+00
      vertex  7.469006e+01  3.974754e+01  3.000000e+00
      vertex  7.480957e+01  4.011536e+01  3.000000e+00
    endloop
  endfacet
  facet normal  0.000000e+00  0.000000e+00 -1.000000e+00
    outer loop
      vertex  7.430551e+01  3.752374e+01  3.000000e+00
      vertex  7.480957e+01  4.011536e+01  3.000000e+00
      vertex  7.477758e+01  3.777921e+01  3.000000e+00
    endloop
  endfacet
  facet normal  0.000000e+00  0.000000e+00 -1.000000e+00
    outer loop
      vertex  7.319337e+01  3.866013e+01  3.000000e+00
      vertex  7.357168e+01  3.874055e+01  3.000000e+00
      vertex  7.326838e+01  3.726110e+01  3.000000e+00
    endloop
  endfacet
  facet normal  0.000000e+00  0.000000e+00 -1.000000e+00
    outer loop
      vertex  7.326838e+01  3.726110e+01  3.000000e+00
      vertex  7.357168e+01  3.874055e+01  3.000000e+00
      vertex  7.392500e+01  3.889785e+01  3.000000e+00
    endloop
  endfacet
  facet normal  0.000000e+00  0.000000e+00 -1.000000e+00
    outer loop
      vertex  7.326838e+01  3.726110e+01  3.000000e+00
      vertex  7.392500e+01  3.889785e+01  3.000000e+00
      vertex  7.379783e+01  3.734945e+01  3.000000e+00
    endloop
  endfacet
  facet normal  0.000000e+00  0.000000e+00 -9.999999e-01
    outer loop
      vertex  7.379783e+01  3.734945e+01  3.000000e+00
      vertex  7.392500e+01  3.889785e+01  3.000000e+00
      vertex  7.423789e+01  3.912518e+01  3.000000e+00
    endloop
  endfacet
  facet normal  0.000000e+00  -0.000000e+00 -1.000000e+00
    outer loop
      vertex  7.379783e+01  3.734945e+01  3.000000e+00
      vertex  7.423789e+01  3.912518e+01  3.000000e+00
      vertex  7.430551e+01  3.752374e+01  3.000000e+00
    endloop
  endfacet
  facet normal  -0.000000e+00  0.000000e+00 -9.999999e-01
    outer loop
      vertex  7.207500e+01  3.889785e+01  3.000000e+00
      vertex  7.242832e+01  3.874055e+01  3.000000e+00
      vertex  7.220217e+01  3.734945e+01  3.000000e+00
    endloop
  endfacet
  facet normal  0.000000e+00  0.000000e+00 -1.000000e+00
    outer loop
      vertex  7.220217e+01  3.734945e+01  3.000000e+00
      vertex  7.242832e+01  3.874055e+01  3.000000e+00
      vertex  7.280663e+01  3.866013e+01  3.000000e+00
    endloop
  endfacet
  facet normal  0.000000e+00  0.000000e+00 -1.000000e+00
    outer loop
      vertex  7.220217e+01  3.734945e+01  3.000000e+00
      vertex  7.280663e+01  3.866013e+01  3.000000e+00
      vertex  7.273162e+01  3.726110e+01  3.000000e+00
    endloop
  endfacet
  facet normal  0.000000e+00  0.000000e+00 -1.000000e+00
    outer loop
      vertex  7.273162e+01  3.726110e+01  3.000000e+00
      vertex  7.280663e+01  3.866013e+01  3.000000e+00
      vertex  7.319337e+01  3.866013e+01  3.000000e+00
    endloop
  endfacet
  facet normal  0.000000e+00  -0.000000e+00 -1.000000e+00
    outer loop
      vertex  7.273162e+01  3.726110e+01  3.000000e+00
      vertex  7.319337e+01  3.866013e+01  3.000000e+00
      vertex  7.326838e+01  3.726110e+01  3.000000e+00
    endloop
  endfacet
  facet normal  -0.000000e+00  0.000000e+00 -9.999999e-01
    outer loop
      vertex  7.130994e+01  3.974754e+01  3.000000e+00
      vertex  7.150332e+01  3.941260e+01  3.000000e+00
      vertex  7.122242e+01  3.777921e+01  3.000000e+00
    endloop
  endfacet
  facet normal  0.000000e+00  0.000000e+00 -1.000000e+00
    outer loop
      vertex  7.122242e+01  3.777921e+01  3.000000e+00
      vertex  7.150332e+01  3.941260e+01  3.000000e+00
      vertex  7.176211e+01  3.912518e+01  3.000000e+00
    endloop
  endfacet
  facet normal  0.000000e+00  0.000000e+00 -9.999999e-01
    outer loop
      vertex  7.122242e+01  3.777921e+01  3.000000e+00
      vertex  7.176211e+01  3.912518e+01  3.000000e+00
      vertex  7.169449e+01  3.752374e+01  3.000000e+00
    endloop
  endfacet
  facet normal  0.000000e+00  0.000000e+00 -1.000000e+00
    outer loop
      vertex  7.169449e+01  3.752374e+01  3.000000e+00
      vertex  7.176211e+01  3.912518e+01  3.000000e+00
      vertex  7.207500e+01  3.889785e+01  3.000000e+00
    endloop
  endfacet
  facet normal  0.000000e+00  -0.000000e+00 -1.000000e+00
    outer loop
      vertex  7.169449e+01  3.752374e+01  3.000000e+00
      vertex  7.207500e+01  3.889785e+01  3.000000e+00
      vertex  7.220217e+01  3.734945e+01  3.000000e+00
    endloop
  endfacet
  facet normal  0.000000e+00  0.000000e+00 -1.000000e+00
    outer loop
      vertex  7.130994e+01  3.974754e+01  3.000000e+00
      vertex  7.122242e+01  3.777921e+01  3.000000e+00
      vertex  7.119043e+01  4.011536e+01  3.000000e+00
    endloop
  endfacet
  facet normal  0.000000e+00  -0.000000e+00 -1.000000e+00
    outer loop
      vertex  7.119043e+01  4.011536e+01  3.000000e+00
      vertex  7.122242e+01  3.777921e+01  3.000000e+00
      vertex  7.079884e+01  3.810890e+01  3.000000e+00
    endloop
  endfacet
  facet normal  0.000000e+00  0.000000e+00 -9.999999e-01
    outer loop
      vertex  7.119043e+01  4.011536e+01  3.000000e+00
      vertex  7.079884e+01  3.810890e+01  3.000000e+00
      vertex  7.115000e+01  4.050000e+01  3.000000e+00
    endloop
  endfacet
  facet normal  0.000000e+00  0.000000e+00 -1.000000e+00
    outer loop
      vertex  7.449668e+01  4.158740e+01  3.000000e+00
      vertex  7.430551e+01  4.347626e+01  3.000000e+00
      vertex  7.469006e+01  4.125246e+01  3.000000e+00
    endloop
  endfacet
  facet normal  0.000000e+00  0.000000e+00 -1.000000e+00
    outer loop
      vertex  7.469006e+01  4.125246e+01  3.000000e+00
      vertex  7.430551e+01  4.347626e+01  3.000000e+00
      vertex  7.477758e+01  4.322079e+01  3.000000e+00
    endloop
  endfacet
  facet normal  0.000000e+00  -0.000000e+00 -1.000000e+00
    outer loop
      vertex  7.469006e+01  4.125246e+01  3.000000e+00
      vertex  7.477758e+01  4.322079e+01  3.000000e+00
      vertex  7.480957e+01  4.088464e+01  3.000000e+00
    endloop
  endfacet
  facet normal  0.000000e+00  -0.000000e+00 -1.000000e+00
    outer loop
      vertex  7.319337e+01  4.233987e+01  3.000000e+00
      vertex  7.326838e+01  4.373890e+01  3.000000e+00
      vertex  7.357168e+01  4.225945e+01  3.000000e+00
    endloop
  endfacet
  facet normal  0.000000e+00  0.000000e+00 -1.000000e+00
    outer loop
      vertex  7.357168e+01  4.225945e+01  3.000000e+00
      vertex  7.326838e+01  4.373890e+01  3.000000e+00
      vertex  7.379783e+01  4.365055e+01  3.000000e+00
    endloop
  endfacet
  facet normal  0.000000e+00  -0.000000e+00 -9.999999e-01
    outer loop
      vertex  7.357168e+01  4.225945e+01  3.000000e+00
      vertex  7.379783e+01  4.365055e+01  3.000000e+00
      vertex  7.392500e+01  4.210215e+01  3.000000e+00
    endloop
  endfacet
  facet normal  0.000000e+00  0.000000e+00 -1.000000e+00
    outer loop
      vertex  7.392500e+01  4.210215e+01  3.000000e+00
      vertex  7.379783e+01  4.365055e+01  3.000000e+00
      vertex  7.430551e+01  4.347626e+01  3.000000e+00
    endloop
  endfacet
  facet normal  0.000000e+00  0.000000e+00 -1.000000e+00
    outer loop
      vertex  7.392500e+01  4.210215e+01  3.000000e+00
      vertex  7.430551e+01  4.347626e+01  3.000000e+00
      vertex  7.423789e+01  4.187482e+01  3.000000e+00
    endloop
  endfacet
  facet normal  0.000000e+00  -0.000000e+00 -9.999999e-01
    outer loop
      vertex  7.207500e+01  4.210215e+01  3.000000e+00
      vertex  7.220217e+01  4.365055e+01  3.000000e+00
      vertex  7.242832e+01  4.225945e+01  3.000000e+00
    endloop
  endfacet
  facet normal  0.000000e+00  0.000000e+00 -1.000000e+00
    outer loop
      vertex  7.242832e+01  4.225945e+01  3.000000e+00
      vertex  7.220217e+01  4.365055e+01  3.000000e+00
      vertex  7.273162e+01  4.373890e+01  3.000000e+00
    endloop
  endfacet
  facet normal  0.000000e+00  -0.000000e+00 -1.000000e+00
    outer loop
      vertex  7.242832e+01  4.225945e+01  3.000000e+00
      vertex  7.273162e+01  4.373890e+01  3.000000e+00
      vertex  7.280663e+01  4.233987e+01  3.000000e+00
    endloop
  endfacet
  facet normal  0.000000e+00  0.000000e+00 -1.000000e+00
    outer loop
      vertex  7.280663e+01  4.233987e+01  3.000000e+00
      vertex  7.273162e+01  4.373890e+01  3.000000e+00
      vertex  7.326838e+01  4.373890e+01  3.000000e+00
    endloop
  endfacet
  facet normal  0.000000e+00  0.000000e+00 -1.000000e+00
    outer loop
      vertex  7.280663e+01  4.233987e+01  3.000000e+00
      vertex  7.326838e+01  4.373890e+01  3.000000e+00
      vertex  7.319337e+01  4.233987e+01  3.000000e+00
    endloop
  endfacet
  facet normal  0.000000e+00  0.000000e+00 -1.000000e+00
    outer loop
      vertex  7.130994e+01  4.125246e+01  3.000000e+00
      vertex  7.122242e+01  4.322079e+01  3.000000e+00
      vertex  7.150332e+01  4.158740e+01  3.000000e+00
    endloop
  endfacet
  facet normal  0.000000e+00  0.000000e+00 -1.000000e+00
    outer loop
      vertex  7.150332e+01  4.158740e+01  3.000000e+00
      vertex  7.122242e+01  4.322079e+01  3.000000e+00
      vertex  7.169449e+01  4.347626e+01  3.000000e+00
    endloop
  endfacet
  facet normal  0.000000e+00  -0.000000e+00 -1.000000e+00
    outer loop
      vertex  7.150332e+01  4.158740e+01  3.000000e+00
      vertex  7.169449e+01  4.347626e+01  3.000000e+00
      vertex  7.176211e+01  4.187482e+01  3.000000e+00
    endloop
  endfacet
  facet normal  0.000000e+00  0.000000e+00 -1.000000e+00
    outer loop
      vertex  7.176211e+01  4.187482e+01  3.000000e+00
      vertex  7.169449e+01  4.347626e+01  3.000000e+00
      vertex  7.220217e+01  4.365055e+01  3.000000e+00
    endloop
  endfacet
  facet normal  0.000000e+00  0.000000e+00 -9.999999e-01
    outer loop
      vertex  7.176211e+01  4.187482e+01  3.000000e+00
      vertex  7.220217e+01  4.365055e+01  3.000000e+00
      vertex  7.207500e+01  4.210215e+01  3.000000e+00
    endloop
  endfacet
  facet normal  0.000000e+00  0.000000e+00 -1.000000e+00
    outer loop
      vertex  7.130994e+01  4.125246e+01  3.000000e+00
      vertex  7.119043e+01  4.088464e+01  3.000000e+00
      vertex  7.122242e+01  4.322079e+01  3.000000e+00
    endloop
  endfacet
  facet normal  0.000000e+00  0.000000e+00 -1.000000e+00
    outer loop
      vertex  7.122242e+01  4.322079e+01  3.000000e+00
      vertex  7.119043e+01  4.088464e+01  3.000000e+00
      vertex  7.115000e+01  4.050000e+01  3.000000e+00
    endloop
  endfacet
  facet normal  0.000000e+00  0.000000e+00 -1.000000e+00
    outer loop
      vertex  7.122242e+01  4.322079e+01  3.000000e+00
      vertex  7.115000e+01  4.050000e+01  3.000000e+00
      vertex  7.079884e+01  4.289110e+01  3.000000e+00
    endloop
  endfacet
  facet normal  2.079189e-01 -9.781461e-01  0.000000e+00
    outer loop
      vertex  7.280663e+01 -4.096013e+01  3.000000e+00
      vertex  7.242832e+01 -4.104055e+01  5.000000e+00
      vertex  7.242832e+01 -4.104055e+01  3.000000e+00
    endloop
  endfacet
  facet normal  4.067286e-01 -9.135489e-01  0.000000e+00
    outer loop
      vertex  7.242832e+01 -4.104055e+01  3.000000e+00
      vertex  7.242832e+01 -4.104055e+01  5.000000e+00
      vertex  7.207500e+01 -4.119785e+01  5.000000e+00
    endloop
  endfacet
  facet normal  4.067286e-01 -9.135489e-01  0.000000e+00
    outer loop
      vertex  7.242832e+01 -4.104055e+01  3.000000e+00
      vertex  7.207500e+01 -4.119785e+01  5.000000e+00
      vertex  7.207500e+01 -4.119785e+01  3.000000e+00
    endloop
  endfacet
  facet normal  5.877887e-01 -8.090145e-01  0.000000e+00
    outer loop
      vertex  7.207500e+01 -4.119785e+01  3.000000e+00
      vertex  7.207500e+01 -4.119785e+01  5.000000e+00
      vertex  7.176211e+01 -4.142518e+01  5.000000e+00
    endloop
  endfacet
  facet normal  5.877887e-01 -8.090145e-01  0.000000e+00
    outer loop
      vertex  7.207500e+01 -4.119785e+01  3.000000e+00
      vertex  7.176211e+01 -4.142518e+01  5.000000e+00
      vertex  7.176211e+01 -4.142518e+01  3.000000e+00
    endloop
  endfacet
  facet normal  7.431450e-01 -6.691304e-01  0.000000e+00
    outer loop
      vertex  7.176211e+01 -4.142518e+01  3.000000e+00
      vertex  7.176211e+01 -4.142518e+01  5.000000e+00
      vertex  7.150332e+01 -4.171260e+01  5.000000e+00
    endloop
  endfacet
  facet normal  7.431450e-01 -6.691304e-01  0.000000e+00
    outer loop
      vertex  7.176211e+01 -4.142518e+01  3.000000e+00
      vertex  7.150332e+01 -4.171260e+01  5.000000e+00
      vertex  7.150332e+01 -4.171260e+01  3.000000e+00
    endloop
  endfacet
  facet normal  8.660300e-01 -4.999920e-01  0.000000e+00
    outer loop
      vertex  7.150332e+01 -4.171260e+01  3.000000e+00
      vertex  7.150332e+01 -4.171260e+01  5.000000e+00
      vertex  7.130994e+01 -4.204754e+01  5.000000e+00
    endloop
  endfacet
  facet normal  8.660300e-01 -4.999920e-01  0.000000e+00
    outer loop
      vertex  7.150332e+01 -4.171260e+01  3.000000e+00
      vertex  7.130994e+01 -4.204754e+01  5.000000e+00
      vertex  7.130994e+01 -4.204754e+01  3.000000e+00
    endloop
  endfacet
  facet normal  9.510558e-01 -3.090194e-01  0.000000e+00
    outer loop
      vertex  7.130994e+01 -4.204754e+01  3.000000e+00
      vertex  7.130994e+01 -4.204754e+01  5.000000e+00
      vertex  7.119043e+01 -4.241536e+01  5.000000e+00
    endloop
  endfacet
  facet normal  9.510558e-01 -3.090194e-01  0.000000e+00
    outer loop
      vertex  7.130994e+01 -4.204754e+01  3.000000e+00
      vertex  7.119043e+01 -4.241536e+01  5.000000e+00
      vertex  7.119043e+01 -4.241536e+01  3.000000e+00
    endloop
  endfacet
  facet normal  9.945215e-01 -1.045318e-01  0.000000e+00
    outer loop
      vertex  7.119043e+01 -4.241536e+01  3.000000e+00
      vertex  7.119043e+01 -4.241536e+01  5.000000e+00
      vertex  7.115000e+01 -4.280000e+01  5.000000e+00
    endloop
  endfacet
  facet normal  9.945215e-01 -1.045318e-01  0.000000e+00
    outer loop
      vertex  7.119043e+01 -4.241536e+01  3.000000e+00
      vertex  7.115000e+01 -4.280000e+01  5.000000e+00
      vertex  7.115000e+01 -4.280000e+01  3.000000e+00
    endloop
  endfacet
  facet normal  2.079189e-01 -9.781461e-01  0.000000e+00
    outer loop
      vertex  7.242832e+01 -4.104055e+01  5.000000e+00
      vertex  7.280663e+01 -4.096013e+01  3.000000e+00
      vertex  7.280663e+01 -4.096013e+01  5.000000e+00
    endloop
  endfacet
  facet normal  0.000000e+00 -1.000000e+00  0.000000e+00
    outer loop
      vertex  7.280663e+01 -4.096013e+01  5.000000e+00
      vertex  7.280663e+01 -4.096013e+01  3.000000e+00
      vertex  7.319337e+01 -4.096013e+01  3.000000e+00
    endloop
  endfacet
  facet normal  0.000000e+00 -1.000000e+00  0.000000e+00
    outer loop
      vertex  7.280663e+01 -4.096013e+01  5.000000e+00
      vertex  7.319337e+01 -4.096013e+01  3.000000e+00
      vertex  7.319337e+01 -4.096013e+01  5.000000e+00
    endloop
  endfacet
  facet normal -2.079189e-01 -9.781461e-01  -0.000000e+00
    outer loop
      vertex  7.319337e+01 -4.096013e+01  5.000000e+00
      vertex  7.319337e+01 -4.096013e+01  3.000000e+00
      vertex  7.357168e+01 -4.104055e+01  3.000000e+00
    endloop
  endfacet
  facet normal -2.079189e-01 -9.781461e-01  0.000000e+00
    outer loop
      vertex  7.319337e+01 -4.096013e+01  5.000000e+00
      vertex  7.357168e+01 -4.104055e+01  3.000000e+00
      vertex  7.357168e+01 -4.104055e+01  5.000000e+00
    endloop
  endfacet
  facet normal -4.067286e-01 -9.135489e-01  -0.000000e+00
    outer loop
      vertex  7.357168e+01 -4.104055e+01  5.000000e+00
      vertex  7.357168e+01 -4.104055e+01  3.000000e+00
      vertex  7.392500e+01 -4.119785e+01  3.000000e+00
    endloop
  endfacet
  facet normal -4.067286e-01 -9.135489e-01  0.000000e+00
    outer loop
      vertex  7.357168e+01 -4.104055e+01  5.000000e+00
      vertex  7.392500e+01 -4.119785e+01  3.000000e+00
      vertex  7.392500e+01 -4.119785e+01  5.000000e+00
    endloop
  endfacet
  facet normal -5.877887e-01 -8.090145e-01  -0.000000e+00
    outer loop
      vertex  7.392500e+01 -4.119785e+01  5.000000e+00
      vertex  7.392500e+01 -4.119785e+01  3.000000e+00
      vertex  7.423789e+01 -4.142518e+01  3.000000e+00
    endloop
  endfacet
  facet normal -5.877887e-01 -8.090145e-01  0.000000e+00
    outer loop
      vertex  7.392500e+01 -4.119785e+01  5.000000e+00
      vertex  7.423789e+01 -4.142518e+01  3.000000e+00
      vertex  7.423789e+01 -4.142518e+01  5.000000e+00
    endloop
  endfacet
  facet normal -7.431450e-01 -6.691304e-01  -0.000000e+00
    outer loop
      vertex  7.423789e+01 -4.142518e+01  5.000000e+00
      vertex  7.423789e+01 -4.142518e+01  3.000000e+00
      vertex  7.449668e+01 -4.171260e+01  3.000000e+00
    endloop
  endfacet
  facet normal -7.431450e-01 -6.691304e-01  0.000000e+00
    outer loop
      vertex  7.423789e+01 -4.142518e+01  5.000000e+00
      vertex  7.449668e+01 -4.171260e+01  3.000000e+00
      vertex  7.449668e+01 -4.171260e+01  5.000000e+00
    endloop
  endfacet
  facet normal -8.660300e-01 -4.999920e-01  -0.000000e+00
    outer loop
      vertex  7.449668e+01 -4.171260e+01  5.000000e+00
      vertex  7.449668e+01 -4.171260e+01  3.000000e+00
      vertex  7.469006e+01 -4.204754e+01  3.000000e+00
    endloop
  endfacet
  facet normal -8.660300e-01 -4.999920e-01  0.000000e+00
    outer loop
      vertex  7.449668e+01 -4.171260e+01  5.000000e+00
      vertex  7.469006e+01 -4.204754e+01  3.000000e+00
      vertex  7.469006e+01 -4.204754e+01  5.000000e+00
    endloop
  endfacet
  facet normal -9.510558e-01 -3.090194e-01  -0.000000e+00
    outer loop
      vertex  7.469006e+01 -4.204754e+01  5.000000e+00
      vertex  7.469006e+01 -4.204754e+01  3.000000e+00
      vertex  7.480957e+01 -4.241536e+01  3.000000e+00
    endloop
  endfacet
  facet normal -9.510558e-01 -3.090194e-01  0.000000e+00
    outer loop
      vertex  7.469006e+01 -4.204754e+01  5.000000e+00
      vertex  7.480957e+01 -4.241536e+01  3.000000e+00
      vertex  7.480957e+01 -4.241536e+01  5.000000e+00
    endloop
  endfacet
  facet normal -9.945215e-01 -1.045318e-01  -0.000000e+00
    outer loop
      vertex  7.480957e+01 -4.241536e+01  5.000000e+00
      vertex  7.480957e+01 -4.241536e+01  3.000000e+00
      vertex  7.485000e+01 -4.280000e+01  3.000000e+00
    endloop
  endfacet
  facet normal -9.945215e-01 -1.045318e-01  0.000000e+00
    outer loop
      vertex  7.480957e+01 -4.241536e+01  5.000000e+00
      vertex  7.485000e+01 -4.280000e+01  3.000000e+00
      vertex  7.485000e+01 -4.280000e+01  5.000000e+00
    endloop
  endfacet
  facet normal -2.079095e-01  9.781482e-01  0.000000e+00
    outer loop
      vertex  7.319337e+01 -4.463987e+01  3.000000e+00
      vertex  7.357168e+01 -4.455946e+01  5.000000e+00
      vertex  7.357168e+01 -4.455946e+01  3.000000e+00
    endloop
  endfacet
  facet normal -4.067369e-01  9.135454e-01  0.000000e+00
    outer loop
      vertex  7.357168e+01 -4.455946e+01  3.000000e+00
      vertex  7.357168e+01 -4.455946e+01  5.000000e+00
      vertex  7.392500e+01 -4.440215e+01  5.000000e+00
    endloop
  endfacet
  facet normal -4.067369e-01  9.135454e-01  0.000000e+00
    outer loop
      vertex  7.357168e+01 -4.455946e+01  3.000000e+00
      vertex  7.392500e+01 -4.440215e+01  5.000000e+00
      vertex  7.392500e+01 -4.440215e+01  3.000000e+00
    endloop
  endfacet
  facet normal -5.877887e-01  8.090145e-01  0.000000e+00
    outer loop
      vertex  7.392500e+01 -4.440215e+01  3.000000e+00
      vertex  7.392500e+01 -4.440215e+01  5.000000e+00
      vertex  7.423789e+01 -4.417482e+01  5.000000e+00
    endloop
  endfacet
  facet normal -5.877887e-01  8.090145e-01  0.000000e+00
    outer loop
      vertex  7.392500e+01 -4.440215e+01  3.000000e+00
      vertex  7.423789e+01 -4.417482e+01  5.000000e+00
      vertex  7.423789e+01 -4.417482e+01  3.000000e+00
    endloop
  endfacet
  facet normal -7.431450e-01  6.691304e-01  0.000000e+00
    outer loop
      vertex  7.423789e+01 -4.417482e+01  3.000000e+00
      vertex  7.423789e+01 -4.417482e+01  5.000000e+00
      vertex  7.449668e+01 -4.388740e+01  5.000000e+00
    endloop
  endfacet
  facet normal -7.431450e-01  6.691304e-01  0.000000e+00
    outer loop
      vertex  7.423789e+01 -4.417482e+01  3.000000e+00
      vertex  7.449668e+01 -4.388740e+01  5.000000e+00
      vertex  7.449668e+01 -4.388740e+01  3.000000e+00
    endloop
  endfacet
  facet normal -8.660275e-01  4.999962e-01  0.000000e+00
    outer loop
      vertex  7.449668e+01 -4.388740e+01  3.000000e+00
      vertex  7.449668e+01 -4.388740e+01  5.000000e+00
      vertex  7.469006e+01 -4.355246e+01  5.000000e+00
    endloop
  endfacet
  facet normal -8.660275e-01  4.999962e-01  0.000000e+00
    outer loop
      vertex  7.449668e+01 -4.388740e+01  3.000000e+00
      vertex  7.469006e+01 -4.355246e+01  5.000000e+00
      vertex  7.469006e+01 -4.355246e+01  3.000000e+00
    endloop
  endfacet
  facet normal -9.510567e-01  3.090165e-01  0.000000e+00
    outer loop
      vertex  7.469006e+01 -4.355246e+01  3.000000e+00
      vertex  7.469006e+01 -4.355246e+01  5.000000e+00
      vertex  7.480957e+01 -4.318464e+01  5.000000e+00
    endloop
  endfacet
  facet normal -9.510567e-01  3.090165e-01  0.000000e+00
    outer loop
      vertex  7.469006e+01 -4.355246e+01  3.000000e+00
      vertex  7.480957e+01 -4.318464e+01  5.000000e+00
      vertex  7.480957e+01 -4.318464e+01  3.000000e+00
    endloop
  endfacet
  facet normal -9.945215e-01  1.045318e-01  0.000000e+00
    outer loop
      vertex  7.480957e+01 -4.318464e+01  3.000000e+00
      vertex  7.480957e+01 -4.318464e+01  5.000000e+00
      vertex  7.485000e+01 -4.280000e+01  5.000000e+00
    endloop
  endfacet
  facet normal -9.945215e-01  1.045318e-01  0.000000e+00
    outer loop
      vertex  7.480957e+01 -4.318464e+01  3.000000e+00
      vertex  7.485000e+01 -4.280000e+01  5.000000e+00
      vertex  7.485000e+01 -4.280000e+01  3.000000e+00
    endloop
  endfacet
  facet normal -2.079095e-01  9.781482e-01  0.000000e+00
    outer loop
      vertex  7.357168e+01 -4.455946e+01  5.000000e+00
      vertex  7.319337e+01 -4.463987e+01  3.000000e+00
      vertex  7.319337e+01 -4.463987e+01  5.000000e+00
    endloop
  endfacet
  facet normal  0.000000e+00  1.000000e+00  0.000000e+00
    outer loop
      vertex  7.319337e+01 -4.463987e+01  5.000000e+00
      vertex  7.319337e+01 -4.463987e+01  3.000000e+00
      vertex  7.280663e+01 -4.463987e+01  3.000000e+00
    endloop
  endfacet
  facet normal  0.000000e+00  1.000000e+00  0.000000e+00
    outer loop
      vertex  7.319337e+01 -4.463987e+01  5.000000e+00
      vertex  7.280663e+01 -4.463987e+01  3.000000e+00
      vertex  7.280663e+01 -4.463987e+01  5.000000e+00
    endloop
  endfacet
  facet normal  2.079095e-01  9.781482e-01  0.000000e+00
    outer loop
      vertex  7.280663e+01 -4.463987e+01  5.000000e+00
      vertex  7.280663e+01 -4.463987e+01  3.000000e+00
      vertex  7.242832e+01 -4.455946e+01  3.000000e+00
    endloop
  endfacet
  facet normal  2.079095e-01  9.781482e-01  -0.000000e+00
    outer loop
      vertex  7.280663e+01 -4.463987e+01  5.000000e+00
      vertex  7.242832e+01 -4.455946e+01  3.000000e+00
      vertex  7.242832e+01 -4.455946e+01  5.000000e+00
    endloop
  endfacet
  facet normal  4.067369e-01  9.135454e-01  0.000000e+00
    outer loop
      vertex  7.242832e+01 -4.455946e+01  5.000000e+00
      vertex  7.242832e+01 -4.455946e+01  3.000000e+00
      vertex  7.207500e+01 -4.440215e+01  3.000000e+00
    endloop
  endfacet
  facet normal  4.067369e-01  9.135454e-01  -0.000000e+00
    outer loop
      vertex  7.242832e+01 -4.455946e+01  5.000000e+00
      vertex  7.207500e+01 -4.440215e+01  3.000000e+00
      vertex  7.207500e+01 -4.440215e+01  5.000000e+00
    endloop
  endfacet
  facet normal  5.877887e-01  8.090145e-01  0.000000e+00
    outer loop
      vertex  7.207500e+01 -4.440215e+01  5.000000e+00
      vertex  7.207500e+01 -4.440215e+01  3.000000e+00
      vertex  7.176211e+01 -4.417482e+01  3.000000e+00
    endloop
  endfacet
  facet normal  5.877887e-01  8.090145e-01  -0.000000e+00
    outer loop
      vertex  7.207500e+01 -4.440215e+01  5.000000e+00
      vertex  7.176211e+01 -4.417482e+01  3.000000e+00
      vertex  7.176211e+01 -4.417482e+01  5.000000e+00
    endloop
  endfacet
  facet normal  7.431450e-01  6.691304e-01  0.000000e+00
    outer loop
      vertex  7.176211e+01 -4.417482e+01  5.000000e+00
      vertex  7.176211e+01 -4.417482e+01  3.000000e+00
      vertex  7.150332e+01 -4.388740e+01  3.000000e+00
    endloop
  endfacet
  facet normal  7.431450e-01  6.691304e-01  -0.000000e+00
    outer loop
      vertex  7.176211e+01 -4.417482e+01  5.000000e+00
      vertex  7.150332e+01 -4.388740e+01  3.000000e+00
      vertex  7.150332e+01 -4.388740e+01  5.000000e+00
    endloop
  endfacet
  facet normal  8.660275e-01  4.999962e-01  0.000000e+00
    outer loop
      vertex  7.150332e+01 -4.388740e+01  5.000000e+00
      vertex  7.150332e+01 -4.388740e+01  3.000000e+00
      vertex  7.130994e+01 -4.355246e+01  3.000000e+00
    endloop
  endfacet
  facet normal  8.660275e-01  4.999962e-01  -0.000000e+00
    outer loop
      vertex  7.150332e+01 -4.388740e+01  5.000000e+00
      vertex  7.130994e+01 -4.355246e+01  3.000000e+00
      vertex  7.130994e+01 -4.355246e+01  5.000000e+00
    endloop
  endfacet
  facet normal  9.510567e-01  3.090165e-01  0.000000e+00
    outer loop
      vertex  7.130994e+01 -4.355246e+01  5.000000e+00
      vertex  7.130994e+01 -4.355246e+01  3.000000e+00
      vertex  7.119043e+01 -4.318464e+01  3.000000e+00
    endloop
  endfacet
  facet normal  9.510567e-01  3.090165e-01  -0.000000e+00
    outer loop
      vertex  7.130994e+01 -4.355246e+01  5.000000e+00
      vertex  7.119043e+01 -4.318464e+01  3.000000e+00
      vertex  7.119043e+01 -4.318464e+01  5.000000e+00
    endloop
  endfacet
  facet normal  9.945215e-01  1.045318e-01  0.000000e+00
    outer loop
      vertex  7.119043e+01 -4.318464e+01  5.000000e+00
      vertex  7.119043e+01 -4.318464e+01  3.000000e+00
      vertex  7.115000e+01 -4.280000e+01  3.000000e+00
    endloop
  endfacet
  facet normal  9.945215e-01  1.045318e-01  -0.000000e+00
    outer loop
      vertex  7.119043e+01 -4.318464e+01  5.000000e+00
      vertex  7.115000e+01 -4.280000e+01  3.000000e+00
      vertex  7.115000e+01 -4.280000e+01  5.000000e+00
    endloop
  endfacet
  facet normal  1.645926e-01 -9.863617e-01  0.000000e+00
    outer loop
      vertex  7.273162e+01 -3.956110e+01  0.000000e+00
      vertex  7.220217e+01 -3.964945e+01  3.000000e+00
      vertex  7.220217e+01 -3.964945e+01  0.000000e+00
    endloop
  endfacet
  facet normal  3.247028e-01 -9.458162e-01  0.000000e+00
    outer loop
      vertex  7.220217e+01 -3.964945e+01  0.000000e+00
      vertex  7.220217e+01 -3.964945e+01  3.000000e+00
      vertex  7.169449e+01 -3.982374e+01  3.000000e+00
    endloop
  endfacet
  facet normal  3.247028e-01 -9.458162e-01  0.000000e+00
    outer loop
      vertex  7.220217e+01 -3.964945e+01  0.000000e+00
      vertex  7.169449e+01 -3.982374e+01  3.000000e+00
      vertex  7.169449e+01 -3.982374e+01  0.000000e+00
    endloop
  endfacet
  facet normal  4.759465e-01 -8.794742e-01  0.000000e+00
    outer loop
      vertex  7.169449e+01 -3.982374e+01  0.000000e+00
      vertex  7.169449e+01 -3.982374e+01  3.000000e+00
      vertex  7.122242e+01 -4.007921e+01  3.000000e+00
    endloop
  endfacet
  facet normal  4.759465e-01 -8.794742e-01  0.000000e+00
    outer loop
      vertex  7.169449e+01 -3.982374e+01  0.000000e+00
      vertex  7.122242e+01 -4.007921e+01  3.000000e+00
      vertex  7.122242e+01 -4.007921e+01  0.000000e+00
    endloop
  endfacet
  facet normal  6.142132e-01 -7.891402e-01  0.000000e+00
    outer loop
      vertex  7.122242e+01 -4.007921e+01  0.000000e+00
      vertex  7.122242e+01 -4.007921e+01  3.000000e+00
      vertex  7.079884e+01 -4.040890e+01  3.000000e+00
    endloop
  endfacet
  facet normal  6.142132e-01 -7.891402e-01  0.000000e+00
    outer loop
      vertex  7.122242e+01 -4.007921e+01  0.000000e+00
      vertex  7.079884e+01 -4.040890e+01  3.000000e+00
      vertex  7.079884e+01 -4.040890e+01  0.000000e+00
    endloop
  endfacet
  facet normal  7.357258e-01 -6.772794e-01  0.000000e+00
    outer loop
      vertex  7.079884e+01 -4.040890e+01  0.000000e+00
      vertex  7.079884e+01 -4.040890e+01  3.000000e+00
      vertex  7.043530e+01 -4.080381e+01  3.000000e+00
    endloop
  endfacet
  facet normal  7.357258e-01 -6.772794e-01  0.000000e+00
    outer loop
      vertex  7.079884e+01 -4.040890e+01  0.000000e+00
      vertex  7.043530e+01 -4.080381e+01  3.000000e+00
      vertex  7.043530e+01 -4.080381e+01  0.000000e+00
    endloop
  endfacet
  facet normal  8.371620e-01 -5.469550e-01  0.000000e+00
    outer loop
      vertex  7.043530e+01 -4.080381e+01  0.000000e+00
      vertex  7.043530e+01 -4.080381e+01  3.000000e+00
      vertex  7.014171e+01 -4.125317e+01  3.000000e+00
    endloop
  endfacet
  facet normal  8.371620e-01 -5.469550e-01  0.000000e+00
    outer loop
      vertex  7.043530e+01 -4.080381e+01  0.000000e+00
      vertex  7.014171e+01 -4.125317e+01  3.000000e+00
      vertex  7.014171e+01 -4.125317e+01  0.000000e+00
    endloop
  endfacet
  facet normal  9.157754e-01 -4.016907e-01  0.000000e+00
    outer loop
      vertex  7.014171e+01 -4.125317e+01  0.000000e+00
      vertex  7.014171e+01 -4.125317e+01  3.000000e+00
      vertex  6.992609e+01 -4.174473e+01  3.000000e+00
    endloop
  endfacet
  facet normal  9.157754e-01 -4.016907e-01  0.000000e+00
    outer loop
      vertex  7.014171e+01 -4.125317e+01  0.000000e+00
      vertex  6.992609e+01 -4.174473e+01  3.000000e+00
      vertex  6.992609e+01 -4.174473e+01  0.000000e+00
    endloop
  endfacet
  facet normal  9.694006e-01 -2.454843e-01  0.000000e+00
    outer loop
      vertex  6.992609e+01 -4.174473e+01  0.000000e+00
      vertex  6.992609e+01 -4.174473e+01  3.000000e+00
      vertex  6.979433e+01 -4.226507e+01  3.000000e+00
    endloop
  endfacet
  facet normal  9.694006e-01 -2.454843e-01  0.000000e+00
    outer loop
      vertex  6.992609e+01 -4.174473e+01  0.000000e+00
      vertex  6.979433e+01 -4.226507e+01  3.000000e+00
      vertex  6.979433e+01 -4.226507e+01  0.000000e+00
    endloop
  endfacet
  facet normal  9.965842e-01 -8.258142e-02  0.000000e+00
    outer loop
      vertex  6.979433e+01 -4.226507e+01  0.000000e+00
      vertex  6.979433e+01 -4.226507e+01  3.000000e+00
      vertex  6.975000e+01 -4.280000e+01  3.000000e+00
    endloop
  endfacet
  facet normal  9.965842e-01 -8.258142e-02  0.000000e+00
    outer loop
      vertex  6.979433e+01 -4.226507e+01  0.000000e+00
      vertex  6.975000e+01 -4.280000e+01  3.000000e+00
      vertex  6.975000e+01 -4.280000e+01 -4.440892e-16
    endloop
  endfacet
  facet normal  1.645926e-01 -9.863617e-01  0.000000e+00
    outer loop
      vertex  7.220217e+01 -3.964945e+01  3.000000e+00
      vertex  7.273162e+01 -3.956110e+01  0.000000e+00
      vertex  7.273162e+01 -3.956110e+01  3.000000e+00
    endloop
  endfacet
  facet normal  0.000000e+00 -1.000000e+00  0.000000e+00
    outer loop
      vertex  7.273162e+01 -3.956110e+01  3.000000e+00
      vertex  7.273162e+01 -3.956110e+01  0.000000e+00
      vertex  7.326838e+01 -3.956110e+01  0.000000e+00
    endloop
  endfacet
  facet normal  0.000000e+00 -1.000000e+00  0.000000e+00
    outer loop
      vertex  7.273162e+01 -3.956110e+01  3.000000e+00
      vertex  7.326838e+01 -3.956110e+01  0.000000e+00
      vertex  7.326838e+01 -3.956110e+01  3.000000e+00
    endloop
  endfacet
  facet normal -1.645926e-01 -9.863617e-01  -0.000000e+00
    outer loop
      vertex  7.326838e+01 -3.956110e+01  3.000000e+00
      vertex  7.326838e+01 -3.956110e+01  0.000000e+00
      vertex  7.379783e+01 -3.964945e+01  0.000000e+00
    endloop
  endfacet
  facet normal -1.645926e-01 -9.863617e-01  0.000000e+00
    outer loop
      vertex  7.326838e+01 -3.956110e+01  3.000000e+00
      vertex  7.379783e+01 -3.964945e+01  0.000000e+00
      vertex  7.379783e+01 -3.964945e+01  3.000000e+00
    endloop
  endfacet
  facet normal -3.247028e-01 -9.458162e-01  -0.000000e+00
    outer loop
      vertex  7.379783e+01 -3.964945e+01  3.000000e+00
      vertex  7.379783e+01 -3.964945e+01  0.000000e+00
      vertex  7.430551e+01 -3.982374e+01  0.000000e+00
    endloop
  endfacet
  facet normal -3.247028e-01 -9.458162e-01  0.000000e+00
    outer loop
      vertex  7.379783e+01 -3.964945e+01  3.000000e+00
      vertex  7.430551e+01 -3.982374e+01  0.000000e+00
      vertex  7.430551e+01 -3.982374e+01  3.000000e+00
    endloop
  endfacet
  facet normal -4.759465e-01 -8.794742e-01  -0.000000e+00
    outer loop
      vertex  7.430551e+01 -3.982374e+01  3.000000e+00
      vertex  7.430551e+01 -3.982374e+01  0.000000e+00
      vertex  7.477758e+01 -4.007921e+01  0.000000e+00
    endloop
  endfacet
  facet normal -4.759465e-01 -8.794742e-01  0.000000e+00
    outer loop
      vertex  7.430551e+01 -3.982374e+01  3.000000e+00
      vertex  7.477758e+01 -4.007921e+01  0.000000e+00
      vertex  7.477758e+01 -4.007921e+01  3.000000e+00
    endloop
  endfacet
  facet normal -6.142132e-01 -7.891402e-01  -0.000000e+00
    outer loop
      vertex  7.477758e+01 -4.007921e+01  3.000000e+00
      vertex  7.477758e+01 -4.007921e+01  0.000000e+00
      vertex  7.520116e+01 -4.040890e+01  0.000000e+00
    endloop
  endfacet
  facet normal -6.142132e-01 -7.891402e-01  0.000000e+00
    outer loop
      vertex  7.477758e+01 -4.007921e+01  3.000000e+00
      vertex  7.520116e+01 -4.040890e+01  0.000000e+00
      vertex  7.520116e+01 -4.040890e+01  3.000000e+00
    endloop
  endfacet
  facet normal -7.357258e-01 -6.772794e-01  -0.000000e+00
    outer loop
      vertex  7.520116e+01 -4.040890e+01  3.000000e+00
      vertex  7.520116e+01 -4.040890e+01  0.000000e+00
      vertex  7.556470e+01 -4.080381e+01  0.000000e+00
    endloop
  endfacet
  facet normal -7.357258e-01 -6.772794e-01  0.000000e+00
    outer loop
      vertex  7.520116e+01 -4.040890e+01  3.000000e+00
      vertex  7.556470e+01 -4.080381e+01  0.000000e+00
      vertex  7.556470e+01 -4.080381e+01  3.000000e+00
    endloop
  endfacet
  facet normal -8.371620e-01 -5.469550e-01  -0.000000e+00
    outer loop
      vertex  7.556470e+01 -4.080381e+01  3.000000e+00
      vertex  7.556470e+01 -4.080381e+01  0.000000e+00
      vertex  7.585829e+01 -4.125317e+01  0.000000e+00
    endloop
  endfacet
  facet normal -8.371620e-01 -5.469550e-01  0.000000e+00
    outer loop
      vertex  7.556470e+01 -4.080381e+01  3.000000e+00
      vertex  7.585829e+01 -4.125317e+01  0.000000e+00
      vertex  7.585829e+01 -4.125317e+01  3.000000e+00
    endloop
  endfacet
  facet normal -9.157754e-01 -4.016907e-01  -0.000000e+00
    outer loop
      vertex  7.585829e+01 -4.125317e+01  3.000000e+00
      vertex  7.585829e+01 -4.125317e+01  0.000000e+00
      vertex  7.607391e+01 -4.174473e+01  0.000000e+00
    endloop
  endfacet
  facet normal -9.157754e-01 -4.016907e-01  0.000000e+00
    outer loop
      vertex  7.585829e+01 -4.125317e+01  3.000000e+00
      vertex  7.607391e+01 -4.174473e+01  0.000000e+00
      vertex  7.607391e+01 -4.174473e+01  3.000000e+00
    endloop
  endfacet
  facet normal -9.694006e-01 -2.454843e-01  -0.000000e+00
    outer loop
      vertex  7.607391e+01 -4.174473e+01  3.000000e+00
      vertex  7.607391e+01 -4.174473e+01  0.000000e+00
      vertex  7.620567e+01 -4.226507e+01  0.000000e+00
    endloop
  endfacet
  facet normal -9.694006e-01 -2.454843e-01  0.000000e+00
    outer loop
      vertex  7.607391e+01 -4.174473e+01  3.000000e+00
      vertex  7.620567e+01 -4.226507e+01  0.000000e+00
      vertex  7.620567e+01 -4.226507e+01  3.000000e+00
    endloop
  endfacet
  facet normal -9.965842e-01 -8.258142e-02  -0.000000e+00
    outer loop
      vertex  7.620567e+01 -4.226507e+01  3.000000e+00
      vertex  7.620567e+01 -4.226507e+01  0.000000e+00
      vertex  7.625000e+01 -4.280000e+01  0.000000e+00
    endloop
  endfacet
  facet normal -9.965842e-01 -8.258142e-02  0.000000e+00
    outer loop
      vertex  7.620567e+01 -4.226507e+01  3.000000e+00
      vertex  7.625000e+01 -4.280000e+01  0.000000e+00
      vertex  7.625000e+01 -4.280000e+01  3.000000e+00
    endloop
  endfacet
  facet normal -1.645926e-01  9.863617e-01  0.000000e+00
    outer loop
      vertex  7.326838e+01 -4.603890e+01  0.000000e+00
      vertex  7.379783e+01 -4.595055e+01  3.000000e+00
      vertex  7.379783e+01 -4.595055e+01  0.000000e+00
    endloop
  endfacet
  facet normal -3.246964e-01  9.458183e-01  0.000000e+00
    outer loop
      vertex  7.379783e+01 -4.595055e+01  0.000000e+00
      vertex  7.379783e+01 -4.595055e+01  3.000000e+00
      vertex  7.430551e+01 -4.577626e+01  3.000000e+00
    endloop
  endfacet
  facet normal -3.246964e-01  9.458183e-01  0.000000e+00
    outer loop
      vertex  7.379783e+01 -4.595055e+01  0.000000e+00
      vertex  7.430551e+01 -4.577626e+01  3.000000e+00
      vertex  7.430551e+01 -4.577626e+01  0.000000e+00
    endloop
  endfacet
  facet normal -4.759521e-01  8.794712e-01  0.000000e+00
    outer loop
      vertex  7.430551e+01 -4.577626e+01  0.000000e+00
      vertex  7.430551e+01 -4.577626e+01  3.000000e+00
      vertex  7.477758e+01 -4.552079e+01  3.000000e+00
    endloop
  endfacet
  facet normal -4.759521e-01  8.794712e-01  0.000000e+00
    outer loop
      vertex  7.430551e+01 -4.577626e+01  0.000000e+00
      vertex  7.477758e+01 -4.552079e+01  3.000000e+00
      vertex  7.477758e+01 -4.552079e+01  0.000000e+00
    endloop
  endfacet
  facet normal -6.142132e-01  7.891402e-01  0.000000e+00
    outer loop
      vertex  7.477758e+01 -4.552079e+01  0.000000e+00
      vertex  7.477758e+01 -4.552079e+01  3.000000e+00
      vertex  7.520116e+01 -4.519110e+01  3.000000e+00
    endloop
  endfacet
  facet normal -6.142132e-01  7.891402e-01  0.000000e+00
    outer loop
      vertex  7.477758e+01 -4.552079e+01  0.000000e+00
      vertex  7.520116e+01 -4.519110e+01  3.000000e+00
      vertex  7.520116e+01 -4.519110e+01  0.000000e+00
    endloop
  endfacet
  facet normal -7.357226e-01  6.772830e-01  0.000000e+00
    outer loop
      vertex  7.520116e+01 -4.519110e+01  0.000000e+00
      vertex  7.520116e+01 -4.519110e+01  3.000000e+00
      vertex  7.556470e+01 -4.479619e+01  3.000000e+00
    endloop
  endfacet
  facet normal -7.357226e-01  6.772830e-01  0.000000e+00
    outer loop
      vertex  7.520116e+01 -4.519110e+01  0.000000e+00
      vertex  7.556470e+01 -4.479619e+01  3.000000e+00
      vertex  7.556470e+01 -4.479619e+01  0.000000e+00
    endloop
  endfacet
  facet normal -8.371641e-01  5.469518e-01  0.000000e+00
    outer loop
      vertex  7.556470e+01 -4.479619e+01  0.000000e+00
      vertex  7.556470e+01 -4.479619e+01  3.000000e+00
      vertex  7.585829e+01 -4.434683e+01  3.000000e+00
    endloop
  endfacet
  facet normal -8.371641e-01  5.469518e-01  0.000000e+00
    outer loop
      vertex  7.556470e+01 -4.479619e+01  0.000000e+00
      vertex  7.585829e+01 -4.434683e+01  3.000000e+00
      vertex  7.585829e+01 -4.434683e+01  0.000000e+00
    endloop
  endfacet
  facet normal -9.157742e-01  4.016933e-01  0.000000e+00
    outer loop
      vertex  7.585829e+01 -4.434683e+01  0.000000e+00
      vertex  7.585829e+01 -4.434683e+01  3.000000e+00
      vertex  7.607391e+01 -4.385527e+01  3.000000e+00
    endloop
  endfacet
  facet normal -9.157742e-01  4.016933e-01  0.000000e+00
    outer loop
      vertex  7.585829e+01 -4.434683e+01  0.000000e+00
      vertex  7.607391e+01 -4.385527e+01  3.000000e+00
      vertex  7.607391e+01 -4.385527e+01  0.000000e+00
    endloop
  endfacet
  facet normal -9.694006e-01  2.454843e-01  0.000000e+00
    outer loop
      vertex  7.607391e+01 -4.385527e+01  0.000000e+00
      vertex  7.607391e+01 -4.385527e+01  3.000000e+00
      vertex  7.620567e+01 -4.333493e+01  3.000000e+00
    endloop
  endfacet
  facet normal -9.694006e-01  2.454843e-01  0.000000e+00
    outer loop
      vertex  7.607391e+01 -4.385527e+01  0.000000e+00
      vertex  7.620567e+01 -4.333493e+01  3.000000e+00
      vertex  7.620567e+01 -4.333493e+01  0.000000e+00
    endloop
  endfacet
  facet normal -9.965844e-01  8.258083e-02  0.000000e+00
    outer loop
      vertex  7.620567e+01 -4.333493e+01  0.000000e+00
      vertex  7.620567e+01 -4.333493e+01  3.000000e+00
      vertex  7.625000e+01 -4.280000e+01  3.000000e+00
    endloop
  endfacet
  facet normal -9.965844e-01  8.258083e-02  0.000000e+00
    outer loop
      vertex  7.620567e+01 -4.333493e+01  0.000000e+00
      vertex  7.625000e+01 -4.280000e+01  3.000000e+00
      vertex  7.625000e+01 -4.280000e+01  0.000000e+00
    endloop
  endfacet
  facet normal -1.645926e-01  9.863617e-01  0.000000e+00
    outer loop
      vertex  7.379783e+01 -4.595055e+01  3.000000e+00
      vertex  7.326838e+01 -4.603890e+01  0.000000e+00
      vertex  7.326838e+01 -4.603890e+01  3.000000e+00
    endloop
  endfacet
  facet normal  0.000000e+00  1.000000e+00  0.000000e+00
    outer loop
      vertex  7.326838e+01 -4.603890e+01  3.000000e+00
      vertex  7.326838e+01 -4.603890e+01  0.000000e+00
      vertex  7.273162e+01 -4.603890e+01  0.000000e+00
    endloop
  endfacet
  facet normal  0.000000e+00  1.000000e+00  0.000000e+00
    outer loop
      vertex  7.326838e+01 -4.603890e+01  3.000000e+00
      vertex  7.273162e+01 -4.603890e+01  0.000000e+00
      vertex  7.273162e+01 -4.603890e+01  3.000000e+00
    endloop
  endfacet
  facet normal  1.645926e-01  9.863617e-01  0.000000e+00
    outer loop
      vertex  7.273162e+01 -4.603890e+01  3.000000e+00
      vertex  7.273162e+01 -4.603890e+01  0.000000e+00
      vertex  7.220217e+01 -4.595055e+01  0.000000e+00
    endloop
  endfacet
  facet normal  1.645926e-01  9.863617e-01  -0.000000e+00
    outer loop
      vertex  7.273162e+01 -4.603890e+01  3.000000e+00
      vertex  7.220217e+01 -4.595055e+01  0.000000e+00
      vertex  7.220217e+01 -4.595055e+01  3.000000e+00
    endloop
  endfacet
  facet normal  3.246964e-01  9.458183e-01  0.000000e+00
    outer loop
      vertex  7.220217e+01 -4.595055e+01  3.000000e+00
      vertex  7.220217e+01 -4.595055e+01  0.000000e+00
      vertex  7.169449e+01 -4.577626e+01  0.000000e+00
    endloop
  endfacet
  facet normal  3.246964e-01  9.458183e-01  -0.000000e+00
    outer loop
      vertex  7.220217e+01 -4.595055e+01  3.000000e+00
      vertex  7.169449e+01 -4.577626e+01  0.000000e+00
      vertex  7.169449e+01 -4.577626e+01  3.000000e+00
    endloop
  endfacet
  facet normal  4.759521e-01  8.794712e-01  0.000000e+00
    outer loop
      vertex  7.169449e+01 -4.577626e+01  3.000000e+00
      vertex  7.169449e+01 -4.577626e+01  0.000000e+00
      vertex  7.122242e+01 -4.552079e+01  0.000000e+00
    endloop
  endfacet
  facet normal  4.759521e-01  8.794712e-01  -0.000000e+00
    outer loop
      vertex  7.169449e+01 -4.577626e+01  3.000000e+00
      vertex  7.122242e+01 -4.552079e+01  0.000000e+00
      vertex  7.122242e+01 -4.552079e+01  3.000000e+00
    endloop
  endfacet
  facet normal  6.142132e-01  7.891402e-01  0.000000e+00
    outer loop
      vertex  7.122242e+01 -4.552079e+01  3.000000e+00
      vertex  7.122242e+01 -4.552079e+01  0.000000e+00
      vertex  7.079884e+01 -4.519110e+01  0.000000e+00
    endloop
  endfacet
  facet normal  6.142132e-01  7.891402e-01  -0.000000e+00
    outer loop
      vertex  7.122242e+01 -4.552079e+01  3.000000e+00
      vertex  7.079884e+01 -4.519110e+01  0.000000e+00
      vertex  7.079884e+01 -4.519110e+01  3.000000e+00
    endloop
  endfacet
  facet normal  7.357226e-01  6.772830e-01  0.000000e+00
    outer loop
      vertex  7.079884e+01 -4.519110e+01  3.000000e+00
      vertex  7.079884e+01 -4.519110e+01  0.000000e+00
      vertex  7.043530e+01 -4.479619e+01  0.000000e+00
    endloop
  endfacet
  facet normal  7.357226e-01  6.772830e-01  -0.000000e+00
    outer loop
      vertex  7.079884e+01 -4.519110e+01  3.000000e+00
      vertex  7.043530e+01 -4.479619e+01  0.000000e+00
      vertex  7.043530e+01 -4.479619e+01  3.000000e+00
    endloop
  endfacet
  facet normal  8.371641e-01  5.469518e-01  0.000000e+00
    outer loop
      vertex  7.043530e+01 -4.479619e+01  3.000000e+00
      vertex  7.043530e+01 -4.479619e+01  0.000000e+00
      vertex  7.014171e+01 -4.434683e+01  0.000000e+00
    endloop
  endfacet
  facet normal  8.371641e-01  5.469518e-01  -0.000000e+00
    outer loop
      vertex  7.043530e+01 -4.479619e+01  3.000000e+00
      vertex  7.014171e+01 -4.434683e+01  0.000000e+00
      vertex  7.014171e+01 -4.434683e+01  3.000000e+00
    endloop
  endfacet
  facet normal  9.157742e-01  4.016933e-01  0.000000e+00
    outer loop
      vertex  7.014171e+01 -4.434683e+01  3.000000e+00
      vertex  7.014171e+01 -4.434683e+01  0.000000e+00
      vertex  6.992609e+01 -4.385527e+01  0.000000e+00
    endloop
  endfacet
  facet normal  9.157742e-01  4.016933e-01  -0.000000e+00
    outer loop
      vertex  7.014171e+01 -4.434683e+01  3.000000e+00
      vertex  6.992609e+01 -4.385527e+01  0.000000e+00
      vertex  6.992609e+01 -4.385527e+01  3.000000e+00
    endloop
  endfacet
  facet normal  9.694006e-01  2.454843e-01  0.000000e+00
    outer loop
      vertex  6.992609e+01 -4.385527e+01  3.000000e+00
      vertex  6.992609e+01 -4.385527e+01  0.000000e+00
      vertex  6.979433e+01 -4.333493e+01  0.000000e+00
    endloop
  endfacet
  facet normal  9.694006e-01  2.454843e-01  -0.000000e+00
    outer loop
      vertex  6.992609e+01 -4.385527e+01  3.000000e+00
      vertex  6.979433e+01 -4.333493e+01  0.000000e+00
      vertex  6.979433e+01 -4.333493e+01  3.000000e+00
    endloop
  endfacet
  facet normal  9.965844e-01  8.258083e-02  0.000000e+00
    outer loop
      vertex  6.979433e+01 -4.333493e+01  3.000000e+00
      vertex  6.979433e+01 -4.333493e+01  0.000000e+00
      vertex  6.975000e+01 -4.280000e+01 -4.440892e-16
    endloop
  endfacet
  facet normal  9.965844e-01  8.258083e-02  -0.000000e+00
    outer loop
      vertex  6.979433e+01 -4.333493e+01  3.000000e+00
      vertex  6.975000e+01 -4.280000e+01 -4.440892e-16
      vertex  6.975000e+01 -4.280000e+01  3.000000e+00
    endloop
  endfacet
  facet normal  0.000000e+00  0.000000e+00 -1.000000e+00
    outer loop
      vertex  7.430551e+01 -4.577626e+01  3.000000e+00
      vertex  7.423789e+01 -4.417482e+01  3.000000e+00
      vertex  7.449668e+01 -4.388740e+01  3.000000e+00
    endloop
  endfacet
  facet normal  0.000000e+00  -0.000000e+00 -1.000000e+00
    outer loop
      vertex  7.423789e+01 -4.142518e+01  3.000000e+00
      vertex  7.430551e+01 -3.982374e+01  3.000000e+00
      vertex  7.449668e+01 -4.171260e+01  3.000000e+00
    endloop
  endfacet
  facet normal  0.000000e+00  -0.000000e+00 -1.000000e+00
    outer loop
      vertex  6.975000e+01 -4.280000e+01  3.000000e+00
      vertex  6.979433e+01 -4.226507e+01  3.000000e+00
      vertex  6.992609e+01 -4.174473e+01  3.000000e+00
    endloop
  endfacet
  facet normal  0.000000e+00  -0.000000e+00 -1.000000e+00
    outer loop
      vertex  6.975000e+01 -4.280000e+01  3.000000e+00
      vertex  6.992609e+01 -4.174473e+01  3.000000e+00
      vertex  7.014171e+01 -4.125317e+01  3.000000e+00
    endloop
  endfacet
  facet normal  0.000000e+00  -0.000000e+00 -1.000000e+00
    outer loop
      vertex  6.975000e+01 -4.280000e+01  3.000000e+00
      vertex  7.014171e+01 -4.125317e+01  3.000000e+00
      vertex  7.043530e+01 -4.080381e+01  3.000000e+00
    endloop
  endfacet
  facet normal  0.000000e+00  -0.000000e+00 -1.000000e+00
    outer loop
      vertex  6.975000e+01 -4.280000e+01  3.000000e+00
      vertex  7.043530e+01 -4.080381e+01  3.000000e+00
      vertex  7.079884e+01 -4.040890e+01  3.000000e+00
    endloop
  endfacet
  facet normal  0.000000e+00  -0.000000e+00 -1.000000e+00
    outer loop
      vertex  6.975000e+01 -4.280000e+01  3.000000e+00
      vertex  7.079884e+01 -4.040890e+01  3.000000e+00
      vertex  7.115000e+01 -4.280000e+01  3.000000e+00
    endloop
  endfacet
  facet normal  -0.000000e+00  0.000000e+00 -1.000000e+00
    outer loop
      vertex  6.975000e+01 -4.280000e+01  3.000000e+00
      vertex  7.115000e+01 -4.280000e+01  3.000000e+00
      vertex  7.079884e+01 -4.519110e+01  3.000000e+00
    endloop
  endfacet
  facet normal  0.000000e+00  0.000000e+00 -1.000000e+00
    outer loop
      vertex  6.975000e+01 -4.280000e+01  3.000000e+00
      vertex  7.079884e+01 -4.519110e+01  3.000000e+00
      vertex  7.043530e+01 -4.479619e+01  3.000000e+00
    endloop
  endfacet
  facet normal  0.000000e+00  0.000000e+00 -1.000000e+00
    outer loop
      vertex  6.975000e+01 -4.280000e+01  3.000000e+00
      vertex  7.043530e+01 -4.479619e+01  3.000000e+00
      vertex  7.014171e+01 -4.434683e+01  3.000000e+00
    endloop
  endfacet
  facet normal  0.000000e+00  0.000000e+00 -1.000000e+00
    outer loop
      vertex  6.975000e+01 -4.280000e+01  3.000000e+00
      vertex  7.014171e+01 -4.434683e+01  3.000000e+00
      vertex  6.992609e+01 -4.385527e+01  3.000000e+00
    endloop
  endfacet
  facet normal  0.000000e+00  0.000000e+00 -1.000000e+00
    outer loop
      vertex  6.975000e+01 -4.280000e+01  3.000000e+00
      vertex  6.992609e+01 -4.385527e+01  3.000000e+00
      vertex  6.979433e+01 -4.333493e+01  3.000000e+00
    endloop
  endfacet
  facet normal  0.000000e+00  0.000000e+00 -1.000000e+00
    outer loop
      vertex  7.485000e+01 -4.280000e+01  3.000000e+00
      vertex  7.480957e+01 -4.241536e+01  3.000000e+00
      vertex  7.477758e+01 -4.007921e+01  3.000000e+00
    endloop
  endfacet
  facet normal  0.000000e+00  0.000000e+00 -1.000000e+00
    outer loop
      vertex  7.485000e+01 -4.280000e+01  3.000000e+00
      vertex  7.477758e+01 -4.007921e+01  3.000000e+00
      vertex  7.520116e+01 -4.040890e+01  3.000000e+00
    endloop
  endfacet
  facet normal  0.000000e+00  -0.000000e+00 -1.000000e+00
    outer loop
      vertex  7.485000e+01 -4.280000e+01  3.000000e+00
      vertex  7.520116e+01 -4.040890e+01  3.000000e+00
      vertex  7.556470e+01 -4.080381e+01  3.000000e+00
    endloop
  endfacet
  facet normal  0.000000e+00  -0.000000e+00 -1.000000e+00
    outer loop
      vertex  7.485000e+01 -4.280000e+01  3.000000e+00
      vertex  7.556470e+01 -4.080381e+01  3.000000e+00
      vertex  7.585829e+01 -4.125317e+01  3.000000e+00
    endloop
  endfacet
  facet normal  0.000000e+00  -0.000000e+00 -1.000000e+00
    outer loop
      vertex  7.485000e+01 -4.280000e+01  3.000000e+00
      vertex  7.585829e+01 -4.125317e+01  3.000000e+00
      vertex  7.607391e+01 -4.174473e+01  3.000000e+00
    endloop
  endfacet
  facet normal  0.000000e+00  -0.000000e+00 -1.000000e+00
    outer loop
      vertex  7.485000e+01 -4.280000e+01  3.000000e+00
      vertex  7.607391e+01 -4.174473e+01  3.000000e+00
      vertex  7.620567e+01 -4.226507e+01  3.000000e+00
    endloop
  endfacet
  facet normal  0.000000e+00  -0.000000e+00 -9.999999e-01
    outer loop
      vertex  7.485000e+01 -4.280000e+01  3.000000e+00
      vertex  7.620567e+01 -4.226507e+01  3.000000e+00
      vertex  7.625000e+01 -4.280000e+01  3.000000e+00
    endloop
  endfacet
  facet normal  -0.000000e+00  0.000000e+00 -1.000000e+00
    outer loop
      vertex  7.485000e+01 -4.280000e+01  3.000000e+00
      vertex  7.625000e+01 -4.280000e+01  3.000000e+00
      vertex  7.620567e+01 -4.333493e+01  3.000000e+00
    endloop
  endfacet
  facet normal  -0.000000e+00  0.000000e+00 -1.000000e+00
    outer loop
      vertex  7.485000e+01 -4.280000e+01  3.000000e+00
      vertex  7.620567e+01 -4.333493e+01  3.000000e+00
      vertex  7.607391e+01 -4.385527e+01  3.000000e+00
    endloop
  endfacet
  facet normal  -0.000000e+00  0.000000e+00 -1.000000e+00
    outer loop
      vertex  7.485000e+01 -4.280000e+01  3.000000e+00
      vertex  7.607391e+01 -4.385527e+01  3.000000e+00
      vertex  7.585829e+01 -4.434683e+01  3.000000e+00
    endloop
  endfacet
  facet normal  -0.000000e+00  0.000000e+00 -1.000000e+00
    outer loop
      vertex  7.485000e+01 -4.280000e+01  3.000000e+00
      vertex  7.585829e+01 -4.434683e+01  3.000000e+00
      vertex  7.556470e+01 -4.479619e+01  3.000000e+00
    endloop
  endfacet
  facet normal  -0.000000e+00  0.000000e+00 -1.000000e+00
    outer loop
      vertex  7.485000e+01 -4.280000e+01  3.000000e+00
      vertex  7.556470e+01 -4.479619e+01  3.000000e+00
      vertex  7.520116e+01 -4.519110e+01  3.000000e+00
    endloop
  endfacet
  facet normal  -0.000000e+00  0.000000e+00 -1.000000e+00
    outer loop
      vertex  7.485000e+01 -4.280000e+01  3.000000e+00
      vertex  7.520116e+01 -4.519110e+01  3.000000e+00
      vertex  7.477758e+01 -4.552079e+01  3.000000e+00
    endloop
  endfacet
  facet normal  0.000000e+00  0.000000e+00 -1.000000e+00
    outer loop
      vertex  7.485000e+01 -4.280000e+01  3.000000e+00
      vertex  7.477758e+01 -4.552079e+01  3.000000e+00
      vertex  7.480957e+01 -4.318464e+01  3.000000e+00
    endloop
  endfacet
  facet normal  0.000000e+00  0.000000e+00 -1.000000e+00
    outer loop
      vertex  7.449668e+01 -4.388740e+01  3.000000e+00
      vertex  7.469006e+01 -4.355246e+01  3.000000e+00
      vertex  7.430551e+01 -4.577626e+01  3.000000e+00
    endloop
  endfacet
  facet normal  0.000000e+00  0.000000e+00 -9.999999e-01
    outer loop
      vertex  7.430551e+01 -4.577626e+01  3.000000e+00
      vertex  7.469006e+01 -4.355246e+01  3.000000e+00
      vertex  7.480957e+01 -4.318464e+01  3.000000e+00
    endloop
  endfacet
  facet normal  0.000000e+00  0.000000e+00 -1.000000e+00
    outer loop
      vertex  7.430551e+01 -4.577626e+01  3.000000e+00
      vertex  7.480957e+01 -4.318464e+01  3.000000e+00
      vertex  7.477758e+01 -4.552079e+01  3.000000e+00
    endloop
  endfacet
  facet normal  0.000000e+00  0.000000e+00 -1.000000e+00
    outer loop
      vertex  7.319337e+01 -4.463987e+01  3.000000e+00
      vertex  7.357168e+01 -4.455946e+01  3.000000e+00
      vertex  7.326838e+01 -4.603890e+01  3.000000e+00
    endloop
  endfacet
  facet normal  0.000000e+00  0.000000e+00 -9.999999e-01
    outer loop
      vertex  7.326838e+01 -4.603890e+01  3.000000e+00
      vertex  7.357168e+01 -4.455946e+01  3.000000e+00
      vertex  7.392500e+01 -4.440215e+01  3.000000e+00
    endloop
  endfacet
  facet normal  0.000000e+00  0.000000e+00 -1.000000e+00
    outer loop
      vertex  7.326838e+01 -4.603890e+01  3.000000e+00
      vertex  7.392500e+01 -4.440215e+01  3.000000e+00
      vertex  7.379783e+01 -4.595055e+01  3.000000e+00
    endloop
  endfacet
  facet normal  0.000000e+00  0.000000e+00 -9.999999e-01
    outer loop
      vertex  7.379783e+01 -4.595055e+01  3.000000e+00
      vertex  7.392500e+01 -4.440215e+01  3.000000e+00
      vertex  7.423789e+01 -4.417482e+01  3.000000e+00
    endloop
  endfacet
  facet normal  0.000000e+00  -0.000000e+00 -1.000000e+00
    outer loop
      vertex  7.379783e+01 -4.595055e+01  3.000000e+00
      vertex  7.423789e+01 -4.417482e+01  3.000000e+00
      vertex  7.430551e+01 -4.577626e+01  3.000000e+00
    endloop
  endfacet
  facet normal  -0.000000e+00  0.000000e+00 -1.000000e+00
    outer loop
      vertex  7.207500e+01 -4.440215e+01  3.000000e+00
      vertex  7.242832e+01 -4.455946e+01  3.000000e+00
      vertex  7.220217e+01 -4.595055e+01  3.000000e+00
    endloop
  endfacet
  facet normal  0.000000e+00  0.000000e+00 -1.000000e+00
    outer loop
      vertex  7.220217e+01 -4.595055e+01  3.000000e+00
      vertex  7.242832e+01 -4.455946e+01  3.000000e+00
      vertex  7.280663e+01 -4.463987e+01  3.000000e+00
    endloop
  endfacet
  facet normal  0.000000e+00  0.000000e+00 -1.000000e+00
    outer loop
      vertex  7.220217e+01 -4.595055e+01  3.000000e+00
      vertex  7.280663e+01 -4.463987e+01  3.000000e+00
      vertex  7.273162e+01 -4.603890e+01  3.000000e+00
    endloop
  endfacet
  facet normal  0.000000e+00  0.000000e+00 -1.000000e+00
    outer loop
      vertex  7.273162e+01 -4.603890e+01  3.000000e+00
      vertex  7.280663e+01 -4.463987e+01  3.000000e+00
      vertex  7.319337e+01 -4.463987e+01  3.000000e+00
    endloop
  endfacet
  facet normal  0.000000e+00  -0.000000e+00 -1.000000e+00
    outer loop
      vertex  7.273162e+01 -4.603890e+01  3.000000e+00
      vertex  7.319337e+01 -4.463987e+01  3.000000e+00
      vertex  7.326838e+01 -4.603890e+01  3.000000e+00
    endloop
  endfacet
  facet normal  -0.000000e+00  0.000000e+00 -9.999999e-01
    outer loop
      vertex  7.130994e+01 -4.355246e+01  3.000000e+00
      vertex  7.150332e+01 -4.388740e+01  3.000000e+00
      vertex  7.122242e+01 -4.552079e+01  3.000000e+00
    endloop
  endfacet
  facet normal  0.000000e+00  0.000000e+00 -1.000000e+00
    outer loop
      vertex  7.122242e+01 -4.552079e+01  3.000000e+00
      vertex  7.150332e+01 -4.388740e+01  3.000000e+00
      vertex  7.176211e+01 -4.417482e+01  3.000000e+00
    endloop
  endfacet
  facet normal  0.000000e+00  0.000000e+00 -9.999999e-01
    outer loop
      vertex  7.122242e+01 -4.552079e+01  3.000000e+00
      vertex  7.176211e+01 -4.417482e+01  3.000000e+00
      vertex  7.169449e+01 -4.577626e+01  3.000000e+00
    endloop
  endfacet
  facet normal  0.000000e+00  0.000000e+00 -1.000000e+00
    outer loop
      vertex  7.169449e+01 -4.577626e+01  3.000000e+00
      vertex  7.176211e+01 -4.417482e+01  3.000000e+00
      vertex  7.207500e+01 -4.440215e+01  3.000000e+00
    endloop
  endfacet
  facet normal  0.000000e+00  -0.000000e+00 -1.000000e+00
    outer loop
      vertex  7.169449e+01 -4.577626e+01  3.000000e+00
      vertex  7.207500e+01 -4.440215e+01  3.000000e+00
      vertex  7.220217e+01 -4.595055e+01  3.000000e+00
    endloop
  endfacet
  facet normal  0.000000e+00  0.000000e+00 -1.000000e+00
    outer loop
      vertex  7.130994e+01 -4.355246e+01  3.000000e+00
      vertex  7.122242e+01 -4.552079e+01  3.000000e+00
      vertex  7.119043e+01 -4.318464e+01  3.000000e+00
    endloop
  endfacet
  facet normal  0.000000e+00  -0.000000e+00 -1.000000e+00
    outer loop
      vertex  7.119043e+01 -4.318464e+01  3.000000e+00
      vertex  7.122242e+01 -4.552079e+01  3.000000e+00
      vertex  7.079884e+01 -4.519110e+01  3.000000e+00
    endloop
  endfacet
  facet normal  0.000000e+00  0.000000e+00 -9.999999e-01
    outer loop
      vertex  7.119043e+01 -4.318464e+01  3.000000e+00
      vertex  7.079884e+01 -4.519110e+01  3.000000e+00
      vertex  7.115000e+01 -4.280000e+01  3.000000e+00
    endloop
  endfacet
  facet normal  0.000000e+00  0.000000e+00 -1.000000e+00
    outer loop
      vertex  7.449668e+01 -4.171260e+01  3.000000e+00
      vertex  7.430551e+01 -3.982374e+01  3.000000e+00
      vertex  7.469006e+01 -4.204754e+01  3.000000e+00
    endloop
  endfacet
  facet normal  0.000000e+00  0.000000e+00 -9.999999e-01
    outer loop
      vertex  7.469006e+01 -4.204754e+01  3.000000e+00
      vertex  7.430551e+01 -3.982374e+01  3.000000e+00
      vertex  7.477758e+01 -4.007921e+01  3.000000e+00
    endloop
  endfacet
  facet normal  0.000000e+00  -0.000000e+00 -1.000000e+00
    outer loop
      vertex  7.469006e+01 -4.204754e+01  3.000000e+00
      vertex  7.477758e+01 -4.007921e+01  3.000000e+00
      vertex  7.480957e+01 -4.241536e+01  3.000000e+00
    endloop
  endfacet
  facet normal  0.000000e+00  -0.000000e+00 -1.000000e+00
    outer loop
      vertex  7.319337e+01 -4.096013e+01  3.000000e+00
      vertex  7.326838e+01 -3.956110e+01  3.000000e+00
      vertex  7.357168e+01 -4.104055e+01  3.000000e+00
    endloop
  endfacet
  facet normal  0.000000e+00  0.000000e+00 -1.000000e+00
    outer loop
      vertex  7.357168e+01 -4.104055e+01  3.000000e+00
      vertex  7.326838e+01 -3.956110e+01  3.000000e+00
      vertex  7.379783e+01 -3.964945e+01  3.000000e+00
    endloop
  endfacet
  facet normal  0.000000e+00  -0.000000e+00 -9.999999e-01
    outer loop
      vertex  7.357168e+01 -4.104055e+01  3.000000e+00
      vertex  7.379783e+01 -3.964945e+01  3.000000e+00
      vertex  7.392500e+01 -4.119785e+01  3.000000e+00
    endloop
  endfacet
  facet normal  0.000000e+00  0.000000e+00 -1.000000e+00
    outer loop
      vertex  7.392500e+01 -4.119785e+01  3.000000e+00
      vertex  7.379783e+01 -3.964945e+01  3.000000e+00
      vertex  7.430551e+01 -3.982374e+01  3.000000e+00
    endloop
  endfacet
  facet normal  0.000000e+00  0.000000e+00 -1.000000e+00
    outer loop
      vertex  7.392500e+01 -4.119785e+01  3.000000e+00
      vertex  7.430551e+01 -3.982374e+01  3.000000e+00
      vertex  7.423789e+01 -4.142518e+01  3.000000e+00
    endloop
  endfacet
  facet normal  0.000000e+00  -0.000000e+00 -9.999999e-01
    outer loop
      vertex  7.207500e+01 -4.119785e+01  3.000000e+00
      vertex  7.220217e+01 -3.964945e+01  3.000000e+00
      vertex  7.242832e+01 -4.104055e+01  3.000000e+00
    endloop
  endfacet
  facet normal  0.000000e+00  0.000000e+00 -1.000000e+00
    outer loop
      vertex  7.242832e+01 -4.104055e+01  3.000000e+00
      vertex  7.220217e+01 -3.964945e+01  3.000000e+00
      vertex  7.273162e+01 -3.956110e+01  3.000000e+00
    endloop
  endfacet
  facet normal  0.000000e+00  -0.000000e+00 -1.000000e+00
    outer loop
      vertex  7.242832e+01 -4.104055e+01  3.000000e+00
      vertex  7.273162e+01 -3.956110e+01  3.000000e+00
      vertex  7.280663e+01 -4.096013e+01  3.000000e+00
    endloop
  endfacet
  facet normal  0.000000e+00  0.000000e+00 -1.000000e+00
    outer loop
      vertex  7.280663e+01 -4.096013e+01  3.000000e+00
      vertex  7.273162e+01 -3.956110e+01  3.000000e+00
      vertex  7.326838e+01 -3.956110e+01  3.000000e+00
    endloop
  endfacet
  facet normal  0.000000e+00  0.000000e+00 -1.000000e+00
    outer loop
      vertex  7.280663e+01 -4.096013e+01  3.000000e+00
      vertex  7.326838e+01 -3.956110e+01  3.000000e+00
      vertex  7.319337e+01 -4.096013e+01  3.000000e+00
    endloop
  endfacet
  facet normal  0.000000e+00  0.000000e+00 -1.000000e+00
    outer loop
      vertex  7.130994e+01 -4.204754e+01  3.000000e+00
      vertex  7.122242e+01 -4.007921e+01  3.000000e+00
      vertex  7.150332e+01 -4.171260e+01  3.000000e+00
    endloop
  endfacet
  facet normal  0.000000e+00  0.000000e+00 -9.999999e-01
    outer loop
      vertex  7.150332e+01 -4.171260e+01  3.000000e+00
      vertex  7.122242e+01 -4.007921e+01  3.000000e+00
      vertex  7.169449e+01 -3.982374e+01  3.000000e+00
    endloop
  endfacet
  facet normal  0.000000e+00  -0.000000e+00 -1.000000e+00
    outer loop
      vertex  7.150332e+01 -4.171260e+01  3.000000e+00
      vertex  7.169449e+01 -3.982374e+01  3.000000e+00
      vertex  7.176211e+01 -4.142518e+01  3.000000e+00
    endloop
  endfacet
  facet normal  0.000000e+00  0.000000e+00 -1.000000e+00
    outer loop
      vertex  7.176211e+01 -4.142518e+01  3.000000e+00
      vertex  7.169449e+01 -3.982374e+01  3.000000e+00
      vertex  7.220217e+01 -3.964945e+01  3.000000e+00
    endloop
  endfacet
  facet normal  0.000000e+00  0.000000e+00 -9.999999e-01
    outer loop
      vertex  7.176211e+01 -4.142518e+01  3.000000e+00
      vertex  7.220217e+01 -3.964945e+01  3.000000e+00
      vertex  7.207500e+01 -4.119785e+01  3.000000e+00
    endloop
  endfacet
  facet normal  0.000000e+00  0.000000e+00 -1.000000e+00
    outer loop
      vertex  7.130994e+01 -4.204754e+01  3.000000e+00
      vertex  7.119043e+01 -4.241536e+01  3.000000e+00
      vertex  7.122242e+01 -4.007921e+01  3.000000e+00
    endloop
  endfacet
  facet normal  0.000000e+00  0.000000e+00 -1.000000e+00
    outer loop
      vertex  7.122242e+01 -4.007921e+01  3.000000e+00
      vertex  7.119043e+01 -4.241536e+01  3.000000e+00
      vertex  7.115000e+01 -4.280000e+01  3.000000e+00
    endloop
  endfacet
  facet normal  0.000000e+00  0.000000e+00 -1.000000e+00
    outer loop
      vertex  7.122242e+01 -4.007921e+01  3.000000e+00
      vertex  7.115000e+01 -4.280000e+01  3.000000e+00
      vertex  7.079884e+01 -4.040890e+01  3.000000e+00
    endloop
  endfacet
  facet normal  2.079095e-01 -9.781482e-01  0.000000e+00
    outer loop
      vertex -7.262300e+01 -3.643526e+01  3.000000e+00
      vertex -7.300130e+01 -3.651567e+01  5.000000e+00
      vertex -7.300130e+01 -3.651567e+01  3.000000e+00
    endloop
  endfacet
  facet normal  4.067442e-01 -9.135422e-01  0.000000e+00
    outer loop
      vertex -7.300130e+01 -3.651567e+01  3.000000e+00
      vertex -7.300130e+01 -3.651567e+01  5.000000e+00
      vertex -7.335462e+01 -3.667299e+01  5.000000e+00
    endloop
  endfacet
  facet normal  4.067442e-01 -9.135422e-01  0.000000e+00
    outer loop
      vertex -7.300130e+01 -3.651567e+01  3.000000e+00
      vertex -7.335462e+01 -3.667299e+01  5.000000e+00
      vertex -7.335462e+01 -3.667299e+01  3.000000e+00
    endloop
  endfacet
  facet normal  5.877793e-01 -8.090214e-01  0.000000e+00
    outer loop
      vertex -7.335462e+01 -3.667299e+01  3.000000e+00
      vertex -7.335462e+01 -3.667299e+01  5.000000e+00
      vertex -7.366752e+01 -3.690031e+01  5.000000e+00
    endloop
  endfacet
  facet normal  5.877793e-01 -8.090214e-01  0.000000e+00
    outer loop
      vertex -7.335462e+01 -3.667299e+01  3.000000e+00
      vertex -7.366752e+01 -3.690031e+01  5.000000e+00
      vertex -7.366752e+01 -3.690031e+01  3.000000e+00
    endloop
  endfacet
  facet normal  7.431450e-01 -6.691304e-01  0.000000e+00
    outer loop
      vertex -7.366752e+01 -3.690031e+01  3.000000e+00
      vertex -7.366752e+01 -3.690031e+01  5.000000e+00
      vertex -7.392631e+01 -3.718773e+01  5.000000e+00
    endloop
  endfacet
  facet normal  7.431450e-01 -6.691304e-01  0.000000e+00
    outer loop
      vertex -7.366752e+01 -3.690031e+01  3.000000e+00
      vertex -7.392631e+01 -3.718773e+01  5.000000e+00
      vertex -7.392631e+01 -3.718773e+01  3.000000e+00
    endloop
  endfacet
  facet normal  8.660275e-01 -4.999962e-01  0.000000e+00
    outer loop
      vertex -7.392631e+01 -3.718773e+01  3.000000e+00
      vertex -7.392631e+01 -3.718773e+01  5.000000e+00
      vertex -7.411968e+01 -3.752267e+01  5.000000e+00
    endloop
  endfacet
  facet normal  8.660275e-01 -4.999962e-01  0.000000e+00
    outer loop
      vertex -7.392631e+01 -3.718773e+01  3.000000e+00
      vertex -7.411968e+01 -3.752267e+01  5.000000e+00
      vertex -7.411968e+01 -3.752267e+01  3.000000e+00
    endloop
  endfacet
  facet normal  9.510567e-01 -3.090165e-01  0.000000e+00
    outer loop
      vertex -7.411968e+01 -3.752267e+01  3.000000e+00
      vertex -7.411968e+01 -3.752267e+01  5.000000e+00
      vertex -7.423920e+01 -3.789050e+01  5.000000e+00
    endloop
  endfacet
  facet normal  9.510567e-01 -3.090165e-01  0.000000e+00
    outer loop
      vertex -7.411968e+01 -3.752267e+01  3.000000e+00
      vertex -7.423920e+01 -3.789050e+01  5.000000e+00
      vertex -7.423920e+01 -3.789050e+01  3.000000e+00
    endloop
  endfacet
  facet normal  9.945215e-01 -1.045318e-01  0.000000e+00
    outer loop
      vertex -7.423920e+01 -3.789050e+01  3.000000e+00
      vertex -7.423920e+01 -3.789050e+01  5.000000e+00
      vertex -7.427962e+01 -3.827513e+01  5.000000e+00
    endloop
  endfacet
  facet normal  9.945215e-01 -1.045318e-01  0.000000e+00
    outer loop
      vertex -7.423920e+01 -3.789050e+01  3.000000e+00
      vertex -7.427962e+01 -3.827513e+01  5.000000e+00
      vertex -7.427962e+01 -3.827513e+01  3.000000e+00
    endloop
  endfacet
  facet normal  2.079095e-01 -9.781482e-01  0.000000e+00
    outer loop
      vertex -7.300130e+01 -3.651567e+01  5.000000e+00
      vertex -7.262300e+01 -3.643526e+01  3.000000e+00
      vertex -7.262300e+01 -3.643526e+01  5.000000e+00
    endloop
  endfacet
  facet normal  0.000000e+00 -1.000000e+00  0.000000e+00
    outer loop
      vertex -7.262300e+01 -3.643526e+01  5.000000e+00
      vertex -7.262300e+01 -3.643526e+01  3.000000e+00
      vertex -7.223624e+01 -3.643526e+01  3.000000e+00
    endloop
  endfacet
  facet normal  0.000000e+00 -1.000000e+00  0.000000e+00
    outer loop
      vertex -7.262300e+01 -3.643526e+01  5.000000e+00
      vertex -7.223624e+01 -3.643526e+01  3.000000e+00
      vertex -7.223624e+01 -3.643526e+01  5.000000e+00
    endloop
  endfacet
  facet normal -2.079095e-01 -9.781482e-01  -0.000000e+00
    outer loop
      vertex -7.223624e+01 -3.643526e+01  5.000000e+00
      vertex -7.223624e+01 -3.643526e+01  3.000000e+00
      vertex -7.185794e+01 -3.651567e+01  3.000000e+00
    endloop
  endfacet
  facet normal -2.079095e-01 -9.781482e-01  0.000000e+00
    outer loop
      vertex -7.223624e+01 -3.643526e+01  5.000000e+00
      vertex -7.185794e+01 -3.651567e+01  3.000000e+00
      vertex -7.185794e+01 -3.651567e+01  5.000000e+00
    endloop
  endfacet
  facet normal -4.067442e-01 -9.135422e-01  -0.000000e+00
    outer loop
      vertex -7.185794e+01 -3.651567e+01  5.000000e+00
      vertex -7.185794e+01 -3.651567e+01  3.000000e+00
      vertex -7.150462e+01 -3.667299e+01  3.000000e+00
    endloop
  endfacet
  facet normal -4.067442e-01 -9.135422e-01  0.000000e+00
    outer loop
      vertex -7.185794e+01 -3.651567e+01  5.000000e+00
      vertex -7.150462e+01 -3.667299e+01  3.000000e+00
      vertex -7.150462e+01 -3.667299e+01  5.000000e+00
    endloop
  endfacet
  facet normal -5.877887e-01 -8.090145e-01  -0.000000e+00
    outer loop
      vertex -7.150462e+01 -3.667299e+01  5.000000e+00
      vertex -7.150462e+01 -3.667299e+01  3.000000e+00
      vertex -7.119173e+01 -3.690031e+01  3.000000e+00
    endloop
  endfacet
  facet normal -5.877887e-01 -8.090145e-01  0.000000e+00
    outer loop
      vertex -7.150462e+01 -3.667299e+01  5.000000e+00
      vertex -7.119173e+01 -3.690031e+01  3.000000e+00
      vertex -7.119173e+01 -3.690031e+01  5.000000e+00
    endloop
  endfacet
  facet normal -7.431450e-01 -6.691304e-01  -0.000000e+00
    outer loop
      vertex -7.119173e+01 -3.690031e+01  5.000000e+00
      vertex -7.119173e+01 -3.690031e+01  3.000000e+00
      vertex -7.093295e+01 -3.718773e+01  3.000000e+00
    endloop
  endfacet
  facet normal -7.431450e-01 -6.691304e-01  0.000000e+00
    outer loop
      vertex -7.119173e+01 -3.690031e+01  5.000000e+00
      vertex -7.093295e+01 -3.718773e+01  3.000000e+00
      vertex -7.093295e+01 -3.718773e+01  5.000000e+00
    endloop
  endfacet
  facet normal -8.660190e-01 -5.000110e-01  -0.000000e+00
    outer loop
      vertex -7.093295e+01 -3.718773e+01  5.000000e+00
      vertex -7.093295e+01 -3.718773e+01  3.000000e+00
      vertex -7.073956e+01 -3.752267e+01  3.000000e+00
    endloop
  endfacet
  facet normal -8.660190e-01 -5.000110e-01  0.000000e+00
    outer loop
      vertex -7.093295e+01 -3.718773e+01  5.000000e+00
      vertex -7.073956e+01 -3.752267e+01  3.000000e+00
      vertex -7.073956e+01 -3.752267e+01  5.000000e+00
    endloop
  endfacet
  facet normal -9.510567e-01 -3.090165e-01  -0.000000e+00
    outer loop
      vertex -7.073956e+01 -3.752267e+01  5.000000e+00
      vertex -7.073956e+01 -3.752267e+01  3.000000e+00
      vertex -7.062005e+01 -3.789050e+01  3.000000e+00
    endloop
  endfacet
  facet normal -9.510567e-01 -3.090165e-01  0.000000e+00
    outer loop
      vertex -7.073956e+01 -3.752267e+01  5.000000e+00
      vertex -7.062005e+01 -3.789050e+01  3.000000e+00
      vertex -7.062005e+01 -3.789050e+01  5.000000e+00
    endloop
  endfacet
  facet normal -9.945215e-01 -1.045318e-01  -0.000000e+00
    outer loop
      vertex -7.062005e+01 -3.789050e+01  5.000000e+00
      vertex -7.062005e+01 -3.789050e+01  3.000000e+00
      vertex -7.057962e+01 -3.827513e+01  3.000000e+00
    endloop
  endfacet
  facet normal -9.945215e-01 -1.045318e-01  0.000000e+00
    outer loop
      vertex -7.062005e+01 -3.789050e+01  5.000000e+00
      vertex -7.057962e+01 -3.827513e+01  3.000000e+00
      vertex -7.057962e+01 -3.827513e+01  5.000000e+00
    endloop
  endfacet
  facet normal -2.079189e-01  9.781461e-01  0.000000e+00
    outer loop
      vertex -7.223624e+01 -4.011500e+01  3.000000e+00
      vertex -7.185794e+01 -4.003458e+01  5.000000e+00
      vertex -7.185794e+01 -4.003458e+01  3.000000e+00
    endloop
  endfacet
  facet normal -4.067360e-01  9.135457e-01  0.000000e+00
    outer loop
      vertex -7.185794e+01 -4.003458e+01  3.000000e+00
      vertex -7.185794e+01 -4.003458e+01  5.000000e+00
      vertex -7.150462e+01 -3.987728e+01  5.000000e+00
    endloop
  endfacet
  facet normal -4.067360e-01  9.135457e-01  0.000000e+00
    outer loop
      vertex -7.185794e+01 -4.003458e+01  3.000000e+00
      vertex -7.150462e+01 -3.987728e+01  5.000000e+00
      vertex -7.150462e+01 -3.987728e+01  3.000000e+00
    endloop
  endfacet
  facet normal -5.877887e-01  8.090145e-01  0.000000e+00
    outer loop
      vertex -7.150462e+01 -3.987728e+01  3.000000e+00
      vertex -7.150462e+01 -3.987728e+01  5.000000e+00
      vertex -7.119173e+01 -3.964995e+01  5.000000e+00
    endloop
  endfacet
  facet normal -5.877887e-01  8.090145e-01  0.000000e+00
    outer loop
      vertex -7.150462e+01 -3.987728e+01  3.000000e+00
      vertex -7.119173e+01 -3.964995e+01  5.000000e+00
      vertex -7.119173e+01 -3.964995e+01  3.000000e+00
    endloop
  endfacet
  facet normal -7.431450e-01  6.691304e-01  0.000000e+00
    outer loop
      vertex -7.119173e+01 -3.964995e+01  3.000000e+00
      vertex -7.119173e+01 -3.964995e+01  5.000000e+00
      vertex -7.093295e+01 -3.936253e+01  5.000000e+00
    endloop
  endfacet
  facet normal -7.431450e-01  6.691304e-01  0.000000e+00
    outer loop
      vertex -7.119173e+01 -3.964995e+01  3.000000e+00
      vertex -7.093295e+01 -3.936253e+01  5.000000e+00
      vertex -7.093295e+01 -3.936253e+01  3.000000e+00
    endloop
  endfacet
  facet normal -8.660190e-01  5.000110e-01  0.000000e+00
    outer loop
      vertex -7.093295e+01 -3.936253e+01  3.000000e+00
      vertex -7.093295e+01 -3.936253e+01  5.000000e+00
      vertex -7.073956e+01 -3.902760e+01  5.000000e+00
    endloop
  endfacet
  facet normal -8.660190e-01  5.000110e-01  0.000000e+00
    outer loop
      vertex -7.093295e+01 -3.936253e+01  3.000000e+00
      vertex -7.073956e+01 -3.902760e+01  5.000000e+00
      vertex -7.073956e+01 -3.902760e+01  3.000000e+00
    endloop
  endfacet
  facet normal -9.510567e-01  3.090165e-01  0.000000e+00
    outer loop
      vertex -7.073956e+01 -3.902760e+01  3.000000e+00
      vertex -7.073956e+01 -3.902760e+01  5.000000e+00
      vertex -7.062005e+01 -3.865977e+01  5.000000e+00
    endloop
  endfacet
  facet normal -9.510567e-01  3.090165e-01  0.000000e+00
    outer loop
      vertex -7.073956e+01 -3.902760e+01  3.000000e+00
      vertex -7.062005e+01 -3.865977e+01  5.000000e+00
      vertex -7.062005e+01 -3.865977e+01  3.000000e+00
    endloop
  endfacet
  facet normal -9.945215e-01  1.045318e-01  0.000000e+00
    outer loop
      vertex -7.062005e+01 -3.865977e+01  3.000000e+00
      vertex -7.062005e+01 -3.865977e+01  5.000000e+00
      vertex -7.057962e+01 -3.827513e+01  5.000000e+00
    endloop
  endfacet
  facet normal -9.945215e-01  1.045318e-01  0.000000e+00
    outer loop
      vertex -7.062005e+01 -3.865977e+01  3.000000e+00
      vertex -7.057962e+01 -3.827513e+01  5.000000e+00
      vertex -7.057962e+01 -3.827513e+01  3.000000e+00
    endloop
  endfacet
  facet normal -2.079189e-01  9.781461e-01  0.000000e+00
    outer loop
      vertex -7.185794e+01 -4.003458e+01  5.000000e+00
      vertex -7.223624e+01 -4.011500e+01  3.000000e+00
      vertex -7.223624e+01 -4.011500e+01  5.000000e+00
    endloop
  endfacet
  facet normal  0.000000e+00  1.000000e+00  0.000000e+00
    outer loop
      vertex -7.223624e+01 -4.011500e+01  5.000000e+00
      vertex -7.223624e+01 -4.011500e+01  3.000000e+00
      vertex -7.262300e+01 -4.011500e+01  3.000000e+00
    endloop
  endfacet
  facet normal  0.000000e+00  1.000000e+00  0.000000e+00
    outer loop
      vertex -7.223624e+01 -4.011500e+01  5.000000e+00
      vertex -7.262300e+01 -4.011500e+01  3.000000e+00
      vertex -7.262300e+01 -4.011500e+01  5.000000e+00
    endloop
  endfacet
  facet normal  2.079189e-01  9.781461e-01  0.000000e+00
    outer loop
      vertex -7.262300e+01 -4.011500e+01  5.000000e+00
      vertex -7.262300e+01 -4.011500e+01  3.000000e+00
      vertex -7.300130e+01 -4.003458e+01  3.000000e+00
    endloop
  endfacet
  facet normal  2.079189e-01  9.781461e-01  -0.000000e+00
    outer loop
      vertex -7.262300e+01 -4.011500e+01  5.000000e+00
      vertex -7.300130e+01 -4.003458e+01  3.000000e+00
      vertex -7.300130e+01 -4.003458e+01  5.000000e+00
    endloop
  endfacet
  facet normal  4.067360e-01  9.135457e-01  0.000000e+00
    outer loop
      vertex -7.300130e+01 -4.003458e+01  5.000000e+00
      vertex -7.300130e+01 -4.003458e+01  3.000000e+00
      vertex -7.335462e+01 -3.987728e+01  3.000000e+00
    endloop
  endfacet
  facet normal  4.067360e-01  9.135457e-01  -0.000000e+00
    outer loop
      vertex -7.300130e+01 -4.003458e+01  5.000000e+00
      vertex -7.335462e+01 -3.987728e+01  3.000000e+00
      vertex -7.335462e+01 -3.987728e+01  5.000000e+00
    endloop
  endfacet
  facet normal  5.877793e-01  8.090214e-01  0.000000e+00
    outer loop
      vertex -7.335462e+01 -3.987728e+01  5.000000e+00
      vertex -7.335462e+01 -3.987728e+01  3.000000e+00
      vertex -7.366752e+01 -3.964995e+01  3.000000e+00
    endloop
  endfacet
  facet normal  5.877793e-01  8.090214e-01  -0.000000e+00
    outer loop
      vertex -7.335462e+01 -3.987728e+01  5.000000e+00
      vertex -7.366752e+01 -3.964995e+01  3.000000e+00
      vertex -7.366752e+01 -3.964995e+01  5.000000e+00
    endloop
  endfacet
  facet normal  7.431450e-01  6.691304e-01  0.000000e+00
    outer loop
      vertex -7.366752e+01 -3.964995e+01  5.000000e+00
      vertex -7.366752e+01 -3.964995e+01  3.000000e+00
      vertex -7.392631e+01 -3.936253e+01  3.000000e+00
    endloop
  endfacet
  facet normal  7.431450e-01  6.691304e-01  -0.000000e+00
    outer loop
      vertex -7.366752e+01 -3.964995e+01  5.000000e+00
      vertex -7.392631e+01 -3.936253e+01  3.000000e+00
      vertex -7.392631e+01 -3.936253e+01  5.000000e+00
    endloop
  endfacet
  facet normal  8.660275e-01  4.999962e-01  0.000000e+00
    outer loop
      vertex -7.392631e+01 -3.936253e+01  5.000000e+00
      vertex -7.392631e+01 -3.936253e+01  3.000000e+00
      vertex -7.411968e+01 -3.902760e+01  3.000000e+00
    endloop
  endfacet
  facet normal  8.660275e-01  4.999962e-01  -0.000000e+00
    outer loop
      vertex -7.392631e+01 -3.936253e+01  5.000000e+00
      vertex -7.411968e+01 -3.902760e+01  3.000000e+00
      vertex -7.411968e+01 -3.902760e+01  5.000000e+00
    endloop
  endfacet
  facet normal  9.510567e-01  3.090165e-01  0.000000e+00
    outer loop
      vertex -7.411968e+01 -3.902760e+01  5.000000e+00
      vertex -7.411968e+01 -3.902760e+01  3.000000e+00
      vertex -7.423920e+01 -3.865977e+01  3.000000e+00
    endloop
  endfacet
  facet normal  9.510567e-01  3.090165e-01  -0.000000e+00
    outer loop
      vertex -7.411968e+01 -3.902760e+01  5.000000e+00
      vertex -7.423920e+01 -3.865977e+01  3.000000e+00
      vertex -7.423920e+01 -3.865977e+01  5.000000e+00
    endloop
  endfacet
  facet normal  9.945215e-01  1.045318e-01  0.000000e+00
    outer loop
      vertex -7.423920e+01 -3.865977e+01  5.000000e+00
      vertex -7.423920e+01 -3.865977e+01  3.000000e+00
      vertex -7.427962e+01 -3.827513e+01  3.000000e+00
    endloop
  endfacet
  facet normal  9.945215e-01  1.045318e-01  -0.000000e+00
    outer loop
      vertex -7.423920e+01 -3.865977e+01  5.000000e+00
      vertex -7.427962e+01 -3.827513e+01  3.000000e+00
      vertex -7.427962e+01 -3.827513e+01  5.000000e+00
    endloop
  endfacet
  facet normal  1.645926e-01 -9.863617e-01  0.000000e+00
    outer loop
      vertex -7.269801e+01 -3.503623e+01  0.000000e+00
      vertex -7.322746e+01 -3.512458e+01  3.000000e+00
      vertex -7.322746e+01 -3.512458e+01  0.000000e+00
    endloop
  endfacet
  facet normal  3.246964e-01 -9.458183e-01  0.000000e+00
    outer loop
      vertex -7.322746e+01 -3.512458e+01  0.000000e+00
      vertex -7.322746e+01 -3.512458e+01  3.000000e+00
      vertex -7.373514e+01 -3.529887e+01  3.000000e+00
    endloop
  endfacet
  facet normal  3.246964e-01 -9.458183e-01  0.000000e+00
    outer loop
      vertex -7.322746e+01 -3.512458e+01  0.000000e+00
      vertex -7.373514e+01 -3.529887e+01  3.000000e+00
      vertex -7.373514e+01 -3.529887e+01  0.000000e+00
    endloop
  endfacet
  facet normal  4.759521e-01 -8.794712e-01  0.000000e+00
    outer loop
      vertex -7.373514e+01 -3.529887e+01  0.000000e+00
      vertex -7.373514e+01 -3.529887e+01  3.000000e+00
      vertex -7.420721e+01 -3.555434e+01  3.000000e+00
    endloop
  endfacet
  facet normal  4.759521e-01 -8.794712e-01  0.000000e+00
    outer loop
      vertex -7.373514e+01 -3.529887e+01  0.000000e+00
      vertex -7.420721e+01 -3.555434e+01  3.000000e+00
      vertex -7.420721e+01 -3.555434e+01  0.000000e+00
    endloop
  endfacet
  facet normal  6.142132e-01 -7.891402e-01  0.000000e+00
    outer loop
      vertex -7.420721e+01 -3.555434e+01  0.000000e+00
      vertex -7.420721e+01 -3.555434e+01  3.000000e+00
      vertex -7.463079e+01 -3.588403e+01  3.000000e+00
    endloop
  endfacet
  facet normal  6.142132e-01 -7.891402e-01  0.000000e+00
    outer loop
      vertex -7.420721e+01 -3.555434e+01  0.000000e+00
      vertex -7.463079e+01 -3.588403e+01  3.000000e+00
      vertex -7.463079e+01 -3.588403e+01  0.000000e+00
    endloop
  endfacet
  facet normal  7.357226e-01 -6.772830e-01  0.000000e+00
    outer loop
      vertex -7.463079e+01 -3.588403e+01  0.000000e+00
      vertex -7.463079e+01 -3.588403e+01  3.000000e+00
      vertex -7.499433e+01 -3.627894e+01  3.000000e+00
    endloop
  endfacet
  facet normal  7.357226e-01 -6.772830e-01  0.000000e+00
    outer loop
      vertex -7.463079e+01 -3.588403e+01  0.000000e+00
      vertex -7.499433e+01 -3.627894e+01  3.000000e+00
      vertex -7.499433e+01 -3.627894e+01  0.000000e+00
    endloop
  endfacet
  facet normal  8.371706e-01 -5.469418e-01  0.000000e+00
    outer loop
      vertex -7.499433e+01 -3.627894e+01  0.000000e+00
      vertex -7.499433e+01 -3.627894e+01  3.000000e+00
      vertex -7.528791e+01 -3.672830e+01  3.000000e+00
    endloop
  endfacet
  facet normal  8.371706e-01 -5.469418e-01  0.000000e+00
    outer loop
      vertex -7.499433e+01 -3.627894e+01  0.000000e+00
      vertex -7.528791e+01 -3.672830e+01  3.000000e+00
      vertex -7.528791e+01 -3.672830e+01  0.000000e+00
    endloop
  endfacet
  facet normal  9.157690e-01 -4.017052e-01  0.000000e+00
    outer loop
      vertex -7.528791e+01 -3.672830e+01  0.000000e+00
      vertex -7.528791e+01 -3.672830e+01  3.000000e+00
      vertex -7.550353e+01 -3.721986e+01  3.000000e+00
    endloop
  endfacet
  facet normal  9.157690e-01 -4.017052e-01  0.000000e+00
    outer loop
      vertex -7.528791e+01 -3.672830e+01  0.000000e+00
      vertex -7.550353e+01 -3.721986e+01  3.000000e+00
      vertex -7.550353e+01 -3.721986e+01  0.000000e+00
    endloop
  endfacet
  facet normal  9.694010e-01 -2.454826e-01  0.000000e+00
    outer loop
      vertex -7.550353e+01 -3.721986e+01  0.000000e+00
      vertex -7.550353e+01 -3.721986e+01  3.000000e+00
      vertex -7.563530e+01 -3.774020e+01  3.000000e+00
    endloop
  endfacet
  facet normal  9.694010e-01 -2.454826e-01  0.000000e+00
    outer loop
      vertex -7.550353e+01 -3.721986e+01  0.000000e+00
      vertex -7.563530e+01 -3.774020e+01  3.000000e+00
      vertex -7.563530e+01 -3.774020e+01  0.000000e+00
    endloop
  endfacet
  facet normal  9.965842e-01 -8.258142e-02  0.000000e+00
    outer loop
      vertex -7.563530e+01 -3.774020e+01  0.000000e+00
      vertex -7.563530e+01 -3.774020e+01  3.000000e+00
      vertex -7.567963e+01 -3.827513e+01  3.000000e+00
    endloop
  endfacet
  facet normal  9.965842e-01 -8.258142e-02  0.000000e+00
    outer loop
      vertex -7.563530e+01 -3.774020e+01  0.000000e+00
      vertex -7.567963e+01 -3.827513e+01  3.000000e+00
      vertex -7.567963e+01 -3.827513e+01 -4.440892e-16
    endloop
  endfacet
  facet normal  1.645926e-01 -9.863617e-01  0.000000e+00
    outer loop
      vertex -7.322746e+01 -3.512458e+01  3.000000e+00
      vertex -7.269801e+01 -3.503623e+01  0.000000e+00
      vertex -7.269801e+01 -3.503623e+01  3.000000e+00
    endloop
  endfacet
  facet normal  0.000000e+00 -1.000000e+00  0.000000e+00
    outer loop
      vertex -7.269801e+01 -3.503623e+01  3.000000e+00
      vertex -7.269801e+01 -3.503623e+01  0.000000e+00
      vertex -7.216124e+01 -3.503623e+01  0.000000e+00
    endloop
  endfacet
  facet normal  0.000000e+00 -1.000000e+00  0.000000e+00
    outer loop
      vertex -7.269801e+01 -3.503623e+01  3.000000e+00
      vertex -7.216124e+01 -3.503623e+01  0.000000e+00
      vertex -7.216124e+01 -3.503623e+01  3.000000e+00
    endloop
  endfacet
  facet normal -1.645949e-01 -9.863613e-01  -0.000000e+00
    outer loop
      vertex -7.216124e+01 -3.503623e+01  3.000000e+00
      vertex -7.216124e+01 -3.503623e+01  0.000000e+00
      vertex -7.163180e+01 -3.512458e+01  0.000000e+00
    endloop
  endfacet
  facet normal -1.645949e-01 -9.863613e-01  0.000000e+00
    outer loop
      vertex -7.216124e+01 -3.503623e+01  3.000000e+00
      vertex -7.163180e+01 -3.512458e+01  0.000000e+00
      vertex -7.163180e+01 -3.512458e+01  3.000000e+00
    endloop
  endfacet
  facet normal -3.246964e-01 -9.458183e-01  -0.000000e+00
    outer loop
      vertex -7.163180e+01 -3.512458e+01  3.000000e+00
      vertex -7.163180e+01 -3.512458e+01  0.000000e+00
      vertex -7.112411e+01 -3.529887e+01  0.000000e+00
    endloop
  endfacet
  facet normal -3.246964e-01 -9.458183e-01  0.000000e+00
    outer loop
      vertex -7.163180e+01 -3.512458e+01  3.000000e+00
      vertex -7.112411e+01 -3.529887e+01  0.000000e+00
      vertex -7.112411e+01 -3.529887e+01  3.000000e+00
    endloop
  endfacet
  facet normal -4.759521e-01 -8.794712e-01  -0.000000e+00
    outer loop
      vertex -7.112411e+01 -3.529887e+01  3.000000e+00
      vertex -7.112411e+01 -3.529887e+01  0.000000e+00
      vertex -7.065205e+01 -3.555434e+01  0.000000e+00
    endloop
  endfacet
  facet normal -4.759521e-01 -8.794712e-01  0.000000e+00
    outer loop
      vertex -7.112411e+01 -3.529887e+01  3.000000e+00
      vertex -7.065205e+01 -3.555434e+01  0.000000e+00
      vertex -7.065205e+01 -3.555434e+01  3.000000e+00
    endloop
  endfacet
  facet normal -6.142132e-01 -7.891402e-01  -0.000000e+00
    outer loop
      vertex -7.065205e+01 -3.555434e+01  3.000000e+00
      vertex -7.065205e+01 -3.555434e+01  0.000000e+00
      vertex -7.022846e+01 -3.588403e+01  0.000000e+00
    endloop
  endfacet
  facet normal -6.142132e-01 -7.891402e-01  0.000000e+00
    outer loop
      vertex -7.065205e+01 -3.555434e+01  3.000000e+00
      vertex -7.022846e+01 -3.588403e+01  0.000000e+00
      vertex -7.022846e+01 -3.588403e+01  3.000000e+00
    endloop
  endfacet
  facet normal -7.357156e-01 -6.772907e-01  -0.000000e+00
    outer loop
      vertex -7.022846e+01 -3.588403e+01  3.000000e+00
      vertex -7.022846e+01 -3.588403e+01  0.000000e+00
      vertex -6.986491e+01 -3.627894e+01  0.000000e+00
    endloop
  endfacet
  facet normal -7.357156e-01 -6.772907e-01  0.000000e+00
    outer loop
      vertex -7.022846e+01 -3.588403e+01  3.000000e+00
      vertex -6.986491e+01 -3.627894e+01  0.000000e+00
      vertex -6.986491e+01 -3.627894e+01  3.000000e+00
    endloop
  endfacet
  facet normal -8.371706e-01 -5.469418e-01  -0.000000e+00
    outer loop
      vertex -6.986491e+01 -3.627894e+01  3.000000e+00
      vertex -6.986491e+01 -3.627894e+01  0.000000e+00
      vertex -6.957133e+01 -3.672830e+01  0.000000e+00
    endloop
  endfacet
  facet normal -8.371706e-01 -5.469418e-01  0.000000e+00
    outer loop
      vertex -6.986491e+01 -3.627894e+01  3.000000e+00
      vertex -6.957133e+01 -3.672830e+01  0.000000e+00
      vertex -6.957133e+01 -3.672830e+01  3.000000e+00
    endloop
  endfacet
  facet normal -9.157742e-01 -4.016933e-01  -0.000000e+00
    outer loop
      vertex -6.957133e+01 -3.672830e+01  3.000000e+00
      vertex -6.957133e+01 -3.672830e+01  0.000000e+00
      vertex -6.935572e+01 -3.721986e+01  0.000000e+00
    endloop
  endfacet
  facet normal -9.157742e-01 -4.016933e-01  0.000000e+00
    outer loop
      vertex -6.957133e+01 -3.672830e+01  3.000000e+00
      vertex -6.935572e+01 -3.721986e+01  0.000000e+00
      vertex -6.935572e+01 -3.721986e+01  3.000000e+00
    endloop
  endfacet
  facet normal -9.694010e-01 -2.454826e-01  -0.000000e+00
    outer loop
      vertex -6.935572e+01 -3.721986e+01  3.000000e+00
      vertex -6.935572e+01 -3.721986e+01  0.000000e+00
      vertex -6.922395e+01 -3.774020e+01  0.000000e+00
    endloop
  endfacet
  facet normal -9.694010e-01 -2.454826e-01  0.000000e+00
    outer loop
      vertex -6.935572e+01 -3.721986e+01  3.000000e+00
      vertex -6.922395e+01 -3.774020e+01  0.000000e+00
      vertex -6.922395e+01 -3.774020e+01  3.000000e+00
    endloop
  endfacet
  facet normal -9.965842e-01 -8.258142e-02  -0.000000e+00
    outer loop
      vertex -6.922395e+01 -3.774020e+01  3.000000e+00
      vertex -6.922395e+01 -3.774020e+01  0.000000e+00
      vertex -6.917963e+01 -3.827513e+01  0.000000e+00
    endloop
  endfacet
  facet normal -9.965842e-01 -8.258142e-02  0.000000e+00
    outer loop
      vertex -6.922395e+01 -3.774020e+01  3.000000e+00
      vertex -6.917963e+01 -3.827513e+01  0.000000e+00
      vertex -6.917963e+01 -3.827513e+01  3.000000e+00
    endloop
  endfacet
  facet normal -1.645949e-01  9.863613e-01  0.000000e+00
    outer loop
      vertex -7.216124e+01 -4.151403e+01  0.000000e+00
      vertex -7.163180e+01 -4.142568e+01  3.000000e+00
      vertex -7.163180e+01 -4.142568e+01  0.000000e+00
    endloop
  endfacet
  facet normal -3.247028e-01  9.458162e-01  0.000000e+00
    outer loop
      vertex -7.163180e+01 -4.142568e+01  0.000000e+00
      vertex -7.163180e+01 -4.142568e+01  3.000000e+00
      vertex -7.112411e+01 -4.125139e+01  3.000000e+00
    endloop
  endfacet
  facet normal -3.247028e-01  9.458162e-01  0.000000e+00
    outer loop
      vertex -7.163180e+01 -4.142568e+01  0.000000e+00
      vertex -7.112411e+01 -4.125139e+01  3.000000e+00
      vertex -7.112411e+01 -4.125139e+01  0.000000e+00
    endloop
  endfacet
  facet normal -4.759465e-01  8.794742e-01  0.000000e+00
    outer loop
      vertex -7.112411e+01 -4.125139e+01  0.000000e+00
      vertex -7.112411e+01 -4.125139e+01  3.000000e+00
      vertex -7.065205e+01 -4.099592e+01  3.000000e+00
    endloop
  endfacet
  facet normal -4.759465e-01  8.794742e-01  0.000000e+00
    outer loop
      vertex -7.112411e+01 -4.125139e+01  0.000000e+00
      vertex -7.065205e+01 -4.099592e+01  3.000000e+00
      vertex -7.065205e+01 -4.099592e+01  0.000000e+00
    endloop
  endfacet
  facet normal -6.142132e-01  7.891402e-01  0.000000e+00
    outer loop
      vertex -7.065205e+01 -4.099592e+01  0.000000e+00
      vertex -7.065205e+01 -4.099592e+01  3.000000e+00
      vertex -7.022846e+01 -4.066623e+01  3.000000e+00
    endloop
  endfacet
  facet normal -6.142132e-01  7.891402e-01  0.000000e+00
    outer loop
      vertex -7.065205e+01 -4.099592e+01  0.000000e+00
      vertex -7.022846e+01 -4.066623e+01  3.000000e+00
      vertex -7.022846e+01 -4.066623e+01  0.000000e+00
    endloop
  endfacet
  facet normal -7.357188e-01  6.772872e-01  0.000000e+00
    outer loop
      vertex -7.022846e+01 -4.066623e+01  0.000000e+00
      vertex -7.022846e+01 -4.066623e+01  3.000000e+00
      vertex -6.986491e+01 -4.027132e+01  3.000000e+00
    endloop
  endfacet
  facet normal -7.357188e-01  6.772872e-01  0.000000e+00
    outer loop
      vertex -7.022846e+01 -4.066623e+01  0.000000e+00
      vertex -6.986491e+01 -4.027132e+01  3.000000e+00
      vertex -6.986491e+01 -4.027132e+01  0.000000e+00
    endloop
  endfacet
  facet normal -8.371685e-01  5.469450e-01  0.000000e+00
    outer loop
      vertex -6.986491e+01 -4.027132e+01  0.000000e+00
      vertex -6.986491e+01 -4.027132e+01  3.000000e+00
      vertex -6.957133e+01 -3.982196e+01  3.000000e+00
    endloop
  endfacet
  facet normal -8.371685e-01  5.469450e-01  0.000000e+00
    outer loop
      vertex -6.986491e+01 -4.027132e+01  0.000000e+00
      vertex -6.957133e+01 -3.982196e+01  3.000000e+00
      vertex -6.957133e+01 -3.982196e+01  0.000000e+00
    endloop
  endfacet
  facet normal -9.157754e-01  4.016907e-01  0.000000e+00
    outer loop
      vertex -6.957133e+01 -3.982196e+01  0.000000e+00
      vertex -6.957133e+01 -3.982196e+01  3.000000e+00
      vertex -6.935572e+01 -3.933040e+01  3.000000e+00
    endloop
  endfacet
  facet normal -9.157754e-01  4.016907e-01  0.000000e+00
    outer loop
      vertex -6.957133e+01 -3.982196e+01  0.000000e+00
      vertex -6.935572e+01 -3.933040e+01  3.000000e+00
      vertex -6.935572e+01 -3.933040e+01  0.000000e+00
    endloop
  endfacet
  facet normal -9.694006e-01  2.454843e-01  0.000000e+00
    outer loop
      vertex -6.935572e+01 -3.933040e+01  0.000000e+00
      vertex -6.935572e+01 -3.933040e+01  3.000000e+00
      vertex -6.922395e+01 -3.881006e+01  3.000000e+00
    endloop
  endfacet
  facet normal -9.694006e-01  2.454843e-01  0.000000e+00
    outer loop
      vertex -6.935572e+01 -3.933040e+01  0.000000e+00
      vertex -6.922395e+01 -3.881006e+01  3.000000e+00
      vertex -6.922395e+01 -3.881006e+01  0.000000e+00
    endloop
  endfacet
  facet normal -9.965842e-01  8.258142e-02  0.000000e+00
    outer loop
      vertex -6.922395e+01 -3.881006e+01  0.000000e+00
      vertex -6.922395e+01 -3.881006e+01  3.000000e+00
      vertex -6.917963e+01 -3.827513e+01  3.000000e+00
    endloop
  endfacet
  facet normal -9.965842e-01  8.258142e-02  0.000000e+00
    outer loop
      vertex -6.922395e+01 -3.881006e+01  0.000000e+00
      vertex -6.917963e+01 -3.827513e+01  3.000000e+00
      vertex -6.917963e+01 -3.827513e+01  0.000000e+00
    endloop
  endfacet
  facet normal -1.645949e-01  9.863613e-01  0.000000e+00
    outer loop
      vertex -7.163180e+01 -4.142568e+01  3.000000e+00
      vertex -7.216124e+01 -4.151403e+01  0.000000e+00
      vertex -7.216124e+01 -4.151403e+01  3.000000e+00
    endloop
  endfacet
  facet normal  0.000000e+00  1.000000e+00  0.000000e+00
    outer loop
      vertex -7.216124e+01 -4.151403e+01  3.000000e+00
      vertex -7.216124e+01 -4.151403e+01  0.000000e+00
      vertex -7.269801e+01 -4.151403e+01  0.000000e+00
    endloop
  endfacet
  facet normal  0.000000e+00  1.000000e+00  0.000000e+00
    outer loop
      vertex -7.216124e+01 -4.151403e+01  3.000000e+00
      vertex -7.269801e+01 -4.151403e+01  0.000000e+00
      vertex -7.269801e+01 -4.151403e+01  3.000000e+00
    endloop
  endfacet
  facet normal  1.645926e-01  9.863617e-01  0.000000e+00
    outer loop
      vertex -7.269801e+01 -4.151403e+01  3.000000e+00
      vertex -7.269801e+01 -4.151403e+01  0.000000e+00
      vertex -7.322746e+01 -4.142568e+01  0.000000e+00
    endloop
  endfacet
  facet normal  1.645926e-01  9.863617e-01  -0.000000e+00
    outer loop
      vertex -7.269801e+01 -4.151403e+01  3.000000e+00
      vertex -7.322746e+01 -4.142568e+01  0.000000e+00
      vertex -7.322746e+01 -4.142568e+01  3.000000e+00
    endloop
  endfacet
  facet normal  3.247028e-01  9.458162e-01  0.000000e+00
    outer loop
      vertex -7.322746e+01 -4.142568e+01  3.000000e+00
      vertex -7.322746e+01 -4.142568e+01  0.000000e+00
      vertex -7.373514e+01 -4.125139e+01  0.000000e+00
    endloop
  endfacet
  facet normal  3.247028e-01  9.458162e-01  -0.000000e+00
    outer loop
      vertex -7.322746e+01 -4.142568e+01  3.000000e+00
      vertex -7.373514e+01 -4.125139e+01  0.000000e+00
      vertex -7.373514e+01 -4.125139e+01  3.000000e+00
    endloop
  endfacet
  facet normal  4.759465e-01  8.794742e-01  0.000000e+00
    outer loop
      vertex -7.373514e+01 -4.125139e+01  3.000000e+00
      vertex -7.373514e+01 -4.125139e+01  0.000000e+00
      vertex -7.420721e+01 -4.099592e+01  0.000000e+00
    endloop
  endfacet
  facet normal  4.759465e-01  8.794742e-01  -0.000000e+00
    outer loop
      vertex -7.373514e+01 -4.125139e+01  3.000000e+00
      vertex -7.420721e+01 -4.099592e+01  0.000000e+00
      vertex -7.420721e+01 -4.099592e+01  3.000000e+00
    endloop
  endfacet
  facet normal  6.142132e-01  7.891402e-01  0.000000e+00
    outer loop
      vertex -7.420721e+01 -4.099592e+01  3.000000e+00
      vertex -7.420721e+01 -4.099592e+01  0.000000e+00
      vertex -7.463079e+01 -4.066623e+01  0.000000e+00
    endloop
  endfacet
  facet normal  6.142132e-01  7.891402e-01  -0.000000e+00
    outer loop
      vertex -7.420721e+01 -4.099592e+01  3.000000e+00
      vertex -7.463079e+01 -4.066623e+01  0.000000e+00
      vertex -7.463079e+01 -4.066623e+01  3.000000e+00
    endloop
  endfacet
  facet normal  7.357258e-01  6.772794e-01  0.000000e+00
    outer loop
      vertex -7.463079e+01 -4.066623e+01  3.000000e+00
      vertex -7.463079e+01 -4.066623e+01  0.000000e+00
      vertex -7.499433e+01 -4.027132e+01  0.000000e+00
    endloop
  endfacet
  facet normal  7.357258e-01  6.772794e-01  -0.000000e+00
    outer loop
      vertex -7.463079e+01 -4.066623e+01  3.000000e+00
      vertex -7.499433e+01 -4.027132e+01  0.000000e+00
      vertex -7.499433e+01 -4.027132e+01  3.000000e+00
    endloop
  endfacet
  facet normal  8.371685e-01  5.469450e-01  0.000000e+00
    outer loop
      vertex -7.499433e+01 -4.027132e+01  3.000000e+00
      vertex -7.499433e+01 -4.027132e+01  0.000000e+00
      vertex -7.528791e+01 -3.982196e+01  0.000000e+00
    endloop
  endfacet
  facet normal  8.371685e-01  5.469450e-01  -0.000000e+00
    outer loop
      vertex -7.499433e+01 -4.027132e+01  3.000000e+00
      vertex -7.528791e+01 -3.982196e+01  0.000000e+00
      vertex -7.528791e+01 -3.982196e+01  3.000000e+00
    endloop
  endfacet
  facet normal  9.157702e-01  4.017026e-01  0.000000e+00
    outer loop
      vertex -7.528791e+01 -3.982196e+01  3.000000e+00
      vertex -7.528791e+01 -3.982196e+01  0.000000e+00
      vertex -7.550353e+01 -3.933040e+01  0.000000e+00
    endloop
  endfacet
  facet normal  9.157702e-01  4.017026e-01  -0.000000e+00
    outer loop
      vertex -7.528791e+01 -3.982196e+01  3.000000e+00
      vertex -7.550353e+01 -3.933040e+01  0.000000e+00
      vertex -7.550353e+01 -3.933040e+01  3.000000e+00
    endloop
  endfacet
  facet normal  9.694006e-01  2.454843e-01  0.000000e+00
    outer loop
      vertex -7.550353e+01 -3.933040e+01  3.000000e+00
      vertex -7.550353e+01 -3.933040e+01  0.000000e+00
      vertex -7.563530e+01 -3.881006e+01  0.000000e+00
    endloop
  endfacet
  facet normal  9.694006e-01  2.454843e-01  -0.000000e+00
    outer loop
      vertex -7.550353e+01 -3.933040e+01  3.000000e+00
      vertex -7.563530e+01 -3.881006e+01  0.000000e+00
      vertex -7.563530e+01 -3.881006e+01  3.000000e+00
    endloop
  endfacet
  facet normal  9.965842e-01  8.258142e-02  0.000000e+00
    outer loop
      vertex -7.563530e+01 -3.881006e+01  3.000000e+00
      vertex -7.563530e+01 -3.881006e+01  0.000000e+00
      vertex -7.567963e+01 -3.827513e+01 -4.440892e-16
    endloop
  endfacet
  facet normal  9.965842e-01  8.258142e-02  -0.000000e+00
    outer loop
      vertex -7.563530e+01 -3.881006e+01  3.000000e+00
      vertex -7.567963e+01 -3.827513e+01 -4.440892e-16
      vertex -7.567963e+01 -3.827513e+01  3.000000e+00
    endloop
  endfacet
  facet normal  0.000000e+00  0.000000e+00 -1.000000e+00
    outer loop
      vertex -7.112411e+01 -4.125139e+01  3.000000e+00
      vertex -7.119173e+01 -3.964995e+01  3.000000e+00
      vertex -7.093295e+01 -3.936253e+01  3.000000e+00
    endloop
  endfacet
  facet normal  0.000000e+00  -0.000000e+00 -1.000000e+00
    outer loop
      vertex -7.119173e+01 -3.690031e+01  3.000000e+00
      vertex -7.112411e+01 -3.529887e+01  3.000000e+00
      vertex -7.093295e+01 -3.718773e+01  3.000000e+00
    endloop
  endfacet
  facet normal  0.000000e+00  -0.000000e+00 -1.000000e+00
    outer loop
      vertex -7.567963e+01 -3.827513e+01  3.000000e+00
      vertex -7.563530e+01 -3.774020e+01  3.000000e+00
      vertex -7.550353e+01 -3.721986e+01  3.000000e+00
    endloop
  endfacet
  facet normal  0.000000e+00  -0.000000e+00 -1.000000e+00
    outer loop
      vertex -7.567963e+01 -3.827513e+01  3.000000e+00
      vertex -7.550353e+01 -3.721986e+01  3.000000e+00
      vertex -7.528791e+01 -3.672830e+01  3.000000e+00
    endloop
  endfacet
  facet normal  0.000000e+00  -0.000000e+00 -1.000000e+00
    outer loop
      vertex -7.567963e+01 -3.827513e+01  3.000000e+00
      vertex -7.528791e+01 -3.672830e+01  3.000000e+00
      vertex -7.499433e+01 -3.627894e+01  3.000000e+00
    endloop
  endfacet
  facet normal  0.000000e+00  -0.000000e+00 -1.000000e+00
    outer loop
      vertex -7.567963e+01 -3.827513e+01  3.000000e+00
      vertex -7.499433e+01 -3.627894e+01  3.000000e+00
      vertex -7.463079e+01 -3.588403e+01  3.000000e+00
    endloop
  endfacet
  facet normal  0.000000e+00  -0.000000e+00 -1.000000e+00
    outer loop
      vertex -7.567963e+01 -3.827513e+01  3.000000e+00
      vertex -7.463079e+01 -3.588403e+01  3.000000e+00
      vertex -7.427962e+01 -3.827513e+01  3.000000e+00
    endloop
  endfacet
  facet normal  -0.000000e+00  0.000000e+00 -1.000000e+00
    outer loop
      vertex -7.567963e+01 -3.827513e+01  3.000000e+00
      vertex -7.427962e+01 -3.827513e+01  3.000000e+00
      vertex -7.463079e+01 -4.066623e+01  3.000000e+00
    endloop
  endfacet
  facet normal  0.000000e+00  0.000000e+00 -1.000000e+00
    outer loop
      vertex -7.567963e+01 -3.827513e+01  3.000000e+00
      vertex -7.463079e+01 -4.066623e+01  3.000000e+00
      vertex -7.499433e+01 -4.027132e+01  3.000000e+00
    endloop
  endfacet
  facet normal  0.000000e+00  0.000000e+00 -1.000000e+00
    outer loop
      vertex -7.567963e+01 -3.827513e+01  3.000000e+00
      vertex -7.499433e+01 -4.027132e+01  3.000000e+00
      vertex -7.528791e+01 -3.982196e+01  3.000000e+00
    endloop
  endfacet
  facet normal  0.000000e+00  0.000000e+00 -1.000000e+00
    outer loop
      vertex -7.567963e+01 -3.827513e+01  3.000000e+00
      vertex -7.528791e+01 -3.982196e+01  3.000000e+00
      vertex -7.550353e+01 -3.933040e+01  3.000000e+00
    endloop
  endfacet
  facet normal  0.000000e+00  0.000000e+00 -1.000000e+00
    outer loop
      vertex -7.567963e+01 -3.827513e+01  3.000000e+00
      vertex -7.550353e+01 -3.933040e+01  3.000000e+00
      vertex -7.563530e+01 -3.881006e+01  3.000000e+00
    endloop
  endfacet
  facet normal  0.000000e+00  0.000000e+00 -1.000000e+00
    outer loop
      vertex -7.057962e+01 -3.827513e+01  3.000000e+00
      vertex -7.062005e+01 -3.789050e+01  3.000000e+00
      vertex -7.065205e+01 -3.555434e+01  3.000000e+00
    endloop
  endfacet
  facet normal  0.000000e+00  0.000000e+00 -1.000000e+00
    outer loop
      vertex -7.057962e+01 -3.827513e+01  3.000000e+00
      vertex -7.065205e+01 -3.555434e+01  3.000000e+00
      vertex -7.022846e+01 -3.588403e+01  3.000000e+00
    endloop
  endfacet
  facet normal  0.000000e+00  -0.000000e+00 -1.000000e+00
    outer loop
      vertex -7.057962e+01 -3.827513e+01  3.000000e+00
      vertex -7.022846e+01 -3.588403e+01  3.000000e+00
      vertex -6.986491e+01 -3.627894e+01  3.000000e+00
    endloop
  endfacet
  facet normal  0.000000e+00  -0.000000e+00 -9.999999e-01
    outer loop
      vertex -7.057962e+01 -3.827513e+01  3.000000e+00
      vertex -6.986491e+01 -3.627894e+01  3.000000e+00
      vertex -6.957133e+01 -3.672830e+01  3.000000e+00
    endloop
  endfacet
  facet normal  0.000000e+00  -0.000000e+00 -1.000000e+00
    outer loop
      vertex -7.057962e+01 -3.827513e+01  3.000000e+00
      vertex -6.957133e+01 -3.672830e+01  3.000000e+00
      vertex -6.935572e+01 -3.721986e+01  3.000000e+00
    endloop
  endfacet
  facet normal  0.000000e+00  -0.000000e+00 -1.000000e+00
    outer loop
      vertex -7.057962e+01 -3.827513e+01  3.000000e+00
      vertex -6.935572e+01 -3.721986e+01  3.000000e+00
      vertex -6.922395e+01 -3.774020e+01  3.000000e+00
    endloop
  endfacet
  facet normal  0.000000e+00  -0.000000e+00 -1.000000e+00
    outer loop
      vertex -7.057962e+01 -3.827513e+01  3.000000e+00
      vertex -6.922395e+01 -3.774020e+01  3.000000e+00
      vertex -6.917963e+01 -3.827513e+01  3.000000e+00
    endloop
  endfacet
  facet normal  -0.000000e+00  0.000000e+00 -1.000000e+00
    outer loop
      vertex -7.057962e+01 -3.827513e+01  3.000000e+00
      vertex -6.917963e+01 -3.827513e+01  3.000000e+00
      vertex -6.922395e+01 -3.881006e+01  3.000000e+00
    endloop
  endfacet
  facet normal  -0.000000e+00  0.000000e+00 -1.000000e+00
    outer loop
      vertex -7.057962e+01 -3.827513e+01  3.000000e+00
      vertex -6.922395e+01 -3.881006e+01  3.000000e+00
      vertex -6.935572e+01 -3.933040e+01  3.000000e+00
    endloop
  endfacet
  facet normal  -0.000000e+00  0.000000e+00 -1.000000e+00
    outer loop
      vertex -7.057962e+01 -3.827513e+01  3.000000e+00
      vertex -6.935572e+01 -3.933040e+01  3.000000e+00
      vertex -6.957133e+01 -3.982196e+01  3.000000e+00
    endloop
  endfacet
  facet normal  -0.000000e+00  0.000000e+00 -1.000000e+00
    outer loop
      vertex -7.057962e+01 -3.827513e+01  3.000000e+00
      vertex -6.957133e+01 -3.982196e+01  3.000000e+00
      vertex -6.986491e+01 -4.027132e+01  3.000000e+00
    endloop
  endfacet
  facet normal  -0.000000e+00  0.000000e+00 -1.000000e+00
    outer loop
      vertex -7.057962e+01 -3.827513e+01  3.000000e+00
      vertex -6.986491e+01 -4.027132e+01  3.000000e+00
      vertex -7.022846e+01 -4.066623e+01  3.000000e+00
    endloop
  endfacet
  facet normal  -0.000000e+00  0.000000e+00 -1.000000e+00
    outer loop
      vertex -7.057962e+01 -3.827513e+01  3.000000e+00
      vertex -7.022846e+01 -4.066623e+01  3.000000e+00
      vertex -7.065205e+01 -4.099592e+01  3.000000e+00
    endloop
  endfacet
  facet normal  0.000000e+00  0.000000e+00 -1.000000e+00
    outer loop
      vertex -7.057962e+01 -3.827513e+01  3.000000e+00
      vertex -7.065205e+01 -4.099592e+01  3.000000e+00
      vertex -7.062005e+01 -3.865977e+01  3.000000e+00
    endloop
  endfacet
  facet normal  0.000000e+00  0.000000e+00 -1.000000e+00
    outer loop
      vertex -7.093295e+01 -3.936253e+01  3.000000e+00
      vertex -7.073956e+01 -3.902760e+01  3.000000e+00
      vertex -7.112411e+01 -4.125139e+01  3.000000e+00
    endloop
  endfacet
  facet normal  0.000000e+00  0.000000e+00 -1.000000e+00
    outer loop
      vertex -7.112411e+01 -4.125139e+01  3.000000e+00
      vertex -7.073956e+01 -3.902760e+01  3.000000e+00
      vertex -7.062005e+01 -3.865977e+01  3.000000e+00
    endloop
  endfacet
  facet normal  0.000000e+00  0.000000e+00 -1.000000e+00
    outer loop
      vertex -7.112411e+01 -4.125139e+01  3.000000e+00
      vertex -7.062005e+01 -3.865977e+01  3.000000e+00
      vertex -7.065205e+01 -4.099592e+01  3.000000e+00
    endloop
  endfacet
  facet normal  0.000000e+00  0.000000e+00 -1.000000e+00
    outer loop
      vertex -7.223624e+01 -4.011500e+01  3.000000e+00
      vertex -7.185794e+01 -4.003458e+01  3.000000e+00
      vertex -7.216124e+01 -4.151403e+01  3.000000e+00
    endloop
  endfacet
  facet normal  0.000000e+00  0.000000e+00 -9.999999e-01
    outer loop
      vertex -7.216124e+01 -4.151403e+01  3.000000e+00
      vertex -7.185794e+01 -4.003458e+01  3.000000e+00
      vertex -7.150462e+01 -3.987728e+01  3.000000e+00
    endloop
  endfacet
  facet normal  0.000000e+00  0.000000e+00 -1.000000e+00
    outer loop
      vertex -7.216124e+01 -4.151403e+01  3.000000e+00
      vertex -7.150462e+01 -3.987728e+01  3.000000e+00
      vertex -7.163180e+01 -4.142568e+01  3.000000e+00
    endloop
  endfacet
  facet normal  0.000000e+00  0.000000e+00 -9.999999e-01
    outer loop
      vertex -7.163180e+01 -4.142568e+01  3.000000e+00
      vertex -7.150462e+01 -3.987728e+01  3.000000e+00
      vertex -7.119173e+01 -3.964995e+01  3.000000e+00
    endloop
  endfacet
  facet normal  0.000000e+00  -0.000000e+00 -1.000000e+00
    outer loop
      vertex -7.163180e+01 -4.142568e+01  3.000000e+00
      vertex -7.119173e+01 -3.964995e+01  3.000000e+00
      vertex -7.112411e+01 -4.125139e+01  3.000000e+00
    endloop
  endfacet
  facet normal  -0.000000e+00  0.000000e+00 -1.000000e+00
    outer loop
      vertex -7.335462e+01 -3.987728e+01  3.000000e+00
      vertex -7.300130e+01 -4.003458e+01  3.000000e+00
      vertex -7.322746e+01 -4.142568e+01  3.000000e+00
    endloop
  endfacet
  facet normal  0.000000e+00  0.000000e+00 -1.000000e+00
    outer loop
      vertex -7.322746e+01 -4.142568e+01  3.000000e+00
      vertex -7.300130e+01 -4.003458e+01  3.000000e+00
      vertex -7.262300e+01 -4.011500e+01  3.000000e+00
    endloop
  endfacet
  facet normal  0.000000e+00  0.000000e+00 -1.000000e+00
    outer loop
      vertex -7.322746e+01 -4.142568e+01  3.000000e+00
      vertex -7.262300e+01 -4.011500e+01  3.000000e+00
      vertex -7.269801e+01 -4.151403e+01  3.000000e+00
    endloop
  endfacet
  facet normal  0.000000e+00  0.000000e+00 -1.000000e+00
    outer loop
      vertex -7.269801e+01 -4.151403e+01  3.000000e+00
      vertex -7.262300e+01 -4.011500e+01  3.000000e+00
      vertex -7.223624e+01 -4.011500e+01  3.000000e+00
    endloop
  endfacet
  facet normal  0.000000e+00  -0.000000e+00 -1.000000e+00
    outer loop
      vertex -7.269801e+01 -4.151403e+01  3.000000e+00
      vertex -7.223624e+01 -4.011500e+01  3.000000e+00
      vertex -7.216124e+01 -4.151403e+01  3.000000e+00
    endloop
  endfacet
  facet normal  -0.000000e+00  0.000000e+00 -9.999999e-01
    outer loop
      vertex -7.411968e+01 -3.902760e+01  3.000000e+00
      vertex -7.392631e+01 -3.936253e+01  3.000000e+00
      vertex -7.420721e+01 -4.099592e+01  3.000000e+00
    endloop
  endfacet
  facet normal  0.000000e+00  0.000000e+00 -1.000000e+00
    outer loop
      vertex -7.420721e+01 -4.099592e+01  3.000000e+00
      vertex -7.392631e+01 -3.936253e+01  3.000000e+00
      vertex -7.366752e+01 -3.964995e+01  3.000000e+00
    endloop
  endfacet
  facet normal  0.000000e+00  0.000000e+00 -1.000000e+00
    outer loop
      vertex -7.420721e+01 -4.099592e+01  3.000000e+00
      vertex -7.366752e+01 -3.964995e+01  3.000000e+00
      vertex -7.373514e+01 -4.125139e+01  3.000000e+00
    endloop
  endfacet
  facet normal  0.000000e+00  0.000000e+00 -1.000000e+00
    outer loop
      vertex -7.373514e+01 -4.125139e+01  3.000000e+00
      vertex -7.366752e+01 -3.964995e+01  3.000000e+00
      vertex -7.335462e+01 -3.987728e+01  3.000000e+00
    endloop
  endfacet
  facet normal  0.000000e+00  -0.000000e+00 -1.000000e+00
    outer loop
      vertex -7.373514e+01 -4.125139e+01  3.000000e+00
      vertex -7.335462e+01 -3.987728e+01  3.000000e+00
      vertex -7.322746e+01 -4.142568e+01  3.000000e+00
    endloop
  endfacet
  facet normal  0.000000e+00  0.000000e+00 -1.000000e+00
    outer loop
      vertex -7.411968e+01 -3.902760e+01  3.000000e+00
      vertex -7.420721e+01 -4.099592e+01  3.000000e+00
      vertex -7.423920e+01 -3.865977e+01  3.000000e+00
    endloop
  endfacet
  facet normal  0.000000e+00  -0.000000e+00 -1.000000e+00
    outer loop
      vertex -7.423920e+01 -3.865977e+01  3.000000e+00
      vertex -7.420721e+01 -4.099592e+01  3.000000e+00
      vertex -7.463079e+01 -4.066623e+01  3.000000e+00
    endloop
  endfacet
  facet normal  0.000000e+00  0.000000e+00 -9.999999e-01
    outer loop
      vertex -7.423920e+01 -3.865977e+01  3.000000e+00
      vertex -7.463079e+01 -4.066623e+01  3.000000e+00
      vertex -7.427962e+01 -3.827513e+01  3.000000e+00
    endloop
  endfacet
  facet normal  0.000000e+00  0.000000e+00 -1.000000e+00
    outer loop
      vertex -7.093295e+01 -3.718773e+01  3.000000e+00
      vertex -7.112411e+01 -3.529887e+01  3.000000e+00
      vertex -7.073956e+01 -3.752267e+01  3.000000e+00
    endloop
  endfacet
  facet normal  0.000000e+00  0.000000e+00 -9.999999e-01
    outer loop
      vertex -7.073956e+01 -3.752267e+01  3.000000e+00
      vertex -7.112411e+01 -3.529887e+01  3.000000e+00
      vertex -7.065205e+01 -3.555434e+01  3.000000e+00
    endloop
  endfacet
  facet normal  0.000000e+00  -0.000000e+00 -1.000000e+00
    outer loop
      vertex -7.073956e+01 -3.752267e+01  3.000000e+00
      vertex -7.065205e+01 -3.555434e+01  3.000000e+00
      vertex -7.062005e+01 -3.789050e+01  3.000000e+00
    endloop
  endfacet
  facet normal  0.000000e+00  -0.000000e+00 -1.000000e+00
    outer loop
      vertex -7.223624e+01 -3.643526e+01  3.000000e+00
      vertex -7.216124e+01 -3.503623e+01  3.000000e+00
      vertex -7.185794e+01 -3.651567e+01  3.000000e+00
    endloop
  endfacet
  facet normal  0.000000e+00  0.000000e+00 -1.000000e+00
    outer loop
      vertex -7.185794e+01 -3.651567e+01  3.000000e+00
      vertex -7.216124e+01 -3.503623e+01  3.000000e+00
      vertex -7.163180e+01 -3.512458e+01  3.000000e+00
    endloop
  endfacet
  facet normal  0.000000e+00  -0.000000e+00 -1.000000e+00
    outer loop
      vertex -7.185794e+01 -3.651567e+01  3.000000e+00
      vertex -7.163180e+01 -3.512458e+01  3.000000e+00
      vertex -7.150462e+01 -3.667299e+01  3.000000e+00
    endloop
  endfacet
  facet normal  0.000000e+00  0.000000e+00 -1.000000e+00
    outer loop
      vertex -7.150462e+01 -3.667299e+01  3.000000e+00
      vertex -7.163180e+01 -3.512458e+01  3.000000e+00
      vertex -7.112411e+01 -3.529887e+01  3.000000e+00
    endloop
  endfacet
  facet normal  0.000000e+00  0.000000e+00 -1.000000e+00
    outer loop
      vertex -7.150462e+01 -3.667299e+01  3.000000e+00
      vertex -7.112411e+01 -3.529887e+01  3.000000e+00
      vertex -7.119173e+01 -3.690031e+01  3.000000e+00
    endloop
  endfacet
  facet normal  0.000000e+00  -0.000000e+00 -1.000000e+00
    outer loop
      vertex -7.335462e+01 -3.667299e+01  3.000000e+00
      vertex -7.322746e+01 -3.512458e+01  3.000000e+00
      vertex -7.300130e+01 -3.651567e+01  3.000000e+00
    endloop
  endfacet
  facet normal  0.000000e+00  0.000000e+00 -1.000000e+00
    outer loop
      vertex -7.300130e+01 -3.651567e+01  3.000000e+00
      vertex -7.322746e+01 -3.512458e+01  3.000000e+00
      vertex -7.269801e+01 -3.503623e+01  3.000000e+00
    endloop
  endfacet
  facet normal  0.000000e+00  -0.000000e+00 -1.000000e+00
    outer loop
      vertex -7.300130e+01 -3.651567e+01  3.000000e+00
      vertex -7.269801e+01 -3.503623e+01  3.000000e+00
      vertex -7.262300e+01 -3.643526e+01  3.000000e+00
    endloop
  endfacet
  facet normal  0.000000e+00  0.000000e+00 -1.000000e+00
    outer loop
      vertex -7.262300e+01 -3.643526e+01  3.000000e+00
      vertex -7.269801e+01 -3.503623e+01  3.000000e+00
      vertex -7.216124e+01 -3.503623e+01  3.000000e+00
    endloop
  endfacet
  facet normal  0.000000e+00  0.000000e+00 -1.000000e+00
    outer loop
      vertex -7.262300e+01 -3.643526e+01  3.000000e+00
      vertex -7.216124e+01 -3.503623e+01  3.000000e+00
      vertex -7.223624e+01 -3.643526e+01  3.000000e+00
    endloop
  endfacet
  facet normal  0.000000e+00  0.000000e+00 -1.000000e+00
    outer loop
      vertex -7.411968e+01 -3.752267e+01  3.000000e+00
      vertex -7.420721e+01 -3.555434e+01  3.000000e+00
      vertex -7.392631e+01 -3.718773e+01  3.000000e+00
    endloop
  endfacet
  facet normal  0.000000e+00  0.000000e+00 -1.000000e+00
    outer loop
      vertex -7.392631e+01 -3.718773e+01  3.000000e+00
      vertex -7.420721e+01 -3.555434e+01  3.000000e+00
      vertex -7.373514e+01 -3.529887e+01  3.000000e+00
    endloop
  endfacet
  facet normal  0.000000e+00  -0.000000e+00 -1.000000e+00
    outer loop
      vertex -7.392631e+01 -3.718773e+01  3.000000e+00
      vertex -7.373514e+01 -3.529887e+01  3.000000e+00
      vertex -7.366752e+01 -3.690031e+01  3.000000e+00
    endloop
  endfacet
  facet normal  0.000000e+00  0.000000e+00 -1.000000e+00
    outer loop
      vertex -7.366752e+01 -3.690031e+01  3.000000e+00
      vertex -7.373514e+01 -3.529887e+01  3.000000e+00
      vertex -7.322746e+01 -3.512458e+01  3.000000e+00
    endloop
  endfacet
  facet normal  0.000000e+00  0.000000e+00 -9.999999e-01
    outer loop
      vertex -7.366752e+01 -3.690031e+01  3.000000e+00
      vertex -7.322746e+01 -3.512458e+01  3.000000e+00
      vertex -7.335462e+01 -3.667299e+01  3.000000e+00
    endloop
  endfacet
  facet normal  0.000000e+00  0.000000e+00 -1.000000e+00
    outer loop
      vertex -7.411968e+01 -3.752267e+01  3.000000e+00
      vertex -7.423920e+01 -3.789050e+01  3.000000e+00
      vertex -7.420721e+01 -3.555434e+01  3.000000e+00
    endloop
  endfacet
  facet normal  0.000000e+00  0.000000e+00 -1.000000e+00
    outer loop
      vertex -7.420721e+01 -3.555434e+01  3.000000e+00
      vertex -7.423920e+01 -3.789050e+01  3.000000e+00
      vertex -7.427962e+01 -3.827513e+01  3.000000e+00
    endloop
  endfacet
  facet normal  0.000000e+00  0.000000e+00 -1.000000e+00
    outer loop
      vertex -7.420721e+01 -3.555434e+01  3.000000e+00
      vertex -7.427962e+01 -3.827513e+01  3.000000e+00
      vertex -7.463079e+01 -3.588403e+01  3.000000e+00
    endloop
  endfacet
  facet normal  2.079189e-01 -9.781461e-01  0.000000e+00
    outer loop
      vertex -7.458999e+01  4.133987e+01  3.000000e+00
      vertex -7.496829e+01  4.125945e+01  5.000000e+00
      vertex -7.496829e+01  4.125945e+01  3.000000e+00
    endloop
  endfacet
  facet normal  4.067360e-01 -9.135457e-01  0.000000e+00
    outer loop
      vertex -7.496829e+01  4.125945e+01  3.000000e+00
      vertex -7.496829e+01  4.125945e+01  5.000000e+00
      vertex -7.532161e+01  4.110215e+01  5.000000e+00
    endloop
  endfacet
  facet normal  4.067360e-01 -9.135457e-01  0.000000e+00
    outer loop
      vertex -7.496829e+01  4.125945e+01  3.000000e+00
      vertex -7.532161e+01  4.110215e+01  5.000000e+00
      vertex -7.532161e+01  4.110215e+01  3.000000e+00
    endloop
  endfacet
  facet normal  5.877887e-01 -8.090145e-01  0.000000e+00
    outer loop
      vertex -7.532161e+01  4.110215e+01  3.000000e+00
      vertex -7.532161e+01  4.110215e+01  5.000000e+00
      vertex -7.563450e+01  4.087482e+01  5.000000e+00
    endloop
  endfacet
  facet normal  5.877887e-01 -8.090145e-01  0.000000e+00
    outer loop
      vertex -7.532161e+01  4.110215e+01  3.000000e+00
      vertex -7.563450e+01  4.087482e+01  5.000000e+00
      vertex -7.563450e+01  4.087482e+01  3.000000e+00
    endloop
  endfacet
  facet normal  7.431450e-01 -6.691304e-01  0.000000e+00
    outer loop
      vertex -7.563450e+01  4.087482e+01  3.000000e+00
      vertex -7.563450e+01  4.087482e+01  5.000000e+00
      vertex -7.589329e+01  4.058740e+01  5.000000e+00
    endloop
  endfacet
  facet normal  7.431450e-01 -6.691304e-01  0.000000e+00
    outer loop
      vertex -7.563450e+01  4.087482e+01  3.000000e+00
      vertex -7.589329e+01  4.058740e+01  5.000000e+00
      vertex -7.589329e+01  4.058740e+01  3.000000e+00
    endloop
  endfacet
  facet normal  8.660190e-01 -5.000110e-01  0.000000e+00
    outer loop
      vertex -7.589329e+01  4.058740e+01  3.000000e+00
      vertex -7.589329e+01  4.058740e+01  5.000000e+00
      vertex -7.608667e+01  4.025246e+01  5.000000e+00
    endloop
  endfacet
  facet normal  8.660190e-01 -5.000110e-01  0.000000e+00
    outer loop
      vertex -7.589329e+01  4.058740e+01  3.000000e+00
      vertex -7.608667e+01  4.025246e+01  5.000000e+00
      vertex -7.608667e+01  4.025246e+01  3.000000e+00
    endloop
  endfacet
  facet normal  9.510567e-01 -3.090165e-01  0.000000e+00
    outer loop
      vertex -7.608667e+01  4.025246e+01  3.000000e+00
      vertex -7.608667e+01  4.025246e+01  5.000000e+00
      vertex -7.620618e+01  3.988464e+01  5.000000e+00
    endloop
  endfacet
  facet normal  9.510567e-01 -3.090165e-01  0.000000e+00
    outer loop
      vertex -7.608667e+01  4.025246e+01  3.000000e+00
      vertex -7.620618e+01  3.988464e+01  5.000000e+00
      vertex -7.620618e+01  3.988464e+01  3.000000e+00
    endloop
  endfacet
  facet normal  9.945236e-01 -1.045123e-01  0.000000e+00
    outer loop
      vertex -7.620618e+01  3.988464e+01  3.000000e+00
      vertex -7.620618e+01  3.988464e+01  5.000000e+00
      vertex -7.624660e+01  3.950000e+01  5.000000e+00
    endloop
  endfacet
  facet normal  9.945236e-01 -1.045123e-01  0.000000e+00
    outer loop
      vertex -7.620618e+01  3.988464e+01  3.000000e+00
      vertex -7.624660e+01  3.950000e+01  5.000000e+00
      vertex -7.624660e+01  3.950000e+01  3.000000e+00
    endloop
  endfacet
  facet normal  2.079189e-01 -9.781461e-01  0.000000e+00
    outer loop
      vertex -7.496829e+01  4.125945e+01  5.000000e+00
      vertex -7.458999e+01  4.133987e+01  3.000000e+00
      vertex -7.458999e+01  4.133987e+01  5.000000e+00
    endloop
  endfacet
  facet normal  0.000000e+00 -1.000000e+00  0.000000e+00
    outer loop
      vertex -7.458999e+01  4.133987e+01  5.000000e+00
      vertex -7.458999e+01  4.133987e+01  3.000000e+00
      vertex -7.420323e+01  4.133987e+01  3.000000e+00
    endloop
  endfacet
  facet normal  0.000000e+00 -1.000000e+00  0.000000e+00
    outer loop
      vertex -7.458999e+01  4.133987e+01  5.000000e+00
      vertex -7.420323e+01  4.133987e+01  3.000000e+00
      vertex -7.420323e+01  4.133987e+01  5.000000e+00
    endloop
  endfacet
  facet normal -2.079189e-01 -9.781461e-01  -0.000000e+00
    outer loop
      vertex -7.420323e+01  4.133987e+01  5.000000e+00
      vertex -7.420323e+01  4.133987e+01  3.000000e+00
      vertex -7.382493e+01  4.125945e+01  3.000000e+00
    endloop
  endfacet
  facet normal -2.079189e-01 -9.781461e-01  0.000000e+00
    outer loop
      vertex -7.420323e+01  4.133987e+01  5.000000e+00
      vertex -7.382493e+01  4.125945e+01  3.000000e+00
      vertex -7.382493e+01  4.125945e+01  5.000000e+00
    endloop
  endfacet
  facet normal -4.067360e-01 -9.135457e-01  -0.000000e+00
    outer loop
      vertex -7.382493e+01  4.125945e+01  5.000000e+00
      vertex -7.382493e+01  4.125945e+01  3.000000e+00
      vertex -7.347161e+01  4.110215e+01  3.000000e+00
    endloop
  endfacet
  facet normal -4.067360e-01 -9.135457e-01  0.000000e+00
    outer loop
      vertex -7.382493e+01  4.125945e+01  5.000000e+00
      vertex -7.347161e+01  4.110215e+01  3.000000e+00
      vertex -7.347161e+01  4.110215e+01  5.000000e+00
    endloop
  endfacet
  facet normal -5.877793e-01 -8.090214e-01  -0.000000e+00
    outer loop
      vertex -7.347161e+01  4.110215e+01  5.000000e+00
      vertex -7.347161e+01  4.110215e+01  3.000000e+00
      vertex -7.315871e+01  4.087482e+01  3.000000e+00
    endloop
  endfacet
  facet normal -5.877793e-01 -8.090214e-01  0.000000e+00
    outer loop
      vertex -7.347161e+01  4.110215e+01  5.000000e+00
      vertex -7.315871e+01  4.087482e+01  3.000000e+00
      vertex -7.315871e+01  4.087482e+01  5.000000e+00
    endloop
  endfacet
  facet normal -7.431450e-01 -6.691304e-01  -0.000000e+00
    outer loop
      vertex -7.315871e+01  4.087482e+01  5.000000e+00
      vertex -7.315871e+01  4.087482e+01  3.000000e+00
      vertex -7.289993e+01  4.058740e+01  3.000000e+00
    endloop
  endfacet
  facet normal -7.431450e-01 -6.691304e-01  0.000000e+00
    outer loop
      vertex -7.315871e+01  4.087482e+01  5.000000e+00
      vertex -7.289993e+01  4.058740e+01  3.000000e+00
      vertex -7.289993e+01  4.058740e+01  5.000000e+00
    endloop
  endfacet
  facet normal -8.660275e-01 -4.999962e-01  -0.000000e+00
    outer loop
      vertex -7.289993e+01  4.058740e+01  5.000000e+00
      vertex -7.289993e+01  4.058740e+01  3.000000e+00
      vertex -7.270655e+01  4.025246e+01  3.000000e+00
    endloop
  endfacet
  facet normal -8.660275e-01 -4.999962e-01  0.000000e+00
    outer loop
      vertex -7.289993e+01  4.058740e+01  5.000000e+00
      vertex -7.270655e+01  4.025246e+01  3.000000e+00
      vertex -7.270655e+01  4.025246e+01  5.000000e+00
    endloop
  endfacet
  facet normal -9.510567e-01 -3.090165e-01  -0.000000e+00
    outer loop
      vertex -7.270655e+01  4.025246e+01  5.000000e+00
      vertex -7.270655e+01  4.025246e+01  3.000000e+00
      vertex -7.258704e+01  3.988464e+01  3.000000e+00
    endloop
  endfacet
  facet normal -9.510567e-01 -3.090165e-01  0.000000e+00
    outer loop
      vertex -7.270655e+01  4.025246e+01  5.000000e+00
      vertex -7.258704e+01  3.988464e+01  3.000000e+00
      vertex -7.258704e+01  3.988464e+01  5.000000e+00
    endloop
  endfacet
  facet normal -9.945215e-01 -1.045318e-01  -0.000000e+00
    outer loop
      vertex -7.258704e+01  3.988464e+01  5.000000e+00
      vertex -7.258704e+01  3.988464e+01  3.000000e+00
      vertex -7.254661e+01  3.950000e+01  3.000000e+00
    endloop
  endfacet
  facet normal -9.945215e-01 -1.045318e-01  0.000000e+00
    outer loop
      vertex -7.258704e+01  3.988464e+01  5.000000e+00
      vertex -7.254661e+01  3.950000e+01  3.000000e+00
      vertex -7.254661e+01  3.950000e+01  5.000000e+00
    endloop
  endfacet
  facet normal -2.079189e-01  9.781461e-01  0.000000e+00
    outer loop
      vertex -7.420323e+01  3.766013e+01  3.000000e+00
      vertex -7.382493e+01  3.774055e+01  5.000000e+00
      vertex -7.382493e+01  3.774055e+01  3.000000e+00
    endloop
  endfacet
  facet normal -4.067360e-01  9.135457e-01  0.000000e+00
    outer loop
      vertex -7.382493e+01  3.774055e+01  3.000000e+00
      vertex -7.382493e+01  3.774055e+01  5.000000e+00
      vertex -7.347161e+01  3.789785e+01  5.000000e+00
    endloop
  endfacet
  facet normal -4.067360e-01  9.135457e-01  0.000000e+00
    outer loop
      vertex -7.382493e+01  3.774055e+01  3.000000e+00
      vertex -7.347161e+01  3.789785e+01  5.000000e+00
      vertex -7.347161e+01  3.789785e+01  3.000000e+00
    endloop
  endfacet
  facet normal -5.877793e-01  8.090214e-01  0.000000e+00
    outer loop
      vertex -7.347161e+01  3.789785e+01  3.000000e+00
      vertex -7.347161e+01  3.789785e+01  5.000000e+00
      vertex -7.315871e+01  3.812518e+01  5.000000e+00
    endloop
  endfacet
  facet normal -5.877793e-01  8.090214e-01  0.000000e+00
    outer loop
      vertex -7.347161e+01  3.789785e+01  3.000000e+00
      vertex -7.315871e+01  3.812518e+01  5.000000e+00
      vertex -7.315871e+01  3.812518e+01  3.000000e+00
    endloop
  endfacet
  facet normal -7.431450e-01  6.691304e-01  0.000000e+00
    outer loop
      vertex -7.315871e+01  3.812518e+01  3.000000e+00
      vertex -7.315871e+01  3.812518e+01  5.000000e+00
      vertex -7.289993e+01  3.841260e+01  5.000000e+00
    endloop
  endfacet
  facet normal -7.431450e-01  6.691304e-01  0.000000e+00
    outer loop
      vertex -7.315871e+01  3.812518e+01  3.000000e+00
      vertex -7.289993e+01  3.841260e+01  5.000000e+00
      vertex -7.289993e+01  3.841260e+01  3.000000e+00
    endloop
  endfacet
  facet normal -8.660275e-01  4.999962e-01  0.000000e+00
    outer loop
      vertex -7.289993e+01  3.841260e+01  3.000000e+00
      vertex -7.289993e+01  3.841260e+01  5.000000e+00
      vertex -7.270655e+01  3.874754e+01  5.000000e+00
    endloop
  endfacet
  facet normal -8.660275e-01  4.999962e-01  0.000000e+00
    outer loop
      vertex -7.289993e+01  3.841260e+01  3.000000e+00
      vertex -7.270655e+01  3.874754e+01  5.000000e+00
      vertex -7.270655e+01  3.874754e+01  3.000000e+00
    endloop
  endfacet
  facet normal -9.510567e-01  3.090165e-01  0.000000e+00
    outer loop
      vertex -7.270655e+01  3.874754e+01  3.000000e+00
      vertex -7.270655e+01  3.874754e+01  5.000000e+00
      vertex -7.258704e+01  3.911536e+01  5.000000e+00
    endloop
  endfacet
  facet normal -9.510567e-01  3.090165e-01  0.000000e+00
    outer loop
      vertex -7.270655e+01  3.874754e+01  3.000000e+00
      vertex -7.258704e+01  3.911536e+01  5.000000e+00
      vertex -7.258704e+01  3.911536e+01  3.000000e+00
    endloop
  endfacet
  facet normal -9.945215e-01  1.045318e-01  0.000000e+00
    outer loop
      vertex -7.258704e+01  3.911536e+01  3.000000e+00
      vertex -7.258704e+01  3.911536e+01  5.000000e+00
      vertex -7.254661e+01  3.950000e+01  5.000000e+00
    endloop
  endfacet
  facet normal -9.945215e-01  1.045318e-01  0.000000e+00
    outer loop
      vertex -7.258704e+01  3.911536e+01  3.000000e+00
      vertex -7.254661e+01  3.950000e+01  5.000000e+00
      vertex -7.254661e+01  3.950000e+01  3.000000e+00
    endloop
  endfacet
  facet normal -2.079189e-01  9.781461e-01  0.000000e+00
    outer loop
      vertex -7.382493e+01  3.774055e+01  5.000000e+00
      vertex -7.420323e+01  3.766013e+01  3.000000e+00
      vertex -7.420323e+01  3.766013e+01  5.000000e+00
    endloop
  endfacet
  facet normal  0.000000e+00  1.000000e+00  0.000000e+00
    outer loop
      vertex -7.420323e+01  3.766013e+01  5.000000e+00
      vertex -7.420323e+01  3.766013e+01  3.000000e+00
      vertex -7.458999e+01  3.766013e+01  3.000000e+00
    endloop
  endfacet
  facet normal  0.000000e+00  1.000000e+00  0.000000e+00
    outer loop
      vertex -7.420323e+01  3.766013e+01  5.000000e+00
      vertex -7.458999e+01  3.766013e+01  3.000000e+00
      vertex -7.458999e+01  3.766013e+01  5.000000e+00
    endloop
  endfacet
  facet normal  2.079189e-01  9.781461e-01  0.000000e+00
    outer loop
      vertex -7.458999e+01  3.766013e+01  5.000000e+00
      vertex -7.458999e+01  3.766013e+01  3.000000e+00
      vertex -7.496829e+01  3.774055e+01  3.000000e+00
    endloop
  endfacet
  facet normal  2.079189e-01  9.781461e-01  -0.000000e+00
    outer loop
      vertex -7.458999e+01  3.766013e+01  5.000000e+00
      vertex -7.496829e+01  3.774055e+01  3.000000e+00
      vertex -7.496829e+01  3.774055e+01  5.000000e+00
    endloop
  endfacet
  facet normal  4.067360e-01  9.135457e-01  0.000000e+00
    outer loop
      vertex -7.496829e+01  3.774055e+01  5.000000e+00
      vertex -7.496829e+01  3.774055e+01  3.000000e+00
      vertex -7.532161e+01  3.789785e+01  3.000000e+00
    endloop
  endfacet
  facet normal  4.067360e-01  9.135457e-01  -0.000000e+00
    outer loop
      vertex -7.496829e+01  3.774055e+01  5.000000e+00
      vertex -7.532161e+01  3.789785e+01  3.000000e+00
      vertex -7.532161e+01  3.789785e+01  5.000000e+00
    endloop
  endfacet
  facet normal  5.877887e-01  8.090145e-01  0.000000e+00
    outer loop
      vertex -7.532161e+01  3.789785e+01  5.000000e+00
      vertex -7.532161e+01  3.789785e+01  3.000000e+00
      vertex -7.563450e+01  3.812518e+01  3.000000e+00
    endloop
  endfacet
  facet normal  5.877887e-01  8.090145e-01  -0.000000e+00
    outer loop
      vertex -7.532161e+01  3.789785e+01  5.000000e+00
      vertex -7.563450e+01  3.812518e+01  3.000000e+00
      vertex -7.563450e+01  3.812518e+01  5.000000e+00
    endloop
  endfacet
  facet normal  7.431450e-01  6.691304e-01  0.000000e+00
    outer loop
      vertex -7.563450e+01  3.812518e+01  5.000000e+00
      vertex -7.563450e+01  3.812518e+01  3.000000e+00
      vertex -7.589329e+01  3.841260e+01  3.000000e+00
    endloop
  endfacet
  facet normal  7.431450e-01  6.691304e-01  -0.000000e+00
    outer loop
      vertex -7.563450e+01  3.812518e+01  5.000000e+00
      vertex -7.589329e+01  3.841260e+01  3.000000e+00
      vertex -7.589329e+01  3.841260e+01  5.000000e+00
    endloop
  endfacet
  facet normal  8.660190e-01  5.000110e-01  0.000000e+00
    outer loop
      vertex -7.589329e+01  3.841260e+01  5.000000e+00
      vertex -7.589329e+01  3.841260e+01  3.000000e+00
      vertex -7.608667e+01  3.874754e+01  3.000000e+00
    endloop
  endfacet
  facet normal  8.660190e-01  5.000110e-01  -0.000000e+00
    outer loop
      vertex -7.589329e+01  3.841260e+01  5.000000e+00
      vertex -7.608667e+01  3.874754e+01  3.000000e+00
      vertex -7.608667e+01  3.874754e+01  5.000000e+00
    endloop
  endfacet
  facet normal  9.510567e-01  3.090165e-01  0.000000e+00
    outer loop
      vertex -7.608667e+01  3.874754e+01  5.000000e+00
      vertex -7.608667e+01  3.874754e+01  3.000000e+00
      vertex -7.620618e+01  3.911536e+01  3.000000e+00
    endloop
  endfacet
  facet normal  9.510567e-01  3.090165e-01  -0.000000e+00
    outer loop
      vertex -7.608667e+01  3.874754e+01  5.000000e+00
      vertex -7.620618e+01  3.911536e+01  3.000000e+00
      vertex -7.620618e+01  3.911536e+01  5.000000e+00
    endloop
  endfacet
  facet normal  9.945236e-01  1.045123e-01  0.000000e+00
    outer loop
      vertex -7.620618e+01  3.911536e+01  5.000000e+00
      vertex -7.620618e+01  3.911536e+01  3.000000e+00
      vertex -7.624660e+01  3.950000e+01  3.000000e+00
    endloop
  endfacet
  facet normal  9.945236e-01  1.045123e-01  -0.000000e+00
    outer loop
      vertex -7.620618e+01  3.911536e+01  5.000000e+00
      vertex -7.624660e+01  3.950000e+01  3.000000e+00
      vertex -7.624660e+01  3.950000e+01  5.000000e+00
    endloop
  endfacet
  facet normal  1.645949e-01 -9.863613e-01  0.000000e+00
    outer loop
      vertex -7.466499e+01  4.273890e+01  0.000000e+00
      vertex -7.519444e+01  4.265055e+01  3.000000e+00
      vertex -7.519444e+01  4.265055e+01  0.000000e+00
    endloop
  endfacet
  facet normal  3.246964e-01 -9.458183e-01  0.000000e+00
    outer loop
      vertex -7.519444e+01  4.265055e+01  0.000000e+00
      vertex -7.519444e+01  4.265055e+01  3.000000e+00
      vertex -7.570212e+01  4.247626e+01  3.000000e+00
    endloop
  endfacet
  facet normal  3.246964e-01 -9.458183e-01  0.000000e+00
    outer loop
      vertex -7.519444e+01  4.265055e+01  0.000000e+00
      vertex -7.570212e+01  4.247626e+01  3.000000e+00
      vertex -7.570212e+01  4.247626e+01  0.000000e+00
    endloop
  endfacet
  facet normal  4.759521e-01 -8.794712e-01  0.000000e+00
    outer loop
      vertex -7.570212e+01  4.247626e+01  0.000000e+00
      vertex -7.570212e+01  4.247626e+01  3.000000e+00
      vertex -7.617419e+01  4.222079e+01  3.000000e+00
    endloop
  endfacet
  facet normal  4.759521e-01 -8.794712e-01  0.000000e+00
    outer loop
      vertex -7.570212e+01  4.247626e+01  0.000000e+00
      vertex -7.617419e+01  4.222079e+01  3.000000e+00
      vertex -7.617419e+01  4.222079e+01  0.000000e+00
    endloop
  endfacet
  facet normal  6.142132e-01 -7.891402e-01  0.000000e+00
    outer loop
      vertex -7.617419e+01  4.222079e+01  0.000000e+00
      vertex -7.617419e+01  4.222079e+01  3.000000e+00
      vertex -7.659777e+01  4.189110e+01  3.000000e+00
    endloop
  endfacet
  facet normal  6.142132e-01 -7.891402e-01  0.000000e+00
    outer loop
      vertex -7.617419e+01  4.222079e+01  0.000000e+00
      vertex -7.659777e+01  4.189110e+01  3.000000e+00
      vertex -7.659777e+01  4.189110e+01  0.000000e+00
    endloop
  endfacet
  facet normal  7.357226e-01 -6.772830e-01  0.000000e+00
    outer loop
      vertex -7.659777e+01  4.189110e+01  0.000000e+00
      vertex -7.659777e+01  4.189110e+01  3.000000e+00
      vertex -7.696131e+01  4.149619e+01  3.000000e+00
    endloop
  endfacet
  facet normal  7.357226e-01 -6.772830e-01  0.000000e+00
    outer loop
      vertex -7.659777e+01  4.189110e+01  0.000000e+00
      vertex -7.696131e+01  4.149619e+01  3.000000e+00
      vertex -7.696131e+01  4.149619e+01  0.000000e+00
    endloop
  endfacet
  facet normal  8.371641e-01 -5.469518e-01  0.000000e+00
    outer loop
      vertex -7.696131e+01  4.149619e+01  0.000000e+00
      vertex -7.696131e+01  4.149619e+01  3.000000e+00
      vertex -7.725490e+01  4.104683e+01  3.000000e+00
    endloop
  endfacet
  facet normal  8.371641e-01 -5.469518e-01  0.000000e+00
    outer loop
      vertex -7.696131e+01  4.149619e+01  0.000000e+00
      vertex -7.725490e+01  4.104683e+01  3.000000e+00
      vertex -7.725490e+01  4.104683e+01  0.000000e+00
    endloop
  endfacet
  facet normal  9.157742e-01 -4.016933e-01  0.000000e+00
    outer loop
      vertex -7.725490e+01  4.104683e+01  0.000000e+00
      vertex -7.725490e+01  4.104683e+01  3.000000e+00
      vertex -7.747051e+01  4.055527e+01  3.000000e+00
    endloop
  endfacet
  facet normal  9.157742e-01 -4.016933e-01  0.000000e+00
    outer loop
      vertex -7.725490e+01  4.104683e+01  0.000000e+00
      vertex -7.747051e+01  4.055527e+01  3.000000e+00
      vertex -7.747051e+01  4.055527e+01  0.000000e+00
    endloop
  endfacet
  facet normal  9.694010e-01 -2.454826e-01  0.000000e+00
    outer loop
      vertex -7.747051e+01  4.055527e+01  0.000000e+00
      vertex -7.747051e+01  4.055527e+01  3.000000e+00
      vertex -7.760228e+01  4.003493e+01  3.000000e+00
    endloop
  endfacet
  facet normal  9.694010e-01 -2.454826e-01  0.000000e+00
    outer loop
      vertex -7.747051e+01  4.055527e+01  0.000000e+00
      vertex -7.760228e+01  4.003493e+01  3.000000e+00
      vertex -7.760228e+01  4.003493e+01  0.000000e+00
    endloop
  endfacet
  facet normal  9.965842e-01 -8.258142e-02  0.000000e+00
    outer loop
      vertex -7.760228e+01  4.003493e+01  0.000000e+00
      vertex -7.760228e+01  4.003493e+01  3.000000e+00
      vertex -7.764661e+01  3.950000e+01  3.000000e+00
    endloop
  endfacet
  facet normal  9.965842e-01 -8.258142e-02  0.000000e+00
    outer loop
      vertex -7.760228e+01  4.003493e+01  0.000000e+00
      vertex -7.764661e+01  3.950000e+01  3.000000e+00
      vertex -7.764661e+01  3.950000e+01  4.440892e-16
    endloop
  endfacet
  facet normal  1.645949e-01 -9.863613e-01  0.000000e+00
    outer loop
      vertex -7.519444e+01  4.265055e+01  3.000000e+00
      vertex -7.466499e+01  4.273890e+01  0.000000e+00
      vertex -7.466499e+01  4.273890e+01  3.000000e+00
    endloop
  endfacet
  facet normal  0.000000e+00 -1.000000e+00  0.000000e+00
    outer loop
      vertex -7.466499e+01  4.273890e+01  3.000000e+00
      vertex -7.466499e+01  4.273890e+01  0.000000e+00
      vertex -7.412823e+01  4.273890e+01  0.000000e+00
    endloop
  endfacet
  facet normal  0.000000e+00 -1.000000e+00  0.000000e+00
    outer loop
      vertex -7.466499e+01  4.273890e+01  3.000000e+00
      vertex -7.412823e+01  4.273890e+01  0.000000e+00
      vertex -7.412823e+01  4.273890e+01  3.000000e+00
    endloop
  endfacet
  facet normal -1.645926e-01 -9.863617e-01  -0.000000e+00
    outer loop
      vertex -7.412823e+01  4.273890e+01  3.000000e+00
      vertex -7.412823e+01  4.273890e+01  0.000000e+00
      vertex -7.359878e+01  4.265055e+01  0.000000e+00
    endloop
  endfacet
  facet normal -1.645926e-01 -9.863617e-01  0.000000e+00
    outer loop
      vertex -7.412823e+01  4.273890e+01  3.000000e+00
      vertex -7.359878e+01  4.265055e+01  0.000000e+00
      vertex -7.359878e+01  4.265055e+01  3.000000e+00
    endloop
  endfacet
  facet normal -3.246964e-01 -9.458183e-01  -0.000000e+00
    outer loop
      vertex -7.359878e+01  4.265055e+01  3.000000e+00
      vertex -7.359878e+01  4.265055e+01  0.000000e+00
      vertex -7.309109e+01  4.247626e+01  0.000000e+00
    endloop
  endfacet
  facet normal -3.246964e-01 -9.458183e-01  0.000000e+00
    outer loop
      vertex -7.359878e+01  4.265055e+01  3.000000e+00
      vertex -7.309109e+01  4.247626e+01  0.000000e+00
      vertex -7.309109e+01  4.247626e+01  3.000000e+00
    endloop
  endfacet
  facet normal -4.759521e-01 -8.794712e-01  -0.000000e+00
    outer loop
      vertex -7.309109e+01  4.247626e+01  3.000000e+00
      vertex -7.309109e+01  4.247626e+01  0.000000e+00
      vertex -7.261903e+01  4.222079e+01  0.000000e+00
    endloop
  endfacet
  facet normal -4.759521e-01 -8.794712e-01  0.000000e+00
    outer loop
      vertex -7.309109e+01  4.247626e+01  3.000000e+00
      vertex -7.261903e+01  4.222079e+01  0.000000e+00
      vertex -7.261903e+01  4.222079e+01  3.000000e+00
    endloop
  endfacet
  facet normal -6.142132e-01 -7.891402e-01  -0.000000e+00
    outer loop
      vertex -7.261903e+01  4.222079e+01  3.000000e+00
      vertex -7.261903e+01  4.222079e+01  0.000000e+00
      vertex -7.219544e+01  4.189110e+01  0.000000e+00
    endloop
  endfacet
  facet normal -6.142132e-01 -7.891402e-01  0.000000e+00
    outer loop
      vertex -7.261903e+01  4.222079e+01  3.000000e+00
      vertex -7.219544e+01  4.189110e+01  0.000000e+00
      vertex -7.219544e+01  4.189110e+01  3.000000e+00
    endloop
  endfacet
  facet normal -7.357226e-01 -6.772830e-01  -0.000000e+00
    outer loop
      vertex -7.219544e+01  4.189110e+01  3.000000e+00
      vertex -7.219544e+01  4.189110e+01  0.000000e+00
      vertex -7.183190e+01  4.149619e+01  0.000000e+00
    endloop
  endfacet
  facet normal -7.357226e-01 -6.772830e-01  0.000000e+00
    outer loop
      vertex -7.219544e+01  4.189110e+01  3.000000e+00
      vertex -7.183190e+01  4.149619e+01  0.000000e+00
      vertex -7.183190e+01  4.149619e+01  3.000000e+00
    endloop
  endfacet
  facet normal -8.371641e-01 -5.469518e-01  -0.000000e+00
    outer loop
      vertex -7.183190e+01  4.149619e+01  3.000000e+00
      vertex -7.183190e+01  4.149619e+01  0.000000e+00
      vertex -7.153831e+01  4.104683e+01  0.000000e+00
    endloop
  endfacet
  facet normal -8.371641e-01 -5.469518e-01  0.000000e+00
    outer loop
      vertex -7.183190e+01  4.149619e+01  3.000000e+00
      vertex -7.153831e+01  4.104683e+01  0.000000e+00
      vertex -7.153831e+01  4.104683e+01  3.000000e+00
    endloop
  endfacet
  facet normal -9.157742e-01 -4.016933e-01  -0.000000e+00
    outer loop
      vertex -7.153831e+01  4.104683e+01  3.000000e+00
      vertex -7.153831e+01  4.104683e+01  0.000000e+00
      vertex -7.132270e+01  4.055527e+01  0.000000e+00
    endloop
  endfacet
  facet normal -9.157742e-01 -4.016933e-01  0.000000e+00
    outer loop
      vertex -7.153831e+01  4.104683e+01  3.000000e+00
      vertex -7.132270e+01  4.055527e+01  0.000000e+00
      vertex -7.132270e+01  4.055527e+01  3.000000e+00
    endloop
  endfacet
  facet normal -9.694010e-01 -2.454826e-01  -0.000000e+00
    outer loop
      vertex -7.132270e+01  4.055527e+01  3.000000e+00
      vertex -7.132270e+01  4.055527e+01  0.000000e+00
      vertex -7.119093e+01  4.003493e+01  0.000000e+00
    endloop
  endfacet
  facet normal -9.694010e-01 -2.454826e-01  0.000000e+00
    outer loop
      vertex -7.132270e+01  4.055527e+01  3.000000e+00
      vertex -7.119093e+01  4.003493e+01  0.000000e+00
      vertex -7.119093e+01  4.003493e+01  3.000000e+00
    endloop
  endfacet
  facet normal -9.965842e-01 -8.258142e-02  -0.000000e+00
    outer loop
      vertex -7.119093e+01  4.003493e+01  3.000000e+00
      vertex -7.119093e+01  4.003493e+01  0.000000e+00
      vertex -7.114661e+01  3.950000e+01  0.000000e+00
    endloop
  endfacet
  facet normal -9.965842e-01 -8.258142e-02  0.000000e+00
    outer loop
      vertex -7.119093e+01  4.003493e+01  3.000000e+00
      vertex -7.114661e+01  3.950000e+01  0.000000e+00
      vertex -7.114661e+01  3.950000e+01  3.000000e+00
    endloop
  endfacet
  facet normal -1.645926e-01  9.863617e-01  0.000000e+00
    outer loop
      vertex -7.412823e+01  3.626110e+01  0.000000e+00
      vertex -7.359878e+01  3.634945e+01  3.000000e+00
      vertex -7.359878e+01  3.634945e+01  0.000000e+00
    endloop
  endfacet
  facet normal -3.246964e-01  9.458183e-01  0.000000e+00
    outer loop
      vertex -7.359878e+01  3.634945e+01  0.000000e+00
      vertex -7.359878e+01  3.634945e+01  3.000000e+00
      vertex -7.309109e+01  3.652374e+01  3.000000e+00
    endloop
  endfacet
  facet normal -3.246964e-01  9.458183e-01  0.000000e+00
    outer loop
      vertex -7.359878e+01  3.634945e+01  0.000000e+00
      vertex -7.309109e+01  3.652374e+01  3.000000e+00
      vertex -7.309109e+01  3.652374e+01  0.000000e+00
    endloop
  endfacet
  facet normal -4.759521e-01  8.794712e-01  0.000000e+00
    outer loop
      vertex -7.309109e+01  3.652374e+01  0.000000e+00
      vertex -7.309109e+01  3.652374e+01  3.000000e+00
      vertex -7.261903e+01  3.677921e+01  3.000000e+00
    endloop
  endfacet
  facet normal -4.759521e-01  8.794712e-01  0.000000e+00
    outer loop
      vertex -7.309109e+01  3.652374e+01  0.000000e+00
      vertex -7.261903e+01  3.677921e+01  3.000000e+00
      vertex -7.261903e+01  3.677921e+01  0.000000e+00
    endloop
  endfacet
  facet normal -6.142132e-01  7.891402e-01  0.000000e+00
    outer loop
      vertex -7.261903e+01  3.677921e+01  0.000000e+00
      vertex -7.261903e+01  3.677921e+01  3.000000e+00
      vertex -7.219544e+01  3.710890e+01  3.000000e+00
    endloop
  endfacet
  facet normal -6.142132e-01  7.891402e-01  0.000000e+00
    outer loop
      vertex -7.261903e+01  3.677921e+01  0.000000e+00
      vertex -7.219544e+01  3.710890e+01  3.000000e+00
      vertex -7.219544e+01  3.710890e+01  0.000000e+00
    endloop
  endfacet
  facet normal -7.357226e-01  6.772830e-01  0.000000e+00
    outer loop
      vertex -7.219544e+01  3.710890e+01  0.000000e+00
      vertex -7.219544e+01  3.710890e+01  3.000000e+00
      vertex -7.183190e+01  3.750381e+01  3.000000e+00
    endloop
  endfacet
  facet normal -7.357226e-01  6.772830e-01  0.000000e+00
    outer loop
      vertex -7.219544e+01  3.710890e+01  0.000000e+00
      vertex -7.183190e+01  3.750381e+01  3.000000e+00
      vertex -7.183190e+01  3.750381e+01  0.000000e+00
    endloop
  endfacet
  facet normal -8.371641e-01  5.469518e-01  0.000000e+00
    outer loop
      vertex -7.183190e+01  3.750381e+01  0.000000e+00
      vertex -7.183190e+01  3.750381e+01  3.000000e+00
      vertex -7.153831e+01  3.795317e+01  3.000000e+00
    endloop
  endfacet
  facet normal -8.371641e-01  5.469518e-01  0.000000e+00
    outer loop
      vertex -7.183190e+01  3.750381e+01  0.000000e+00
      vertex -7.153831e+01  3.795317e+01  3.000000e+00
      vertex -7.153831e+01  3.795317e+01  0.000000e+00
    endloop
  endfacet
  facet normal -9.157742e-01  4.016933e-01  0.000000e+00
    outer loop
      vertex -7.153831e+01  3.795317e+01  0.000000e+00
      vertex -7.153831e+01  3.795317e+01  3.000000e+00
      vertex -7.132270e+01  3.844473e+01  3.000000e+00
    endloop
  endfacet
  facet normal -9.157742e-01  4.016933e-01  0.000000e+00
    outer loop
      vertex -7.153831e+01  3.795317e+01  0.000000e+00
      vertex -7.132270e+01  3.844473e+01  3.000000e+00
      vertex -7.132270e+01  3.844473e+01  0.000000e+00
    endloop
  endfacet
  facet normal -9.694010e-01  2.454826e-01  0.000000e+00
    outer loop
      vertex -7.132270e+01  3.844473e+01  0.000000e+00
      vertex -7.132270e+01  3.844473e+01  3.000000e+00
      vertex -7.119093e+01  3.896507e+01  3.000000e+00
    endloop
  endfacet
  facet normal -9.694010e-01  2.454826e-01  0.000000e+00
    outer loop
      vertex -7.132270e+01  3.844473e+01  0.000000e+00
      vertex -7.119093e+01  3.896507e+01  3.000000e+00
      vertex -7.119093e+01  3.896507e+01  0.000000e+00
    endloop
  endfacet
  facet normal -9.965842e-01  8.258142e-02  0.000000e+00
    outer loop
      vertex -7.119093e+01  3.896507e+01  0.000000e+00
      vertex -7.119093e+01  3.896507e+01  3.000000e+00
      vertex -7.114661e+01  3.950000e+01  3.000000e+00
    endloop
  endfacet
  facet normal -9.965842e-01  8.258142e-02  0.000000e+00
    outer loop
      vertex -7.119093e+01  3.896507e+01  0.000000e+00
      vertex -7.114661e+01  3.950000e+01  3.000000e+00
      vertex -7.114661e+01  3.950000e+01  0.000000e+00
    endloop
  endfacet
  facet normal -1.645926e-01  9.863617e-01  0.000000e+00
    outer loop
      vertex -7.359878e+01  3.634945e+01  3.000000e+00
      vertex -7.412823e+01  3.626110e+01  0.000000e+00
      vertex -7.412823e+01  3.626110e+01  3.000000e+00
    endloop
  endfacet
  facet normal  0.000000e+00  1.000000e+00  0.000000e+00
    outer loop
      vertex -7.412823e+01  3.626110e+01  3.000000e+00
      vertex -7.412823e+01  3.626110e+01  0.000000e+00
      vertex -7.466499e+01  3.626110e+01  0.000000e+00
    endloop
  endfacet
  facet normal  0.000000e+00  1.000000e+00  0.000000e+00
    outer loop
      vertex -7.412823e+01  3.626110e+01  3.000000e+00
      vertex -7.466499e+01  3.626110e+01  0.000000e+00
      vertex -7.466499e+01  3.626110e+01  3.000000e+00
    endloop
  endfacet
  facet normal  1.645949e-01  9.863613e-01  0.000000e+00
    outer loop
      vertex -7.466499e+01  3.626110e+01  3.000000e+00
      vertex -7.466499e+01  3.626110e+01  0.000000e+00
      vertex -7.519444e+01  3.634945e+01  0.000000e+00
    endloop
  endfacet
  facet normal  1.645949e-01  9.863613e-01  -0.000000e+00
    outer loop
      vertex -7.466499e+01  3.626110e+01  3.000000e+00
      vertex -7.519444e+01  3.634945e+01  0.000000e+00
      vertex -7.519444e+01  3.634945e+01  3.000000e+00
    endloop
  endfacet
  facet normal  3.246964e-01  9.458183e-01  0.000000e+00
    outer loop
      vertex -7.519444e+01  3.634945e+01  3.000000e+00
      vertex -7.519444e+01  3.634945e+01  0.000000e+00
      vertex -7.570212e+01  3.652374e+01  0.000000e+00
    endloop
  endfacet
  facet normal  3.246964e-01  9.458183e-01  -0.000000e+00
    outer loop
      vertex -7.519444e+01  3.634945e+01  3.000000e+00
      vertex -7.570212e+01  3.652374e+01  0.000000e+00
      vertex -7.570212e+01  3.652374e+01  3.000000e+00
    endloop
  endfacet
  facet normal  4.759521e-01  8.794712e-01  0.000000e+00
    outer loop
      vertex -7.570212e+01  3.652374e+01  3.000000e+00
      vertex -7.570212e+01  3.652374e+01  0.000000e+00
      vertex -7.617419e+01  3.677921e+01  0.000000e+00
    endloop
  endfacet
  facet normal  4.759521e-01  8.794712e-01  -0.000000e+00
    outer loop
      vertex -7.570212e+01  3.652374e+01  3.000000e+00
      vertex -7.617419e+01  3.677921e+01  0.000000e+00
      vertex -7.617419e+01  3.677921e+01  3.000000e+00
    endloop
  endfacet
  facet normal  6.142132e-01  7.891402e-01  0.000000e+00
    outer loop
      vertex -7.617419e+01  3.677921e+01  3.000000e+00
      vertex -7.617419e+01  3.677921e+01  0.000000e+00
      vertex -7.659777e+01  3.710890e+01  0.000000e+00
    endloop
  endfacet
  facet normal  6.142132e-01  7.891402e-01  -0.000000e+00
    outer loop
      vertex -7.617419e+01  3.677921e+01  3.000000e+00
      vertex -7.659777e+01  3.710890e+01  0.000000e+00
      vertex -7.659777e+01  3.710890e+01  3.000000e+00
    endloop
  endfacet
  facet normal  7.357226e-01  6.772830e-01  0.000000e+00
    outer loop
      vertex -7.659777e+01  3.710890e+01  3.000000e+00
      vertex -7.659777e+01  3.710890e+01  0.000000e+00
      vertex -7.696131e+01  3.750381e+01  0.000000e+00
    endloop
  endfacet
  facet normal  7.357226e-01  6.772830e-01  -0.000000e+00
    outer loop
      vertex -7.659777e+01  3.710890e+01  3.000000e+00
      vertex -7.696131e+01  3.750381e+01  0.000000e+00
      vertex -7.696131e+01  3.750381e+01  3.000000e+00
    endloop
  endfacet
  facet normal  8.371641e-01  5.469518e-01  0.000000e+00
    outer loop
      vertex -7.696131e+01  3.750381e+01  3.000000e+00
      vertex -7.696131e+01  3.750381e+01  0.000000e+00
      vertex -7.725490e+01  3.795317e+01  0.000000e+00
    endloop
  endfacet
  facet normal  8.371641e-01  5.469518e-01  -0.000000e+00
    outer loop
      vertex -7.696131e+01  3.750381e+01  3.000000e+00
      vertex -7.725490e+01  3.795317e+01  0.000000e+00
      vertex -7.725490e+01  3.795317e+01  3.000000e+00
    endloop
  endfacet
  facet normal  9.157742e-01  4.016933e-01  0.000000e+00
    outer loop
      vertex -7.725490e+01  3.795317e+01  3.000000e+00
      vertex -7.725490e+01  3.795317e+01  0.000000e+00
      vertex -7.747051e+01  3.844473e+01  0.000000e+00
    endloop
  endfacet
  facet normal  9.157742e-01  4.016933e-01  -0.000000e+00
    outer loop
      vertex -7.725490e+01  3.795317e+01  3.000000e+00
      vertex -7.747051e+01  3.844473e+01  0.000000e+00
      vertex -7.747051e+01  3.844473e+01  3.000000e+00
    endloop
  endfacet
  facet normal  9.694010e-01  2.454826e-01  0.000000e+00
    outer loop
      vertex -7.747051e+01  3.844473e+01  3.000000e+00
      vertex -7.747051e+01  3.844473e+01  0.000000e+00
      vertex -7.760228e+01  3.896507e+01  0.000000e+00
    endloop
  endfacet
  facet normal  9.694010e-01  2.454826e-01  -0.000000e+00
    outer loop
      vertex -7.747051e+01  3.844473e+01  3.000000e+00
      vertex -7.760228e+01  3.896507e+01  0.000000e+00
      vertex -7.760228e+01  3.896507e+01  3.000000e+00
    endloop
  endfacet
  facet normal  9.965842e-01  8.258142e-02  0.000000e+00
    outer loop
      vertex -7.760228e+01  3.896507e+01  3.000000e+00
      vertex -7.760228e+01  3.896507e+01  0.000000e+00
      vertex -7.764661e+01  3.950000e+01  4.440892e-16
    endloop
  endfacet
  facet normal  9.965842e-01  8.258142e-02  -0.000000e+00
    outer loop
      vertex -7.760228e+01  3.896507e+01  3.000000e+00
      vertex -7.764661e+01  3.950000e+01  4.440892e-16
      vertex -7.764661e+01  3.950000e+01  3.000000e+00
    endloop
  endfacet
  facet normal  0.000000e+00  0.000000e+00 -1.000000e+00
    outer loop
      vertex -7.309109e+01  3.652374e+01  3.000000e+00
      vertex -7.315871e+01  3.812518e+01  3.000000e+00
      vertex -7.289993e+01  3.841260e+01  3.000000e+00
    endloop
  endfacet
  facet normal  0.000000e+00  -0.000000e+00 -1.000000e+00
    outer loop
      vertex -7.315871e+01  4.087482e+01  3.000000e+00
      vertex -7.309109e+01  4.247626e+01  3.000000e+00
      vertex -7.289993e+01  4.058740e+01  3.000000e+00
    endloop
  endfacet
  facet normal  0.000000e+00  -0.000000e+00 -1.000000e+00
    outer loop
      vertex -7.764661e+01  3.950000e+01  3.000000e+00
      vertex -7.760228e+01  4.003493e+01  3.000000e+00
      vertex -7.747051e+01  4.055527e+01  3.000000e+00
    endloop
  endfacet
  facet normal  0.000000e+00  -0.000000e+00 -1.000000e+00
    outer loop
      vertex -7.764661e+01  3.950000e+01  3.000000e+00
      vertex -7.747051e+01  4.055527e+01  3.000000e+00
      vertex -7.725490e+01  4.104683e+01  3.000000e+00
    endloop
  endfacet
  facet normal  0.000000e+00  -0.000000e+00 -1.000000e+00
    outer loop
      vertex -7.764661e+01  3.950000e+01  3.000000e+00
      vertex -7.725490e+01  4.104683e+01  3.000000e+00
      vertex -7.696131e+01  4.149619e+01  3.000000e+00
    endloop
  endfacet
  facet normal  0.000000e+00  -0.000000e+00 -1.000000e+00
    outer loop
      vertex -7.764661e+01  3.950000e+01  3.000000e+00
      vertex -7.696131e+01  4.149619e+01  3.000000e+00
      vertex -7.659777e+01  4.189110e+01  3.000000e+00
    endloop
  endfacet
  facet normal  0.000000e+00  -0.000000e+00 -1.000000e+00
    outer loop
      vertex -7.764661e+01  3.950000e+01  3.000000e+00
      vertex -7.659777e+01  4.189110e+01  3.000000e+00
      vertex -7.624660e+01  3.950000e+01  3.000000e+00
    endloop
  endfacet
  facet normal  -0.000000e+00  0.000000e+00 -1.000000e+00
    outer loop
      vertex -7.764661e+01  3.950000e+01  3.000000e+00
      vertex -7.624660e+01  3.950000e+01  3.000000e+00
      vertex -7.659777e+01  3.710890e+01  3.000000e+00
    endloop
  endfacet
  facet normal  0.000000e+00  0.000000e+00 -1.000000e+00
    outer loop
      vertex -7.764661e+01  3.950000e+01  3.000000e+00
      vertex -7.659777e+01  3.710890e+01  3.000000e+00
      vertex -7.696131e+01  3.750381e+01  3.000000e+00
    endloop
  endfacet
  facet normal  0.000000e+00  0.000000e+00 -1.000000e+00
    outer loop
      vertex -7.764661e+01  3.950000e+01  3.000000e+00
      vertex -7.696131e+01  3.750381e+01  3.000000e+00
      vertex -7.725490e+01  3.795317e+01  3.000000e+00
    endloop
  endfacet
  facet normal  0.000000e+00  0.000000e+00 -1.000000e+00
    outer loop
      vertex -7.764661e+01  3.950000e+01  3.000000e+00
      vertex -7.725490e+01  3.795317e+01  3.000000e+00
      vertex -7.747051e+01  3.844473e+01  3.000000e+00
    endloop
  endfacet
  facet normal  0.000000e+00  0.000000e+00 -1.000000e+00
    outer loop
      vertex -7.764661e+01  3.950000e+01  3.000000e+00
      vertex -7.747051e+01  3.844473e+01  3.000000e+00
      vertex -7.760228e+01  3.896507e+01  3.000000e+00
    endloop
  endfacet
  facet normal  0.000000e+00  0.000000e+00 -1.000000e+00
    outer loop
      vertex -7.254661e+01  3.950000e+01  3.000000e+00
      vertex -7.258704e+01  3.988464e+01  3.000000e+00
      vertex -7.261903e+01  4.222079e+01  3.000000e+00
    endloop
  endfacet
  facet normal  0.000000e+00  0.000000e+00 -1.000000e+00
    outer loop
      vertex -7.254661e+01  3.950000e+01  3.000000e+00
      vertex -7.261903e+01  4.222079e+01  3.000000e+00
      vertex -7.219544e+01  4.189110e+01  3.000000e+00
    endloop
  endfacet
  facet normal  0.000000e+00  -0.000000e+00 -1.000000e+00
    outer loop
      vertex -7.254661e+01  3.950000e+01  3.000000e+00
      vertex -7.219544e+01  4.189110e+01  3.000000e+00
      vertex -7.183190e+01  4.149619e+01  3.000000e+00
    endloop
  endfacet
  facet normal  0.000000e+00  -0.000000e+00 -1.000000e+00
    outer loop
      vertex -7.254661e+01  3.950000e+01  3.000000e+00
      vertex -7.183190e+01  4.149619e+01  3.000000e+00
      vertex -7.153831e+01  4.104683e+01  3.000000e+00
    endloop
  endfacet
  facet normal  0.000000e+00  -0.000000e+00 -1.000000e+00
    outer loop
      vertex -7.254661e+01  3.950000e+01  3.000000e+00
      vertex -7.153831e+01  4.104683e+01  3.000000e+00
      vertex -7.132270e+01  4.055527e+01  3.000000e+00
    endloop
  endfacet
  facet normal  0.000000e+00  -0.000000e+00 -9.999999e-01
    outer loop
      vertex -7.254661e+01  3.950000e+01  3.000000e+00
      vertex -7.132270e+01  4.055527e+01  3.000000e+00
      vertex -7.119093e+01  4.003493e+01  3.000000e+00
    endloop
  endfacet
  facet normal  0.000000e+00  -0.000000e+00 -9.999999e-01
    outer loop
      vertex -7.254661e+01  3.950000e+01  3.000000e+00
      vertex -7.119093e+01  4.003493e+01  3.000000e+00
      vertex -7.114661e+01  3.950000e+01  3.000000e+00
    endloop
  endfacet
  facet normal  -0.000000e+00  0.000000e+00 -9.999999e-01
    outer loop
      vertex -7.254661e+01  3.950000e+01  3.000000e+00
      vertex -7.114661e+01  3.950000e+01  3.000000e+00
      vertex -7.119093e+01  3.896507e+01  3.000000e+00
    endloop
  endfacet
  facet normal  -0.000000e+00  0.000000e+00 -9.999999e-01
    outer loop
      vertex -7.254661e+01  3.950000e+01  3.000000e+00
      vertex -7.119093e+01  3.896507e+01  3.000000e+00
      vertex -7.132270e+01  3.844473e+01  3.000000e+00
    endloop
  endfacet
  facet normal  -0.000000e+00  0.000000e+00 -1.000000e+00
    outer loop
      vertex -7.254661e+01  3.950000e+01  3.000000e+00
      vertex -7.132270e+01  3.844473e+01  3.000000e+00
      vertex -7.153831e+01  3.795317e+01  3.000000e+00
    endloop
  endfacet
  facet normal  -0.000000e+00  0.000000e+00 -1.000000e+00
    outer loop
      vertex -7.254661e+01  3.950000e+01  3.000000e+00
      vertex -7.153831e+01  3.795317e+01  3.000000e+00
      vertex -7.183190e+01  3.750381e+01  3.000000e+00
    endloop
  endfacet
  facet normal  -0.000000e+00  0.000000e+00 -1.000000e+00
    outer loop
      vertex -7.254661e+01  3.950000e+01  3.000000e+00
      vertex -7.183190e+01  3.750381e+01  3.000000e+00
      vertex -7.219544e+01  3.710890e+01  3.000000e+00
    endloop
  endfacet
  facet normal  -0.000000e+00  0.000000e+00 -1.000000e+00
    outer loop
      vertex -7.254661e+01  3.950000e+01  3.000000e+00
      vertex -7.219544e+01  3.710890e+01  3.000000e+00
      vertex -7.261903e+01  3.677921e+01  3.000000e+00
    endloop
  endfacet
  facet normal  0.000000e+00  0.000000e+00 -1.000000e+00
    outer loop
      vertex -7.254661e+01  3.950000e+01  3.000000e+00
      vertex -7.261903e+01  3.677921e+01  3.000000e+00
      vertex -7.258704e+01  3.911536e+01  3.000000e+00
    endloop
  endfacet
  facet normal  0.000000e+00  0.000000e+00 -1.000000e+00
    outer loop
      vertex -7.289993e+01  3.841260e+01  3.000000e+00
      vertex -7.270655e+01  3.874754e+01  3.000000e+00
      vertex -7.309109e+01  3.652374e+01  3.000000e+00
    endloop
  endfacet
  facet normal  0.000000e+00  0.000000e+00 -9.999999e-01
    outer loop
      vertex -7.309109e+01  3.652374e+01  3.000000e+00
      vertex -7.270655e+01  3.874754e+01  3.000000e+00
      vertex -7.258704e+01  3.911536e+01  3.000000e+00
    endloop
  endfacet
  facet normal  0.000000e+00  0.000000e+00 -1.000000e+00
    outer loop
      vertex -7.309109e+01  3.652374e+01  3.000000e+00
      vertex -7.258704e+01  3.911536e+01  3.000000e+00
      vertex -7.261903e+01  3.677921e+01  3.000000e+00
    endloop
  endfacet
  facet normal  0.000000e+00  0.000000e+00 -1.000000e+00
    outer loop
      vertex -7.420323e+01  3.766013e+01  3.000000e+00
      vertex -7.382493e+01  3.774055e+01  3.000000e+00
      vertex -7.412823e+01  3.626110e+01  3.000000e+00
    endloop
  endfacet
  facet normal  0.000000e+00  0.000000e+00 -9.999999e-01
    outer loop
      vertex -7.412823e+01  3.626110e+01  3.000000e+00
      vertex -7.382493e+01  3.774055e+01  3.000000e+00
      vertex -7.347161e+01  3.789785e+01  3.000000e+00
    endloop
  endfacet
  facet normal  0.000000e+00  0.000000e+00 -1.000000e+00
    outer loop
      vertex -7.412823e+01  3.626110e+01  3.000000e+00
      vertex -7.347161e+01  3.789785e+01  3.000000e+00
      vertex -7.359878e+01  3.634945e+01  3.000000e+00
    endloop
  endfacet
  facet normal  0.000000e+00  0.000000e+00 -9.999999e-01
    outer loop
      vertex -7.359878e+01  3.634945e+01  3.000000e+00
      vertex -7.347161e+01  3.789785e+01  3.000000e+00
      vertex -7.315871e+01  3.812518e+01  3.000000e+00
    endloop
  endfacet
  facet normal  0.000000e+00  -0.000000e+00 -1.000000e+00
    outer loop
      vertex -7.359878e+01  3.634945e+01  3.000000e+00
      vertex -7.315871e+01  3.812518e+01  3.000000e+00
      vertex -7.309109e+01  3.652374e+01  3.000000e+00
    endloop
  endfacet
  facet normal  -0.000000e+00  0.000000e+00 -1.000000e+00
    outer loop
      vertex -7.532161e+01  3.789785e+01  3.000000e+00
      vertex -7.496829e+01  3.774055e+01  3.000000e+00
      vertex -7.519444e+01  3.634945e+01  3.000000e+00
    endloop
  endfacet
  facet normal  0.000000e+00  0.000000e+00 -1.000000e+00
    outer loop
      vertex -7.519444e+01  3.634945e+01  3.000000e+00
      vertex -7.496829e+01  3.774055e+01  3.000000e+00
      vertex -7.458999e+01  3.766013e+01  3.000000e+00
    endloop
  endfacet
  facet normal  0.000000e+00  0.000000e+00 -1.000000e+00
    outer loop
      vertex -7.519444e+01  3.634945e+01  3.000000e+00
      vertex -7.458999e+01  3.766013e+01  3.000000e+00
      vertex -7.466499e+01  3.626110e+01  3.000000e+00
    endloop
  endfacet
  facet normal  0.000000e+00  0.000000e+00 -1.000000e+00
    outer loop
      vertex -7.466499e+01  3.626110e+01  3.000000e+00
      vertex -7.458999e+01  3.766013e+01  3.000000e+00
      vertex -7.420323e+01  3.766013e+01  3.000000e+00
    endloop
  endfacet
  facet normal  0.000000e+00  -0.000000e+00 -1.000000e+00
    outer loop
      vertex -7.466499e+01  3.626110e+01  3.000000e+00
      vertex -7.420323e+01  3.766013e+01  3.000000e+00
      vertex -7.412823e+01  3.626110e+01  3.000000e+00
    endloop
  endfacet
  facet normal  -0.000000e+00  0.000000e+00 -9.999999e-01
    outer loop
      vertex -7.608667e+01  3.874754e+01  3.000000e+00
      vertex -7.589329e+01  3.841260e+01  3.000000e+00
      vertex -7.617419e+01  3.677921e+01  3.000000e+00
    endloop
  endfacet
  facet normal  0.000000e+00  0.000000e+00 -1.000000e+00
    outer loop
      vertex -7.617419e+01  3.677921e+01  3.000000e+00
      vertex -7.589329e+01  3.841260e+01  3.000000e+00
      vertex -7.563450e+01  3.812518e+01  3.000000e+00
    endloop
  endfacet
  facet normal  0.000000e+00  0.000000e+00 -9.999999e-01
    outer loop
      vertex -7.617419e+01  3.677921e+01  3.000000e+00
      vertex -7.563450e+01  3.812518e+01  3.000000e+00
      vertex -7.570212e+01  3.652374e+01  3.000000e+00
    endloop
  endfacet
  facet normal  0.000000e+00  0.000000e+00 -1.000000e+00
    outer loop
      vertex -7.570212e+01  3.652374e+01  3.000000e+00
      vertex -7.563450e+01  3.812518e+01  3.000000e+00
      vertex -7.532161e+01  3.789785e+01  3.000000e+00
    endloop
  endfacet
  facet normal  0.000000e+00  -0.000000e+00 -1.000000e+00
    outer loop
      vertex -7.570212e+01  3.652374e+01  3.000000e+00
      vertex -7.532161e+01  3.789785e+01  3.000000e+00
      vertex -7.519444e+01  3.634945e+01  3.000000e+00
    endloop
  endfacet
  facet normal  0.000000e+00  0.000000e+00 -1.000000e+00
    outer loop
      vertex -7.608667e+01  3.874754e+01  3.000000e+00
      vertex -7.617419e+01  3.677921e+01  3.000000e+00
      vertex -7.620618e+01  3.911536e+01  3.000000e+00
    endloop
  endfacet
  facet normal  0.000000e+00  -0.000000e+00 -1.000000e+00
    outer loop
      vertex -7.620618e+01  3.911536e+01  3.000000e+00
      vertex -7.617419e+01  3.677921e+01  3.000000e+00
      vertex -7.659777e+01  3.710890e+01  3.000000e+00
    endloop
  endfacet
  facet normal  0.000000e+00  0.000000e+00 -1.000000e+00
    outer loop
      vertex -7.620618e+01  3.911536e+01  3.000000e+00
      vertex -7.659777e+01  3.710890e+01  3.000000e+00
      vertex -7.624660e+01  3.950000e+01  3.000000e+00
    endloop
  endfacet
  facet normal  0.000000e+00  0.000000e+00 -1.000000e+00
    outer loop
      vertex -7.289993e+01  4.058740e+01  3.000000e+00
      vertex -7.309109e+01  4.247626e+01  3.000000e+00
      vertex -7.270655e+01  4.025246e+01  3.000000e+00
    endloop
  endfacet
  facet normal  0.000000e+00  0.000000e+00 -1.000000e+00
    outer loop
      vertex -7.270655e+01  4.025246e+01  3.000000e+00
      vertex -7.309109e+01  4.247626e+01  3.000000e+00
      vertex -7.261903e+01  4.222079e+01  3.000000e+00
    endloop
  endfacet
  facet normal  0.000000e+00  -0.000000e+00 -1.000000e+00
    outer loop
      vertex -7.270655e+01  4.025246e+01  3.000000e+00
      vertex -7.261903e+01  4.222079e+01  3.000000e+00
      vertex -7.258704e+01  3.988464e+01  3.000000e+00
    endloop
  endfacet
  facet normal  0.000000e+00  -0.000000e+00 -1.000000e+00
    outer loop
      vertex -7.420323e+01  4.133987e+01  3.000000e+00
      vertex -7.412823e+01  4.273890e+01  3.000000e+00
      vertex -7.382493e+01  4.125945e+01  3.000000e+00
    endloop
  endfacet
  facet normal  0.000000e+00  0.000000e+00 -1.000000e+00
    outer loop
      vertex -7.382493e+01  4.125945e+01  3.000000e+00
      vertex -7.412823e+01  4.273890e+01  3.000000e+00
      vertex -7.359878e+01  4.265055e+01  3.000000e+00
    endloop
  endfacet
  facet normal  0.000000e+00  -0.000000e+00 -1.000000e+00
    outer loop
      vertex -7.382493e+01  4.125945e+01  3.000000e+00
      vertex -7.359878e+01  4.265055e+01  3.000000e+00
      vertex -7.347161e+01  4.110215e+01  3.000000e+00
    endloop
  endfacet
  facet normal  0.000000e+00  0.000000e+00 -9.999999e-01
    outer loop
      vertex -7.347161e+01  4.110215e+01  3.000000e+00
      vertex -7.359878e+01  4.265055e+01  3.000000e+00
      vertex -7.309109e+01  4.247626e+01  3.000000e+00
    endloop
  endfacet
  facet normal  0.000000e+00  0.000000e+00 -1.000000e+00
    outer loop
      vertex -7.347161e+01  4.110215e+01  3.000000e+00
      vertex -7.309109e+01  4.247626e+01  3.000000e+00
      vertex -7.315871e+01  4.087482e+01  3.000000e+00
    endloop
  endfacet
  facet normal  0.000000e+00  -0.000000e+00 -1.000000e+00
    outer loop
      vertex -7.532161e+01  4.110215e+01  3.000000e+00
      vertex -7.519444e+01  4.265055e+01  3.000000e+00
      vertex -7.496829e+01  4.125945e+01  3.000000e+00
    endloop
  endfacet
  facet normal  0.000000e+00  0.000000e+00 -9.999999e-01
    outer loop
      vertex -7.496829e+01  4.125945e+01  3.000000e+00
      vertex -7.519444e+01  4.265055e+01  3.000000e+00
      vertex -7.466499e+01  4.273890e+01  3.000000e+00
    endloop
  endfacet
  facet normal  0.000000e+00  -0.000000e+00 -1.000000e+00
    outer loop
      vertex -7.496829e+01  4.125945e+01  3.000000e+00
      vertex -7.466499e+01  4.273890e+01  3.000000e+00
      vertex -7.458999e+01  4.133987e+01  3.000000e+00
    endloop
  endfacet
  facet normal  0.000000e+00  0.000000e+00 -1.000000e+00
    outer loop
      vertex -7.458999e+01  4.133987e+01  3.000000e+00
      vertex -7.466499e+01  4.273890e+01  3.000000e+00
      vertex -7.412823e+01  4.273890e+01  3.000000e+00
    endloop
  endfacet
  facet normal  0.000000e+00  0.000000e+00 -1.000000e+00
    outer loop
      vertex -7.458999e+01  4.133987e+01  3.000000e+00
      vertex -7.412823e+01  4.273890e+01  3.000000e+00
      vertex -7.420323e+01  4.133987e+01  3.000000e+00
    endloop
  endfacet
  facet normal  0.000000e+00  0.000000e+00 -1.000000e+00
    outer loop
      vertex -7.608667e+01  4.025246e+01  3.000000e+00
      vertex -7.617419e+01  4.222079e+01  3.000000e+00
      vertex -7.589329e+01  4.058740e+01  3.000000e+00
    endloop
  endfacet
  facet normal  0.000000e+00  0.000000e+00 -1.000000e+00
    outer loop
      vertex -7.589329e+01  4.058740e+01  3.000000e+00
      vertex -7.617419e+01  4.222079e+01  3.000000e+00
      vertex -7.570212e+01  4.247626e+01  3.000000e+00
    endloop
  endfacet
  facet normal  0.000000e+00  -0.000000e+00 -1.000000e+00
    outer loop
      vertex -7.589329e+01  4.058740e+01  3.000000e+00
      vertex -7.570212e+01  4.247626e+01  3.000000e+00
      vertex -7.563450e+01  4.087482e+01  3.000000e+00
    endloop
  endfacet
  facet normal  0.000000e+00  0.000000e+00 -1.000000e+00
    outer loop
      vertex -7.563450e+01  4.087482e+01  3.000000e+00
      vertex -7.570212e+01  4.247626e+01  3.000000e+00
      vertex -7.519444e+01  4.265055e+01  3.000000e+00
    endloop
  endfacet
  facet normal  0.000000e+00  0.000000e+00 -9.999999e-01
    outer loop
      vertex -7.563450e+01  4.087482e+01  3.000000e+00
      vertex -7.519444e+01  4.265055e+01  3.000000e+00
      vertex -7.532161e+01  4.110215e+01  3.000000e+00
    endloop
  endfacet
  facet normal  0.000000e+00  0.000000e+00 -1.000000e+00
    outer loop
      vertex -7.608667e+01  4.025246e+01  3.000000e+00
      vertex -7.620618e+01  3.988464e+01  3.000000e+00
      vertex -7.617419e+01  4.222079e+01  3.000000e+00
    endloop
  endfacet
  facet normal  0.000000e+00  0.000000e+00 -1.000000e+00
    outer loop
      vertex -7.617419e+01  4.222079e+01  3.000000e+00
      vertex -7.620618e+01  3.988464e+01  3.000000e+00
      vertex -7.624660e+01  3.950000e+01  3.000000e+00
    endloop
  endfacet
  facet normal  0.000000e+00  0.000000e+00 -1.000000e+00
    outer loop
      vertex -7.617419e+01  4.222079e+01  3.000000e+00
      vertex -7.624660e+01  3.950000e+01  3.000000e+00
      vertex -7.659777e+01  4.189110e+01  3.000000e+00
    endloop
  endfacet
  facet normal  1.000000e+00  0.000000e+00  0.000000e+00
    outer loop
      vertex -8.750000e+01  4.050000e+01  5.000000e+00
      vertex -8.750000e+01  4.050000e+01  5.000000e+01
      vertex -8.750000e+01 -4.050000e+01  5.000000e+00
    endloop
  endfacet
  facet normal  1.000000e+00  0.000000e+00  0.000000e+00
    outer loop
      vertex -8.750000e+01 -4.050000e+01  5.000000e+00
      vertex -8.750000e+01  4.050000e+01  5.000000e+01
      vertex -8.750000e+01 -4.050000e+01  5.000000e+01
    endloop
  endfacet
  facet normal  6.814175e-01 -7.318949e-01  0.000000e+00
    outer loop
      vertex -8.252081e+01  5.252082e+01  5.000000e+01
      vertex -8.163263e+01  5.334774e+01  5.000000e+00
      vertex -8.163263e+01  5.334774e+01  5.000000e+01
    endloop
  endfacet
  facet normal  6.274692e-01 -7.786414e-01  0.000000e+00
    outer loop
      vertex -8.163263e+01  5.334774e+01  5.000000e+01
      vertex -8.163263e+01  5.334774e+01  5.000000e+00
      vertex -8.068772e+01  5.410920e+01  5.000000e+00
    endloop
  endfacet
  facet normal  6.274692e-01 -7.786414e-01  0.000000e+00
    outer loop
      vertex -8.163263e+01  5.334774e+01  5.000000e+01
      vertex -8.068772e+01  5.410920e+01  5.000000e+00
      vertex -8.068772e+01  5.410920e+01  5.000000e+01
    endloop
  endfacet
  facet normal  5.703244e-01 -8.214195e-01  0.000000e+00
    outer loop
      vertex -8.068772e+01  5.410920e+01  5.000000e+01
      vertex -8.068772e+01  5.410920e+01  5.000000e+00
      vertex -7.969090e+01  5.480131e+01  5.000000e+00
    endloop
  endfacet
  facet normal  5.703244e-01 -8.214195e-01  0.000000e+00
    outer loop
      vertex -8.068772e+01  5.410920e+01  5.000000e+01
      vertex -7.969090e+01  5.480131e+01  5.000000e+00
      vertex -7.969090e+01  5.480131e+01  5.000000e+01
    endloop
  endfacet
  facet normal  5.102690e-01 -8.600149e-01  0.000000e+00
    outer loop
      vertex -7.969090e+01  5.480131e+01  5.000000e+01
      vertex -7.969090e+01  5.480131e+01  5.000000e+00
      vertex -7.864723e+01  5.542054e+01  5.000000e+00
    endloop
  endfacet
  facet normal  5.102690e-01 -8.600149e-01  0.000000e+00
    outer loop
      vertex -7.969090e+01  5.480131e+01  5.000000e+01
      vertex -7.864723e+01  5.542054e+01  5.000000e+00
      vertex -7.864723e+01  5.542054e+01  5.000000e+01
    endloop
  endfacet
  facet normal  4.476184e-01 -8.942247e-01  0.000000e+00
    outer loop
      vertex -7.864723e+01  5.542054e+01  5.000000e+01
      vertex -7.864723e+01  5.542054e+01  5.000000e+00
      vertex -7.756206e+01  5.596375e+01  5.000000e+00
    endloop
  endfacet
  facet normal  4.476184e-01 -8.942247e-01  0.000000e+00
    outer loop
      vertex -7.864723e+01  5.542054e+01  5.000000e+01
      vertex -7.756206e+01  5.596375e+01  5.000000e+00
      vertex -7.756206e+01  5.596375e+01  5.000000e+01
    endloop
  endfacet
  facet normal  3.826816e-01 -9.238803e-01  0.000000e+00
    outer loop
      vertex -7.756206e+01  5.596375e+01  5.000000e+01
      vertex -7.756206e+01  5.596375e+01  5.000000e+00
      vertex -7.644089e+01  5.642815e+01  5.000000e+00
    endloop
  endfacet
  facet normal  3.826816e-01 -9.238803e-01  0.000000e+00
    outer loop
      vertex -7.756206e+01  5.596375e+01  5.000000e+01
      vertex -7.644089e+01  5.642815e+01  5.000000e+00
      vertex -7.644089e+01  5.642815e+01  5.000000e+01
    endloop
  endfacet
  facet normal  3.158005e-01 -9.488256e-01  0.000000e+00
    outer loop
      vertex -7.644089e+01  5.642815e+01  5.000000e+01
      vertex -7.644089e+01  5.642815e+01  5.000000e+00
      vertex -7.528945e+01  5.681138e+01  5.000000e+00
    endloop
  endfacet
  facet normal  3.158005e-01 -9.488256e-01  0.000000e+00
    outer loop
      vertex -7.644089e+01  5.642815e+01  5.000000e+01
      vertex -7.528945e+01  5.681138e+01  5.000000e+00
      vertex -7.528945e+01  5.681138e+01  5.000000e+01
    endloop
  endfacet
  facet normal  2.473048e-01 -9.689377e-01  0.000000e+00
    outer loop
      vertex -7.528945e+01  5.681138e+01  5.000000e+01
      vertex -7.528945e+01  5.681138e+01  5.000000e+00
      vertex -7.411361e+01  5.711150e+01  5.000000e+00
    endloop
  endfacet
  facet normal  2.473048e-01 -9.689377e-01  0.000000e+00
    outer loop
      vertex -7.528945e+01  5.681138e+01  5.000000e+01
      vertex -7.411361e+01  5.711150e+01  5.000000e+00
      vertex -7.411361e+01  5.711150e+01  5.000000e+01
    endloop
  endfacet
  facet normal  1.775542e-01 -9.841110e-01  0.000000e+00
    outer loop
      vertex -7.411361e+01  5.711150e+01  5.000000e+01
      vertex -7.411361e+01  5.711150e+01  5.000000e+00
      vertex -7.291935e+01  5.732697e+01  5.000000e+00
    endloop
  endfacet
  facet normal  1.775542e-01 -9.841110e-01  0.000000e+00
    outer loop
      vertex -7.411361e+01  5.711150e+01  5.000000e+01
      vertex -7.291935e+01  5.732697e+01  5.000000e+00
      vertex -7.291935e+01  5.732697e+01  5.000000e+01
    endloop
  endfacet
  facet normal  1.068934e-01 -9.942705e-01  0.000000e+00
    outer loop
      vertex -7.291935e+01  5.732697e+01  5.000000e+01
      vertex -7.291935e+01  5.732697e+01  5.000000e+00
      vertex -7.171277e+01  5.745668e+01  5.000000e+00
    endloop
  endfacet
  facet normal  1.068934e-01 -9.942705e-01  0.000000e+00
    outer loop
      vertex -7.291935e+01  5.732697e+01  5.000000e+01
      vertex -7.171277e+01  5.745668e+01  5.000000e+00
      vertex -7.171277e+01  5.745668e+01  5.000000e+01
    endloop
  endfacet
  facet normal  3.569377e-02 -9.993628e-01  0.000000e+00
    outer loop
      vertex -7.171277e+01  5.745668e+01  5.000000e+01
      vertex -7.171277e+01  5.745668e+01  5.000000e+00
      vertex -7.050000e+01  5.750000e+01  5.000000e+00
    endloop
  endfacet
  facet normal  3.569377e-02 -9.993628e-01  0.000000e+00
    outer loop
      vertex -7.171277e+01  5.745668e+01  5.000000e+01
      vertex -7.050000e+01  5.750000e+01  5.000000e+00
      vertex -7.050000e+01  5.750000e+01  5.000000e+01
    endloop
  endfacet
  facet normal  6.814175e-01 -7.318949e-01  0.000000e+00
    outer loop
      vertex -8.163263e+01  5.334774e+01  5.000000e+00
      vertex -8.252081e+01  5.252082e+01  5.000000e+01
      vertex -8.252081e+01  5.252082e+01  5.000000e+00
    endloop
  endfacet
  facet normal  7.318949e-01 -6.814175e-01  0.000000e+00
    outer loop
      vertex -8.252081e+01  5.252082e+01  5.000000e+00
      vertex -8.252081e+01  5.252082e+01  5.000000e+01
      vertex -8.334774e+01  5.163263e+01  5.000000e+01
    endloop
  endfacet
  facet normal  7.318949e-01 -6.814175e-01  0.000000e+00
    outer loop
      vertex -8.252081e+01  5.252082e+01  5.000000e+00
      vertex -8.334774e+01  5.163263e+01  5.000000e+01
      vertex -8.334774e+01  5.163263e+01  5.000000e+00
    endloop
  endfacet
  facet normal  7.786411e-01 -6.274697e-01  0.000000e+00
    outer loop
      vertex -8.334774e+01  5.163263e+01  5.000000e+00
      vertex -8.334774e+01  5.163263e+01  5.000000e+01
      vertex -8.410920e+01  5.068772e+01  5.000000e+01
    endloop
  endfacet
  facet normal  7.786411e-01 -6.274697e-01  0.000000e+00
    outer loop
      vertex -8.334774e+01  5.163263e+01  5.000000e+00
      vertex -8.410920e+01  5.068772e+01  5.000000e+01
      vertex -8.410920e+01  5.068772e+01  5.000000e+00
    endloop
  endfacet
  facet normal  8.214210e-01 -5.703223e-01  0.000000e+00
    outer loop
      vertex -8.410920e+01  5.068772e+01  5.000000e+00
      vertex -8.410920e+01  5.068772e+01  5.000000e+01
      vertex -8.480131e+01  4.969090e+01  5.000000e+01
    endloop
  endfacet
  facet normal  8.214210e-01 -5.703223e-01  0.000000e+00
    outer loop
      vertex -8.410920e+01  5.068772e+01  5.000000e+00
      vertex -8.480131e+01  4.969090e+01  5.000000e+01
      vertex -8.480131e+01  4.969090e+01  5.000000e+00
    endloop
  endfacet
  facet normal  8.600149e-01 -5.102690e-01  0.000000e+00
    outer loop
      vertex -8.480131e+01  4.969090e+01  5.000000e+00
      vertex -8.480131e+01  4.969090e+01  5.000000e+01
      vertex -8.542054e+01  4.864723e+01  5.000000e+01
    endloop
  endfacet
  facet normal  8.600149e-01 -5.102690e-01  0.000000e+00
    outer loop
      vertex -8.480131e+01  4.969090e+01  5.000000e+00
      vertex -8.542054e+01  4.864723e+01  5.000000e+01
      vertex -8.542054e+01  4.864723e+01  5.000000e+00
    endloop
  endfacet
  facet normal  8.942240e-01 -4.476197e-01  0.000000e+00
    outer loop
      vertex -8.542054e+01  4.864723e+01  5.000000e+00
      vertex -8.542054e+01  4.864723e+01  5.000000e+01
      vertex -8.596375e+01  4.756205e+01  5.000000e+01
    endloop
  endfacet
  facet normal  8.942240e-01 -4.476197e-01  0.000000e+00
    outer loop
      vertex -8.542054e+01  4.864723e+01  5.000000e+00
      vertex -8.596375e+01  4.756205e+01  5.000000e+01
      vertex -8.596375e+01  4.756205e+01  5.000000e+00
    endloop
  endfacet
  facet normal  9.238794e-01 -3.826838e-01  0.000000e+00
    outer loop
      vertex -8.596375e+01  4.756205e+01  5.000000e+00
      vertex -8.596375e+01  4.756205e+01  5.000000e+01
      vertex -8.642815e+01  4.644089e+01  5.000000e+01
    endloop
  endfacet
  facet normal  9.238794e-01 -3.826838e-01  0.000000e+00
    outer loop
      vertex -8.596375e+01  4.756205e+01  5.000000e+00
      vertex -8.642815e+01  4.644089e+01  5.000000e+01
      vertex -8.642815e+01  4.644089e+01  5.000000e+00
    endloop
  endfacet
  facet normal  9.488269e-01 -3.157968e-01  0.000000e+00
    outer loop
      vertex -8.642815e+01  4.644089e+01  5.000000e+00
      vertex -8.642815e+01  4.644089e+01  5.000000e+01
      vertex -8.681138e+01  4.528945e+01  5.000000e+01
    endloop
  endfacet
  facet normal  9.488269e-01 -3.157968e-01  0.000000e+00
    outer loop
      vertex -8.642815e+01  4.644089e+01  5.000000e+00
      vertex -8.681138e+01  4.528945e+01  5.000000e+01
      vertex -8.681138e+01  4.528945e+01  5.000000e+00
    endloop
  endfacet
  facet normal  9.689370e-01 -2.473078e-01  0.000000e+00
    outer loop
      vertex -8.681138e+01  4.528945e+01  5.000000e+00
      vertex -8.681138e+01  4.528945e+01  5.000000e+01
      vertex -8.711150e+01  4.411361e+01  5.000000e+01
    endloop
  endfacet
  facet normal  9.689370e-01 -2.473078e-01  0.000000e+00
    outer loop
      vertex -8.681138e+01  4.528945e+01  5.000000e+00
      vertex -8.711150e+01  4.411361e+01  5.000000e+01
      vertex -8.711150e+01  4.411361e+01  5.000000e+00
    endloop
  endfacet
  facet normal  9.841110e-01 -1.775547e-01  0.000000e+00
    outer loop
      vertex -8.711150e+01  4.411361e+01  5.000000e+00
      vertex -8.711150e+01  4.411361e+01  5.000000e+01
      vertex -8.732697e+01  4.291935e+01  5.000000e+01
    endloop
  endfacet
  facet normal  9.841110e-01 -1.775547e-01  0.000000e+00
    outer loop
      vertex -8.711150e+01  4.411361e+01  5.000000e+00
      vertex -8.732697e+01  4.291935e+01  5.000000e+01
      vertex -8.732697e+01  4.291935e+01  5.000000e+00
    endloop
  endfacet
  facet normal  9.942702e-01 -1.068958e-01  0.000000e+00
    outer loop
      vertex -8.732697e+01  4.291935e+01  5.000000e+00
      vertex -8.732697e+01  4.291935e+01  5.000000e+01
      vertex -8.745669e+01  4.171276e+01  5.000000e+01
    endloop
  endfacet
  facet normal  9.942702e-01 -1.068958e-01  0.000000e+00
    outer loop
      vertex -8.732697e+01  4.291935e+01  5.000000e+00
      vertex -8.745669e+01  4.171276e+01  5.000000e+01
      vertex -8.745669e+01  4.171276e+01  5.000000e+00
    endloop
  endfacet
  facet normal  9.993629e-01 -3.569075e-02  0.000000e+00
    outer loop
      vertex -8.745669e+01  4.171276e+01  5.000000e+00
      vertex -8.745669e+01  4.171276e+01  5.000000e+01
      vertex -8.750000e+01  4.050000e+01  5.000000e+01
    endloop
  endfacet
  facet normal  9.993629e-01 -3.569075e-02  0.000000e+00
    outer loop
      vertex -8.745669e+01  4.171276e+01  5.000000e+00
      vertex -8.750000e+01  4.050000e+01  5.000000e+01
      vertex -8.750000e+01  4.050000e+01  5.000000e+00
    endloop
  endfacet
  facet normal -7.318949e-01 -6.814175e-01  0.000000e+00
    outer loop
      vertex  8.252081e+01  5.252082e+01  5.000000e+01
      vertex  8.334774e+01  5.163263e+01  5.000000e+00
      vertex  8.334774e+01  5.163263e+01  5.000000e+01
    endloop
  endfacet
  facet normal -7.786411e-01 -6.274697e-01  -0.000000e+00
    outer loop
      vertex  8.334774e+01  5.163263e+01  5.000000e+01
      vertex  8.334774e+01  5.163263e+01  5.000000e+00
      vertex  8.410920e+01  5.068772e+01  5.000000e+00
    endloop
  endfacet
  facet normal -7.786411e-01 -6.274697e-01  0.000000e+00
    outer loop
      vertex  8.334774e+01  5.163263e+01  5.000000e+01
      vertex  8.410920e+01  5.068772e+01  5.000000e+00
      vertex  8.410920e+01  5.068772e+01  5.000000e+01
    endloop
  endfacet
  facet normal -8.214210e-01 -5.703223e-01  -0.000000e+00
    outer loop
      vertex  8.410920e+01  5.068772e+01  5.000000e+01
      vertex  8.410920e+01  5.068772e+01  5.000000e+00
      vertex  8.480131e+01  4.969090e+01  5.000000e+00
    endloop
  endfacet
  facet normal -8.214210e-01 -5.703223e-01  0.000000e+00
    outer loop
      vertex  8.410920e+01  5.068772e+01  5.000000e+01
      vertex  8.480131e+01  4.969090e+01  5.000000e+00
      vertex  8.480131e+01  4.969090e+01  5.000000e+01
    endloop
  endfacet
  facet normal -8.600149e-01 -5.102690e-01  -0.000000e+00
    outer loop
      vertex  8.480131e+01  4.969090e+01  5.000000e+01
      vertex  8.480131e+01  4.969090e+01  5.000000e+00
      vertex  8.542054e+01  4.864723e+01  5.000000e+00
    endloop
  endfacet
  facet normal -8.600149e-01 -5.102690e-01  0.000000e+00
    outer loop
      vertex  8.480131e+01  4.969090e+01  5.000000e+01
      vertex  8.542054e+01  4.864723e+01  5.000000e+00
      vertex  8.542054e+01  4.864723e+01  5.000000e+01
    endloop
  endfacet
  facet normal -8.942240e-01 -4.476197e-01  -0.000000e+00
    outer loop
      vertex  8.542054e+01  4.864723e+01  5.000000e+01
      vertex  8.542054e+01  4.864723e+01  5.000000e+00
      vertex  8.596375e+01  4.756205e+01  5.000000e+00
    endloop
  endfacet
  facet normal -8.942240e-01 -4.476197e-01  0.000000e+00
    outer loop
      vertex  8.542054e+01  4.864723e+01  5.000000e+01
      vertex  8.596375e+01  4.756205e+01  5.000000e+00
      vertex  8.596375e+01  4.756205e+01  5.000000e+01
    endloop
  endfacet
  facet normal -9.238794e-01 -3.826838e-01  -0.000000e+00
    outer loop
      vertex  8.596375e+01  4.756205e+01  5.000000e+01
      vertex  8.596375e+01  4.756205e+01  5.000000e+00
      vertex  8.642815e+01  4.644089e+01  5.000000e+00
    endloop
  endfacet
  facet normal -9.238794e-01 -3.826838e-01  0.000000e+00
    outer loop
      vertex  8.596375e+01  4.756205e+01  5.000000e+01
      vertex  8.642815e+01  4.644089e+01  5.000000e+00
      vertex  8.642815e+01  4.644089e+01  5.000000e+01
    endloop
  endfacet
  facet normal -9.488269e-01 -3.157968e-01  -0.000000e+00
    outer loop
      vertex  8.642815e+01  4.644089e+01  5.000000e+01
      vertex  8.642815e+01  4.644089e+01  5.000000e+00
      vertex  8.681138e+01  4.528945e+01  5.000000e+00
    endloop
  endfacet
  facet normal -9.488269e-01 -3.157968e-01  0.000000e+00
    outer loop
      vertex  8.642815e+01  4.644089e+01  5.000000e+01
      vertex  8.681138e+01  4.528945e+01  5.000000e+00
      vertex  8.681138e+01  4.528945e+01  5.000000e+01
    endloop
  endfacet
  facet normal -9.689370e-01 -2.473078e-01  -0.000000e+00
    outer loop
      vertex  8.681138e+01  4.528945e+01  5.000000e+01
      vertex  8.681138e+01  4.528945e+01  5.000000e+00
      vertex  8.711150e+01  4.411361e+01  5.000000e+00
    endloop
  endfacet
  facet normal -9.689370e-01 -2.473078e-01  0.000000e+00
    outer loop
      vertex  8.681138e+01  4.528945e+01  5.000000e+01
      vertex  8.711150e+01  4.411361e+01  5.000000e+00
      vertex  8.711150e+01  4.411361e+01  5.000000e+01
    endloop
  endfacet
  facet normal -9.841110e-01 -1.775547e-01  -0.000000e+00
    outer loop
      vertex  8.711150e+01  4.411361e+01  5.000000e+01
      vertex  8.711150e+01  4.411361e+01  5.000000e+00
      vertex  8.732697e+01  4.291935e+01  5.000000e+00
    endloop
  endfacet
  facet normal -9.841110e-01 -1.775547e-01  0.000000e+00
    outer loop
      vertex  8.711150e+01  4.411361e+01  5.000000e+01
      vertex  8.732697e+01  4.291935e+01  5.000000e+00
      vertex  8.732697e+01  4.291935e+01  5.000000e+01
    endloop
  endfacet
  facet normal -9.942702e-01 -1.068958e-01  -0.000000e+00
    outer loop
      vertex  8.732697e+01  4.291935e+01  5.000000e+01
      vertex  8.732697e+01  4.291935e+01  5.000000e+00
      vertex  8.745669e+01  4.171276e+01  5.000000e+00
    endloop
  endfacet
  facet normal -9.942702e-01 -1.068958e-01  0.000000e+00
    outer loop
      vertex  8.732697e+01  4.291935e+01  5.000000e+01
      vertex  8.745669e+01  4.171276e+01  5.000000e+00
      vertex  8.745669e+01  4.171276e+01  5.000000e+01
    endloop
  endfacet
  facet normal -9.993629e-01 -3.569075e-02  -0.000000e+00
    outer loop
      vertex  8.745669e+01  4.171276e+01  5.000000e+01
      vertex  8.745669e+01  4.171276e+01  5.000000e+00
      vertex  8.750000e+01  4.050000e+01  5.000000e+00
    endloop
  endfacet
  facet normal -9.993629e-01 -3.569075e-02  0.000000e+00
    outer loop
      vertex  8.745669e+01  4.171276e+01  5.000000e+01
      vertex  8.750000e+01  4.050000e+01  5.000000e+00
      vertex  8.750000e+01  4.050000e+01  5.000000e+01
    endloop
  endfacet
  facet normal -7.318949e-01 -6.814175e-01  -0.000000e+00
    outer loop
      vertex  8.334774e+01  5.163263e+01  5.000000e+00
      vertex  8.252081e+01  5.252082e+01  5.000000e+01
      vertex  8.252081e+01  5.252082e+01  5.000000e+00
    endloop
  endfacet
  facet normal -6.814175e-01 -7.318949e-01  0.000000e+00
    outer loop
      vertex  8.252081e+01  5.252082e+01  5.000000e+00
      vertex  8.252081e+01  5.252082e+01  5.000000e+01
      vertex  8.163263e+01  5.334774e+01  5.000000e+01
    endloop
  endfacet
  facet normal -6.814175e-01 -7.318949e-01  -0.000000e+00
    outer loop
      vertex  8.252081e+01  5.252082e+01  5.000000e+00
      vertex  8.163263e+01  5.334774e+01  5.000000e+01
      vertex  8.163263e+01  5.334774e+01  5.000000e+00
    endloop
  endfacet
  facet normal -6.274692e-01 -7.786414e-01  0.000000e+00
    outer loop
      vertex  8.163263e+01  5.334774e+01  5.000000e+00
      vertex  8.163263e+01  5.334774e+01  5.000000e+01
      vertex  8.068772e+01  5.410920e+01  5.000000e+01
    endloop
  endfacet
  facet normal -6.274692e-01 -7.786414e-01  -0.000000e+00
    outer loop
      vertex  8.163263e+01  5.334774e+01  5.000000e+00
      vertex  8.068772e+01  5.410920e+01  5.000000e+01
      vertex  8.068772e+01  5.410920e+01  5.000000e+00
    endloop
  endfacet
  facet normal -5.703244e-01 -8.214195e-01  0.000000e+00
    outer loop
      vertex  8.068772e+01  5.410920e+01  5.000000e+00
      vertex  8.068772e+01  5.410920e+01  5.000000e+01
      vertex  7.969090e+01  5.480131e+01  5.000000e+01
    endloop
  endfacet
  facet normal -5.703244e-01 -8.214195e-01  -0.000000e+00
    outer loop
      vertex  8.068772e+01  5.410920e+01  5.000000e+00
      vertex  7.969090e+01  5.480131e+01  5.000000e+01
      vertex  7.969090e+01  5.480131e+01  5.000000e+00
    endloop
  endfacet
  facet normal -5.102690e-01 -8.600149e-01  0.000000e+00
    outer loop
      vertex  7.969090e+01  5.480131e+01  5.000000e+00
      vertex  7.969090e+01  5.480131e+01  5.000000e+01
      vertex  7.864723e+01  5.542054e+01  5.000000e+01
    endloop
  endfacet
  facet normal -5.102690e-01 -8.600149e-01  -0.000000e+00
    outer loop
      vertex  7.969090e+01  5.480131e+01  5.000000e+00
      vertex  7.864723e+01  5.542054e+01  5.000000e+01
      vertex  7.864723e+01  5.542054e+01  5.000000e+00
    endloop
  endfacet
  facet normal -4.476184e-01 -8.942247e-01  0.000000e+00
    outer loop
      vertex  7.864723e+01  5.542054e+01  5.000000e+00
      vertex  7.864723e+01  5.542054e+01  5.000000e+01
      vertex  7.756206e+01  5.596375e+01  5.000000e+01
    endloop
  endfacet
  facet normal -4.476184e-01 -8.942247e-01  -0.000000e+00
    outer loop
      vertex  7.864723e+01  5.542054e+01  5.000000e+00
      vertex  7.756206e+01  5.596375e+01  5.000000e+01
      vertex  7.756206e+01  5.596375e+01  5.000000e+00
    endloop
  endfacet
  facet normal -3.826816e-01 -9.238803e-01  0.000000e+00
    outer loop
      vertex  7.756206e+01  5.596375e+01  5.000000e+00
      vertex  7.756206e+01  5.596375e+01  5.000000e+01
      vertex  7.644089e+01  5.642815e+01  5.000000e+01
    endloop
  endfacet
  facet normal -3.826816e-01 -9.238803e-01  -0.000000e+00
    outer loop
      vertex  7.756206e+01  5.596375e+01  5.000000e+00
      vertex  7.644089e+01  5.642815e+01  5.000000e+01
      vertex  7.644089e+01  5.642815e+01  5.000000e+00
    endloop
  endfacet
  facet normal -3.158005e-01 -9.488256e-01  0.000000e+00
    outer loop
      vertex  7.644089e+01  5.642815e+01  5.000000e+00
      vertex  7.644089e+01  5.642815e+01  5.000000e+01
      vertex  7.528945e+01  5.681138e+01  5.000000e+01
    endloop
  endfacet
  facet normal -3.158005e-01 -9.488256e-01  -0.000000e+00
    outer loop
      vertex  7.644089e+01  5.642815e+01  5.000000e+00
      vertex  7.528945e+01  5.681138e+01  5.000000e+01
      vertex  7.528945e+01  5.681138e+01  5.000000e+00
    endloop
  endfacet
  facet normal -2.473048e-01 -9.689377e-01  0.000000e+00
    outer loop
      vertex  7.528945e+01  5.681138e+01  5.000000e+00
      vertex  7.528945e+01  5.681138e+01  5.000000e+01
      vertex  7.411361e+01  5.711150e+01  5.000000e+01
    endloop
  endfacet
  facet normal -2.473048e-01 -9.689377e-01  -0.000000e+00
    outer loop
      vertex  7.528945e+01  5.681138e+01  5.000000e+00
      vertex  7.411361e+01  5.711150e+01  5.000000e+01
      vertex  7.411361e+01  5.711150e+01  5.000000e+00
    endloop
  endfacet
  facet normal -1.775542e-01 -9.841110e-01  0.000000e+00
    outer loop
      vertex  7.411361e+01  5.711150e+01  5.000000e+00
      vertex  7.411361e+01  5.711150e+01  5.000000e+01
      vertex  7.291935e+01  5.732697e+01  5.000000e+01
    endloop
  endfacet
  facet normal -1.775542e-01 -9.841110e-01  -0.000000e+00
    outer loop
      vertex  7.411361e+01  5.711150e+01  5.000000e+00
      vertex  7.291935e+01  5.732697e+01  5.000000e+01
      vertex  7.291935e+01  5.732697e+01  5.000000e+00
    endloop
  endfacet
  facet normal -1.068934e-01 -9.942705e-01  0.000000e+00
    outer loop
      vertex  7.291935e+01  5.732697e+01  5.000000e+00
      vertex  7.291935e+01  5.732697e+01  5.000000e+01
      vertex  7.171277e+01  5.745668e+01  5.000000e+01
    endloop
  endfacet
  facet normal -1.068934e-01 -9.942705e-01  -0.000000e+00
    outer loop
      vertex  7.291935e+01  5.732697e+01  5.000000e+00
      vertex  7.171277e+01  5.745668e+01  5.000000e+01
      vertex  7.171277e+01  5.745668e+01  5.000000e+00
    endloop
  endfacet
  facet normal -3.569377e-02 -9.993628e-01  0.000000e+00
    outer loop
      vertex  7.171277e+01  5.745668e+01  5.000000e+00
      vertex  7.171277e+01  5.745668e+01  5.000000e+01
      vertex  7.050000e+01  5.750000e+01  5.000000e+01
    endloop
  endfacet
  facet normal -3.569377e-02 -9.993628e-01  -0.000000e+00
    outer loop
      vertex  7.171277e+01  5.745668e+01  5.000000e+00
      vertex  7.050000e+01  5.750000e+01  5.000000e+01
      vertex  7.050000e+01  5.750000e+01  5.000000e+00
    endloop
  endfacet
  facet normal  0.000000e+00  1.000000e+00  0.000000e+00
    outer loop
      vertex  7.050000e+01 -5.750000e+01  5.000000e+00
      vertex -7.050000e+01 -5.750000e+01  5.000000e+00
      vertex  7.050000e+01 -5.750000e+01  5.000000e+01
    endloop
  endfacet
  facet normal  0.000000e+00  1.000000e+00  0.000000e+00
    outer loop
      vertex  7.050000e+01 -5.750000e+01  5.000000e+01
      vertex -7.050000e+01 -5.750000e+01  5.000000e+00
      vertex -7.050000e+01 -5.750000e+01  5.000000e+01
    endloop
  endfacet
  facet normal -6.814175e-01  7.318949e-01  0.000000e+00
    outer loop
      vertex  8.252081e+01 -5.252082e+01  5.000000e+01
      vertex  8.163263e+01 -5.334774e+01  5.000000e+00
      vertex  8.163263e+01 -5.334774e+01  5.000000e+01
    endloop
  endfacet
  facet normal -6.274692e-01  7.786414e-01  0.000000e+00
    outer loop
      vertex  8.163263e+01 -5.334774e+01  5.000000e+01
      vertex  8.163263e+01 -5.334774e+01  5.000000e+00
      vertex  8.068772e+01 -5.410920e+01  5.000000e+00
    endloop
  endfacet
  facet normal -6.274692e-01  7.786414e-01  0.000000e+00
    outer loop
      vertex  8.163263e+01 -5.334774e+01  5.000000e+01
      vertex  8.068772e+01 -5.410920e+01  5.000000e+00
      vertex  8.068772e+01 -5.410920e+01  5.000000e+01
    endloop
  endfacet
  facet normal -5.703244e-01  8.214195e-01  0.000000e+00
    outer loop
      vertex  8.068772e+01 -5.410920e+01  5.000000e+01
      vertex  8.068772e+01 -5.410920e+01  5.000000e+00
      vertex  7.969090e+01 -5.480131e+01  5.000000e+00
    endloop
  endfacet
  facet normal -5.703244e-01  8.214195e-01  0.000000e+00
    outer loop
      vertex  8.068772e+01 -5.410920e+01  5.000000e+01
      vertex  7.969090e+01 -5.480131e+01  5.000000e+00
      vertex  7.969090e+01 -5.480131e+01  5.000000e+01
    endloop
  endfacet
  facet normal -5.102690e-01  8.600149e-01  0.000000e+00
    outer loop
      vertex  7.969090e+01 -5.480131e+01  5.000000e+01
      vertex  7.969090e+01 -5.480131e+01  5.000000e+00
      vertex  7.864723e+01 -5.542054e+01  5.000000e+00
    endloop
  endfacet
  facet normal -5.102690e-01  8.600149e-01  0.000000e+00
    outer loop
      vertex  7.969090e+01 -5.480131e+01  5.000000e+01
      vertex  7.864723e+01 -5.542054e+01  5.000000e+00
      vertex  7.864723e+01 -5.542054e+01  5.000000e+01
    endloop
  endfacet
  facet normal -4.476184e-01  8.942247e-01  0.000000e+00
    outer loop
      vertex  7.864723e+01 -5.542054e+01  5.000000e+01
      vertex  7.864723e+01 -5.542054e+01  5.000000e+00
      vertex  7.756206e+01 -5.596375e+01  5.000000e+00
    endloop
  endfacet
  facet normal -4.476184e-01  8.942247e-01  0.000000e+00
    outer loop
      vertex  7.864723e+01 -5.542054e+01  5.000000e+01
      vertex  7.756206e+01 -5.596375e+01  5.000000e+00
      vertex  7.756206e+01 -5.596375e+01  5.000000e+01
    endloop
  endfacet
  facet normal -3.826816e-01  9.238803e-01  0.000000e+00
    outer loop
      vertex  7.756206e+01 -5.596375e+01  5.000000e+01
      vertex  7.756206e+01 -5.596375e+01  5.000000e+00
      vertex  7.644089e+01 -5.642815e+01  5.000000e+00
    endloop
  endfacet
  facet normal -3.826816e-01  9.238803e-01  0.000000e+00
    outer loop
      vertex  7.756206e+01 -5.596375e+01  5.000000e+01
      vertex  7.644089e+01 -5.642815e+01  5.000000e+00
      vertex  7.644089e+01 -5.642815e+01  5.000000e+01
    endloop
  endfacet
  facet normal -3.158005e-01  9.488256e-01  0.000000e+00
    outer loop
      vertex  7.644089e+01 -5.642815e+01  5.000000e+01
      vertex  7.644089e+01 -5.642815e+01  5.000000e+00
      vertex  7.528945e+01 -5.681138e+01  5.000000e+00
    endloop
  endfacet
  facet normal -3.158005e-01  9.488256e-01  0.000000e+00
    outer loop
      vertex  7.644089e+01 -5.642815e+01  5.000000e+01
      vertex  7.528945e+01 -5.681138e+01  5.000000e+00
      vertex  7.528945e+01 -5.681138e+01  5.000000e+01
    endloop
  endfacet
  facet normal -2.473048e-01  9.689377e-01  0.000000e+00
    outer loop
      vertex  7.528945e+01 -5.681138e+01  5.000000e+01
      vertex  7.528945e+01 -5.681138e+01  5.000000e+00
      vertex  7.411361e+01 -5.711150e+01  5.000000e+00
    endloop
  endfacet
  facet normal -2.473048e-01  9.689377e-01  0.000000e+00
    outer loop
      vertex  7.528945e+01 -5.681138e+01  5.000000e+01
      vertex  7.411361e+01 -5.711150e+01  5.000000e+00
      vertex  7.411361e+01 -5.711150e+01  5.000000e+01
    endloop
  endfacet
  facet normal -1.775542e-01  9.841110e-01  0.000000e+00
    outer loop
      vertex  7.411361e+01 -5.711150e+01  5.000000e+01
      vertex  7.411361e+01 -5.711150e+01  5.000000e+00
      vertex  7.291935e+01 -5.732697e+01  5.000000e+00
    endloop
  endfacet
  facet normal -1.775542e-01  9.841110e-01  0.000000e+00
    outer loop
      vertex  7.411361e+01 -5.711150e+01  5.000000e+01
      vertex  7.291935e+01 -5.732697e+01  5.000000e+00
      vertex  7.291935e+01 -5.732697e+01  5.000000e+01
    endloop
  endfacet
  facet normal -1.068934e-01  9.942705e-01  0.000000e+00
    outer loop
      vertex  7.291935e+01 -5.732697e+01  5.000000e+01
      vertex  7.291935e+01 -5.732697e+01  5.000000e+00
      vertex  7.171277e+01 -5.745668e+01  5.000000e+00
    endloop
  endfacet
  facet normal -1.068934e-01  9.942705e-01  0.000000e+00
    outer loop
      vertex  7.291935e+01 -5.732697e+01  5.000000e+01
      vertex  7.171277e+01 -5.745668e+01  5.000000e+00
      vertex  7.171277e+01 -5.745668e+01  5.000000e+01
    endloop
  endfacet
  facet normal -3.569377e-02  9.993628e-01  0.000000e+00
    outer loop
      vertex  7.171277e+01 -5.745668e+01  5.000000e+01
      vertex  7.171277e+01 -5.745668e+01  5.000000e+00
      vertex  7.050000e+01 -5.750000e+01  5.000000e+00
    endloop
  endfacet
  facet normal -3.569377e-02  9.993628e-01  0.000000e+00
    outer loop
      vertex  7.171277e+01 -5.745668e+01  5.000000e+01
      vertex  7.050000e+01 -5.750000e+01  5.000000e+00
      vertex  7.050000e+01 -5.750000e+01  5.000000e+01
    endloop
  endfacet
  facet normal -6.814175e-01  7.318949e-01  0.000000e+00
    outer loop
      vertex  8.163263e+01 -5.334774e+01  5.000000e+00
      vertex  8.252081e+01 -5.252082e+01  5.000000e+01
      vertex  8.252081e+01 -5.252082e+01  5.000000e+00
    endloop
  endfacet
  facet normal -7.318949e-01  6.814175e-01  0.000000e+00
    outer loop
      vertex  8.252081e+01 -5.252082e+01  5.000000e+00
      vertex  8.252081e+01 -5.252082e+01  5.000000e+01
      vertex  8.334774e+01 -5.163263e+01  5.000000e+01
    endloop
  endfacet
  facet normal -7.318949e-01  6.814175e-01  0.000000e+00
    outer loop
      vertex  8.252081e+01 -5.252082e+01  5.000000e+00
      vertex  8.334774e+01 -5.163263e+01  5.000000e+01
      vertex  8.334774e+01 -5.163263e+01  5.000000e+00
    endloop
  endfacet
  facet normal -7.786411e-01  6.274697e-01  0.000000e+00
    outer loop
      vertex  8.334774e+01 -5.163263e+01  5.000000e+00
      vertex  8.334774e+01 -5.163263e+01  5.000000e+01
      vertex  8.410920e+01 -5.068772e+01  5.000000e+01
    endloop
  endfacet
  facet normal -7.786411e-01  6.274697e-01  0.000000e+00
    outer loop
      vertex  8.334774e+01 -5.163263e+01  5.000000e+00
      vertex  8.410920e+01 -5.068772e+01  5.000000e+01
      vertex  8.410920e+01 -5.068772e+01  5.000000e+00
    endloop
  endfacet
  facet normal -8.214210e-01  5.703223e-01  0.000000e+00
    outer loop
      vertex  8.410920e+01 -5.068772e+01  5.000000e+00
      vertex  8.410920e+01 -5.068772e+01  5.000000e+01
      vertex  8.480131e+01 -4.969090e+01  5.000000e+01
    endloop
  endfacet
  facet normal -8.214210e-01  5.703223e-01  0.000000e+00
    outer loop
      vertex  8.410920e+01 -5.068772e+01  5.000000e+00
      vertex  8.480131e+01 -4.969090e+01  5.000000e+01
      vertex  8.480131e+01 -4.969090e+01  5.000000e+00
    endloop
  endfacet
  facet normal -8.600149e-01  5.102690e-01  0.000000e+00
    outer loop
      vertex  8.480131e+01 -4.969090e+01  5.000000e+00
      vertex  8.480131e+01 -4.969090e+01  5.000000e+01
      vertex  8.542054e+01 -4.864723e+01  5.000000e+01
    endloop
  endfacet
  facet normal -8.600149e-01  5.102690e-01  0.000000e+00
    outer loop
      vertex  8.480131e+01 -4.969090e+01  5.000000e+00
      vertex  8.542054e+01 -4.864723e+01  5.000000e+01
      vertex  8.542054e+01 -4.864723e+01  5.000000e+00
    endloop
  endfacet
  facet normal -8.942240e-01  4.476197e-01  0.000000e+00
    outer loop
      vertex  8.542054e+01 -4.864723e+01  5.000000e+00
      vertex  8.542054e+01 -4.864723e+01  5.000000e+01
      vertex  8.596375e+01 -4.756205e+01  5.000000e+01
    endloop
  endfacet
  facet normal -8.942240e-01  4.476197e-01  0.000000e+00
    outer loop
      vertex  8.542054e+01 -4.864723e+01  5.000000e+00
      vertex  8.596375e+01 -4.756205e+01  5.000000e+01
      vertex  8.596375e+01 -4.756205e+01  5.000000e+00
    endloop
  endfacet
  facet normal -9.238794e-01  3.826838e-01  0.000000e+00
    outer loop
      vertex  8.596375e+01 -4.756205e+01  5.000000e+00
      vertex  8.596375e+01 -4.756205e+01  5.000000e+01
      vertex  8.642815e+01 -4.644089e+01  5.000000e+01
    endloop
  endfacet
  facet normal -9.238794e-01  3.826838e-01  0.000000e+00
    outer loop
      vertex  8.596375e+01 -4.756205e+01  5.000000e+00
      vertex  8.642815e+01 -4.644089e+01  5.000000e+01
      vertex  8.642815e+01 -4.644089e+01  5.000000e+00
    endloop
  endfacet
  facet normal -9.488269e-01  3.157968e-01  0.000000e+00
    outer loop
      vertex  8.642815e+01 -4.644089e+01  5.000000e+00
      vertex  8.642815e+01 -4.644089e+01  5.000000e+01
      vertex  8.681138e+01 -4.528945e+01  5.000000e+01
    endloop
  endfacet
  facet normal -9.488269e-01  3.157968e-01  0.000000e+00
    outer loop
      vertex  8.642815e+01 -4.644089e+01  5.000000e+00
      vertex  8.681138e+01 -4.528945e+01  5.000000e+01
      vertex  8.681138e+01 -4.528945e+01  5.000000e+00
    endloop
  endfacet
  facet normal -9.689370e-01  2.473078e-01  0.000000e+00
    outer loop
      vertex  8.681138e+01 -4.528945e+01  5.000000e+00
      vertex  8.681138e+01 -4.528945e+01  5.000000e+01
      vertex  8.711150e+01 -4.411361e+01  5.000000e+01
    endloop
  endfacet
  facet normal -9.689370e-01  2.473078e-01  0.000000e+00
    outer loop
      vertex  8.681138e+01 -4.528945e+01  5.000000e+00
      vertex  8.711150e+01 -4.411361e+01  5.000000e+01
      vertex  8.711150e+01 -4.411361e+01  5.000000e+00
    endloop
  endfacet
  facet normal -9.841110e-01  1.775547e-01  0.000000e+00
    outer loop
      vertex  8.711150e+01 -4.411361e+01  5.000000e+00
      vertex  8.711150e+01 -4.411361e+01  5.000000e+01
      vertex  8.732697e+01 -4.291935e+01  5.000000e+01
    endloop
  endfacet
  facet normal -9.841110e-01  1.775547e-01  0.000000e+00
    outer loop
      vertex  8.711150e+01 -4.411361e+01  5.000000e+00
      vertex  8.732697e+01 -4.291935e+01  5.000000e+01
      vertex  8.732697e+01 -4.291935e+01  5.000000e+00
    endloop
  endfacet
  facet normal -9.942702e-01  1.068958e-01  0.000000e+00
    outer loop
      vertex  8.732697e+01 -4.291935e+01  5.000000e+00
      vertex  8.732697e+01 -4.291935e+01  5.000000e+01
      vertex  8.745669e+01 -4.171276e+01  5.000000e+01
    endloop
  endfacet
  facet normal -9.942702e-01  1.068958e-01  0.000000e+00
    outer loop
      vertex  8.732697e+01 -4.291935e+01  5.000000e+00
      vertex  8.745669e+01 -4.171276e+01  5.000000e+01
      vertex  8.745669e+01 -4.171276e+01  5.000000e+00
    endloop
  endfacet
  facet normal -9.993629e-01  3.569075e-02  0.000000e+00
    outer loop
      vertex  8.745669e+01 -4.171276e+01  5.000000e+00
      vertex  8.745669e+01 -4.171276e+01  5.000000e+01
      vertex  8.750000e+01 -4.050000e+01  5.000000e+01
    endloop
  endfacet
  facet normal -9.993629e-01  3.569075e-02  0.000000e+00
    outer loop
      vertex  8.745669e+01 -4.171276e+01  5.000000e+00
      vertex  8.750000e+01 -4.050000e+01  5.000000e+01
      vertex  8.750000e+01 -4.050000e+01  5.000000e+00
    endloop
  endfacet
  facet normal  7.318949e-01  6.814175e-01  -0.000000e+00
    outer loop
      vertex -8.252081e+01 -5.252082e+01  5.000000e+01
      vertex -8.334774e+01 -5.163263e+01  5.000000e+00
      vertex -8.334774e+01 -5.163263e+01  5.000000e+01
    endloop
  endfacet
  facet normal  7.786411e-01  6.274697e-01  0.000000e+00
    outer loop
      vertex -8.334774e+01 -5.163263e+01  5.000000e+01
      vertex -8.334774e+01 -5.163263e+01  5.000000e+00
      vertex -8.410920e+01 -5.068772e+01  5.000000e+00
    endloop
  endfacet
  facet normal  7.786411e-01  6.274697e-01  -0.000000e+00
    outer loop
      vertex -8.334774e+01 -5.163263e+01  5.000000e+01
      vertex -8.410920e+01 -5.068772e+01  5.000000e+00
      vertex -8.410920e+01 -5.068772e+01  5.000000e+01
    endloop
  endfacet
  facet normal  8.214210e-01  5.703223e-01  0.000000e+00
    outer loop
      vertex -8.410920e+01 -5.068772e+01  5.000000e+01
      vertex -8.410920e+01 -5.068772e+01  5.000000e+00
      vertex -8.480131e+01 -4.969090e+01  5.000000e+00
    endloop
  endfacet
  facet normal  8.214210e-01  5.703223e-01  -0.000000e+00
    outer loop
      vertex -8.410920e+01 -5.068772e+01  5.000000e+01
      vertex -8.480131e+01 -4.969090e+01  5.000000e+00
      vertex -8.480131e+01 -4.969090e+01  5.000000e+01
    endloop
  endfacet
  facet normal  8.600149e-01  5.102690e-01  0.000000e+00
    outer loop
      vertex -8.480131e+01 -4.969090e+01  5.000000e+01
      vertex -8.480131e+01 -4.969090e+01  5.000000e+00
      vertex -8.542054e+01 -4.864723e+01  5.000000e+00
    endloop
  endfacet
  facet normal  8.600149e-01  5.102690e-01  -0.000000e+00
    outer loop
      vertex -8.480131e+01 -4.969090e+01  5.000000e+01
      vertex -8.542054e+01 -4.864723e+01  5.000000e+00
      vertex -8.542054e+01 -4.864723e+01  5.000000e+01
    endloop
  endfacet
  facet normal  8.942240e-01  4.476197e-01  0.000000e+00
    outer loop
      vertex -8.542054e+01 -4.864723e+01  5.000000e+01
      vertex -8.542054e+01 -4.864723e+01  5.000000e+00
      vertex -8.596375e+01 -4.756205e+01  5.000000e+00
    endloop
  endfacet
  facet normal  8.942240e-01  4.476197e-01  -0.000000e+00
    outer loop
      vertex -8.542054e+01 -4.864723e+01  5.000000e+01
      vertex -8.596375e+01 -4.756205e+01  5.000000e+00
      vertex -8.596375e+01 -4.756205e+01  5.000000e+01
    endloop
  endfacet
  facet normal  9.238794e-01  3.826838e-01  0.000000e+00
    outer loop
      vertex -8.596375e+01 -4.756205e+01  5.000000e+01
      vertex -8.596375e+01 -4.756205e+01  5.000000e+00
      vertex -8.642815e+01 -4.644089e+01  5.000000e+00
    endloop
  endfacet
  facet normal  9.238794e-01  3.826838e-01  -0.000000e+00
    outer loop
      vertex -8.596375e+01 -4.756205e+01  5.000000e+01
      vertex -8.642815e+01 -4.644089e+01  5.000000e+00
      vertex -8.642815e+01 -4.644089e+01  5.000000e+01
    endloop
  endfacet
  facet normal  9.488269e-01  3.157968e-01  0.000000e+00
    outer loop
      vertex -8.642815e+01 -4.644089e+01  5.000000e+01
      vertex -8.642815e+01 -4.644089e+01  5.000000e+00
      vertex -8.681138e+01 -4.528945e+01  5.000000e+00
    endloop
  endfacet
  facet normal  9.488269e-01  3.157968e-01  -0.000000e+00
    outer loop
      vertex -8.642815e+01 -4.644089e+01  5.000000e+01
      vertex -8.681138e+01 -4.528945e+01  5.000000e+00
      vertex -8.681138e+01 -4.528945e+01  5.000000e+01
    endloop
  endfacet
  facet normal  9.689370e-01  2.473078e-01  0.000000e+00
    outer loop
      vertex -8.681138e+01 -4.528945e+01  5.000000e+01
      vertex -8.681138e+01 -4.528945e+01  5.000000e+00
      vertex -8.711150e+01 -4.411361e+01  5.000000e+00
    endloop
  endfacet
  facet normal  9.689370e-01  2.473078e-01  -0.000000e+00
    outer loop
      vertex -8.681138e+01 -4.528945e+01  5.000000e+01
      vertex -8.711150e+01 -4.411361e+01  5.000000e+00
      vertex -8.711150e+01 -4.411361e+01  5.000000e+01
    endloop
  endfacet
  facet normal  9.841110e-01  1.775547e-01  0.000000e+00
    outer loop
      vertex -8.711150e+01 -4.411361e+01  5.000000e+01
      vertex -8.711150e+01 -4.411361e+01  5.000000e+00
      vertex -8.732697e+01 -4.291935e+01  5.000000e+00
    endloop
  endfacet
  facet normal  9.841110e-01  1.775547e-01  -0.000000e+00
    outer loop
      vertex -8.711150e+01 -4.411361e+01  5.000000e+01
      vertex -8.732697e+01 -4.291935e+01  5.000000e+00
      vertex -8.732697e+01 -4.291935e+01  5.000000e+01
    endloop
  endfacet
  facet normal  9.942702e-01  1.068958e-01  0.000000e+00
    outer loop
      vertex -8.732697e+01 -4.291935e+01  5.000000e+01
      vertex -8.732697e+01 -4.291935e+01  5.000000e+00
      vertex -8.745669e+01 -4.171276e+01  5.000000e+00
    endloop
  endfacet
  facet normal  9.942702e-01  1.068958e-01  -0.000000e+00
    outer loop
      vertex -8.732697e+01 -4.291935e+01  5.000000e+01
      vertex -8.745669e+01 -4.171276e+01  5.000000e+00
      vertex -8.745669e+01 -4.171276e+01  5.000000e+01
    endloop
  endfacet
  facet normal  9.993629e-01  3.569075e-02  0.000000e+00
    outer loop
      vertex -8.745669e+01 -4.171276e+01  5.000000e+01
      vertex -8.745669e+01 -4.171276e+01  5.000000e+00
      vertex -8.750000e+01 -4.050000e+01  5.000000e+00
    endloop
  endfacet
  facet normal  9.993629e-01  3.569075e-02  -0.000000e+00
    outer loop
      vertex -8.745669e+01 -4.171276e+01  5.000000e+01
      vertex -8.750000e+01 -4.050000e+01  5.000000e+00
      vertex -8.750000e+01 -4.050000e+01  5.000000e+01
    endloop
  endfacet
  facet normal  7.318949e-01  6.814175e-01  0.000000e+00
    outer loop
      vertex -8.334774e+01 -5.163263e+01  5.000000e+00
      vertex -8.252081e+01 -5.252082e+01  5.000000e+01
      vertex -8.252081e+01 -5.252082e+01  5.000000e+00
    endloop
  endfacet
  facet normal  6.814175e-01  7.318949e-01  -0.000000e+00
    outer loop
      vertex -8.252081e+01 -5.252082e+01  5.000000e+00
      vertex -8.252081e+01 -5.252082e+01  5.000000e+01
      vertex -8.163263e+01 -5.334774e+01  5.000000e+01
    endloop
  endfacet
  facet normal  6.814175e-01  7.318949e-01  0.000000e+00
    outer loop
      vertex -8.252081e+01 -5.252082e+01  5.000000e+00
      vertex -8.163263e+01 -5.334774e+01  5.000000e+01
      vertex -8.163263e+01 -5.334774e+01  5.000000e+00
    endloop
  endfacet
  facet normal  6.274692e-01  7.786414e-01  -0.000000e+00
    outer loop
      vertex -8.163263e+01 -5.334774e+01  5.000000e+00
      vertex -8.163263e+01 -5.334774e+01  5.000000e+01
      vertex -8.068772e+01 -5.410920e+01  5.000000e+01
    endloop
  endfacet
  facet normal  6.274692e-01  7.786414e-01  0.000000e+00
    outer loop
      vertex -8.163263e+01 -5.334774e+01  5.000000e+00
      vertex -8.068772e+01 -5.410920e+01  5.000000e+01
      vertex -8.068772e+01 -5.410920e+01  5.000000e+00
    endloop
  endfacet
  facet normal  5.703244e-01  8.214195e-01  -0.000000e+00
    outer loop
      vertex -8.068772e+01 -5.410920e+01  5.000000e+00
      vertex -8.068772e+01 -5.410920e+01  5.000000e+01
      vertex -7.969090e+01 -5.480131e+01  5.000000e+01
    endloop
  endfacet
  facet normal  5.703244e-01  8.214195e-01  0.000000e+00
    outer loop
      vertex -8.068772e+01 -5.410920e+01  5.000000e+00
      vertex -7.969090e+01 -5.480131e+01  5.000000e+01
      vertex -7.969090e+01 -5.480131e+01  5.000000e+00
    endloop
  endfacet
  facet normal  5.102690e-01  8.600149e-01  -0.000000e+00
    outer loop
      vertex -7.969090e+01 -5.480131e+01  5.000000e+00
      vertex -7.969090e+01 -5.480131e+01  5.000000e+01
      vertex -7.864723e+01 -5.542054e+01  5.000000e+01
    endloop
  endfacet
  facet normal  5.102690e-01  8.600149e-01  0.000000e+00
    outer loop
      vertex -7.969090e+01 -5.480131e+01  5.000000e+00
      vertex -7.864723e+01 -5.542054e+01  5.000000e+01
      vertex -7.864723e+01 -5.542054e+01  5.000000e+00
    endloop
  endfacet
  facet normal  4.476184e-01  8.942247e-01  -0.000000e+00
    outer loop
      vertex -7.864723e+01 -5.542054e+01  5.000000e+00
      vertex -7.864723e+01 -5.542054e+01  5.000000e+01
      vertex -7.756206e+01 -5.596375e+01  5.000000e+01
    endloop
  endfacet
  facet normal  4.476184e-01  8.942247e-01  0.000000e+00
    outer loop
      vertex -7.864723e+01 -5.542054e+01  5.000000e+00
      vertex -7.756206e+01 -5.596375e+01  5.000000e+01
      vertex -7.756206e+01 -5.596375e+01  5.000000e+00
    endloop
  endfacet
  facet normal  3.826816e-01  9.238803e-01  -0.000000e+00
    outer loop
      vertex -7.756206e+01 -5.596375e+01  5.000000e+00
      vertex -7.756206e+01 -5.596375e+01  5.000000e+01
      vertex -7.644089e+01 -5.642815e+01  5.000000e+01
    endloop
  endfacet
  facet normal  3.826816e-01  9.238803e-01  0.000000e+00
    outer loop
      vertex -7.756206e+01 -5.596375e+01  5.000000e+00
      vertex -7.644089e+01 -5.642815e+01  5.000000e+01
      vertex -7.644089e+01 -5.642815e+01  5.000000e+00
    endloop
  endfacet
  facet normal  3.158005e-01  9.488256e-01  -0.000000e+00
    outer loop
      vertex -7.644089e+01 -5.642815e+01  5.000000e+00
      vertex -7.644089e+01 -5.642815e+01  5.000000e+01
      vertex -7.528945e+01 -5.681138e+01  5.000000e+01
    endloop
  endfacet
  facet normal  3.158005e-01  9.488256e-01  0.000000e+00
    outer loop
      vertex -7.644089e+01 -5.642815e+01  5.000000e+00
      vertex -7.528945e+01 -5.681138e+01  5.000000e+01
      vertex -7.528945e+01 -5.681138e+01  5.000000e+00
    endloop
  endfacet
  facet normal  2.473048e-01  9.689377e-01  -0.000000e+00
    outer loop
      vertex -7.528945e+01 -5.681138e+01  5.000000e+00
      vertex -7.528945e+01 -5.681138e+01  5.000000e+01
      vertex -7.411361e+01 -5.711150e+01  5.000000e+01
    endloop
  endfacet
  facet normal  2.473048e-01  9.689377e-01  0.000000e+00
    outer loop
      vertex -7.528945e+01 -5.681138e+01  5.000000e+00
      vertex -7.411361e+01 -5.711150e+01  5.000000e+01
      vertex -7.411361e+01 -5.711150e+01  5.000000e+00
    endloop
  endfacet
  facet normal  1.775542e-01  9.841110e-01  -0.000000e+00
    outer loop
      vertex -7.411361e+01 -5.711150e+01  5.000000e+00
      vertex -7.411361e+01 -5.711150e+01  5.000000e+01
      vertex -7.291935e+01 -5.732697e+01  5.000000e+01
    endloop
  endfacet
  facet normal  1.775542e-01  9.841110e-01  0.000000e+00
    outer loop
      vertex -7.411361e+01 -5.711150e+01  5.000000e+00
      vertex -7.291935e+01 -5.732697e+01  5.000000e+01
      vertex -7.291935e+01 -5.732697e+01  5.000000e+00
    endloop
  endfacet
  facet normal  1.068934e-01  9.942705e-01  -0.000000e+00
    outer loop
      vertex -7.291935e+01 -5.732697e+01  5.000000e+00
      vertex -7.291935e+01 -5.732697e+01  5.000000e+01
      vertex -7.171277e+01 -5.745668e+01  5.000000e+01
    endloop
  endfacet
  facet normal  1.068934e-01  9.942705e-01  0.000000e+00
    outer loop
      vertex -7.291935e+01 -5.732697e+01  5.000000e+00
      vertex -7.171277e+01 -5.745668e+01  5.000000e+01
      vertex -7.171277e+01 -5.745668e+01  5.000000e+00
    endloop
  endfacet
  facet normal  3.569377e-02  9.993628e-01  -0.000000e+00
    outer loop
      vertex -7.171277e+01 -5.745668e+01  5.000000e+00
      vertex -7.171277e+01 -5.745668e+01  5.000000e+01
      vertex -7.050000e+01 -5.750000e+01  5.000000e+01
    endloop
  endfacet
  facet normal  3.569377e-02  9.993628e-01  0.000000e+00
    outer loop
      vertex -7.171277e+01 -5.745668e+01  5.000000e+00
      vertex -7.050000e+01 -5.750000e+01  5.000000e+01
      vertex -7.050000e+01 -5.750000e+01  5.000000e+00
    endloop
  endfacet
  facet normal -1.000000e+00  0.000000e+00  0.000000e+00
    outer loop
      vertex -9.250000e+01  5.250000e+01  5.000000e+01
      vertex -9.250000e+01  5.250000e+01  0.000000e+00
      vertex -9.250000e+01 -5.250000e+01  5.000000e+01
    endloop
  endfacet
  facet normal -1.000000e+00  0.000000e+00  0.000000e+00
    outer loop
      vertex -9.250000e+01 -5.250000e+01  5.000000e+01
      vertex -9.250000e+01  5.250000e+01  0.000000e+00
      vertex -9.250000e+01 -5.250000e+01  0.000000e+00
    endloop
  endfacet
  facet normal -9.989331e-01  4.618097e-02  0.000000e+00
    outer loop
      vertex -9.250000e+01  5.250000e+01  0.000000e+00
      vertex -9.250000e+01  5.250000e+01  5.000000e+01
      vertex -9.245734e+01  5.342268e+01  0.000000e+00
    endloop
  endfacet
  facet normal -9.989331e-01  4.618097e-02  0.000000e+00
    outer loop
      vertex -9.245734e+01  5.342268e+01  0.000000e+00
      vertex -9.250000e+01  5.250000e+01  5.000000e+01
      vertex -9.245734e+01  5.342268e+01  5.000000e+01
    endloop
  endfacet
  facet normal -9.904106e-01  1.381550e-01  0.000000e+00
    outer loop
      vertex -9.245734e+01  5.342268e+01  0.000000e+00
      vertex -9.245734e+01  5.342268e+01  5.000000e+01
      vertex -9.232973e+01  5.433749e+01  0.000000e+00
    endloop
  endfacet
  facet normal -9.904106e-01  1.381550e-01  0.000000e+00
    outer loop
      vertex -9.232973e+01  5.433749e+01  0.000000e+00
      vertex -9.245734e+01  5.342268e+01  5.000000e+01
      vertex -9.232973e+01  5.433749e+01  5.000000e+01
    endloop
  endfacet
  facet normal -9.734370e-01  2.289551e-01  0.000000e+00
    outer loop
      vertex -9.232973e+01  5.433749e+01  0.000000e+00
      vertex -9.232973e+01  5.433749e+01  5.000000e+01
      vertex -9.211826e+01  5.523663e+01  0.000000e+00
    endloop
  endfacet
  facet normal -9.734370e-01  2.289551e-01  0.000000e+00
    outer loop
      vertex -9.211826e+01  5.523663e+01  0.000000e+00
      vertex -9.232973e+01  5.433749e+01  5.000000e+01
      vertex -9.211826e+01  5.523663e+01  5.000000e+01
    endloop
  endfacet
  facet normal -9.481609e-01  3.177910e-01  0.000000e+00
    outer loop
      vertex -9.211826e+01  5.523663e+01  0.000000e+00
      vertex -9.211826e+01  5.523663e+01  5.000000e+01
      vertex -9.182472e+01  5.611242e+01  0.000000e+00
    endloop
  endfacet
  facet normal -9.481609e-01  3.177910e-01  0.000000e+00
    outer loop
      vertex -9.182472e+01  5.611242e+01  0.000000e+00
      vertex -9.211826e+01  5.523663e+01  5.000000e+01
      vertex -9.182472e+01  5.611242e+01  5.000000e+01
    endloop
  endfacet
  facet normal -9.147925e-01  4.039240e-01  0.000000e+00
    outer loop
      vertex -9.182472e+01  5.611242e+01  0.000000e+00
      vertex -9.182472e+01  5.611242e+01  5.000000e+01
      vertex -9.145163e+01  5.695738e+01  0.000000e+00
    endloop
  endfacet
  facet normal -9.147925e-01  4.039240e-01  0.000000e+00
    outer loop
      vertex -9.145163e+01  5.695738e+01  0.000000e+00
      vertex -9.182472e+01  5.611242e+01  5.000000e+01
      vertex -9.145163e+01  5.695738e+01  5.000000e+01
    endloop
  endfacet
  facet normal -8.736253e-01  4.865992e-01  0.000000e+00
    outer loop
      vertex -9.145163e+01  5.695738e+01  0.000000e+00
      vertex -9.145163e+01  5.695738e+01  5.000000e+01
      vertex -9.100217e+01  5.776432e+01  0.000000e+00
    endloop
  endfacet
  facet normal -8.736253e-01  4.865992e-01  0.000000e+00
    outer loop
      vertex -9.100217e+01  5.776432e+01  0.000000e+00
      vertex -9.145163e+01  5.695738e+01  5.000000e+01
      vertex -9.100217e+01  5.776432e+01  5.000000e+01
    endloop
  endfacet
  facet normal -8.249964e-01  5.651379e-01  0.000000e+00
    outer loop
      vertex -9.100217e+01  5.776432e+01  0.000000e+00
      vertex -9.100217e+01  5.776432e+01  5.000000e+01
      vertex -9.048017e+01  5.852635e+01  0.000000e+00
    endloop
  endfacet
  facet normal -8.249964e-01  5.651379e-01  0.000000e+00
    outer loop
      vertex -9.048017e+01  5.852635e+01  0.000000e+00
      vertex -9.100217e+01  5.776432e+01  5.000000e+01
      vertex -9.048017e+01  5.852635e+01  5.000000e+01
    endloop
  endfacet
  facet normal -7.693352e-01  6.388453e-01  0.000000e+00
    outer loop
      vertex -9.048017e+01  5.852635e+01  0.000000e+00
      vertex -9.048017e+01  5.852635e+01  5.000000e+01
      vertex -8.989009e+01  5.923696e+01  0.000000e+00
    endloop
  endfacet
  facet normal -7.693352e-01  6.388453e-01  0.000000e+00
    outer loop
      vertex -8.989009e+01  5.923696e+01  0.000000e+00
      vertex -9.048017e+01  5.852635e+01  5.000000e+01
      vertex -8.989009e+01  5.923696e+01  5.000000e+01
    endloop
  endfacet
  facet normal -7.071047e-01  7.071089e-01  0.000000e+00
    outer loop
      vertex -8.989009e+01  5.923696e+01  0.000000e+00
      vertex -8.989009e+01  5.923696e+01  5.000000e+01
      vertex -8.923695e+01  5.989009e+01  0.000000e+00
    endloop
  endfacet
  facet normal -7.071047e-01  7.071089e-01  0.000000e+00
    outer loop
      vertex -8.923695e+01  5.989009e+01  0.000000e+00
      vertex -8.989009e+01  5.923696e+01  5.000000e+01
      vertex -8.923695e+01  5.989009e+01  5.000000e+01
    endloop
  endfacet
  facet normal -6.388453e-01  7.693352e-01  0.000000e+00
    outer loop
      vertex -8.923695e+01  5.989009e+01  0.000000e+00
      vertex -8.923695e+01  5.989009e+01  5.000000e+01
      vertex -8.852634e+01  6.048017e+01  0.000000e+00
    endloop
  endfacet
  facet normal -6.388453e-01  7.693352e-01  0.000000e+00
    outer loop
      vertex -8.852634e+01  6.048017e+01  0.000000e+00
      vertex -8.923695e+01  5.989009e+01  5.000000e+01
      vertex -8.852634e+01  6.048017e+01  5.000000e+01
    endloop
  endfacet
  facet normal -5.651370e-01  8.249971e-01  0.000000e+00
    outer loop
      vertex -8.852634e+01  6.048017e+01  0.000000e+00
      vertex -8.852634e+01  6.048017e+01  5.000000e+01
      vertex -8.776432e+01  6.100217e+01  0.000000e+00
    endloop
  endfacet
  facet normal -5.651370e-01  8.249971e-01  0.000000e+00
    outer loop
      vertex -8.776432e+01  6.100217e+01  0.000000e+00
      vertex -8.852634e+01  6.048017e+01  5.000000e+01
      vertex -8.776432e+01  6.100217e+01  5.000000e+01
    endloop
  endfacet
  facet normal -4.866056e-01  8.736219e-01  0.000000e+00
    outer loop
      vertex -8.776432e+01  6.100217e+01  0.000000e+00
      vertex -8.776432e+01  6.100217e+01  5.000000e+01
      vertex -8.695738e+01  6.145163e+01  0.000000e+00
    endloop
  endfacet
  facet normal -4.866056e-01  8.736219e-01  0.000000e+00
    outer loop
      vertex -8.695738e+01  6.145163e+01  0.000000e+00
      vertex -8.776432e+01  6.100217e+01  5.000000e+01
      vertex -8.695738e+01  6.145163e+01  5.000000e+01
    endloop
  endfacet
  facet normal -4.039220e-01  9.147934e-01  0.000000e+00
    outer loop
      vertex -8.695738e+01  6.145163e+01  0.000000e+00
      vertex -8.695738e+01  6.145163e+01  5.000000e+01
      vertex -8.611242e+01  6.182472e+01  0.000000e+00
    endloop
  endfacet
  facet normal -4.039220e-01  9.147934e-01  0.000000e+00
    outer loop
      vertex -8.611242e+01  6.182472e+01  0.000000e+00
      vertex -8.695738e+01  6.145163e+01  5.000000e+01
      vertex -8.611242e+01  6.182472e+01  5.000000e+01
    endloop
  endfacet
  facet normal -3.177910e-01  9.481609e-01  0.000000e+00
    outer loop
      vertex -8.611242e+01  6.182472e+01  0.000000e+00
      vertex -8.611242e+01  6.182472e+01  5.000000e+01
      vertex -8.523663e+01  6.211826e+01  0.000000e+00
    endloop
  endfacet
  facet normal -3.177910e-01  9.481609e-01  0.000000e+00
    outer loop
      vertex -8.523663e+01  6.211826e+01  0.000000e+00
      vertex -8.611242e+01  6.182472e+01  5.000000e+01
      vertex -8.523663e+01  6.211826e+01  5.000000e+01
    endloop
  endfacet
  facet normal -2.289502e-01  9.734381e-01  0.000000e+00
    outer loop
      vertex -8.523663e+01  6.211826e+01  0.000000e+00
      vertex -8.523663e+01  6.211826e+01  5.000000e+01
      vertex -8.433749e+01  6.232973e+01  0.000000e+00
    endloop
  endfacet
  facet normal -2.289502e-01  9.734381e-01  0.000000e+00
    outer loop
      vertex -8.433749e+01  6.232973e+01  0.000000e+00
      vertex -8.523663e+01  6.211826e+01  5.000000e+01
      vertex -8.433749e+01  6.232973e+01  5.000000e+01
    endloop
  endfacet
  facet normal -1.381550e-01  9.904106e-01  0.000000e+00
    outer loop
      vertex -8.433749e+01  6.232973e+01  0.000000e+00
      vertex -8.433749e+01  6.232973e+01  5.000000e+01
      vertex -8.342268e+01  6.245734e+01  0.000000e+00
    endloop
  endfacet
  facet normal -1.381550e-01  9.904106e-01  0.000000e+00
    outer loop
      vertex -8.342268e+01  6.245734e+01  0.000000e+00
      vertex -8.433749e+01  6.232973e+01  5.000000e+01
      vertex -8.342268e+01  6.245734e+01  5.000000e+01
    endloop
  endfacet
  facet normal -4.618509e-02  9.989329e-01  0.000000e+00
    outer loop
      vertex -8.342268e+01  6.245734e+01  0.000000e+00
      vertex -8.342268e+01  6.245734e+01  5.000000e+01
      vertex -8.250000e+01  6.250000e+01  0.000000e+00
    endloop
  endfacet
  facet normal -4.618509e-02  9.989329e-01  0.000000e+00
    outer loop
      vertex -8.250000e+01  6.250000e+01  0.000000e+00
      vertex -8.342268e+01  6.245734e+01  5.000000e+01
      vertex -8.250000e+01  6.250000e+01  5.000000e+01
    endloop
  endfacet
  facet normal  4.618509e-02  9.989329e-01  0.000000e+00
    outer loop
      vertex  8.250000e+01  6.250000e+01  0.000000e+00
      vertex  8.250000e+01  6.250000e+01  5.000000e+01
      vertex  8.342268e+01  6.245734e+01  0.000000e+00
    endloop
  endfacet
  facet normal  4.618509e-02  9.989329e-01  -0.000000e+00
    outer loop
      vertex  8.342268e+01  6.245734e+01  0.000000e+00
      vertex  8.250000e+01  6.250000e+01  5.000000e+01
      vertex  8.342268e+01  6.245734e+01  5.000000e+01
    endloop
  endfacet
  facet normal  1.381550e-01  9.904106e-01  0.000000e+00
    outer loop
      vertex  8.342268e+01  6.245734e+01  0.000000e+00
      vertex  8.342268e+01  6.245734e+01  5.000000e+01
      vertex  8.433749e+01  6.232973e+01  0.000000e+00
    endloop
  endfacet
  facet normal  1.381550e-01  9.904106e-01  -0.000000e+00
    outer loop
      vertex  8.433749e+01  6.232973e+01  0.000000e+00
      vertex  8.342268e+01  6.245734e+01  5.000000e+01
      vertex  8.433749e+01  6.232973e+01  5.000000e+01
    endloop
  endfacet
  facet normal  2.289502e-01  9.734381e-01  0.000000e+00
    outer loop
      vertex  8.433749e+01  6.232973e+01  0.000000e+00
      vertex  8.433749e+01  6.232973e+01  5.000000e+01
      vertex  8.523663e+01  6.211826e+01  0.000000e+00
    endloop
  endfacet
  facet normal  2.289502e-01  9.734381e-01  -0.000000e+00
    outer loop
      vertex  8.523663e+01  6.211826e+01  0.000000e+00
      vertex  8.433749e+01  6.232973e+01  5.000000e+01
      vertex  8.523663e+01  6.211826e+01  5.000000e+01
    endloop
  endfacet
  facet normal  3.177910e-01  9.481609e-01  0.000000e+00
    outer loop
      vertex  8.523663e+01  6.211826e+01  0.000000e+00
      vertex  8.523663e+01  6.211826e+01  5.000000e+01
      vertex  8.611242e+01  6.182472e+01  0.000000e+00
    endloop
  endfacet
  facet normal  3.177910e-01  9.481609e-01  -0.000000e+00
    outer loop
      vertex  8.611242e+01  6.182472e+01  0.000000e+00
      vertex  8.523663e+01  6.211826e+01  5.000000e+01
      vertex  8.611242e+01  6.182472e+01  5.000000e+01
    endloop
  endfacet
  facet normal  4.039220e-01  9.147934e-01  0.000000e+00
    outer loop
      vertex  8.611242e+01  6.182472e+01  0.000000e+00
      vertex  8.611242e+01  6.182472e+01  5.000000e+01
      vertex  8.695738e+01  6.145163e+01  0.000000e+00
    endloop
  endfacet
  facet normal  4.039220e-01  9.147934e-01  -0.000000e+00
    outer loop
      vertex  8.695738e+01  6.145163e+01  0.000000e+00
      vertex  8.611242e+01  6.182472e+01  5.000000e+01
      vertex  8.695738e+01  6.145163e+01  5.000000e+01
    endloop
  endfacet
  facet normal  4.866056e-01  8.736219e-01  0.000000e+00
    outer loop
      vertex  8.695738e+01  6.145163e+01  0.000000e+00
      vertex  8.695738e+01  6.145163e+01  5.000000e+01
      vertex  8.776432e+01  6.100217e+01  0.000000e+00
    endloop
  endfacet
  facet normal  4.866056e-01  8.736219e-01  -0.000000e+00
    outer loop
      vertex  8.776432e+01  6.100217e+01  0.000000e+00
      vertex  8.695738e+01  6.145163e+01  5.000000e+01
      vertex  8.776432e+01  6.100217e+01  5.000000e+01
    endloop
  endfacet
  facet normal  5.651370e-01  8.249971e-01  0.000000e+00
    outer loop
      vertex  8.776432e+01  6.100217e+01  0.000000e+00
      vertex  8.776432e+01  6.100217e+01  5.000000e+01
      vertex  8.852634e+01  6.048017e+01  0.000000e+00
    endloop
  endfacet
  facet normal  5.651370e-01  8.249971e-01  -0.000000e+00
    outer loop
      vertex  8.852634e+01  6.048017e+01  0.000000e+00
      vertex  8.776432e+01  6.100217e+01  5.000000e+01
      vertex  8.852634e+01  6.048017e+01  5.000000e+01
    endloop
  endfacet
  facet normal  6.388453e-01  7.693352e-01  0.000000e+00
    outer loop
      vertex  8.852634e+01  6.048017e+01  0.000000e+00
      vertex  8.852634e+01  6.048017e+01  5.000000e+01
      vertex  8.923695e+01  5.989009e+01  0.000000e+00
    endloop
  endfacet
  facet normal  6.388453e-01  7.693352e-01  -0.000000e+00
    outer loop
      vertex  8.923695e+01  5.989009e+01  0.000000e+00
      vertex  8.852634e+01  6.048017e+01  5.000000e+01
      vertex  8.923695e+01  5.989009e+01  5.000000e+01
    endloop
  endfacet
  facet normal  7.071047e-01  7.071089e-01  0.000000e+00
    outer loop
      vertex  8.923695e+01  5.989009e+01  0.000000e+00
      vertex  8.923695e+01  5.989009e+01  5.000000e+01
      vertex  8.989009e+01  5.923696e+01  0.000000e+00
    endloop
  endfacet
  facet normal  7.071047e-01  7.071089e-01  -0.000000e+00
    outer loop
      vertex  8.989009e+01  5.923696e+01  0.000000e+00
      vertex  8.923695e+01  5.989009e+01  5.000000e+01
      vertex  8.989009e+01  5.923696e+01  5.000000e+01
    endloop
  endfacet
  facet normal  7.693352e-01  6.388453e-01  0.000000e+00
    outer loop
      vertex  8.989009e+01  5.923696e+01  0.000000e+00
      vertex  8.989009e+01  5.923696e+01  5.000000e+01
      vertex  9.048017e+01  5.852635e+01  0.000000e+00
    endloop
  endfacet
  facet normal  7.693352e-01  6.388453e-01  -0.000000e+00
    outer loop
      vertex  9.048017e+01  5.852635e+01  0.000000e+00
      vertex  8.989009e+01  5.923696e+01  5.000000e+01
      vertex  9.048017e+01  5.852635e+01  5.000000e+01
    endloop
  endfacet
  facet normal  8.249964e-01  5.651379e-01  0.000000e+00
    outer loop
      vertex  9.048017e+01  5.852635e+01  0.000000e+00
      vertex  9.048017e+01  5.852635e+01  5.000000e+01
      vertex  9.100217e+01  5.776432e+01  0.000000e+00
    endloop
  endfacet
  facet normal  8.249964e-01  5.651379e-01  -0.000000e+00
    outer loop
      vertex  9.100217e+01  5.776432e+01  0.000000e+00
      vertex  9.048017e+01  5.852635e+01  5.000000e+01
      vertex  9.100217e+01  5.776432e+01  5.000000e+01
    endloop
  endfacet
  facet normal  8.736253e-01  4.865992e-01  0.000000e+00
    outer loop
      vertex  9.100217e+01  5.776432e+01  0.000000e+00
      vertex  9.100217e+01  5.776432e+01  5.000000e+01
      vertex  9.145163e+01  5.695738e+01  0.000000e+00
    endloop
  endfacet
  facet normal  8.736253e-01  4.865992e-01  -0.000000e+00
    outer loop
      vertex  9.145163e+01  5.695738e+01  0.000000e+00
      vertex  9.100217e+01  5.776432e+01  5.000000e+01
      vertex  9.145163e+01  5.695738e+01  5.000000e+01
    endloop
  endfacet
  facet normal  9.147925e-01  4.039240e-01  0.000000e+00
    outer loop
      vertex  9.145163e+01  5.695738e+01  0.000000e+00
      vertex  9.145163e+01  5.695738e+01  5.000000e+01
      vertex  9.182472e+01  5.611242e+01  0.000000e+00
    endloop
  endfacet
  facet normal  9.147925e-01  4.039240e-01  -0.000000e+00
    outer loop
      vertex  9.182472e+01  5.611242e+01  0.000000e+00
      vertex  9.145163e+01  5.695738e+01  5.000000e+01
      vertex  9.182472e+01  5.611242e+01  5.000000e+01
    endloop
  endfacet
  facet normal  9.481609e-01  3.177910e-01  0.000000e+00
    outer loop
      vertex  9.182472e+01  5.611242e+01  0.000000e+00
      vertex  9.182472e+01  5.611242e+01  5.000000e+01
      vertex  9.211826e+01  5.523663e+01  0.000000e+00
    endloop
  endfacet
  facet normal  9.481609e-01  3.177910e-01  -0.000000e+00
    outer loop
      vertex  9.211826e+01  5.523663e+01  0.000000e+00
      vertex  9.182472e+01  5.611242e+01  5.000000e+01
      vertex  9.211826e+01  5.523663e+01  5.000000e+01
    endloop
  endfacet
  facet normal  9.734370e-01  2.289551e-01  0.000000e+00
    outer loop
      vertex  9.211826e+01  5.523663e+01  0.000000e+00
      vertex  9.211826e+01  5.523663e+01  5.000000e+01
      vertex  9.232973e+01  5.433749e+01  0.000000e+00
    endloop
  endfacet
  facet normal  9.734370e-01  2.289551e-01  -0.000000e+00
    outer loop
      vertex  9.232973e+01  5.433749e+01  0.000000e+00
      vertex  9.211826e+01  5.523663e+01  5.000000e+01
      vertex  9.232973e+01  5.433749e+01  5.000000e+01
    endloop
  endfacet
  facet normal  9.904106e-01  1.381550e-01  0.000000e+00
    outer loop
      vertex  9.232973e+01  5.433749e+01  0.000000e+00
      vertex  9.232973e+01  5.433749e+01  5.000000e+01
      vertex  9.245734e+01  5.342268e+01  0.000000e+00
    endloop
  endfacet
  facet normal  9.904106e-01  1.381550e-01  -0.000000e+00
    outer loop
      vertex  9.245734e+01  5.342268e+01  0.000000e+00
      vertex  9.232973e+01  5.433749e+01  5.000000e+01
      vertex  9.245734e+01  5.342268e+01  5.000000e+01
    endloop
  endfacet
  facet normal  9.989331e-01  4.618097e-02  0.000000e+00
    outer loop
      vertex  9.245734e+01  5.342268e+01  0.000000e+00
      vertex  9.245734e+01  5.342268e+01  5.000000e+01
      vertex  9.250000e+01  5.250000e+01  0.000000e+00
    endloop
  endfacet
  facet normal  9.989331e-01  4.618097e-02  -0.000000e+00
    outer loop
      vertex  9.250000e+01  5.250000e+01  0.000000e+00
      vertex  9.245734e+01  5.342268e+01  5.000000e+01
      vertex  9.250000e+01  5.250000e+01  5.000000e+01
    endloop
  endfacet
  facet normal  0.000000e+00 -1.000000e+00  0.000000e+00
    outer loop
      vertex  8.250000e+01 -6.250000e+01  5.000000e+01
      vertex -8.250000e+01 -6.250000e+01  5.000000e+01
      vertex  8.250000e+01 -6.250000e+01  0.000000e+00
    endloop
  endfacet
  facet normal  0.000000e+00 -1.000000e+00  0.000000e+00
    outer loop
      vertex  8.250000e+01 -6.250000e+01  0.000000e+00
      vertex -8.250000e+01 -6.250000e+01  5.000000e+01
      vertex -8.250000e+01 -6.250000e+01  0.000000e+00
    endloop
  endfacet
  facet normal  9.989331e-01 -4.618097e-02  0.000000e+00
    outer loop
      vertex  9.250000e+01 -5.250000e+01  0.000000e+00
      vertex  9.250000e+01 -5.250000e+01  5.000000e+01
      vertex  9.245734e+01 -5.342268e+01  0.000000e+00
    endloop
  endfacet
  facet normal  9.989331e-01 -4.618097e-02  0.000000e+00
    outer loop
      vertex  9.245734e+01 -5.342268e+01  0.000000e+00
      vertex  9.250000e+01 -5.250000e+01  5.000000e+01
      vertex  9.245734e+01 -5.342268e+01  5.000000e+01
    endloop
  endfacet
  facet normal  9.904106e-01 -1.381550e-01  0.000000e+00
    outer loop
      vertex  9.245734e+01 -5.342268e+01  0.000000e+00
      vertex  9.245734e+01 -5.342268e+01  5.000000e+01
      vertex  9.232973e+01 -5.433749e+01  0.000000e+00
    endloop
  endfacet
  facet normal  9.904106e-01 -1.381550e-01  0.000000e+00
    outer loop
      vertex  9.232973e+01 -5.433749e+01  0.000000e+00
      vertex  9.245734e+01 -5.342268e+01  5.000000e+01
      vertex  9.232973e+01 -5.433749e+01  5.000000e+01
    endloop
  endfacet
  facet normal  9.734370e-01 -2.289551e-01  0.000000e+00
    outer loop
      vertex  9.232973e+01 -5.433749e+01  0.000000e+00
      vertex  9.232973e+01 -5.433749e+01  5.000000e+01
      vertex  9.211826e+01 -5.523663e+01  0.000000e+00
    endloop
  endfacet
  facet normal  9.734370e-01 -2.289551e-01  0.000000e+00
    outer loop
      vertex  9.211826e+01 -5.523663e+01  0.000000e+00
      vertex  9.232973e+01 -5.433749e+01  5.000000e+01
      vertex  9.211826e+01 -5.523663e+01  5.000000e+01
    endloop
  endfacet
  facet normal  9.481609e-01 -3.177910e-01  0.000000e+00
    outer loop
      vertex  9.211826e+01 -5.523663e+01  0.000000e+00
      vertex  9.211826e+01 -5.523663e+01  5.000000e+01
      vertex  9.182472e+01 -5.611242e+01  0.000000e+00
    endloop
  endfacet
  facet normal  9.481609e-01 -3.177910e-01  0.000000e+00
    outer loop
      vertex  9.182472e+01 -5.611242e+01  0.000000e+00
      vertex  9.211826e+01 -5.523663e+01  5.000000e+01
      vertex  9.182472e+01 -5.611242e+01  5.000000e+01
    endloop
  endfacet
  facet normal  9.147925e-01 -4.039240e-01  0.000000e+00
    outer loop
      vertex  9.182472e+01 -5.611242e+01  0.000000e+00
      vertex  9.182472e+01 -5.611242e+01  5.000000e+01
      vertex  9.145163e+01 -5.695738e+01  0.000000e+00
    endloop
  endfacet
  facet normal  9.147925e-01 -4.039240e-01  0.000000e+00
    outer loop
      vertex  9.145163e+01 -5.695738e+01  0.000000e+00
      vertex  9.182472e+01 -5.611242e+01  5.000000e+01
      vertex  9.145163e+01 -5.695738e+01  5.000000e+01
    endloop
  endfacet
  facet normal  8.736253e-01 -4.865992e-01  0.000000e+00
    outer loop
      vertex  9.145163e+01 -5.695738e+01  0.000000e+00
      vertex  9.145163e+01 -5.695738e+01  5.000000e+01
      vertex  9.100217e+01 -5.776432e+01  0.000000e+00
    endloop
  endfacet
  facet normal  8.736253e-01 -4.865992e-01  0.000000e+00
    outer loop
      vertex  9.100217e+01 -5.776432e+01  0.000000e+00
      vertex  9.145163e+01 -5.695738e+01  5.000000e+01
      vertex  9.100217e+01 -5.776432e+01  5.000000e+01
    endloop
  endfacet
  facet normal  8.249964e-01 -5.651379e-01  0.000000e+00
    outer loop
      vertex  9.100217e+01 -5.776432e+01  0.000000e+00
      vertex  9.100217e+01 -5.776432e+01  5.000000e+01
      vertex  9.048017e+01 -5.852635e+01  0.000000e+00
    endloop
  endfacet
  facet normal  8.249964e-01 -5.651379e-01  0.000000e+00
    outer loop
      vertex  9.048017e+01 -5.852635e+01  0.000000e+00
      vertex  9.100217e+01 -5.776432e+01  5.000000e+01
      vertex  9.048017e+01 -5.852635e+01  5.000000e+01
    endloop
  endfacet
  facet normal  7.693352e-01 -6.388453e-01  0.000000e+00
    outer loop
      vertex  9.048017e+01 -5.852635e+01  0.000000e+00
      vertex  9.048017e+01 -5.852635e+01  5.000000e+01
      vertex  8.989009e+01 -5.923696e+01  0.000000e+00
    endloop
  endfacet
  facet normal  7.693352e-01 -6.388453e-01  0.000000e+00
    outer loop
      vertex  8.989009e+01 -5.923696e+01  0.000000e+00
      vertex  9.048017e+01 -5.852635e+01  5.000000e+01
      vertex  8.989009e+01 -5.923696e+01  5.000000e+01
    endloop
  endfacet
  facet normal  7.071047e-01 -7.071089e-01  0.000000e+00
    outer loop
      vertex  8.989009e+01 -5.923696e+01  0.000000e+00
      vertex  8.989009e+01 -5.923696e+01  5.000000e+01
      vertex  8.923695e+01 -5.989009e+01  0.000000e+00
    endloop
  endfacet
  facet normal  7.071047e-01 -7.071089e-01  0.000000e+00
    outer loop
      vertex  8.923695e+01 -5.989009e+01  0.000000e+00
      vertex  8.989009e+01 -5.923696e+01  5.000000e+01
      vertex  8.923695e+01 -5.989009e+01  5.000000e+01
    endloop
  endfacet
  facet normal  6.388453e-01 -7.693352e-01  0.000000e+00
    outer loop
      vertex  8.923695e+01 -5.989009e+01  0.000000e+00
      vertex  8.923695e+01 -5.989009e+01  5.000000e+01
      vertex  8.852634e+01 -6.048017e+01  0.000000e+00
    endloop
  endfacet
  facet normal  6.388453e-01 -7.693352e-01  0.000000e+00
    outer loop
      vertex  8.852634e+01 -6.048017e+01  0.000000e+00
      vertex  8.923695e+01 -5.989009e+01  5.000000e+01
      vertex  8.852634e+01 -6.048017e+01  5.000000e+01
    endloop
  endfacet
  facet normal  5.651370e-01 -8.249971e-01  0.000000e+00
    outer loop
      vertex  8.852634e+01 -6.048017e+01  0.000000e+00
      vertex  8.852634e+01 -6.048017e+01  5.000000e+01
      vertex  8.776432e+01 -6.100217e+01  0.000000e+00
    endloop
  endfacet
  facet normal  5.651370e-01 -8.249971e-01  0.000000e+00
    outer loop
      vertex  8.776432e+01 -6.100217e+01  0.000000e+00
      vertex  8.852634e+01 -6.048017e+01  5.000000e+01
      vertex  8.776432e+01 -6.100217e+01  5.000000e+01
    endloop
  endfacet
  facet normal  4.866056e-01 -8.736219e-01  0.000000e+00
    outer loop
      vertex  8.776432e+01 -6.100217e+01  0.000000e+00
      vertex  8.776432e+01 -6.100217e+01  5.000000e+01
      vertex  8.695738e+01 -6.145163e+01  0.000000e+00
    endloop
  endfacet
  facet normal  4.866056e-01 -8.736219e-01  0.000000e+00
    outer loop
      vertex  8.695738e+01 -6.145163e+01  0.000000e+00
      vertex  8.776432e+01 -6.100217e+01  5.000000e+01
      vertex  8.695738e+01 -6.145163e+01  5.000000e+01
    endloop
  endfacet
  facet normal  4.039220e-01 -9.147934e-01  0.000000e+00
    outer loop
      vertex  8.695738e+01 -6.145163e+01  0.000000e+00
      vertex  8.695738e+01 -6.145163e+01  5.000000e+01
      vertex  8.611242e+01 -6.182472e+01  0.000000e+00
    endloop
  endfacet
  facet normal  4.039220e-01 -9.147934e-01  0.000000e+00
    outer loop
      vertex  8.611242e+01 -6.182472e+01  0.000000e+00
      vertex  8.695738e+01 -6.145163e+01  5.000000e+01
      vertex  8.611242e+01 -6.182472e+01  5.000000e+01
    endloop
  endfacet
  facet normal  3.177910e-01 -9.481609e-01  0.000000e+00
    outer loop
      vertex  8.611242e+01 -6.182472e+01  0.000000e+00
      vertex  8.611242e+01 -6.182472e+01  5.000000e+01
      vertex  8.523663e+01 -6.211826e+01  0.000000e+00
    endloop
  endfacet
  facet normal  3.177910e-01 -9.481609e-01  0.000000e+00
    outer loop
      vertex  8.523663e+01 -6.211826e+01  0.000000e+00
      vertex  8.611242e+01 -6.182472e+01  5.000000e+01
      vertex  8.523663e+01 -6.211826e+01  5.000000e+01
    endloop
  endfacet
  facet normal  2.289502e-01 -9.734381e-01  0.000000e+00
    outer loop
      vertex  8.523663e+01 -6.211826e+01  0.000000e+00
      vertex  8.523663e+01 -6.211826e+01  5.000000e+01
      vertex  8.433749e+01 -6.232973e+01  0.000000e+00
    endloop
  endfacet
  facet normal  2.289502e-01 -9.734381e-01  0.000000e+00
    outer loop
      vertex  8.433749e+01 -6.232973e+01  0.000000e+00
      vertex  8.523663e+01 -6.211826e+01  5.000000e+01
      vertex  8.433749e+01 -6.232973e+01  5.000000e+01
    endloop
  endfacet
  facet normal  1.381550e-01 -9.904106e-01  0.000000e+00
    outer loop
      vertex  8.433749e+01 -6.232973e+01  0.000000e+00
      vertex  8.433749e+01 -6.232973e+01  5.000000e+01
      vertex  8.342268e+01 -6.245734e+01  0.000000e+00
    endloop
  endfacet
  facet normal  1.381550e-01 -9.904106e-01  0.000000e+00
    outer loop
      vertex  8.342268e+01 -6.245734e+01  0.000000e+00
      vertex  8.433749e+01 -6.232973e+01  5.000000e+01
      vertex  8.342268e+01 -6.245734e+01  5.000000e+01
    endloop
  endfacet
  facet normal  4.618509e-02 -9.989329e-01  0.000000e+00
    outer loop
      vertex  8.342268e+01 -6.245734e+01  0.000000e+00
      vertex  8.342268e+01 -6.245734e+01  5.000000e+01
      vertex  8.250000e+01 -6.250000e+01  0.000000e+00
    endloop
  endfacet
  facet normal  4.618509e-02 -9.989329e-01  0.000000e+00
    outer loop
      vertex  8.250000e+01 -6.250000e+01  0.000000e+00
      vertex  8.342268e+01 -6.245734e+01  5.000000e+01
      vertex  8.250000e+01 -6.250000e+01  5.000000e+01
    endloop
  endfacet
  facet normal -4.618509e-02 -9.989329e-01  -0.000000e+00
    outer loop
      vertex -8.250000e+01 -6.250000e+01  0.000000e+00
      vertex -8.250000e+01 -6.250000e+01  5.000000e+01
      vertex -8.342268e+01 -6.245734e+01  0.000000e+00
    endloop
  endfacet
  facet normal -4.618509e-02 -9.989329e-01  0.000000e+00
    outer loop
      vertex -8.342268e+01 -6.245734e+01  0.000000e+00
      vertex -8.250000e+01 -6.250000e+01  5.000000e+01
      vertex -8.342268e+01 -6.245734e+01  5.000000e+01
    endloop
  endfacet
  facet normal -1.381550e-01 -9.904106e-01  -0.000000e+00
    outer loop
      vertex -8.342268e+01 -6.245734e+01  0.000000e+00
      vertex -8.342268e+01 -6.245734e+01  5.000000e+01
      vertex -8.433749e+01 -6.232973e+01  0.000000e+00
    endloop
  endfacet
  facet normal -1.381550e-01 -9.904106e-01  0.000000e+00
    outer loop
      vertex -8.433749e+01 -6.232973e+01  0.000000e+00
      vertex -8.342268e+01 -6.245734e+01  5.000000e+01
      vertex -8.433749e+01 -6.232973e+01  5.000000e+01
    endloop
  endfacet
  facet normal -2.289502e-01 -9.734381e-01  -0.000000e+00
    outer loop
      vertex -8.433749e+01 -6.232973e+01  0.000000e+00
      vertex -8.433749e+01 -6.232973e+01  5.000000e+01
      vertex -8.523663e+01 -6.211826e+01  0.000000e+00
    endloop
  endfacet
  facet normal -2.289502e-01 -9.734381e-01  0.000000e+00
    outer loop
      vertex -8.523663e+01 -6.211826e+01  0.000000e+00
      vertex -8.433749e+01 -6.232973e+01  5.000000e+01
      vertex -8.523663e+01 -6.211826e+01  5.000000e+01
    endloop
  endfacet
  facet normal -3.177910e-01 -9.481609e-01  -0.000000e+00
    outer loop
      vertex -8.523663e+01 -6.211826e+01  0.000000e+00
      vertex -8.523663e+01 -6.211826e+01  5.000000e+01
      vertex -8.611242e+01 -6.182472e+01  0.000000e+00
    endloop
  endfacet
  facet normal -3.177910e-01 -9.481609e-01  0.000000e+00
    outer loop
      vertex -8.611242e+01 -6.182472e+01  0.000000e+00
      vertex -8.523663e+01 -6.211826e+01  5.000000e+01
      vertex -8.611242e+01 -6.182472e+01  5.000000e+01
    endloop
  endfacet
  facet normal -4.039220e-01 -9.147934e-01  -0.000000e+00
    outer loop
      vertex -8.611242e+01 -6.182472e+01  0.000000e+00
      vertex -8.611242e+01 -6.182472e+01  5.000000e+01
      vertex -8.695738e+01 -6.145163e+01  0.000000e+00
    endloop
  endfacet
  facet normal -4.039220e-01 -9.147934e-01  0.000000e+00
    outer loop
      vertex -8.695738e+01 -6.145163e+01  0.000000e+00
      vertex -8.611242e+01 -6.182472e+01  5.000000e+01
      vertex -8.695738e+01 -6.145163e+01  5.000000e+01
    endloop
  endfacet
  facet normal -4.866056e-01 -8.736219e-01  -0.000000e+00
    outer loop
      vertex -8.695738e+01 -6.145163e+01  0.000000e+00
      vertex -8.695738e+01 -6.145163e+01  5.000000e+01
      vertex -8.776432e+01 -6.100217e+01  0.000000e+00
    endloop
  endfacet
  facet normal -4.866056e-01 -8.736219e-01  0.000000e+00
    outer loop
      vertex -8.776432e+01 -6.100217e+01  0.000000e+00
      vertex -8.695738e+01 -6.145163e+01  5.000000e+01
      vertex -8.776432e+01 -6.100217e+01  5.000000e+01
    endloop
  endfacet
  facet normal -5.651370e-01 -8.249971e-01  -0.000000e+00
    outer loop
      vertex -8.776432e+01 -6.100217e+01  0.000000e+00
      vertex -8.776432e+01 -6.100217e+01  5.000000e+01
      vertex -8.852634e+01 -6.048017e+01  0.000000e+00
    endloop
  endfacet
  facet normal -5.651370e-01 -8.249971e-01  0.000000e+00
    outer loop
      vertex -8.852634e+01 -6.048017e+01  0.000000e+00
      vertex -8.776432e+01 -6.100217e+01  5.000000e+01
      vertex -8.852634e+01 -6.048017e+01  5.000000e+01
    endloop
  endfacet
  facet normal -6.388453e-01 -7.693352e-01  -0.000000e+00
    outer loop
      vertex -8.852634e+01 -6.048017e+01  0.000000e+00
      vertex -8.852634e+01 -6.048017e+01  5.000000e+01
      vertex -8.923695e+01 -5.989009e+01  0.000000e+00
    endloop
  endfacet
  facet normal -6.388453e-01 -7.693352e-01  0.000000e+00
    outer loop
      vertex -8.923695e+01 -5.989009e+01  0.000000e+00
      vertex -8.852634e+01 -6.048017e+01  5.000000e+01
      vertex -8.923695e+01 -5.989009e+01  5.000000e+01
    endloop
  endfacet
  facet normal -7.071047e-01 -7.071089e-01  -0.000000e+00
    outer loop
      vertex -8.923695e+01 -5.989009e+01  0.000000e+00
      vertex -8.923695e+01 -5.989009e+01  5.000000e+01
      vertex -8.989009e+01 -5.923696e+01  0.000000e+00
    endloop
  endfacet
  facet normal -7.071047e-01 -7.071089e-01  0.000000e+00
    outer loop
      vertex -8.989009e+01 -5.923696e+01  0.000000e+00
      vertex -8.923695e+01 -5.989009e+01  5.000000e+01
      vertex -8.989009e+01 -5.923696e+01  5.000000e+01
    endloop
  endfacet
  facet normal -7.693352e-01 -6.388453e-01  -0.000000e+00
    outer loop
      vertex -8.989009e+01 -5.923696e+01  0.000000e+00
      vertex -8.989009e+01 -5.923696e+01  5.000000e+01
      vertex -9.048017e+01 -5.852635e+01  0.000000e+00
    endloop
  endfacet
  facet normal -7.693352e-01 -6.388453e-01  0.000000e+00
    outer loop
      vertex -9.048017e+01 -5.852635e+01  0.000000e+00
      vertex -8.989009e+01 -5.923696e+01  5.000000e+01
      vertex -9.048017e+01 -5.852635e+01  5.000000e+01
    endloop
  endfacet
  facet normal -8.249964e-01 -5.651379e-01  -0.000000e+00
    outer loop
      vertex -9.048017e+01 -5.852635e+01  0.000000e+00
      vertex -9.048017e+01 -5.852635e+01  5.000000e+01
      vertex -9.100217e+01 -5.776432e+01  0.000000e+00
    endloop
  endfacet
  facet normal -8.249964e-01 -5.651379e-01  0.000000e+00
    outer loop
      vertex -9.100217e+01 -5.776432e+01  0.000000e+00
      vertex -9.048017e+01 -5.852635e+01  5.000000e+01
      vertex -9.100217e+01 -5.776432e+01  5.000000e+01
    endloop
  endfacet
  facet normal -8.736253e-01 -4.865992e-01  -0.000000e+00
    outer loop
      vertex -9.100217e+01 -5.776432e+01  0.000000e+00
      vertex -9.100217e+01 -5.776432e+01  5.000000e+01
      vertex -9.145163e+01 -5.695738e+01  0.000000e+00
    endloop
  endfacet
  facet normal -8.736253e-01 -4.865992e-01  0.000000e+00
    outer loop
      vertex -9.145163e+01 -5.695738e+01  0.000000e+00
      vertex -9.100217e+01 -5.776432e+01  5.000000e+01
      vertex -9.145163e+01 -5.695738e+01  5.000000e+01
    endloop
  endfacet
  facet normal -9.147925e-01 -4.039240e-01  -0.000000e+00
    outer loop
      vertex -9.145163e+01 -5.695738e+01  0.000000e+00
      vertex -9.145163e+01 -5.695738e+01  5.000000e+01
      vertex -9.182472e+01 -5.611242e+01  0.000000e+00
    endloop
  endfacet
  facet normal -9.147925e-01 -4.039240e-01  0.000000e+00
    outer loop
      vertex -9.182472e+01 -5.611242e+01  0.000000e+00
      vertex -9.145163e+01 -5.695738e+01  5.000000e+01
      vertex -9.182472e+01 -5.611242e+01  5.000000e+01
    endloop
  endfacet
  facet normal -9.481609e-01 -3.177910e-01  -0.000000e+00
    outer loop
      vertex -9.182472e+01 -5.611242e+01  0.000000e+00
      vertex -9.182472e+01 -5.611242e+01  5.000000e+01
      vertex -9.211826e+01 -5.523663e+01  0.000000e+00
    endloop
  endfacet
  facet normal -9.481609e-01 -3.177910e-01  0.000000e+00
    outer loop
      vertex -9.211826e+01 -5.523663e+01  0.000000e+00
      vertex -9.182472e+01 -5.611242e+01  5.000000e+01
      vertex -9.211826e+01 -5.523663e+01  5.000000e+01
    endloop
  endfacet
  facet normal -9.734370e-01 -2.289551e-01  -0.000000e+00
    outer loop
      vertex -9.211826e+01 -5.523663e+01  0.000000e+00
      vertex -9.211826e+01 -5.523663e+01  5.000000e+01
      vertex -9.232973e+01 -5.433749e+01  0.000000e+00
    endloop
  endfacet
  facet normal -9.734370e-01 -2.289551e-01  0.000000e+00
    outer loop
      vertex -9.232973e+01 -5.433749e+01  0.000000e+00
      vertex -9.211826e+01 -5.523663e+01  5.000000e+01
      vertex -9.232973e+01 -5.433749e+01  5.000000e+01
    endloop
  endfacet
  facet normal -9.904106e-01 -1.381550e-01  -0.000000e+00
    outer loop
      vertex -9.232973e+01 -5.433749e+01  0.000000e+00
      vertex -9.232973e+01 -5.433749e+01  5.000000e+01
      vertex -9.245734e+01 -5.342268e+01  0.000000e+00
    endloop
  endfacet
  facet normal -9.904106e-01 -1.381550e-01  0.000000e+00
    outer loop
      vertex -9.245734e+01 -5.342268e+01  0.000000e+00
      vertex -9.232973e+01 -5.433749e+01  5.000000e+01
      vertex -9.245734e+01 -5.342268e+01  5.000000e+01
    endloop
  endfacet
  facet normal -9.989331e-01 -4.618097e-02  -0.000000e+00
    outer loop
      vertex -9.245734e+01 -5.342268e+01  0.000000e+00
      vertex -9.245734e+01 -5.342268e+01  5.000000e+01
      vertex -9.250000e+01 -5.250000e+01  0.000000e+00
    endloop
  endfacet
  facet normal -9.989331e-01 -4.618097e-02  0.000000e+00
    outer loop
      vertex -9.250000e+01 -5.250000e+01  0.000000e+00
      vertex -9.245734e+01 -5.342268e+01  5.000000e+01
      vertex -9.250000e+01 -5.250000e+01  5.000000e+01
    endloop
  endfacet
endsolid CATIA STL
