solid CATIA STL
  facet normal -1.837497e-01  0.000000e+00  9.829731e-01
    outer loop
      vertex  1.937636e-01 -1.250000e+01  1.090896e+01
      vertex  5.746923e-01 -1.950000e+01  1.098017e+01
      vertex  5.746923e-01 -1.250000e+01  1.098017e+01
    endloop
  endfacet
  facet normal -3.612414e-01  0.000000e+00  9.324723e-01
    outer loop
      vertex  5.746923e-01 -1.250000e+01  1.098017e+01
      vertex  5.746923e-01 -1.950000e+01  1.098017e+01
      vertex  9.360505e-01 -1.950000e+01  1.112016e+01
    endloop
  endfacet
  facet normal -3.612414e-01  0.000000e+00  9.324723e-01
    outer loop
      vertex  5.746923e-01 -1.250000e+01  1.098017e+01
      vertex  9.360505e-01 -1.950000e+01  1.112016e+01
      vertex  9.360505e-01 -1.250000e+01  1.112016e+01
    endloop
  endfacet
  facet normal -5.264311e-01  0.000000e+00  8.502178e-01
    outer loop
      vertex  9.360505e-01 -1.250000e+01  1.112016e+01
      vertex  9.360505e-01 -1.950000e+01  1.112016e+01
      vertex  1.265533e+00 -1.950000e+01  1.132416e+01
    endloop
  endfacet
  facet normal -5.264311e-01  0.000000e+00  8.502178e-01
    outer loop
      vertex  9.360505e-01 -1.250000e+01  1.112016e+01
      vertex  1.265533e+00 -1.950000e+01  1.132416e+01
      vertex  1.265533e+00 -1.250000e+01  1.132416e+01
    endloop
  endfacet
  facet normal -6.736965e-01  0.000000e+00  7.390081e-01
    outer loop
      vertex  1.265533e+00 -1.250000e+01  1.132416e+01
      vertex  1.265533e+00 -1.950000e+01  1.132416e+01
      vertex  1.551919e+00 -1.950000e+01  1.158524e+01
    endloop
  endfacet
  facet normal -6.736965e-01  0.000000e+00  7.390081e-01
    outer loop
      vertex  1.265533e+00 -1.250000e+01  1.132416e+01
      vertex  1.551919e+00 -1.950000e+01  1.158524e+01
      vertex  1.551919e+00 -1.250000e+01  1.158524e+01
    endloop
  endfacet
  facet normal -7.980168e-01  0.000000e+00  6.026353e-01
    outer loop
      vertex  1.551919e+00 -1.250000e+01  1.158524e+01
      vertex  1.551919e+00 -1.950000e+01  1.158524e+01
      vertex  1.785456e+00 -1.950000e+01  1.189449e+01
    endloop
  endfacet
  facet normal -7.980168e-01  0.000000e+00  6.026353e-01
    outer loop
      vertex  1.551919e+00 -1.250000e+01  1.158524e+01
      vertex  1.785456e+00 -1.950000e+01  1.189449e+01
      vertex  1.785456e+00 -1.250000e+01  1.189449e+01
    endloop
  endfacet
  facet normal -8.951633e-01  0.000000e+00  4.457384e-01
    outer loop
      vertex  1.785456e+00 -1.250000e+01  1.189449e+01
      vertex  1.785456e+00 -1.950000e+01  1.189449e+01
      vertex  1.958192e+00 -1.950000e+01  1.224139e+01
    endloop
  endfacet
  facet normal -8.951633e-01  0.000000e+00  4.457384e-01
    outer loop
      vertex  1.785456e+00 -1.250000e+01  1.189449e+01
      vertex  1.958192e+00 -1.950000e+01  1.224139e+01
      vertex  1.958192e+00 -1.250000e+01  1.224139e+01
    endloop
  endfacet
  facet normal -9.618257e-01  0.000000e+00  2.736628e-01
    outer loop
      vertex  1.958192e+00 -1.250000e+01  1.224139e+01
      vertex  1.958192e+00 -1.950000e+01  1.224139e+01
      vertex  2.064244e+00 -1.950000e+01  1.261413e+01
    endloop
  endfacet
  facet normal -9.618257e-01  0.000000e+00  2.736628e-01
    outer loop
      vertex  1.958192e+00 -1.250000e+01  1.224139e+01
      vertex  2.064244e+00 -1.950000e+01  1.261413e+01
      vertex  2.064244e+00 -1.250000e+01  1.261413e+01
    endloop
  endfacet
  facet normal -9.957342e-01  0.000000e+00  9.226805e-02
    outer loop
      vertex  2.064244e+00 -1.250000e+01  1.261413e+01
      vertex  2.064244e+00 -1.950000e+01  1.261413e+01
      vertex  2.100000e+00 -1.950000e+01  1.300000e+01
    endloop
  endfacet
  facet normal -9.957342e-01  0.000000e+00  9.226805e-02
    outer loop
      vertex  2.064244e+00 -1.250000e+01  1.261413e+01
      vertex  2.100000e+00 -1.950000e+01  1.300000e+01
      vertex  2.100000e+00 -1.250000e+01  1.300000e+01
    endloop
  endfacet
  facet normal -1.837497e-01  0.000000e+00  9.829731e-01
    outer loop
      vertex  5.746923e-01 -1.950000e+01  1.098017e+01
      vertex  1.937636e-01 -1.250000e+01  1.090896e+01
      vertex  1.937636e-01 -1.950000e+01  1.090896e+01
    endloop
  endfacet
  facet normal  0.000000e+00  -0.000000e+00  1.000000e+00
    outer loop
      vertex  1.937636e-01 -1.950000e+01  1.090896e+01
      vertex  1.937636e-01 -1.250000e+01  1.090896e+01
      vertex -1.937636e-01 -1.250000e+01  1.090896e+01
    endloop
  endfacet
  facet normal  0.000000e+00  0.000000e+00  1.000000e+00
    outer loop
      vertex  1.937636e-01 -1.950000e+01  1.090896e+01
      vertex -1.937636e-01 -1.250000e+01  1.090896e+01
      vertex -1.937636e-01 -1.950000e+01  1.090896e+01
    endloop
  endfacet
  facet normal  1.837497e-01  -0.000000e+00  9.829731e-01
    outer loop
      vertex -1.937636e-01 -1.950000e+01  1.090896e+01
      vertex -1.937636e-01 -1.250000e+01  1.090896e+01
      vertex -5.746923e-01 -1.250000e+01  1.098017e+01
    endloop
  endfacet
  facet normal  1.837497e-01  0.000000e+00  9.829731e-01
    outer loop
      vertex -1.937636e-01 -1.950000e+01  1.090896e+01
      vertex -5.746923e-01 -1.250000e+01  1.098017e+01
      vertex -5.746923e-01 -1.950000e+01  1.098017e+01
    endloop
  endfacet
  facet normal  3.612414e-01  -0.000000e+00  9.324723e-01
    outer loop
      vertex -5.746923e-01 -1.950000e+01  1.098017e+01
      vertex -5.746923e-01 -1.250000e+01  1.098017e+01
      vertex -9.360505e-01 -1.250000e+01  1.112016e+01
    endloop
  endfacet
  facet normal  3.612414e-01  0.000000e+00  9.324723e-01
    outer loop
      vertex -5.746923e-01 -1.950000e+01  1.098017e+01
      vertex -9.360505e-01 -1.250000e+01  1.112016e+01
      vertex -9.360505e-01 -1.950000e+01  1.112016e+01
    endloop
  endfacet
  facet normal  5.264311e-01  -0.000000e+00  8.502178e-01
    outer loop
      vertex -9.360505e-01 -1.950000e+01  1.112016e+01
      vertex -9.360505e-01 -1.250000e+01  1.112016e+01
      vertex -1.265533e+00 -1.250000e+01  1.132416e+01
    endloop
  endfacet
  facet normal  5.264311e-01  0.000000e+00  8.502178e-01
    outer loop
      vertex -9.360505e-01 -1.950000e+01  1.112016e+01
      vertex -1.265533e+00 -1.250000e+01  1.132416e+01
      vertex -1.265533e+00 -1.950000e+01  1.132416e+01
    endloop
  endfacet
  facet normal  6.736965e-01  -0.000000e+00  7.390081e-01
    outer loop
      vertex -1.265533e+00 -1.950000e+01  1.132416e+01
      vertex -1.265533e+00 -1.250000e+01  1.132416e+01
      vertex -1.551919e+00 -1.250000e+01  1.158524e+01
    endloop
  endfacet
  facet normal  6.736965e-01  0.000000e+00  7.390081e-01
    outer loop
      vertex -1.265533e+00 -1.950000e+01  1.132416e+01
      vertex -1.551919e+00 -1.250000e+01  1.158524e+01
      vertex -1.551919e+00 -1.950000e+01  1.158524e+01
    endloop
  endfacet
  facet normal  7.980168e-01  -0.000000e+00  6.026353e-01
    outer loop
      vertex -1.551919e+00 -1.950000e+01  1.158524e+01
      vertex -1.551919e+00 -1.250000e+01  1.158524e+01
      vertex -1.785456e+00 -1.250000e+01  1.189449e+01
    endloop
  endfacet
  facet normal  7.980168e-01  0.000000e+00  6.026353e-01
    outer loop
      vertex -1.551919e+00 -1.950000e+01  1.158524e+01
      vertex -1.785456e+00 -1.250000e+01  1.189449e+01
      vertex -1.785456e+00 -1.950000e+01  1.189449e+01
    endloop
  endfacet
  facet normal  8.951633e-01  -0.000000e+00  4.457384e-01
    outer loop
      vertex -1.785456e+00 -1.950000e+01  1.189449e+01
      vertex -1.785456e+00 -1.250000e+01  1.189449e+01
      vertex -1.958192e+00 -1.250000e+01  1.224139e+01
    endloop
  endfacet
  facet normal  8.951633e-01  0.000000e+00  4.457384e-01
    outer loop
      vertex -1.785456e+00 -1.950000e+01  1.189449e+01
      vertex -1.958192e+00 -1.250000e+01  1.224139e+01
      vertex -1.958192e+00 -1.950000e+01  1.224139e+01
    endloop
  endfacet
  facet normal  9.618257e-01  -0.000000e+00  2.736628e-01
    outer loop
      vertex -1.958192e+00 -1.950000e+01  1.224139e+01
      vertex -1.958192e+00 -1.250000e+01  1.224139e+01
      vertex -2.064244e+00 -1.250000e+01  1.261413e+01
    endloop
  endfacet
  facet normal  9.618257e-01  0.000000e+00  2.736628e-01
    outer loop
      vertex -1.958192e+00 -1.950000e+01  1.224139e+01
      vertex -2.064244e+00 -1.250000e+01  1.261413e+01
      vertex -2.064244e+00 -1.950000e+01  1.261413e+01
    endloop
  endfacet
  facet normal  9.957342e-01  -0.000000e+00  9.226805e-02
    outer loop
      vertex -2.064244e+00 -1.950000e+01  1.261413e+01
      vertex -2.064244e+00 -1.250000e+01  1.261413e+01
      vertex -2.100000e+00 -1.250000e+01  1.300000e+01
    endloop
  endfacet
  facet normal  9.957342e-01  0.000000e+00  9.226805e-02
    outer loop
      vertex -2.064244e+00 -1.950000e+01  1.261413e+01
      vertex -2.100000e+00 -1.250000e+01  1.300000e+01
      vertex -2.100000e+00 -1.950000e+01  1.300000e+01
    endloop
  endfacet
  facet normal  1.837497e-01  0.000000e+00 -9.829731e-01
    outer loop
      vertex -1.937636e-01 -1.250000e+01  1.509104e+01
      vertex -5.746923e-01 -1.950000e+01  1.501983e+01
      vertex -5.746923e-01 -1.250000e+01  1.501983e+01
    endloop
  endfacet
  facet normal  3.612414e-01  0.000000e+00 -9.324723e-01
    outer loop
      vertex -5.746923e-01 -1.250000e+01  1.501983e+01
      vertex -5.746923e-01 -1.950000e+01  1.501983e+01
      vertex -9.360505e-01 -1.950000e+01  1.487984e+01
    endloop
  endfacet
  facet normal  3.612414e-01  0.000000e+00 -9.324723e-01
    outer loop
      vertex -5.746923e-01 -1.250000e+01  1.501983e+01
      vertex -9.360505e-01 -1.950000e+01  1.487984e+01
      vertex -9.360505e-01 -1.250000e+01  1.487984e+01
    endloop
  endfacet
  facet normal  5.264311e-01  0.000000e+00 -8.502178e-01
    outer loop
      vertex -9.360505e-01 -1.250000e+01  1.487984e+01
      vertex -9.360505e-01 -1.950000e+01  1.487984e+01
      vertex -1.265533e+00 -1.950000e+01  1.467584e+01
    endloop
  endfacet
  facet normal  5.264311e-01  0.000000e+00 -8.502178e-01
    outer loop
      vertex -9.360505e-01 -1.250000e+01  1.487984e+01
      vertex -1.265533e+00 -1.950000e+01  1.467584e+01
      vertex -1.265533e+00 -1.250000e+01  1.467584e+01
    endloop
  endfacet
  facet normal  6.736965e-01  0.000000e+00 -7.390081e-01
    outer loop
      vertex -1.265533e+00 -1.250000e+01  1.467584e+01
      vertex -1.265533e+00 -1.950000e+01  1.467584e+01
      vertex -1.551919e+00 -1.950000e+01  1.441476e+01
    endloop
  endfacet
  facet normal  6.736965e-01  0.000000e+00 -7.390081e-01
    outer loop
      vertex -1.265533e+00 -1.250000e+01  1.467584e+01
      vertex -1.551919e+00 -1.950000e+01  1.441476e+01
      vertex -1.551919e+00 -1.250000e+01  1.441476e+01
    endloop
  endfacet
  facet normal  7.980168e-01  0.000000e+00 -6.026353e-01
    outer loop
      vertex -1.551919e+00 -1.250000e+01  1.441476e+01
      vertex -1.551919e+00 -1.950000e+01  1.441476e+01
      vertex -1.785456e+00 -1.950000e+01  1.410551e+01
    endloop
  endfacet
  facet normal  7.980168e-01  0.000000e+00 -6.026353e-01
    outer loop
      vertex -1.551919e+00 -1.250000e+01  1.441476e+01
      vertex -1.785456e+00 -1.950000e+01  1.410551e+01
      vertex -1.785456e+00 -1.250000e+01  1.410551e+01
    endloop
  endfacet
  facet normal  8.951633e-01  0.000000e+00 -4.457384e-01
    outer loop
      vertex -1.785456e+00 -1.250000e+01  1.410551e+01
      vertex -1.785456e+00 -1.950000e+01  1.410551e+01
      vertex -1.958192e+00 -1.950000e+01  1.375861e+01
    endloop
  endfacet
  facet normal  8.951633e-01  0.000000e+00 -4.457384e-01
    outer loop
      vertex -1.785456e+00 -1.250000e+01  1.410551e+01
      vertex -1.958192e+00 -1.950000e+01  1.375861e+01
      vertex -1.958192e+00 -1.250000e+01  1.375861e+01
    endloop
  endfacet
  facet normal  9.618257e-01  0.000000e+00 -2.736628e-01
    outer loop
      vertex -1.958192e+00 -1.250000e+01  1.375861e+01
      vertex -1.958192e+00 -1.950000e+01  1.375861e+01
      vertex -2.064244e+00 -1.950000e+01  1.338587e+01
    endloop
  endfacet
  facet normal  9.618257e-01  0.000000e+00 -2.736628e-01
    outer loop
      vertex -1.958192e+00 -1.250000e+01  1.375861e+01
      vertex -2.064244e+00 -1.950000e+01  1.338587e+01
      vertex -2.064244e+00 -1.250000e+01  1.338587e+01
    endloop
  endfacet
  facet normal  9.957342e-01  0.000000e+00 -9.226805e-02
    outer loop
      vertex -2.064244e+00 -1.250000e+01  1.338587e+01
      vertex -2.064244e+00 -1.950000e+01  1.338587e+01
      vertex -2.100000e+00 -1.950000e+01  1.300000e+01
    endloop
  endfacet
  facet normal  9.957342e-01  0.000000e+00 -9.226805e-02
    outer loop
      vertex -2.064244e+00 -1.250000e+01  1.338587e+01
      vertex -2.100000e+00 -1.950000e+01  1.300000e+01
      vertex -2.100000e+00 -1.250000e+01  1.300000e+01
    endloop
  endfacet
  facet normal  1.837497e-01  0.000000e+00 -9.829731e-01
    outer loop
      vertex -5.746923e-01 -1.950000e+01  1.501983e+01
      vertex -1.937636e-01 -1.250000e+01  1.509104e+01
      vertex -1.937636e-01 -1.950000e+01  1.509104e+01
    endloop
  endfacet
  facet normal  0.000000e+00  0.000000e+00 -1.000000e+00
    outer loop
      vertex -1.937636e-01 -1.950000e+01  1.509104e+01
      vertex -1.937636e-01 -1.250000e+01  1.509104e+01
      vertex  1.937636e-01 -1.250000e+01  1.509104e+01
    endloop
  endfacet
  facet normal  0.000000e+00  -0.000000e+00 -1.000000e+00
    outer loop
      vertex -1.937636e-01 -1.950000e+01  1.509104e+01
      vertex  1.937636e-01 -1.250000e+01  1.509104e+01
      vertex  1.937636e-01 -1.950000e+01  1.509104e+01
    endloop
  endfacet
  facet normal -1.837497e-01  0.000000e+00 -9.829731e-01
    outer loop
      vertex  1.937636e-01 -1.950000e+01  1.509104e+01
      vertex  1.937636e-01 -1.250000e+01  1.509104e+01
      vertex  5.746923e-01 -1.250000e+01  1.501983e+01
    endloop
  endfacet
  facet normal -1.837497e-01  -0.000000e+00 -9.829731e-01
    outer loop
      vertex  1.937636e-01 -1.950000e+01  1.509104e+01
      vertex  5.746923e-01 -1.250000e+01  1.501983e+01
      vertex  5.746923e-01 -1.950000e+01  1.501983e+01
    endloop
  endfacet
  facet normal -3.612414e-01  0.000000e+00 -9.324723e-01
    outer loop
      vertex  5.746923e-01 -1.950000e+01  1.501983e+01
      vertex  5.746923e-01 -1.250000e+01  1.501983e+01
      vertex  9.360505e-01 -1.250000e+01  1.487984e+01
    endloop
  endfacet
  facet normal -3.612414e-01  -0.000000e+00 -9.324723e-01
    outer loop
      vertex  5.746923e-01 -1.950000e+01  1.501983e+01
      vertex  9.360505e-01 -1.250000e+01  1.487984e+01
      vertex  9.360505e-01 -1.950000e+01  1.487984e+01
    endloop
  endfacet
  facet normal -5.264311e-01  0.000000e+00 -8.502178e-01
    outer loop
      vertex  9.360505e-01 -1.950000e+01  1.487984e+01
      vertex  9.360505e-01 -1.250000e+01  1.487984e+01
      vertex  1.265533e+00 -1.250000e+01  1.467584e+01
    endloop
  endfacet
  facet normal -5.264311e-01  -0.000000e+00 -8.502178e-01
    outer loop
      vertex  9.360505e-01 -1.950000e+01  1.487984e+01
      vertex  1.265533e+00 -1.250000e+01  1.467584e+01
      vertex  1.265533e+00 -1.950000e+01  1.467584e+01
    endloop
  endfacet
  facet normal -6.736965e-01  0.000000e+00 -7.390081e-01
    outer loop
      vertex  1.265533e+00 -1.950000e+01  1.467584e+01
      vertex  1.265533e+00 -1.250000e+01  1.467584e+01
      vertex  1.551919e+00 -1.250000e+01  1.441476e+01
    endloop
  endfacet
  facet normal -6.736965e-01  -0.000000e+00 -7.390081e-01
    outer loop
      vertex  1.265533e+00 -1.950000e+01  1.467584e+01
      vertex  1.551919e+00 -1.250000e+01  1.441476e+01
      vertex  1.551919e+00 -1.950000e+01  1.441476e+01
    endloop
  endfacet
  facet normal -7.980168e-01  0.000000e+00 -6.026353e-01
    outer loop
      vertex  1.551919e+00 -1.950000e+01  1.441476e+01
      vertex  1.551919e+00 -1.250000e+01  1.441476e+01
      vertex  1.785456e+00 -1.250000e+01  1.410551e+01
    endloop
  endfacet
  facet normal -7.980168e-01  -0.000000e+00 -6.026353e-01
    outer loop
      vertex  1.551919e+00 -1.950000e+01  1.441476e+01
      vertex  1.785456e+00 -1.250000e+01  1.410551e+01
      vertex  1.785456e+00 -1.950000e+01  1.410551e+01
    endloop
  endfacet
  facet normal -8.951633e-01  0.000000e+00 -4.457384e-01
    outer loop
      vertex  1.785456e+00 -1.950000e+01  1.410551e+01
      vertex  1.785456e+00 -1.250000e+01  1.410551e+01
      vertex  1.958192e+00 -1.250000e+01  1.375861e+01
    endloop
  endfacet
  facet normal -8.951633e-01  -0.000000e+00 -4.457384e-01
    outer loop
      vertex  1.785456e+00 -1.950000e+01  1.410551e+01
      vertex  1.958192e+00 -1.250000e+01  1.375861e+01
      vertex  1.958192e+00 -1.950000e+01  1.375861e+01
    endloop
  endfacet
  facet normal -9.618257e-01  0.000000e+00 -2.736628e-01
    outer loop
      vertex  1.958192e+00 -1.950000e+01  1.375861e+01
      vertex  1.958192e+00 -1.250000e+01  1.375861e+01
      vertex  2.064244e+00 -1.250000e+01  1.338587e+01
    endloop
  endfacet
  facet normal -9.618257e-01  -0.000000e+00 -2.736628e-01
    outer loop
      vertex  1.958192e+00 -1.950000e+01  1.375861e+01
      vertex  2.064244e+00 -1.250000e+01  1.338587e+01
      vertex  2.064244e+00 -1.950000e+01  1.338587e+01
    endloop
  endfacet
  facet normal -9.957342e-01  0.000000e+00 -9.226805e-02
    outer loop
      vertex  2.064244e+00 -1.950000e+01  1.338587e+01
      vertex  2.064244e+00 -1.250000e+01  1.338587e+01
      vertex  2.100000e+00 -1.250000e+01  1.300000e+01
    endloop
  endfacet
  facet normal -9.957342e-01  -0.000000e+00 -9.226805e-02
    outer loop
      vertex  2.064244e+00 -1.950000e+01  1.338587e+01
      vertex  2.100000e+00 -1.250000e+01  1.300000e+01
      vertex  2.100000e+00 -1.950000e+01  1.300000e+01
    endloop
  endfacet
  facet normal  0.000000e+00 -1.000000e+00  0.000000e+00
    outer loop
      vertex -1.500000e+01 -2.000000e+01  0.000000e+00
      vertex  1.500000e+01 -2.000000e+01  0.000000e+00
      vertex -1.300000e+00 -2.000000e+01  1.074833e+01
    endloop
  endfacet
  facet normal  -0.000000e+00 -9.999999e-01  0.000000e+00
    outer loop
      vertex -1.500000e+01 -2.000000e+01  0.000000e+00
      vertex -1.300000e+00 -2.000000e+01  1.074833e+01
      vertex -1.671248e+00 -2.000000e+01  1.100828e+01
    endloop
  endfacet
  facet normal  -0.000000e+00 -1.000000e+00  0.000000e+00
    outer loop
      vertex -1.500000e+01 -2.000000e+01  0.000000e+00
      vertex -1.671248e+00 -2.000000e+01  1.100828e+01
      vertex -1.991716e+00 -2.000000e+01  1.132875e+01
    endloop
  endfacet
  facet normal  -0.000000e+00 -1.000000e+00  0.000000e+00
    outer loop
      vertex -1.500000e+01 -2.000000e+01  0.000000e+00
      vertex -1.991716e+00 -2.000000e+01  1.132875e+01
      vertex -2.251666e+00 -2.000000e+01  1.170000e+01
    endloop
  endfacet
  facet normal  -0.000000e+00 -1.000000e+00  0.000000e+00
    outer loop
      vertex -1.500000e+01 -2.000000e+01  0.000000e+00
      vertex -2.251666e+00 -2.000000e+01  1.170000e+01
      vertex -2.443201e+00 -2.000000e+01  1.211075e+01
    endloop
  endfacet
  facet normal  -0.000000e+00 -1.000000e+00  0.000000e+00
    outer loop
      vertex -1.500000e+01 -2.000000e+01  0.000000e+00
      vertex -2.443201e+00 -2.000000e+01  1.211075e+01
      vertex -2.560500e+00 -2.000000e+01  1.254851e+01
    endloop
  endfacet
  facet normal  -0.000000e+00 -1.000000e+00  0.000000e+00
    outer loop
      vertex -1.500000e+01 -2.000000e+01  0.000000e+00
      vertex -2.560500e+00 -2.000000e+01  1.254851e+01
      vertex -2.600000e+00 -2.000000e+01  1.300000e+01
    endloop
  endfacet
  facet normal  -0.000000e+00 -1.000000e+00  0.000000e+00
    outer loop
      vertex -1.500000e+01 -2.000000e+01  0.000000e+00
      vertex -2.600000e+00 -2.000000e+01  1.300000e+01
      vertex -2.560500e+00 -2.000000e+01  1.345149e+01
    endloop
  endfacet
  facet normal  -0.000000e+00 -9.999999e-01  0.000000e+00
    outer loop
      vertex -1.500000e+01 -2.000000e+01  0.000000e+00
      vertex -2.560500e+00 -2.000000e+01  1.345149e+01
      vertex -2.443201e+00 -2.000000e+01  1.388925e+01
    endloop
  endfacet
  facet normal  -0.000000e+00 -1.000000e+00  0.000000e+00
    outer loop
      vertex -1.500000e+01 -2.000000e+01  0.000000e+00
      vertex -2.443201e+00 -2.000000e+01  1.388925e+01
      vertex -2.251666e+00 -2.000000e+01  1.430000e+01
    endloop
  endfacet
  facet normal  -0.000000e+00 -1.000000e+00  0.000000e+00
    outer loop
      vertex -1.500000e+01 -2.000000e+01  0.000000e+00
      vertex -2.251666e+00 -2.000000e+01  1.430000e+01
      vertex -1.991716e+00 -2.000000e+01  1.467125e+01
    endloop
  endfacet
  facet normal  0.000000e+00 -1.000000e+00  0.000000e+00
    outer loop
      vertex -1.500000e+01 -2.000000e+01  2.500000e+01
      vertex -1.500000e+01 -2.000000e+01  0.000000e+00
      vertex -1.991716e+00 -2.000000e+01  1.467125e+01
    endloop
  endfacet
  facet normal  0.000000e+00 -1.000000e+00  0.000000e+00
    outer loop
      vertex -1.500000e+01 -2.000000e+01  2.500000e+01
      vertex -1.991716e+00 -2.000000e+01  1.467125e+01
      vertex -1.671248e+00 -2.000000e+01  1.499172e+01
    endloop
  endfacet
  facet normal  0.000000e+00 -1.000000e+00  0.000000e+00
    outer loop
      vertex -1.500000e+01 -2.000000e+01  2.500000e+01
      vertex -1.671248e+00 -2.000000e+01  1.499172e+01
      vertex -1.300000e+00 -2.000000e+01  1.525167e+01
    endloop
  endfacet
  facet normal  0.000000e+00 -1.000000e+00  0.000000e+00
    outer loop
      vertex -1.500000e+01 -2.000000e+01  2.500000e+01
      vertex -1.300000e+00 -2.000000e+01  1.525167e+01
      vertex  1.500000e+01 -2.000000e+01  2.500000e+01
    endloop
  endfacet
  facet normal  0.000000e+00 -1.000000e+00  -0.000000e+00
    outer loop
      vertex  1.500000e+01 -2.000000e+01  0.000000e+00
      vertex  1.500000e+01 -2.000000e+01  2.500000e+01
      vertex  2.600000e+00 -2.000000e+01  1.300000e+01
    endloop
  endfacet
  facet normal  0.000000e+00 -1.000000e+00  -0.000000e+00
    outer loop
      vertex  1.500000e+01 -2.000000e+01  0.000000e+00
      vertex  2.600000e+00 -2.000000e+01  1.300000e+01
      vertex  2.560500e+00 -2.000000e+01  1.254851e+01
    endloop
  endfacet
  facet normal  0.000000e+00 -1.000000e+00  -0.000000e+00
    outer loop
      vertex  1.500000e+01 -2.000000e+01  0.000000e+00
      vertex  2.560500e+00 -2.000000e+01  1.254851e+01
      vertex  2.443201e+00 -2.000000e+01  1.211075e+01
    endloop
  endfacet
  facet normal  0.000000e+00 -1.000000e+00  -0.000000e+00
    outer loop
      vertex  1.500000e+01 -2.000000e+01  0.000000e+00
      vertex  2.443201e+00 -2.000000e+01  1.211075e+01
      vertex  2.251666e+00 -2.000000e+01  1.170000e+01
    endloop
  endfacet
  facet normal  0.000000e+00 -1.000000e+00  -0.000000e+00
    outer loop
      vertex  1.500000e+01 -2.000000e+01  0.000000e+00
      vertex  2.251666e+00 -2.000000e+01  1.170000e+01
      vertex  1.991716e+00 -2.000000e+01  1.132875e+01
    endloop
  endfacet
  facet normal  0.000000e+00 -9.999999e-01  -0.000000e+00
    outer loop
      vertex  1.500000e+01 -2.000000e+01  0.000000e+00
      vertex  1.991716e+00 -2.000000e+01  1.132875e+01
      vertex  1.671248e+00 -2.000000e+01  1.100828e+01
    endloop
  endfacet
  facet normal  0.000000e+00 -1.000000e+00  -0.000000e+00
    outer loop
      vertex  1.500000e+01 -2.000000e+01  0.000000e+00
      vertex  1.671248e+00 -2.000000e+01  1.100828e+01
      vertex  1.300000e+00 -2.000000e+01  1.074833e+01
    endloop
  endfacet
  facet normal  0.000000e+00 -1.000000e+00  -0.000000e+00
    outer loop
      vertex  1.500000e+01 -2.000000e+01  0.000000e+00
      vertex  1.300000e+00 -2.000000e+01  1.074833e+01
      vertex  8.892524e-01 -2.000000e+01  1.055680e+01
    endloop
  endfacet
  facet normal  0.000000e+00 -9.999999e-01  -0.000000e+00
    outer loop
      vertex  1.500000e+01 -2.000000e+01  0.000000e+00
      vertex  8.892524e-01 -2.000000e+01  1.055680e+01
      vertex  4.514853e-01 -2.000000e+01  1.043950e+01
    endloop
  endfacet
  facet normal  0.000000e+00 -9.999999e-01  -0.000000e+00
    outer loop
      vertex  1.500000e+01 -2.000000e+01  0.000000e+00
      vertex  4.514853e-01 -2.000000e+01  1.043950e+01
      vertex  0.000000e+00 -2.000000e+01  1.040000e+01
    endloop
  endfacet
  facet normal  -0.000000e+00 -1.000000e+00  -0.000000e+00
    outer loop
      vertex  1.500000e+01 -2.000000e+01  0.000000e+00
      vertex  0.000000e+00 -2.000000e+01  1.040000e+01
      vertex -4.514853e-01 -2.000000e+01  1.043950e+01
    endloop
  endfacet
  facet normal  -0.000000e+00 -1.000000e+00  -0.000000e+00
    outer loop
      vertex  1.500000e+01 -2.000000e+01  0.000000e+00
      vertex -4.514853e-01 -2.000000e+01  1.043950e+01
      vertex -8.892524e-01 -2.000000e+01  1.055680e+01
    endloop
  endfacet
  facet normal  -0.000000e+00 -1.000000e+00  -0.000000e+00
    outer loop
      vertex  1.500000e+01 -2.000000e+01  0.000000e+00
      vertex -8.892524e-01 -2.000000e+01  1.055680e+01
      vertex -1.300000e+00 -2.000000e+01  1.074833e+01
    endloop
  endfacet
  facet normal  0.000000e+00 -1.000000e+00  0.000000e+00
    outer loop
      vertex  1.500000e+01 -2.000000e+01  2.500000e+01
      vertex -1.300000e+00 -2.000000e+01  1.525167e+01
      vertex -8.892524e-01 -2.000000e+01  1.544320e+01
    endloop
  endfacet
  facet normal  0.000000e+00 -1.000000e+00  0.000000e+00
    outer loop
      vertex  1.500000e+01 -2.000000e+01  2.500000e+01
      vertex -8.892524e-01 -2.000000e+01  1.544320e+01
      vertex -4.514853e-01 -2.000000e+01  1.556050e+01
    endloop
  endfacet
  facet normal  0.000000e+00 -1.000000e+00  0.000000e+00
    outer loop
      vertex  1.500000e+01 -2.000000e+01  2.500000e+01
      vertex -4.514853e-01 -2.000000e+01  1.556050e+01
      vertex  3.552714e-15 -2.000000e+01  1.560000e+01
    endloop
  endfacet
  facet normal  0.000000e+00 -9.999999e-01  0.000000e+00
    outer loop
      vertex  1.500000e+01 -2.000000e+01  2.500000e+01
      vertex  3.552714e-15 -2.000000e+01  1.560000e+01
      vertex  4.514853e-01 -2.000000e+01  1.556050e+01
    endloop
  endfacet
  facet normal  0.000000e+00 -9.999999e-01  0.000000e+00
    outer loop
      vertex  1.500000e+01 -2.000000e+01  2.500000e+01
      vertex  4.514853e-01 -2.000000e+01  1.556050e+01
      vertex  8.892524e-01 -2.000000e+01  1.544320e+01
    endloop
  endfacet
  facet normal  0.000000e+00 -1.000000e+00  0.000000e+00
    outer loop
      vertex  1.500000e+01 -2.000000e+01  2.500000e+01
      vertex  8.892524e-01 -2.000000e+01  1.544320e+01
      vertex  1.300000e+00 -2.000000e+01  1.525167e+01
    endloop
  endfacet
  facet normal  0.000000e+00 -1.000000e+00  0.000000e+00
    outer loop
      vertex  1.500000e+01 -2.000000e+01  2.500000e+01
      vertex  1.300000e+00 -2.000000e+01  1.525167e+01
      vertex  1.671248e+00 -2.000000e+01  1.499172e+01
    endloop
  endfacet
  facet normal  0.000000e+00 -1.000000e+00  0.000000e+00
    outer loop
      vertex  1.500000e+01 -2.000000e+01  2.500000e+01
      vertex  1.671248e+00 -2.000000e+01  1.499172e+01
      vertex  1.991716e+00 -2.000000e+01  1.467125e+01
    endloop
  endfacet
  facet normal  0.000000e+00 -1.000000e+00  0.000000e+00
    outer loop
      vertex  1.500000e+01 -2.000000e+01  2.500000e+01
      vertex  1.991716e+00 -2.000000e+01  1.467125e+01
      vertex  2.251666e+00 -2.000000e+01  1.430000e+01
    endloop
  endfacet
  facet normal  0.000000e+00 -1.000000e+00  0.000000e+00
    outer loop
      vertex  1.500000e+01 -2.000000e+01  2.500000e+01
      vertex  2.251666e+00 -2.000000e+01  1.430000e+01
      vertex  2.443201e+00 -2.000000e+01  1.388925e+01
    endloop
  endfacet
  facet normal  0.000000e+00 -9.999999e-01  0.000000e+00
    outer loop
      vertex  1.500000e+01 -2.000000e+01  2.500000e+01
      vertex  2.443201e+00 -2.000000e+01  1.388925e+01
      vertex  2.560500e+00 -2.000000e+01  1.345149e+01
    endloop
  endfacet
  facet normal  0.000000e+00 -9.999999e-01  0.000000e+00
    outer loop
      vertex  1.500000e+01 -2.000000e+01  2.500000e+01
      vertex  2.560500e+00 -2.000000e+01  1.345149e+01
      vertex  2.600000e+00 -2.000000e+01  1.300000e+01
    endloop
  endfacet
  facet normal -7.057576e-01 -7.057576e-01  6.174561e-02
    outer loop
      vertex  2.100000e+00 -1.950000e+01  1.300000e+01
      vertex  2.560500e+00 -2.000000e+01  1.254851e+01
      vertex  2.600000e+00 -2.000000e+01  1.300000e+01
    endloop
  endfacet
  facet normal -7.039542e-01 -7.072436e-01  6.523073e-02
    outer loop
      vertex  2.100000e+00 -1.950000e+01  1.300000e+01
      vertex  2.064244e+00 -1.950000e+01  1.261413e+01
      vertex  2.560500e+00 -2.000000e+01  1.254851e+01
    endloop
  endfacet
  facet normal  7.039542e-01 -7.072436e-01  6.523073e-02
    outer loop
      vertex -2.100000e+00 -1.950000e+01  1.300000e+01
      vertex -2.560500e+00 -2.000000e+01  1.254851e+01
      vertex -2.064244e+00 -1.950000e+01  1.261413e+01
    endloop
  endfacet
  facet normal  7.057576e-01 -7.057576e-01  6.174561e-02
    outer loop
      vertex -2.100000e+00 -1.950000e+01  1.300000e+01
      vertex -2.600000e+00 -2.000000e+01  1.300000e+01
      vertex -2.560500e+00 -2.000000e+01  1.254851e+01
    endloop
  endfacet
  facet normal -6.855249e-01 -7.044964e-01  1.836858e-01
    outer loop
      vertex  2.064244e+00 -1.950000e+01  1.261413e+01
      vertex  2.443201e+00 -2.000000e+01  1.211075e+01
      vertex  2.560500e+00 -2.000000e+01  1.254851e+01
    endloop
  endfacet
  facet normal -6.442100e-01 -7.033870e-01  3.004001e-01
    outer loop
      vertex  1.958192e+00 -1.950000e+01  1.224139e+01
      vertex  2.251666e+00 -2.000000e+01  1.170000e+01
      vertex  2.443201e+00 -2.000000e+01  1.211075e+01
    endloop
  endfacet
  facet normal -6.785870e-01 -7.086903e-01  1.930745e-01
    outer loop
      vertex  1.958192e+00 -1.950000e+01  1.224139e+01
      vertex  2.443201e+00 -2.000000e+01  1.211075e+01
      vertex  2.064244e+00 -1.950000e+01  1.261413e+01
    endloop
  endfacet
  facet normal -5.830322e-01 -7.024317e-01  4.082441e-01
    outer loop
      vertex  1.785456e+00 -1.950000e+01  1.189449e+01
      vertex  1.991716e+00 -2.000000e+01  1.132875e+01
      vertex  2.251666e+00 -2.000000e+01  1.170000e+01
    endloop
  endfacet
  facet normal -6.304323e-01 -7.099371e-01  3.139180e-01
    outer loop
      vertex  1.785456e+00 -1.950000e+01  1.189449e+01
      vertex  2.251666e+00 -2.000000e+01  1.170000e+01
      vertex  1.958192e+00 -1.950000e+01  1.224139e+01
    endloop
  endfacet
  facet normal -5.038413e-01 -7.016327e-01  5.038409e-01
    outer loop
      vertex  1.551919e+00 -1.950000e+01  1.158524e+01
      vertex  1.671248e+00 -2.000000e+01  1.100828e+01
      vertex  1.991716e+00 -2.000000e+01  1.132875e+01
    endloop
  endfacet
  facet normal -5.611694e-01 -7.109872e-01  4.237762e-01
    outer loop
      vertex  1.551919e+00 -1.950000e+01  1.158524e+01
      vertex  1.991716e+00 -2.000000e+01  1.132875e+01
      vertex  1.785456e+00 -1.950000e+01  1.189449e+01
    endloop
  endfacet
  facet normal -4.090575e-01 -7.009910e-01  5.841945e-01
    outer loop
      vertex  1.265533e+00 -1.950000e+01  1.132416e+01
      vertex  1.300000e+00 -2.000000e+01  1.074833e+01
      vertex  1.671248e+00 -2.000000e+01  1.100828e+01
    endloop
  endfacet
  facet normal -4.731632e-01 -7.118428e-01  5.190341e-01
    outer loop
      vertex  1.265533e+00 -1.950000e+01  1.132416e+01
      vertex  1.671248e+00 -2.000000e+01  1.100828e+01
      vertex  1.551919e+00 -1.950000e+01  1.158524e+01
    endloop
  endfacet
  facet normal -3.015989e-01 -7.005094e-01  6.467802e-01
    outer loop
      vertex  9.360505e-01 -1.950000e+01  1.112016e+01
      vertex  8.892524e-01 -2.000000e+01  1.055680e+01
      vertex  1.300000e+00 -2.000000e+01  1.074833e+01
    endloop
  endfacet
  facet normal -3.693786e-01 -7.125064e-01  5.965685e-01
    outer loop
      vertex  9.360505e-01 -1.950000e+01  1.112016e+01
      vertex  1.300000e+00 -2.000000e+01  1.074833e+01
      vertex  1.265533e+00 -1.950000e+01  1.132416e+01
    endloop
  endfacet
  facet normal -1.847858e-01 -7.001876e-01  6.896315e-01
    outer loop
      vertex  5.746923e-01 -1.950000e+01  1.098017e+01
      vertex  4.514853e-01 -2.000000e+01  1.043950e+01
      vertex  8.892524e-01 -2.000000e+01  1.055680e+01
    endloop
  endfacet
  facet normal -2.532970e-01 -7.129796e-01  6.538354e-01
    outer loop
      vertex  5.746923e-01 -1.950000e+01  1.098017e+01
      vertex  8.892524e-01 -2.000000e+01  1.055680e+01
      vertex  9.360505e-01 -1.950000e+01  1.112016e+01
    endloop
  endfacet
  facet normal -6.224001e-02 -7.000264e-01  7.113995e-01
    outer loop
      vertex  1.937636e-01 -1.950000e+01  1.090896e+01
      vertex  0.000000e+00 -2.000000e+01  1.040000e+01
      vertex  4.514853e-01 -2.000000e+01  1.043950e+01
    endloop
  endfacet
  facet normal -1.287896e-01 -7.132626e-01  6.889626e-01
    outer loop
      vertex  1.937636e-01 -1.950000e+01  1.090896e+01
      vertex  4.514853e-01 -2.000000e+01  1.043950e+01
      vertex  5.746923e-01 -1.950000e+01  1.098017e+01
    endloop
  endfacet
  facet normal  6.224001e-02 -7.000264e-01  7.113994e-01
    outer loop
      vertex -1.937636e-01 -1.950000e+01  1.090896e+01
      vertex -4.514853e-01 -2.000000e+01  1.043950e+01
      vertex  0.000000e+00 -2.000000e+01  1.040000e+01
    endloop
  endfacet
  facet normal  0.000000e+00 -7.133573e-01  7.008006e-01
    outer loop
      vertex -1.937636e-01 -1.950000e+01  1.090896e+01
      vertex  0.000000e+00 -2.000000e+01  1.040000e+01
      vertex  1.937636e-01 -1.950000e+01  1.090896e+01
    endloop
  endfacet
  facet normal  1.847858e-01 -7.001875e-01  6.896315e-01
    outer loop
      vertex -5.746923e-01 -1.950000e+01  1.098017e+01
      vertex -8.892524e-01 -2.000000e+01  1.055680e+01
      vertex -4.514853e-01 -2.000000e+01  1.043950e+01
    endloop
  endfacet
  facet normal  1.287896e-01 -7.132626e-01  6.889626e-01
    outer loop
      vertex -5.746923e-01 -1.950000e+01  1.098017e+01
      vertex -4.514853e-01 -2.000000e+01  1.043950e+01
      vertex -1.937636e-01 -1.950000e+01  1.090896e+01
    endloop
  endfacet
  facet normal  3.015989e-01 -7.005094e-01  6.467802e-01
    outer loop
      vertex -9.360505e-01 -1.950000e+01  1.112016e+01
      vertex -1.300000e+00 -2.000000e+01  1.074833e+01
      vertex -8.892524e-01 -2.000000e+01  1.055680e+01
    endloop
  endfacet
  facet normal  2.532970e-01 -7.129796e-01  6.538354e-01
    outer loop
      vertex -9.360505e-01 -1.950000e+01  1.112016e+01
      vertex -8.892524e-01 -2.000000e+01  1.055680e+01
      vertex -5.746923e-01 -1.950000e+01  1.098017e+01
    endloop
  endfacet
  facet normal  4.090575e-01 -7.009910e-01  5.841945e-01
    outer loop
      vertex -1.265533e+00 -1.950000e+01  1.132416e+01
      vertex -1.671248e+00 -2.000000e+01  1.100828e+01
      vertex -1.300000e+00 -2.000000e+01  1.074833e+01
    endloop
  endfacet
  facet normal  3.693786e-01 -7.125064e-01  5.965685e-01
    outer loop
      vertex -1.265533e+00 -1.950000e+01  1.132416e+01
      vertex -1.300000e+00 -2.000000e+01  1.074833e+01
      vertex -9.360505e-01 -1.950000e+01  1.112016e+01
    endloop
  endfacet
  facet normal  5.038413e-01 -7.016327e-01  5.038409e-01
    outer loop
      vertex -1.551919e+00 -1.950000e+01  1.158524e+01
      vertex -1.991716e+00 -2.000000e+01  1.132875e+01
      vertex -1.671248e+00 -2.000000e+01  1.100828e+01
    endloop
  endfacet
  facet normal  4.731632e-01 -7.118428e-01  5.190341e-01
    outer loop
      vertex -1.551919e+00 -1.950000e+01  1.158524e+01
      vertex -1.671248e+00 -2.000000e+01  1.100828e+01
      vertex -1.265533e+00 -1.950000e+01  1.132416e+01
    endloop
  endfacet
  facet normal  5.830322e-01 -7.024317e-01  4.082441e-01
    outer loop
      vertex -1.785456e+00 -1.950000e+01  1.189449e+01
      vertex -2.251666e+00 -2.000000e+01  1.170000e+01
      vertex -1.991716e+00 -2.000000e+01  1.132875e+01
    endloop
  endfacet
  facet normal  5.611694e-01 -7.109872e-01  4.237762e-01
    outer loop
      vertex -1.785456e+00 -1.950000e+01  1.189449e+01
      vertex -1.991716e+00 -2.000000e+01  1.132875e+01
      vertex -1.551919e+00 -1.950000e+01  1.158524e+01
    endloop
  endfacet
  facet normal  6.442100e-01 -7.033870e-01  3.004001e-01
    outer loop
      vertex -1.958192e+00 -1.950000e+01  1.224139e+01
      vertex -2.443201e+00 -2.000000e+01  1.211075e+01
      vertex -2.251666e+00 -2.000000e+01  1.170000e+01
    endloop
  endfacet
  facet normal  6.304323e-01 -7.099371e-01  3.139180e-01
    outer loop
      vertex -1.958192e+00 -1.950000e+01  1.224139e+01
      vertex -2.251666e+00 -2.000000e+01  1.170000e+01
      vertex -1.785456e+00 -1.950000e+01  1.189449e+01
    endloop
  endfacet
  facet normal  6.855249e-01 -7.044964e-01  1.836858e-01
    outer loop
      vertex -2.064244e+00 -1.950000e+01  1.261413e+01
      vertex -2.560500e+00 -2.000000e+01  1.254851e+01
      vertex -2.443201e+00 -2.000000e+01  1.211075e+01
    endloop
  endfacet
  facet normal  6.785870e-01 -7.086903e-01  1.930745e-01
    outer loop
      vertex -2.064244e+00 -1.950000e+01  1.261413e+01
      vertex -2.443201e+00 -2.000000e+01  1.211075e+01
      vertex -1.958192e+00 -1.950000e+01  1.224139e+01
    endloop
  endfacet
  facet normal  7.057576e-01 -7.057576e-01 -6.174561e-02
    outer loop
      vertex -2.100000e+00 -1.950000e+01  1.300000e+01
      vertex -2.560500e+00 -2.000000e+01  1.345149e+01
      vertex -2.600000e+00 -2.000000e+01  1.300000e+01
    endloop
  endfacet
  facet normal  7.039542e-01 -7.072436e-01 -6.523073e-02
    outer loop
      vertex -2.100000e+00 -1.950000e+01  1.300000e+01
      vertex -2.064244e+00 -1.950000e+01  1.338587e+01
      vertex -2.560500e+00 -2.000000e+01  1.345149e+01
    endloop
  endfacet
  facet normal -7.039542e-01 -7.072436e-01 -6.523073e-02
    outer loop
      vertex  2.100000e+00 -1.950000e+01  1.300000e+01
      vertex  2.560500e+00 -2.000000e+01  1.345149e+01
      vertex  2.064244e+00 -1.950000e+01  1.338587e+01
    endloop
  endfacet
  facet normal -7.057576e-01 -7.057576e-01 -6.174561e-02
    outer loop
      vertex  2.100000e+00 -1.950000e+01  1.300000e+01
      vertex  2.600000e+00 -2.000000e+01  1.300000e+01
      vertex  2.560500e+00 -2.000000e+01  1.345149e+01
    endloop
  endfacet
  facet normal  6.855249e-01 -7.044964e-01 -1.836858e-01
    outer loop
      vertex -2.064244e+00 -1.950000e+01  1.338587e+01
      vertex -2.443201e+00 -2.000000e+01  1.388925e+01
      vertex -2.560500e+00 -2.000000e+01  1.345149e+01
    endloop
  endfacet
  facet normal  6.442100e-01 -7.033870e-01 -3.004001e-01
    outer loop
      vertex -1.958192e+00 -1.950000e+01  1.375861e+01
      vertex -2.251666e+00 -2.000000e+01  1.430000e+01
      vertex -2.443201e+00 -2.000000e+01  1.388925e+01
    endloop
  endfacet
  facet normal  6.785870e-01 -7.086903e-01 -1.930745e-01
    outer loop
      vertex -1.958192e+00 -1.950000e+01  1.375861e+01
      vertex -2.443201e+00 -2.000000e+01  1.388925e+01
      vertex -2.064244e+00 -1.950000e+01  1.338587e+01
    endloop
  endfacet
  facet normal  5.830322e-01 -7.024317e-01 -4.082441e-01
    outer loop
      vertex -1.785456e+00 -1.950000e+01  1.410551e+01
      vertex -1.991716e+00 -2.000000e+01  1.467125e+01
      vertex -2.251666e+00 -2.000000e+01  1.430000e+01
    endloop
  endfacet
  facet normal  6.304323e-01 -7.099371e-01 -3.139180e-01
    outer loop
      vertex -1.785456e+00 -1.950000e+01  1.410551e+01
      vertex -2.251666e+00 -2.000000e+01  1.430000e+01
      vertex -1.958192e+00 -1.950000e+01  1.375861e+01
    endloop
  endfacet
  facet normal  5.038413e-01 -7.016327e-01 -5.038409e-01
    outer loop
      vertex -1.551919e+00 -1.950000e+01  1.441476e+01
      vertex -1.671248e+00 -2.000000e+01  1.499172e+01
      vertex -1.991716e+00 -2.000000e+01  1.467125e+01
    endloop
  endfacet
  facet normal  5.611694e-01 -7.109872e-01 -4.237762e-01
    outer loop
      vertex -1.551919e+00 -1.950000e+01  1.441476e+01
      vertex -1.991716e+00 -2.000000e+01  1.467125e+01
      vertex -1.785456e+00 -1.950000e+01  1.410551e+01
    endloop
  endfacet
  facet normal  4.090575e-01 -7.009910e-01 -5.841945e-01
    outer loop
      vertex -1.265533e+00 -1.950000e+01  1.467584e+01
      vertex -1.300000e+00 -2.000000e+01  1.525167e+01
      vertex -1.671248e+00 -2.000000e+01  1.499172e+01
    endloop
  endfacet
  facet normal  4.731632e-01 -7.118428e-01 -5.190341e-01
    outer loop
      vertex -1.265533e+00 -1.950000e+01  1.467584e+01
      vertex -1.671248e+00 -2.000000e+01  1.499172e+01
      vertex -1.551919e+00 -1.950000e+01  1.441476e+01
    endloop
  endfacet
  facet normal  3.015989e-01 -7.005094e-01 -6.467802e-01
    outer loop
      vertex -9.360505e-01 -1.950000e+01  1.487984e+01
      vertex -8.892524e-01 -2.000000e+01  1.544320e+01
      vertex -1.300000e+00 -2.000000e+01  1.525167e+01
    endloop
  endfacet
  facet normal  3.693786e-01 -7.125064e-01 -5.965685e-01
    outer loop
      vertex -9.360505e-01 -1.950000e+01  1.487984e+01
      vertex -1.300000e+00 -2.000000e+01  1.525167e+01
      vertex -1.265533e+00 -1.950000e+01  1.467584e+01
    endloop
  endfacet
  facet normal  1.847858e-01 -7.001876e-01 -6.896315e-01
    outer loop
      vertex -5.746923e-01 -1.950000e+01  1.501983e+01
      vertex -4.514853e-01 -2.000000e+01  1.556050e+01
      vertex -8.892524e-01 -2.000000e+01  1.544320e+01
    endloop
  endfacet
  facet normal  2.532970e-01 -7.129796e-01 -6.538354e-01
    outer loop
      vertex -5.746923e-01 -1.950000e+01  1.501983e+01
      vertex -8.892524e-01 -2.000000e+01  1.544320e+01
      vertex -9.360505e-01 -1.950000e+01  1.487984e+01
    endloop
  endfacet
  facet normal  6.224001e-02 -7.000264e-01 -7.113995e-01
    outer loop
      vertex -1.937636e-01 -1.950000e+01  1.509104e+01
      vertex  3.552714e-15 -2.000000e+01  1.560000e+01
      vertex -4.514853e-01 -2.000000e+01  1.556050e+01
    endloop
  endfacet
  facet normal  1.287896e-01 -7.132626e-01 -6.889626e-01
    outer loop
      vertex -1.937636e-01 -1.950000e+01  1.509104e+01
      vertex -4.514853e-01 -2.000000e+01  1.556050e+01
      vertex -5.746923e-01 -1.950000e+01  1.501983e+01
    endloop
  endfacet
  facet normal -6.224001e-02 -7.000264e-01 -7.113994e-01
    outer loop
      vertex  1.937636e-01 -1.950000e+01  1.509104e+01
      vertex  4.514853e-01 -2.000000e+01  1.556050e+01
      vertex  3.552714e-15 -2.000000e+01  1.560000e+01
    endloop
  endfacet
  facet normal  0.000000e+00 -7.133573e-01 -7.008006e-01
    outer loop
      vertex  1.937636e-01 -1.950000e+01  1.509104e+01
      vertex  3.552714e-15 -2.000000e+01  1.560000e+01
      vertex -1.937636e-01 -1.950000e+01  1.509104e+01
    endloop
  endfacet
  facet normal -1.847858e-01 -7.001875e-01 -6.896315e-01
    outer loop
      vertex  5.746923e-01 -1.950000e+01  1.501983e+01
      vertex  8.892524e-01 -2.000000e+01  1.544320e+01
      vertex  4.514853e-01 -2.000000e+01  1.556050e+01
    endloop
  endfacet
  facet normal -1.287896e-01 -7.132626e-01 -6.889626e-01
    outer loop
      vertex  5.746923e-01 -1.950000e+01  1.501983e+01
      vertex  4.514853e-01 -2.000000e+01  1.556050e+01
      vertex  1.937636e-01 -1.950000e+01  1.509104e+01
    endloop
  endfacet
  facet normal -3.015989e-01 -7.005094e-01 -6.467802e-01
    outer loop
      vertex  9.360505e-01 -1.950000e+01  1.487984e+01
      vertex  1.300000e+00 -2.000000e+01  1.525167e+01
      vertex  8.892524e-01 -2.000000e+01  1.544320e+01
    endloop
  endfacet
  facet normal -2.532970e-01 -7.129796e-01 -6.538354e-01
    outer loop
      vertex  9.360505e-01 -1.950000e+01  1.487984e+01
      vertex  8.892524e-01 -2.000000e+01  1.544320e+01
      vertex  5.746923e-01 -1.950000e+01  1.501983e+01
    endloop
  endfacet
  facet normal -4.090575e-01 -7.009910e-01 -5.841945e-01
    outer loop
      vertex  1.265533e+00 -1.950000e+01  1.467584e+01
      vertex  1.671248e+00 -2.000000e+01  1.499172e+01
      vertex  1.300000e+00 -2.000000e+01  1.525167e+01
    endloop
  endfacet
  facet normal -3.693786e-01 -7.125064e-01 -5.965685e-01
    outer loop
      vertex  1.265533e+00 -1.950000e+01  1.467584e+01
      vertex  1.300000e+00 -2.000000e+01  1.525167e+01
      vertex  9.360505e-01 -1.950000e+01  1.487984e+01
    endloop
  endfacet
  facet normal -5.038413e-01 -7.016327e-01 -5.038409e-01
    outer loop
      vertex  1.551919e+00 -1.950000e+01  1.441476e+01
      vertex  1.991716e+00 -2.000000e+01  1.467125e+01
      vertex  1.671248e+00 -2.000000e+01  1.499172e+01
    endloop
  endfacet
  facet normal -4.731632e-01 -7.118428e-01 -5.190341e-01
    outer loop
      vertex  1.551919e+00 -1.950000e+01  1.441476e+01
      vertex  1.671248e+00 -2.000000e+01  1.499172e+01
      vertex  1.265533e+00 -1.950000e+01  1.467584e+01
    endloop
  endfacet
  facet normal -5.830322e-01 -7.024317e-01 -4.082441e-01
    outer loop
      vertex  1.785456e+00 -1.950000e+01  1.410551e+01
      vertex  2.251666e+00 -2.000000e+01  1.430000e+01
      vertex  1.991716e+00 -2.000000e+01  1.467125e+01
    endloop
  endfacet
  facet normal -5.611694e-01 -7.109872e-01 -4.237762e-01
    outer loop
      vertex  1.785456e+00 -1.950000e+01  1.410551e+01
      vertex  1.991716e+00 -2.000000e+01  1.467125e+01
      vertex  1.551919e+00 -1.950000e+01  1.441476e+01
    endloop
  endfacet
  facet normal -6.442100e-01 -7.033870e-01 -3.004001e-01
    outer loop
      vertex  1.958192e+00 -1.950000e+01  1.375861e+01
      vertex  2.443201e+00 -2.000000e+01  1.388925e+01
      vertex  2.251666e+00 -2.000000e+01  1.430000e+01
    endloop
  endfacet
  facet normal -6.304323e-01 -7.099371e-01 -3.139180e-01
    outer loop
      vertex  1.958192e+00 -1.950000e+01  1.375861e+01
      vertex  2.251666e+00 -2.000000e+01  1.430000e+01
      vertex  1.785456e+00 -1.950000e+01  1.410551e+01
    endloop
  endfacet
  facet normal -6.855249e-01 -7.044964e-01 -1.836858e-01
    outer loop
      vertex  2.064244e+00 -1.950000e+01  1.338587e+01
      vertex  2.560500e+00 -2.000000e+01  1.345149e+01
      vertex  2.443201e+00 -2.000000e+01  1.388925e+01
    endloop
  endfacet
  facet normal -6.785870e-01 -7.086903e-01 -1.930745e-01
    outer loop
      vertex  2.064244e+00 -1.950000e+01  1.338587e+01
      vertex  2.443201e+00 -2.000000e+01  1.388925e+01
      vertex  1.958192e+00 -1.950000e+01  1.375861e+01
    endloop
  endfacet
  facet normal  0.000000e+00  0.000000e+00 -9.999999e-01
    outer loop
      vertex -2.000000e+01 -1.500000e+01  0.000000e+00
      vertex -1.896388e+00  2.060027e+00  0.000000e+00
      vertex -2.209594e+00  1.719796e+00  0.000000e+00
    endloop
  endfacet
  facet normal  0.000000e+00  0.000000e+00 -1.000000e+00
    outer loop
      vertex -2.000000e+01 -1.500000e+01  0.000000e+00
      vertex -2.209594e+00  1.719796e+00  0.000000e+00
      vertex -2.462527e+00  1.332653e+00  0.000000e+00
    endloop
  endfacet
  facet normal  0.000000e+00  0.000000e+00 -1.000000e+00
    outer loop
      vertex -2.000000e+01 -1.500000e+01  0.000000e+00
      vertex -2.462527e+00  1.332653e+00  0.000000e+00
      vertex -2.648288e+00  9.091585e-01  0.000000e+00
    endloop
  endfacet
  facet normal  0.000000e+00  0.000000e+00 -1.000000e+00
    outer loop
      vertex -2.000000e+01 -1.500000e+01  0.000000e+00
      vertex -2.648288e+00  9.091585e-01  0.000000e+00
      vertex -2.761812e+00  4.608648e-01  0.000000e+00
    endloop
  endfacet
  facet normal  0.000000e+00  0.000000e+00 -9.999999e-01
    outer loop
      vertex -2.000000e+01 -1.500000e+01  0.000000e+00
      vertex -2.761812e+00  4.608648e-01  0.000000e+00
      vertex -2.800000e+00 -3.429011e-16  0.000000e+00
    endloop
  endfacet
  facet normal  0.000000e+00  -0.000000e+00 -1.000000e+00
    outer loop
      vertex -2.000000e+01 -1.500000e+01  0.000000e+00
      vertex -2.800000e+00 -3.429011e-16  0.000000e+00
      vertex -2.761812e+00 -4.608648e-01  0.000000e+00
    endloop
  endfacet
  facet normal  0.000000e+00  -0.000000e+00 -1.000000e+00
    outer loop
      vertex -2.000000e+01 -1.500000e+01  0.000000e+00
      vertex -2.761812e+00 -4.608648e-01  0.000000e+00
      vertex -2.648288e+00 -9.091585e-01  0.000000e+00
    endloop
  endfacet
  facet normal  0.000000e+00  -0.000000e+00 -1.000000e+00
    outer loop
      vertex -2.000000e+01 -1.500000e+01  0.000000e+00
      vertex -2.648288e+00 -9.091585e-01  0.000000e+00
      vertex -2.462527e+00 -1.332653e+00  0.000000e+00
    endloop
  endfacet
  facet normal  0.000000e+00  -0.000000e+00 -1.000000e+00
    outer loop
      vertex -2.000000e+01 -1.500000e+01  0.000000e+00
      vertex -2.462527e+00 -1.332653e+00  0.000000e+00
      vertex -2.209594e+00 -1.719796e+00  0.000000e+00
    endloop
  endfacet
  facet normal  0.000000e+00  -0.000000e+00 -1.000000e+00
    outer loop
      vertex -2.000000e+01 -1.500000e+01  0.000000e+00
      vertex -2.209594e+00 -1.719796e+00  0.000000e+00
      vertex -1.896388e+00 -2.060027e+00  0.000000e+00
    endloop
  endfacet
  facet normal  0.000000e+00  -0.000000e+00 -1.000000e+00
    outer loop
      vertex -2.000000e+01 -1.500000e+01  0.000000e+00
      vertex -1.896388e+00 -2.060027e+00  0.000000e+00
      vertex -1.531455e+00 -2.344066e+00  0.000000e+00
    endloop
  endfacet
  facet normal  0.000000e+00  -0.000000e+00 -1.000000e+00
    outer loop
      vertex -2.000000e+01 -1.500000e+01  0.000000e+00
      vertex -1.531455e+00 -2.344066e+00  0.000000e+00
      vertex -1.124747e+00 -2.564165e+00  0.000000e+00
    endloop
  endfacet
  facet normal  0.000000e+00  -0.000000e+00 -1.000000e+00
    outer loop
      vertex -2.000000e+01 -1.500000e+01  0.000000e+00
      vertex -1.124747e+00 -2.564165e+00  0.000000e+00
      vertex -6.873594e-01 -2.714321e+00  0.000000e+00
    endloop
  endfacet
  facet normal  0.000000e+00  -0.000000e+00 -1.000000e+00
    outer loop
      vertex -2.000000e+01 -1.500000e+01  0.000000e+00
      vertex -6.873594e-01 -2.714321e+00  0.000000e+00
      vertex -2.312222e-01 -2.790437e+00  0.000000e+00
    endloop
  endfacet
  facet normal  0.000000e+00  0.000000e+00 -1.000000e+00
    outer loop
      vertex -2.000000e+01 -1.500000e+01  0.000000e+00
      vertex -2.312222e-01 -2.790437e+00  0.000000e+00
      vertex -1.500000e+01 -2.000000e+01  0.000000e+00
    endloop
  endfacet
  facet normal  0.000000e+00  0.000000e+00 -1.000000e+00
    outer loop
      vertex -2.000000e+01 -1.500000e+01  0.000000e+00
      vertex -1.500000e+01 -2.000000e+01  0.000000e+00
      vertex -1.560268e+01 -1.996354e+01  0.000000e+00
    endloop
  endfacet
  facet normal  0.000000e+00  0.000000e+00 -1.000000e+00
    outer loop
      vertex -2.000000e+01 -1.500000e+01  0.000000e+00
      vertex -1.560268e+01 -1.996354e+01  0.000000e+00
      vertex -1.619658e+01 -1.985471e+01  0.000000e+00
    endloop
  endfacet
  facet normal  0.000000e+00  0.000000e+00 -1.000000e+00
    outer loop
      vertex -2.000000e+01 -1.500000e+01  0.000000e+00
      vertex -1.619658e+01 -1.985471e+01  0.000000e+00
      vertex -1.677302e+01 -1.967508e+01  0.000000e+00
    endloop
  endfacet
  facet normal  0.000000e+00  0.000000e+00 -1.000000e+00
    outer loop
      vertex -2.000000e+01 -1.500000e+01  0.000000e+00
      vertex -1.677302e+01 -1.967508e+01  0.000000e+00
      vertex -1.732362e+01 -1.942728e+01  0.000000e+00
    endloop
  endfacet
  facet normal  0.000000e+00  0.000000e+00 -9.999999e-01
    outer loop
      vertex -2.000000e+01 -1.500000e+01  0.000000e+00
      vertex -1.732362e+01 -1.942728e+01  0.000000e+00
      vertex -1.784032e+01 -1.911492e+01  0.000000e+00
    endloop
  endfacet
  facet normal  0.000000e+00  0.000000e+00 -1.000000e+00
    outer loop
      vertex -2.000000e+01 -1.500000e+01  0.000000e+00
      vertex -1.784032e+01 -1.911492e+01  0.000000e+00
      vertex -1.831561e+01 -1.874255e+01  0.000000e+00
    endloop
  endfacet
  facet normal  0.000000e+00  0.000000e+00 -1.000000e+00
    outer loop
      vertex -2.000000e+01 -1.500000e+01  0.000000e+00
      vertex -1.831561e+01 -1.874255e+01  0.000000e+00
      vertex -1.874255e+01 -1.831561e+01  0.000000e+00
    endloop
  endfacet
  facet normal  0.000000e+00  0.000000e+00 -9.999999e-01
    outer loop
      vertex -2.000000e+01 -1.500000e+01  0.000000e+00
      vertex -1.874255e+01 -1.831561e+01  0.000000e+00
      vertex -1.911492e+01 -1.784032e+01  0.000000e+00
    endloop
  endfacet
  facet normal  0.000000e+00  0.000000e+00 -1.000000e+00
    outer loop
      vertex -2.000000e+01 -1.500000e+01  0.000000e+00
      vertex -1.911492e+01 -1.784032e+01  0.000000e+00
      vertex -1.942728e+01 -1.732362e+01  0.000000e+00
    endloop
  endfacet
  facet normal  0.000000e+00  0.000000e+00 -1.000000e+00
    outer loop
      vertex -2.000000e+01 -1.500000e+01  0.000000e+00
      vertex -1.942728e+01 -1.732362e+01  0.000000e+00
      vertex -1.967508e+01 -1.677302e+01  0.000000e+00
    endloop
  endfacet
  facet normal  0.000000e+00  0.000000e+00 -1.000000e+00
    outer loop
      vertex -2.000000e+01 -1.500000e+01  0.000000e+00
      vertex -1.967508e+01 -1.677302e+01  0.000000e+00
      vertex -1.985471e+01 -1.619658e+01  0.000000e+00
    endloop
  endfacet
  facet normal  0.000000e+00  0.000000e+00 -1.000000e+00
    outer loop
      vertex -2.000000e+01 -1.500000e+01  0.000000e+00
      vertex -1.985471e+01 -1.619658e+01  0.000000e+00
      vertex -1.996354e+01 -1.560268e+01  0.000000e+00
    endloop
  endfacet
  facet normal  -0.000000e+00  0.000000e+00 -9.999999e-01
    outer loop
      vertex  2.312222e-01 -2.790437e+00  0.000000e+00
      vertex  2.000000e+01 -1.500000e+01  0.000000e+00
      vertex  1.996354e+01 -1.560268e+01  0.000000e+00
    endloop
  endfacet
  facet normal  -0.000000e+00  0.000000e+00 -1.000000e+00
    outer loop
      vertex  2.312222e-01 -2.790437e+00  0.000000e+00
      vertex  1.996354e+01 -1.560268e+01  0.000000e+00
      vertex  1.985471e+01 -1.619658e+01  0.000000e+00
    endloop
  endfacet
  facet normal  -0.000000e+00  0.000000e+00 -1.000000e+00
    outer loop
      vertex  2.312222e-01 -2.790437e+00  0.000000e+00
      vertex  1.985471e+01 -1.619658e+01  0.000000e+00
      vertex  1.967508e+01 -1.677302e+01  0.000000e+00
    endloop
  endfacet
  facet normal  -0.000000e+00  0.000000e+00 -9.999999e-01
    outer loop
      vertex  2.312222e-01 -2.790437e+00  0.000000e+00
      vertex  1.967508e+01 -1.677302e+01  0.000000e+00
      vertex  1.942728e+01 -1.732362e+01  0.000000e+00
    endloop
  endfacet
  facet normal  -0.000000e+00  0.000000e+00 -1.000000e+00
    outer loop
      vertex  2.312222e-01 -2.790437e+00  0.000000e+00
      vertex  1.942728e+01 -1.732362e+01  0.000000e+00
      vertex  1.911492e+01 -1.784032e+01  0.000000e+00
    endloop
  endfacet
  facet normal  -0.000000e+00  0.000000e+00 -9.999999e-01
    outer loop
      vertex  2.312222e-01 -2.790437e+00  0.000000e+00
      vertex  1.911492e+01 -1.784032e+01  0.000000e+00
      vertex  1.874255e+01 -1.831561e+01  0.000000e+00
    endloop
  endfacet
  facet normal  -0.000000e+00  0.000000e+00 -9.999999e-01
    outer loop
      vertex  2.312222e-01 -2.790437e+00  0.000000e+00
      vertex  1.874255e+01 -1.831561e+01  0.000000e+00
      vertex  1.831561e+01 -1.874255e+01  0.000000e+00
    endloop
  endfacet
  facet normal  -0.000000e+00  0.000000e+00 -1.000000e+00
    outer loop
      vertex  2.312222e-01 -2.790437e+00  0.000000e+00
      vertex  1.831561e+01 -1.874255e+01  0.000000e+00
      vertex  1.784032e+01 -1.911492e+01  0.000000e+00
    endloop
  endfacet
  facet normal  -0.000000e+00  0.000000e+00 -9.999999e-01
    outer loop
      vertex  2.312222e-01 -2.790437e+00  0.000000e+00
      vertex  1.784032e+01 -1.911492e+01  0.000000e+00
      vertex  1.732362e+01 -1.942728e+01  0.000000e+00
    endloop
  endfacet
  facet normal  -0.000000e+00  0.000000e+00 -1.000000e+00
    outer loop
      vertex  2.312222e-01 -2.790437e+00  0.000000e+00
      vertex  1.732362e+01 -1.942728e+01  0.000000e+00
      vertex  1.677302e+01 -1.967508e+01  0.000000e+00
    endloop
  endfacet
  facet normal  -0.000000e+00  0.000000e+00 -1.000000e+00
    outer loop
      vertex  2.312222e-01 -2.790437e+00  0.000000e+00
      vertex  1.677302e+01 -1.967508e+01  0.000000e+00
      vertex  1.619658e+01 -1.985471e+01  0.000000e+00
    endloop
  endfacet
  facet normal  -0.000000e+00  0.000000e+00 -9.999999e-01
    outer loop
      vertex  2.312222e-01 -2.790437e+00  0.000000e+00
      vertex  1.619658e+01 -1.985471e+01  0.000000e+00
      vertex  1.560268e+01 -1.996354e+01  0.000000e+00
    endloop
  endfacet
  facet normal  -0.000000e+00  0.000000e+00 -1.000000e+00
    outer loop
      vertex  2.312222e-01 -2.790437e+00  0.000000e+00
      vertex  1.560268e+01 -1.996354e+01  0.000000e+00
      vertex  1.500000e+01 -2.000000e+01  0.000000e+00
    endloop
  endfacet
  facet normal  0.000000e+00  0.000000e+00 -1.000000e+00
    outer loop
      vertex  2.312222e-01 -2.790437e+00  0.000000e+00
      vertex  1.500000e+01 -2.000000e+01  0.000000e+00
      vertex -1.500000e+01 -2.000000e+01  0.000000e+00
    endloop
  endfacet
  facet normal  0.000000e+00  0.000000e+00 -9.999999e-01
    outer loop
      vertex  2.312222e-01 -2.790437e+00  0.000000e+00
      vertex -1.500000e+01 -2.000000e+01  0.000000e+00
      vertex -2.312222e-01 -2.790437e+00  0.000000e+00
    endloop
  endfacet
  facet normal  0.000000e+00  -0.000000e+00 -1.000000e+00
    outer loop
      vertex -2.000000e+01  1.500000e+01  0.000000e+00
      vertex -1.996354e+01  1.560268e+01  0.000000e+00
      vertex -1.985471e+01  1.619658e+01  0.000000e+00
    endloop
  endfacet
  facet normal  0.000000e+00  -0.000000e+00 -1.000000e+00
    outer loop
      vertex -2.000000e+01  1.500000e+01  0.000000e+00
      vertex -1.985471e+01  1.619658e+01  0.000000e+00
      vertex -1.967508e+01  1.677302e+01  0.000000e+00
    endloop
  endfacet
  facet normal  0.000000e+00  -0.000000e+00 -1.000000e+00
    outer loop
      vertex -2.000000e+01  1.500000e+01  0.000000e+00
      vertex -1.967508e+01  1.677302e+01  0.000000e+00
      vertex -1.942728e+01  1.732362e+01  0.000000e+00
    endloop
  endfacet
  facet normal  0.000000e+00  -0.000000e+00 -1.000000e+00
    outer loop
      vertex -2.000000e+01  1.500000e+01  0.000000e+00
      vertex -1.942728e+01  1.732362e+01  0.000000e+00
      vertex -1.911492e+01  1.784032e+01  0.000000e+00
    endloop
  endfacet
  facet normal  0.000000e+00  -0.000000e+00 -9.999999e-01
    outer loop
      vertex -2.000000e+01  1.500000e+01  0.000000e+00
      vertex -1.911492e+01  1.784032e+01  0.000000e+00
      vertex -1.874255e+01  1.831561e+01  0.000000e+00
    endloop
  endfacet
  facet normal  0.000000e+00  -0.000000e+00 -1.000000e+00
    outer loop
      vertex -2.000000e+01  1.500000e+01  0.000000e+00
      vertex -1.874255e+01  1.831561e+01  0.000000e+00
      vertex -1.831561e+01  1.874255e+01  0.000000e+00
    endloop
  endfacet
  facet normal  0.000000e+00  -0.000000e+00 -1.000000e+00
    outer loop
      vertex -2.000000e+01  1.500000e+01  0.000000e+00
      vertex -1.831561e+01  1.874255e+01  0.000000e+00
      vertex -1.784032e+01  1.911492e+01  0.000000e+00
    endloop
  endfacet
  facet normal  0.000000e+00  -0.000000e+00 -9.999999e-01
    outer loop
      vertex -2.000000e+01  1.500000e+01  0.000000e+00
      vertex -1.784032e+01  1.911492e+01  0.000000e+00
      vertex -1.732362e+01  1.942728e+01  0.000000e+00
    endloop
  endfacet
  facet normal  0.000000e+00  -0.000000e+00 -1.000000e+00
    outer loop
      vertex -2.000000e+01  1.500000e+01  0.000000e+00
      vertex -1.732362e+01  1.942728e+01  0.000000e+00
      vertex -1.677302e+01  1.967508e+01  0.000000e+00
    endloop
  endfacet
  facet normal  0.000000e+00  -0.000000e+00 -1.000000e+00
    outer loop
      vertex -2.000000e+01  1.500000e+01  0.000000e+00
      vertex -1.677302e+01  1.967508e+01  0.000000e+00
      vertex -1.619658e+01  1.985471e+01  0.000000e+00
    endloop
  endfacet
  facet normal  0.000000e+00  -0.000000e+00 -1.000000e+00
    outer loop
      vertex -2.000000e+01  1.500000e+01  0.000000e+00
      vertex -1.619658e+01  1.985471e+01  0.000000e+00
      vertex -1.560268e+01  1.996354e+01  0.000000e+00
    endloop
  endfacet
  facet normal  0.000000e+00  -0.000000e+00 -1.000000e+00
    outer loop
      vertex -2.000000e+01  1.500000e+01  0.000000e+00
      vertex -1.560268e+01  1.996354e+01  0.000000e+00
      vertex -1.500000e+01  2.000000e+01  0.000000e+00
    endloop
  endfacet
  facet normal  0.000000e+00  -0.000000e+00 -1.000000e+00
    outer loop
      vertex -2.000000e+01  1.500000e+01  0.000000e+00
      vertex -1.500000e+01  2.000000e+01  0.000000e+00
      vertex -2.312222e-01  2.790437e+00  0.000000e+00
    endloop
  endfacet
  facet normal  -0.000000e+00  0.000000e+00 -1.000000e+00
    outer loop
      vertex -2.000000e+01  1.500000e+01  0.000000e+00
      vertex -2.312222e-01  2.790437e+00  0.000000e+00
      vertex -6.873594e-01  2.714321e+00  0.000000e+00
    endloop
  endfacet
  facet normal  -0.000000e+00  0.000000e+00 -1.000000e+00
    outer loop
      vertex -2.000000e+01  1.500000e+01  0.000000e+00
      vertex -6.873594e-01  2.714321e+00  0.000000e+00
      vertex -1.124747e+00  2.564165e+00  0.000000e+00
    endloop
  endfacet
  facet normal  -0.000000e+00  0.000000e+00 -1.000000e+00
    outer loop
      vertex -2.000000e+01  1.500000e+01  0.000000e+00
      vertex -1.124747e+00  2.564165e+00  0.000000e+00
      vertex -1.531455e+00  2.344066e+00  0.000000e+00
    endloop
  endfacet
  facet normal  -0.000000e+00  0.000000e+00 -1.000000e+00
    outer loop
      vertex -2.000000e+01  1.500000e+01  0.000000e+00
      vertex -1.531455e+00  2.344066e+00  0.000000e+00
      vertex -1.896388e+00  2.060027e+00  0.000000e+00
    endloop
  endfacet
  facet normal  -0.000000e+00  0.000000e+00 -1.000000e+00
    outer loop
      vertex -2.000000e+01  1.500000e+01  0.000000e+00
      vertex -1.896388e+00  2.060027e+00  0.000000e+00
      vertex -2.000000e+01 -1.500000e+01  0.000000e+00
    endloop
  endfacet
  facet normal  0.000000e+00  0.000000e+00 -9.999999e-01
    outer loop
      vertex  2.312222e-01  2.790437e+00  0.000000e+00
      vertex -2.312222e-01  2.790437e+00  0.000000e+00
      vertex -1.500000e+01  2.000000e+01  0.000000e+00
    endloop
  endfacet
  facet normal  0.000000e+00  0.000000e+00 -1.000000e+00
    outer loop
      vertex  2.312222e-01  2.790437e+00  0.000000e+00
      vertex -1.500000e+01  2.000000e+01  0.000000e+00
      vertex  1.500000e+01  2.000000e+01  0.000000e+00
    endloop
  endfacet
  facet normal  0.000000e+00  -0.000000e+00 -1.000000e+00
    outer loop
      vertex  2.312222e-01  2.790437e+00  0.000000e+00
      vertex  1.500000e+01  2.000000e+01  0.000000e+00
      vertex  1.560268e+01  1.996354e+01  0.000000e+00
    endloop
  endfacet
  facet normal  0.000000e+00  -0.000000e+00 -9.999999e-01
    outer loop
      vertex  2.312222e-01  2.790437e+00  0.000000e+00
      vertex  1.560268e+01  1.996354e+01  0.000000e+00
      vertex  1.619658e+01  1.985471e+01  0.000000e+00
    endloop
  endfacet
  facet normal  0.000000e+00  -0.000000e+00 -9.999999e-01
    outer loop
      vertex  2.312222e-01  2.790437e+00  0.000000e+00
      vertex  1.619658e+01  1.985471e+01  0.000000e+00
      vertex  1.677302e+01  1.967508e+01  0.000000e+00
    endloop
  endfacet
  facet normal  0.000000e+00  -0.000000e+00 -1.000000e+00
    outer loop
      vertex  2.312222e-01  2.790437e+00  0.000000e+00
      vertex  1.677302e+01  1.967508e+01  0.000000e+00
      vertex  1.732362e+01  1.942728e+01  0.000000e+00
    endloop
  endfacet
  facet normal  0.000000e+00  -0.000000e+00 -9.999999e-01
    outer loop
      vertex  2.312222e-01  2.790437e+00  0.000000e+00
      vertex  1.732362e+01  1.942728e+01  0.000000e+00
      vertex  1.784032e+01  1.911492e+01  0.000000e+00
    endloop
  endfacet
  facet normal  0.000000e+00  -0.000000e+00 -9.999999e-01
    outer loop
      vertex  2.312222e-01  2.790437e+00  0.000000e+00
      vertex  1.784032e+01  1.911492e+01  0.000000e+00
      vertex  1.831561e+01  1.874255e+01  0.000000e+00
    endloop
  endfacet
  facet normal  0.000000e+00  -0.000000e+00 -9.999999e-01
    outer loop
      vertex  2.312222e-01  2.790437e+00  0.000000e+00
      vertex  1.831561e+01  1.874255e+01  0.000000e+00
      vertex  1.874255e+01  1.831561e+01  0.000000e+00
    endloop
  endfacet
  facet normal  0.000000e+00  -0.000000e+00 -1.000000e+00
    outer loop
      vertex  2.312222e-01  2.790437e+00  0.000000e+00
      vertex  1.874255e+01  1.831561e+01  0.000000e+00
      vertex  1.911492e+01  1.784032e+01  0.000000e+00
    endloop
  endfacet
  facet normal  0.000000e+00  -0.000000e+00 -1.000000e+00
    outer loop
      vertex  2.312222e-01  2.790437e+00  0.000000e+00
      vertex  1.911492e+01  1.784032e+01  0.000000e+00
      vertex  1.942728e+01  1.732362e+01  0.000000e+00
    endloop
  endfacet
  facet normal  0.000000e+00  -0.000000e+00 -9.999999e-01
    outer loop
      vertex  2.312222e-01  2.790437e+00  0.000000e+00
      vertex  1.942728e+01  1.732362e+01  0.000000e+00
      vertex  1.967508e+01  1.677302e+01  0.000000e+00
    endloop
  endfacet
  facet normal  0.000000e+00  -0.000000e+00 -9.999999e-01
    outer loop
      vertex  2.312222e-01  2.790437e+00  0.000000e+00
      vertex  1.967508e+01  1.677302e+01  0.000000e+00
      vertex  1.985471e+01  1.619658e+01  0.000000e+00
    endloop
  endfacet
  facet normal  0.000000e+00  -0.000000e+00 -1.000000e+00
    outer loop
      vertex  2.312222e-01  2.790437e+00  0.000000e+00
      vertex  1.985471e+01  1.619658e+01  0.000000e+00
      vertex  1.996354e+01  1.560268e+01  0.000000e+00
    endloop
  endfacet
  facet normal  0.000000e+00  -0.000000e+00 -9.999999e-01
    outer loop
      vertex  2.312222e-01  2.790437e+00  0.000000e+00
      vertex  1.996354e+01  1.560268e+01  0.000000e+00
      vertex  2.000000e+01  1.500000e+01  0.000000e+00
    endloop
  endfacet
  facet normal  0.000000e+00  0.000000e+00 -1.000000e+00
    outer loop
      vertex  2.000000e+01 -1.500000e+01  0.000000e+00
      vertex  2.312222e-01 -2.790437e+00  0.000000e+00
      vertex  6.873594e-01 -2.714321e+00  0.000000e+00
    endloop
  endfacet
  facet normal  0.000000e+00  0.000000e+00 -1.000000e+00
    outer loop
      vertex  2.000000e+01 -1.500000e+01  0.000000e+00
      vertex  6.873594e-01 -2.714321e+00  0.000000e+00
      vertex  1.124747e+00 -2.564165e+00  0.000000e+00
    endloop
  endfacet
  facet normal  0.000000e+00  0.000000e+00 -1.000000e+00
    outer loop
      vertex  2.000000e+01 -1.500000e+01  0.000000e+00
      vertex  1.124747e+00 -2.564165e+00  0.000000e+00
      vertex  1.531455e+00 -2.344066e+00  0.000000e+00
    endloop
  endfacet
  facet normal  0.000000e+00  0.000000e+00 -1.000000e+00
    outer loop
      vertex  2.000000e+01 -1.500000e+01  0.000000e+00
      vertex  1.531455e+00 -2.344066e+00  0.000000e+00
      vertex  1.896388e+00 -2.060027e+00  0.000000e+00
    endloop
  endfacet
  facet normal  0.000000e+00  0.000000e+00 -1.000000e+00
    outer loop
      vertex  2.000000e+01 -1.500000e+01  0.000000e+00
      vertex  1.896388e+00 -2.060027e+00  0.000000e+00
      vertex  2.209594e+00 -1.719796e+00  0.000000e+00
    endloop
  endfacet
  facet normal  0.000000e+00  0.000000e+00 -1.000000e+00
    outer loop
      vertex  2.000000e+01 -1.500000e+01  0.000000e+00
      vertex  2.209594e+00 -1.719796e+00  0.000000e+00
      vertex  2.462527e+00 -1.332653e+00  0.000000e+00
    endloop
  endfacet
  facet normal  0.000000e+00  0.000000e+00 -1.000000e+00
    outer loop
      vertex  2.000000e+01 -1.500000e+01  0.000000e+00
      vertex  2.462527e+00 -1.332653e+00  0.000000e+00
      vertex  2.648288e+00 -9.091585e-01  0.000000e+00
    endloop
  endfacet
  facet normal  0.000000e+00  0.000000e+00 -1.000000e+00
    outer loop
      vertex  2.000000e+01 -1.500000e+01  0.000000e+00
      vertex  2.648288e+00 -9.091585e-01  0.000000e+00
      vertex  2.761812e+00 -4.608648e-01  0.000000e+00
    endloop
  endfacet
  facet normal  0.000000e+00  0.000000e+00 -1.000000e+00
    outer loop
      vertex  2.000000e+01 -1.500000e+01  0.000000e+00
      vertex  2.761812e+00 -4.608648e-01  0.000000e+00
      vertex  2.800000e+00  0.000000e+00  0.000000e+00
    endloop
  endfacet
  facet normal  0.000000e+00  0.000000e+00 -1.000000e+00
    outer loop
      vertex  2.000000e+01 -1.500000e+01  0.000000e+00
      vertex  2.800000e+00  0.000000e+00  0.000000e+00
      vertex  2.761812e+00  4.608648e-01  0.000000e+00
    endloop
  endfacet
  facet normal  0.000000e+00  0.000000e+00 -1.000000e+00
    outer loop
      vertex  2.000000e+01 -1.500000e+01  0.000000e+00
      vertex  2.761812e+00  4.608648e-01  0.000000e+00
      vertex  2.648288e+00  9.091585e-01  0.000000e+00
    endloop
  endfacet
  facet normal  0.000000e+00  0.000000e+00 -1.000000e+00
    outer loop
      vertex  2.000000e+01 -1.500000e+01  0.000000e+00
      vertex  2.648288e+00  9.091585e-01  0.000000e+00
      vertex  2.462527e+00  1.332653e+00  0.000000e+00
    endloop
  endfacet
  facet normal  0.000000e+00  0.000000e+00 -1.000000e+00
    outer loop
      vertex  2.000000e+01 -1.500000e+01  0.000000e+00
      vertex  2.462527e+00  1.332653e+00  0.000000e+00
      vertex  2.209594e+00  1.719796e+00  0.000000e+00
    endloop
  endfacet
  facet normal  0.000000e+00  0.000000e+00 -9.999999e-01
    outer loop
      vertex  2.000000e+01 -1.500000e+01  0.000000e+00
      vertex  2.209594e+00  1.719796e+00  0.000000e+00
      vertex  1.896388e+00  2.060027e+00  0.000000e+00
    endloop
  endfacet
  facet normal  0.000000e+00  0.000000e+00 -1.000000e+00
    outer loop
      vertex  2.000000e+01  1.500000e+01  0.000000e+00
      vertex  2.000000e+01 -1.500000e+01  0.000000e+00
      vertex  1.896388e+00  2.060027e+00  0.000000e+00
    endloop
  endfacet
  facet normal  0.000000e+00  0.000000e+00 -1.000000e+00
    outer loop
      vertex  2.000000e+01  1.500000e+01  0.000000e+00
      vertex  1.896388e+00  2.060027e+00  0.000000e+00
      vertex  1.531455e+00  2.344066e+00  0.000000e+00
    endloop
  endfacet
  facet normal  0.000000e+00  0.000000e+00 -1.000000e+00
    outer loop
      vertex  2.000000e+01  1.500000e+01  0.000000e+00
      vertex  1.531455e+00  2.344066e+00  0.000000e+00
      vertex  1.124747e+00  2.564165e+00  0.000000e+00
    endloop
  endfacet
  facet normal  0.000000e+00  0.000000e+00 -1.000000e+00
    outer loop
      vertex  2.000000e+01  1.500000e+01  0.000000e+00
      vertex  1.124747e+00  2.564165e+00  0.000000e+00
      vertex  6.873594e-01  2.714321e+00  0.000000e+00
    endloop
  endfacet
  facet normal  0.000000e+00  0.000000e+00 -1.000000e+00
    outer loop
      vertex  2.000000e+01  1.500000e+01  0.000000e+00
      vertex  6.873594e-01  2.714321e+00  0.000000e+00
      vertex  2.312222e-01  2.790437e+00  0.000000e+00
    endloop
  endfacet
  facet normal -1.645946e-01 -9.863613e-01  0.000000e+00
    outer loop
      vertex  2.312222e-01  2.790437e+00  8.300000e+00
      vertex  6.873594e-01  2.714321e+00  0.000000e+00
      vertex  6.873594e-01  2.714321e+00  8.300000e+00
    endloop
  endfacet
  facet normal -3.246992e-01 -9.458173e-01  -0.000000e+00
    outer loop
      vertex  6.873594e-01  2.714321e+00  8.300000e+00
      vertex  6.873594e-01  2.714321e+00  0.000000e+00
      vertex  1.124747e+00  2.564165e+00  0.000000e+00
    endloop
  endfacet
  facet normal -3.246992e-01 -9.458173e-01  0.000000e+00
    outer loop
      vertex  6.873594e-01  2.714321e+00  8.300000e+00
      vertex  1.124747e+00  2.564165e+00  0.000000e+00
      vertex  1.124747e+00  2.564165e+00  8.300000e+00
    endloop
  endfacet
  facet normal -4.759475e-01 -8.794737e-01  -0.000000e+00
    outer loop
      vertex  1.124747e+00  2.564165e+00  8.300000e+00
      vertex  1.124747e+00  2.564165e+00  0.000000e+00
      vertex  1.531455e+00  2.344066e+00  0.000000e+00
    endloop
  endfacet
  facet normal -4.759475e-01 -8.794737e-01  0.000000e+00
    outer loop
      vertex  1.124747e+00  2.564165e+00  8.300000e+00
      vertex  1.531455e+00  2.344066e+00  0.000000e+00
      vertex  1.531455e+00  2.344066e+00  8.300000e+00
    endloop
  endfacet
  facet normal -6.142128e-01 -7.891405e-01  -0.000000e+00
    outer loop
      vertex  1.531455e+00  2.344066e+00  8.300000e+00
      vertex  1.531455e+00  2.344066e+00  0.000000e+00
      vertex  1.896388e+00  2.060027e+00  0.000000e+00
    endloop
  endfacet
  facet normal -6.142128e-01 -7.891405e-01  0.000000e+00
    outer loop
      vertex  1.531455e+00  2.344066e+00  8.300000e+00
      vertex  1.896388e+00  2.060027e+00  0.000000e+00
      vertex  1.896388e+00  2.060027e+00  8.300000e+00
    endloop
  endfacet
  facet normal -7.357237e-01 -6.772817e-01  -0.000000e+00
    outer loop
      vertex  1.896388e+00  2.060027e+00  8.300000e+00
      vertex  1.896388e+00  2.060027e+00  0.000000e+00
      vertex  2.209594e+00  1.719796e+00  0.000000e+00
    endloop
  endfacet
  facet normal -7.357237e-01 -6.772817e-01  0.000000e+00
    outer loop
      vertex  1.896388e+00  2.060027e+00  8.300000e+00
      vertex  2.209594e+00  1.719796e+00  0.000000e+00
      vertex  2.209594e+00  1.719796e+00  8.300000e+00
    endloop
  endfacet
  facet normal -8.371665e-01 -5.469481e-01  -0.000000e+00
    outer loop
      vertex  2.209594e+00  1.719796e+00  8.300000e+00
      vertex  2.209594e+00  1.719796e+00  0.000000e+00
      vertex  2.462527e+00  1.332653e+00  0.000000e+00
    endloop
  endfacet
  facet normal -8.371665e-01 -5.469481e-01  0.000000e+00
    outer loop
      vertex  2.209594e+00  1.719796e+00  8.300000e+00
      vertex  2.462527e+00  1.332653e+00  0.000000e+00
      vertex  2.462527e+00  1.332653e+00  8.300000e+00
    endloop
  endfacet
  facet normal -9.157734e-01 -4.016953e-01  -0.000000e+00
    outer loop
      vertex  2.462527e+00  1.332653e+00  8.300000e+00
      vertex  2.462527e+00  1.332653e+00  0.000000e+00
      vertex  2.648288e+00  9.091585e-01  0.000000e+00
    endloop
  endfacet
  facet normal -9.157734e-01 -4.016953e-01  0.000000e+00
    outer loop
      vertex  2.462527e+00  1.332653e+00  8.300000e+00
      vertex  2.648288e+00  9.091585e-01  0.000000e+00
      vertex  2.648288e+00  9.091585e-01  8.300000e+00
    endloop
  endfacet
  facet normal -9.694002e-01 -2.454857e-01  -0.000000e+00
    outer loop
      vertex  2.648288e+00  9.091585e-01  8.300000e+00
      vertex  2.648288e+00  9.091585e-01  0.000000e+00
      vertex  2.761812e+00  4.608648e-01  0.000000e+00
    endloop
  endfacet
  facet normal -9.694002e-01 -2.454857e-01  0.000000e+00
    outer loop
      vertex  2.648288e+00  9.091585e-01  8.300000e+00
      vertex  2.761812e+00  4.608648e-01  0.000000e+00
      vertex  2.761812e+00  4.608648e-01  8.300000e+00
    endloop
  endfacet
  facet normal -9.965845e-01 -8.257906e-02  -0.000000e+00
    outer loop
      vertex  2.761812e+00  4.608648e-01  8.300000e+00
      vertex  2.761812e+00  4.608648e-01  0.000000e+00
      vertex  2.800000e+00  0.000000e+00  0.000000e+00
    endloop
  endfacet
  facet normal -9.965845e-01 -8.257906e-02  0.000000e+00
    outer loop
      vertex  2.761812e+00  4.608648e-01  8.300000e+00
      vertex  2.800000e+00  0.000000e+00  0.000000e+00
      vertex  2.800000e+00  0.000000e+00  8.300000e+00
    endloop
  endfacet
  facet normal -1.645946e-01 -9.863613e-01  -0.000000e+00
    outer loop
      vertex  6.873594e-01  2.714321e+00  0.000000e+00
      vertex  2.312222e-01  2.790437e+00  8.300000e+00
      vertex  2.312222e-01  2.790437e+00  0.000000e+00
    endloop
  endfacet
  facet normal  0.000000e+00 -1.000000e+00  0.000000e+00
    outer loop
      vertex  2.312222e-01  2.790437e+00  0.000000e+00
      vertex  2.312222e-01  2.790437e+00  8.300000e+00
      vertex -2.312222e-01  2.790437e+00  8.300000e+00
    endloop
  endfacet
  facet normal  0.000000e+00 -1.000000e+00  0.000000e+00
    outer loop
      vertex  2.312222e-01  2.790437e+00  0.000000e+00
      vertex -2.312222e-01  2.790437e+00  8.300000e+00
      vertex -2.312222e-01  2.790437e+00  0.000000e+00
    endloop
  endfacet
  facet normal  1.645946e-01 -9.863613e-01  0.000000e+00
    outer loop
      vertex -2.312222e-01  2.790437e+00  0.000000e+00
      vertex -2.312222e-01  2.790437e+00  8.300000e+00
      vertex -6.873594e-01  2.714321e+00  8.300000e+00
    endloop
  endfacet
  facet normal  1.645946e-01 -9.863613e-01  0.000000e+00
    outer loop
      vertex -2.312222e-01  2.790437e+00  0.000000e+00
      vertex -6.873594e-01  2.714321e+00  8.300000e+00
      vertex -6.873594e-01  2.714321e+00  0.000000e+00
    endloop
  endfacet
  facet normal  3.246992e-01 -9.458173e-01  0.000000e+00
    outer loop
      vertex -6.873594e-01  2.714321e+00  0.000000e+00
      vertex -6.873594e-01  2.714321e+00  8.300000e+00
      vertex -1.124747e+00  2.564165e+00  8.300000e+00
    endloop
  endfacet
  facet normal  3.246992e-01 -9.458173e-01  0.000000e+00
    outer loop
      vertex -6.873594e-01  2.714321e+00  0.000000e+00
      vertex -1.124747e+00  2.564165e+00  8.300000e+00
      vertex -1.124747e+00  2.564165e+00  0.000000e+00
    endloop
  endfacet
  facet normal  4.759475e-01 -8.794737e-01  0.000000e+00
    outer loop
      vertex -1.124747e+00  2.564165e+00  0.000000e+00
      vertex -1.124747e+00  2.564165e+00  8.300000e+00
      vertex -1.531455e+00  2.344066e+00  8.300000e+00
    endloop
  endfacet
  facet normal  4.759475e-01 -8.794737e-01  0.000000e+00
    outer loop
      vertex -1.124747e+00  2.564165e+00  0.000000e+00
      vertex -1.531455e+00  2.344066e+00  8.300000e+00
      vertex -1.531455e+00  2.344066e+00  0.000000e+00
    endloop
  endfacet
  facet normal  6.142128e-01 -7.891405e-01  0.000000e+00
    outer loop
      vertex -1.531455e+00  2.344066e+00  0.000000e+00
      vertex -1.531455e+00  2.344066e+00  8.300000e+00
      vertex -1.896388e+00  2.060027e+00  8.300000e+00
    endloop
  endfacet
  facet normal  6.142128e-01 -7.891405e-01  0.000000e+00
    outer loop
      vertex -1.531455e+00  2.344066e+00  0.000000e+00
      vertex -1.896388e+00  2.060027e+00  8.300000e+00
      vertex -1.896388e+00  2.060027e+00  0.000000e+00
    endloop
  endfacet
  facet normal  7.357237e-01 -6.772817e-01  0.000000e+00
    outer loop
      vertex -1.896388e+00  2.060027e+00  0.000000e+00
      vertex -1.896388e+00  2.060027e+00  8.300000e+00
      vertex -2.209594e+00  1.719796e+00  8.300000e+00
    endloop
  endfacet
  facet normal  7.357237e-01 -6.772817e-01  0.000000e+00
    outer loop
      vertex -1.896388e+00  2.060027e+00  0.000000e+00
      vertex -2.209594e+00  1.719796e+00  8.300000e+00
      vertex -2.209594e+00  1.719796e+00  0.000000e+00
    endloop
  endfacet
  facet normal  8.371665e-01 -5.469481e-01  0.000000e+00
    outer loop
      vertex -2.209594e+00  1.719796e+00  0.000000e+00
      vertex -2.209594e+00  1.719796e+00  8.300000e+00
      vertex -2.462527e+00  1.332653e+00  8.300000e+00
    endloop
  endfacet
  facet normal  8.371665e-01 -5.469481e-01  0.000000e+00
    outer loop
      vertex -2.209594e+00  1.719796e+00  0.000000e+00
      vertex -2.462527e+00  1.332653e+00  8.300000e+00
      vertex -2.462527e+00  1.332653e+00  0.000000e+00
    endloop
  endfacet
  facet normal  9.157734e-01 -4.016953e-01  0.000000e+00
    outer loop
      vertex -2.462527e+00  1.332653e+00  0.000000e+00
      vertex -2.462527e+00  1.332653e+00  8.300000e+00
      vertex -2.648288e+00  9.091585e-01  8.300000e+00
    endloop
  endfacet
  facet normal  9.157734e-01 -4.016953e-01  0.000000e+00
    outer loop
      vertex -2.462527e+00  1.332653e+00  0.000000e+00
      vertex -2.648288e+00  9.091585e-01  8.300000e+00
      vertex -2.648288e+00  9.091585e-01  0.000000e+00
    endloop
  endfacet
  facet normal  9.694002e-01 -2.454857e-01  0.000000e+00
    outer loop
      vertex -2.648288e+00  9.091585e-01  0.000000e+00
      vertex -2.648288e+00  9.091585e-01  8.300000e+00
      vertex -2.761812e+00  4.608648e-01  8.300000e+00
    endloop
  endfacet
  facet normal  9.694002e-01 -2.454857e-01  0.000000e+00
    outer loop
      vertex -2.648288e+00  9.091585e-01  0.000000e+00
      vertex -2.761812e+00  4.608648e-01  8.300000e+00
      vertex -2.761812e+00  4.608648e-01  0.000000e+00
    endloop
  endfacet
  facet normal  9.965845e-01 -8.257906e-02  0.000000e+00
    outer loop
      vertex -2.761812e+00  4.608648e-01  0.000000e+00
      vertex -2.761812e+00  4.608648e-01  8.300000e+00
      vertex -2.800000e+00 -3.429011e-16  8.300000e+00
    endloop
  endfacet
  facet normal  9.965845e-01 -8.257906e-02  0.000000e+00
    outer loop
      vertex -2.761812e+00  4.608648e-01  0.000000e+00
      vertex -2.800000e+00 -3.429011e-16  8.300000e+00
      vertex -2.800000e+00 -3.429011e-16  0.000000e+00
    endloop
  endfacet
  facet normal  1.645946e-01  9.863613e-01  -0.000000e+00
    outer loop
      vertex -2.312222e-01 -2.790437e+00  8.300000e+00
      vertex -6.873594e-01 -2.714321e+00  0.000000e+00
      vertex -6.873594e-01 -2.714321e+00  8.300000e+00
    endloop
  endfacet
  facet normal  3.246992e-01  9.458173e-01  0.000000e+00
    outer loop
      vertex -6.873594e-01 -2.714321e+00  8.300000e+00
      vertex -6.873594e-01 -2.714321e+00  0.000000e+00
      vertex -1.124747e+00 -2.564165e+00  0.000000e+00
    endloop
  endfacet
  facet normal  3.246992e-01  9.458173e-01  -0.000000e+00
    outer loop
      vertex -6.873594e-01 -2.714321e+00  8.300000e+00
      vertex -1.124747e+00 -2.564165e+00  0.000000e+00
      vertex -1.124747e+00 -2.564165e+00  8.300000e+00
    endloop
  endfacet
  facet normal  4.759475e-01  8.794737e-01  0.000000e+00
    outer loop
      vertex -1.124747e+00 -2.564165e+00  8.300000e+00
      vertex -1.124747e+00 -2.564165e+00  0.000000e+00
      vertex -1.531455e+00 -2.344066e+00  0.000000e+00
    endloop
  endfacet
  facet normal  4.759475e-01  8.794737e-01  -0.000000e+00
    outer loop
      vertex -1.124747e+00 -2.564165e+00  8.300000e+00
      vertex -1.531455e+00 -2.344066e+00  0.000000e+00
      vertex -1.531455e+00 -2.344066e+00  8.300000e+00
    endloop
  endfacet
  facet normal  6.142128e-01  7.891405e-01  0.000000e+00
    outer loop
      vertex -1.531455e+00 -2.344066e+00  8.300000e+00
      vertex -1.531455e+00 -2.344066e+00  0.000000e+00
      vertex -1.896388e+00 -2.060027e+00  0.000000e+00
    endloop
  endfacet
  facet normal  6.142128e-01  7.891405e-01  -0.000000e+00
    outer loop
      vertex -1.531455e+00 -2.344066e+00  8.300000e+00
      vertex -1.896388e+00 -2.060027e+00  0.000000e+00
      vertex -1.896388e+00 -2.060027e+00  8.300000e+00
    endloop
  endfacet
  facet normal  7.357237e-01  6.772817e-01  0.000000e+00
    outer loop
      vertex -1.896388e+00 -2.060027e+00  8.300000e+00
      vertex -1.896388e+00 -2.060027e+00  0.000000e+00
      vertex -2.209594e+00 -1.719796e+00  0.000000e+00
    endloop
  endfacet
  facet normal  7.357237e-01  6.772817e-01  -0.000000e+00
    outer loop
      vertex -1.896388e+00 -2.060027e+00  8.300000e+00
      vertex -2.209594e+00 -1.719796e+00  0.000000e+00
      vertex -2.209594e+00 -1.719796e+00  8.300000e+00
    endloop
  endfacet
  facet normal  8.371665e-01  5.469481e-01  0.000000e+00
    outer loop
      vertex -2.209594e+00 -1.719796e+00  8.300000e+00
      vertex -2.209594e+00 -1.719796e+00  0.000000e+00
      vertex -2.462527e+00 -1.332653e+00  0.000000e+00
    endloop
  endfacet
  facet normal  8.371665e-01  5.469481e-01  -0.000000e+00
    outer loop
      vertex -2.209594e+00 -1.719796e+00  8.300000e+00
      vertex -2.462527e+00 -1.332653e+00  0.000000e+00
      vertex -2.462527e+00 -1.332653e+00  8.300000e+00
    endloop
  endfacet
  facet normal  9.157734e-01  4.016953e-01  0.000000e+00
    outer loop
      vertex -2.462527e+00 -1.332653e+00  8.300000e+00
      vertex -2.462527e+00 -1.332653e+00  0.000000e+00
      vertex -2.648288e+00 -9.091585e-01  0.000000e+00
    endloop
  endfacet
  facet normal  9.157734e-01  4.016953e-01  -0.000000e+00
    outer loop
      vertex -2.462527e+00 -1.332653e+00  8.300000e+00
      vertex -2.648288e+00 -9.091585e-01  0.000000e+00
      vertex -2.648288e+00 -9.091585e-01  8.300000e+00
    endloop
  endfacet
  facet normal  9.694002e-01  2.454857e-01  0.000000e+00
    outer loop
      vertex -2.648288e+00 -9.091585e-01  8.300000e+00
      vertex -2.648288e+00 -9.091585e-01  0.000000e+00
      vertex -2.761812e+00 -4.608648e-01  0.000000e+00
    endloop
  endfacet
  facet normal  9.694002e-01  2.454857e-01  -0.000000e+00
    outer loop
      vertex -2.648288e+00 -9.091585e-01  8.300000e+00
      vertex -2.761812e+00 -4.608648e-01  0.000000e+00
      vertex -2.761812e+00 -4.608648e-01  8.300000e+00
    endloop
  endfacet
  facet normal  9.965845e-01  8.257906e-02  0.000000e+00
    outer loop
      vertex -2.761812e+00 -4.608648e-01  8.300000e+00
      vertex -2.761812e+00 -4.608648e-01  0.000000e+00
      vertex -2.800000e+00 -3.429011e-16  0.000000e+00
    endloop
  endfacet
  facet normal  9.965845e-01  8.257906e-02  -0.000000e+00
    outer loop
      vertex -2.761812e+00 -4.608648e-01  8.300000e+00
      vertex -2.800000e+00 -3.429011e-16  0.000000e+00
      vertex -2.800000e+00 -3.429011e-16  8.300000e+00
    endloop
  endfacet
  facet normal  1.645946e-01  9.863613e-01  0.000000e+00
    outer loop
      vertex -6.873594e-01 -2.714321e+00  0.000000e+00
      vertex -2.312222e-01 -2.790437e+00  8.300000e+00
      vertex -2.312222e-01 -2.790437e+00  0.000000e+00
    endloop
  endfacet
  facet normal  0.000000e+00  1.000000e+00  0.000000e+00
    outer loop
      vertex -2.312222e-01 -2.790437e+00  0.000000e+00
      vertex -2.312222e-01 -2.790437e+00  8.300000e+00
      vertex  2.312222e-01 -2.790437e+00  8.300000e+00
    endloop
  endfacet
  facet normal  0.000000e+00  1.000000e+00  0.000000e+00
    outer loop
      vertex -2.312222e-01 -2.790437e+00  0.000000e+00
      vertex  2.312222e-01 -2.790437e+00  8.300000e+00
      vertex  2.312222e-01 -2.790437e+00  0.000000e+00
    endloop
  endfacet
  facet normal -1.645946e-01  9.863613e-01  0.000000e+00
    outer loop
      vertex  2.312222e-01 -2.790437e+00  0.000000e+00
      vertex  2.312222e-01 -2.790437e+00  8.300000e+00
      vertex  6.873594e-01 -2.714321e+00  8.300000e+00
    endloop
  endfacet
  facet normal -1.645946e-01  9.863613e-01  0.000000e+00
    outer loop
      vertex  2.312222e-01 -2.790437e+00  0.000000e+00
      vertex  6.873594e-01 -2.714321e+00  8.300000e+00
      vertex  6.873594e-01 -2.714321e+00  0.000000e+00
    endloop
  endfacet
  facet normal -3.246992e-01  9.458173e-01  0.000000e+00
    outer loop
      vertex  6.873594e-01 -2.714321e+00  0.000000e+00
      vertex  6.873594e-01 -2.714321e+00  8.300000e+00
      vertex  1.124747e+00 -2.564165e+00  8.300000e+00
    endloop
  endfacet
  facet normal -3.246992e-01  9.458173e-01  0.000000e+00
    outer loop
      vertex  6.873594e-01 -2.714321e+00  0.000000e+00
      vertex  1.124747e+00 -2.564165e+00  8.300000e+00
      vertex  1.124747e+00 -2.564165e+00  0.000000e+00
    endloop
  endfacet
  facet normal -4.759475e-01  8.794737e-01  0.000000e+00
    outer loop
      vertex  1.124747e+00 -2.564165e+00  0.000000e+00
      vertex  1.124747e+00 -2.564165e+00  8.300000e+00
      vertex  1.531455e+00 -2.344066e+00  8.300000e+00
    endloop
  endfacet
  facet normal -4.759475e-01  8.794737e-01  0.000000e+00
    outer loop
      vertex  1.124747e+00 -2.564165e+00  0.000000e+00
      vertex  1.531455e+00 -2.344066e+00  8.300000e+00
      vertex  1.531455e+00 -2.344066e+00  0.000000e+00
    endloop
  endfacet
  facet normal -6.142128e-01  7.891405e-01  0.000000e+00
    outer loop
      vertex  1.531455e+00 -2.344066e+00  0.000000e+00
      vertex  1.531455e+00 -2.344066e+00  8.300000e+00
      vertex  1.896388e+00 -2.060027e+00  8.300000e+00
    endloop
  endfacet
  facet normal -6.142128e-01  7.891405e-01  0.000000e+00
    outer loop
      vertex  1.531455e+00 -2.344066e+00  0.000000e+00
      vertex  1.896388e+00 -2.060027e+00  8.300000e+00
      vertex  1.896388e+00 -2.060027e+00  0.000000e+00
    endloop
  endfacet
  facet normal -7.357237e-01  6.772817e-01  0.000000e+00
    outer loop
      vertex  1.896388e+00 -2.060027e+00  0.000000e+00
      vertex  1.896388e+00 -2.060027e+00  8.300000e+00
      vertex  2.209594e+00 -1.719796e+00  8.300000e+00
    endloop
  endfacet
  facet normal -7.357237e-01  6.772817e-01  0.000000e+00
    outer loop
      vertex  1.896388e+00 -2.060027e+00  0.000000e+00
      vertex  2.209594e+00 -1.719796e+00  8.300000e+00
      vertex  2.209594e+00 -1.719796e+00  0.000000e+00
    endloop
  endfacet
  facet normal -8.371665e-01  5.469481e-01  0.000000e+00
    outer loop
      vertex  2.209594e+00 -1.719796e+00  0.000000e+00
      vertex  2.209594e+00 -1.719796e+00  8.300000e+00
      vertex  2.462527e+00 -1.332653e+00  8.300000e+00
    endloop
  endfacet
  facet normal -8.371665e-01  5.469481e-01  0.000000e+00
    outer loop
      vertex  2.209594e+00 -1.719796e+00  0.000000e+00
      vertex  2.462527e+00 -1.332653e+00  8.300000e+00
      vertex  2.462527e+00 -1.332653e+00  0.000000e+00
    endloop
  endfacet
  facet normal -9.157734e-01  4.016953e-01  0.000000e+00
    outer loop
      vertex  2.462527e+00 -1.332653e+00  0.000000e+00
      vertex  2.462527e+00 -1.332653e+00  8.300000e+00
      vertex  2.648288e+00 -9.091585e-01  8.300000e+00
    endloop
  endfacet
  facet normal -9.157734e-01  4.016953e-01  0.000000e+00
    outer loop
      vertex  2.462527e+00 -1.332653e+00  0.000000e+00
      vertex  2.648288e+00 -9.091585e-01  8.300000e+00
      vertex  2.648288e+00 -9.091585e-01  0.000000e+00
    endloop
  endfacet
  facet normal -9.694002e-01  2.454857e-01  0.000000e+00
    outer loop
      vertex  2.648288e+00 -9.091585e-01  0.000000e+00
      vertex  2.648288e+00 -9.091585e-01  8.300000e+00
      vertex  2.761812e+00 -4.608648e-01  8.300000e+00
    endloop
  endfacet
  facet normal -9.694002e-01  2.454857e-01  0.000000e+00
    outer loop
      vertex  2.648288e+00 -9.091585e-01  0.000000e+00
      vertex  2.761812e+00 -4.608648e-01  8.300000e+00
      vertex  2.761812e+00 -4.608648e-01  0.000000e+00
    endloop
  endfacet
  facet normal -9.965845e-01  8.257906e-02  0.000000e+00
    outer loop
      vertex  2.761812e+00 -4.608648e-01  0.000000e+00
      vertex  2.761812e+00 -4.608648e-01  8.300000e+00
      vertex  2.800000e+00  0.000000e+00  8.300000e+00
    endloop
  endfacet
  facet normal -9.965845e-01  8.257906e-02  0.000000e+00
    outer loop
      vertex  2.761812e+00 -4.608648e-01  0.000000e+00
      vertex  2.800000e+00  0.000000e+00  8.300000e+00
      vertex  2.800000e+00  0.000000e+00  0.000000e+00
    endloop
  endfacet
  facet normal  0.000000e+00  0.000000e+00 -1.000000e+00
    outer loop
      vertex  2.312222e-01 -2.790437e+00  8.300000e+00
      vertex -2.312222e-01 -2.790437e+00  8.300000e+00
      vertex  6.873594e-01 -2.714321e+00  8.300000e+00
    endloop
  endfacet
  facet normal  -0.000000e+00  0.000000e+00 -1.000000e+00
    outer loop
      vertex  6.873594e-01 -2.714321e+00  8.300000e+00
      vertex -2.312222e-01 -2.790437e+00  8.300000e+00
      vertex -6.873594e-01 -2.714321e+00  8.300000e+00
    endloop
  endfacet
  facet normal  0.000000e+00  0.000000e+00 -1.000000e+00
    outer loop
      vertex  6.873594e-01 -2.714321e+00  8.300000e+00
      vertex -6.873594e-01 -2.714321e+00  8.300000e+00
      vertex  1.124747e+00 -2.564165e+00  8.300000e+00
    endloop
  endfacet
  facet normal  -0.000000e+00  0.000000e+00 -1.000000e+00
    outer loop
      vertex  1.124747e+00 -2.564165e+00  8.300000e+00
      vertex -6.873594e-01 -2.714321e+00  8.300000e+00
      vertex -1.124747e+00 -2.564165e+00  8.300000e+00
    endloop
  endfacet
  facet normal  0.000000e+00  0.000000e+00 -1.000000e+00
    outer loop
      vertex  1.124747e+00 -2.564165e+00  8.300000e+00
      vertex -1.124747e+00 -2.564165e+00  8.300000e+00
      vertex  1.531455e+00 -2.344066e+00  8.300000e+00
    endloop
  endfacet
  facet normal  -0.000000e+00  0.000000e+00 -1.000000e+00
    outer loop
      vertex  1.531455e+00 -2.344066e+00  8.300000e+00
      vertex -1.124747e+00 -2.564165e+00  8.300000e+00
      vertex -1.531455e+00 -2.344066e+00  8.300000e+00
    endloop
  endfacet
  facet normal  0.000000e+00  0.000000e+00 -1.000000e+00
    outer loop
      vertex  1.531455e+00 -2.344066e+00  8.300000e+00
      vertex -1.531455e+00 -2.344066e+00  8.300000e+00
      vertex  1.896388e+00 -2.060027e+00  8.300000e+00
    endloop
  endfacet
  facet normal  -0.000000e+00  0.000000e+00 -1.000000e+00
    outer loop
      vertex  1.896388e+00 -2.060027e+00  8.300000e+00
      vertex -1.531455e+00 -2.344066e+00  8.300000e+00
      vertex -1.896388e+00 -2.060027e+00  8.300000e+00
    endloop
  endfacet
  facet normal  0.000000e+00  0.000000e+00 -1.000000e+00
    outer loop
      vertex  1.896388e+00 -2.060027e+00  8.300000e+00
      vertex -1.896388e+00 -2.060027e+00  8.300000e+00
      vertex  2.209594e+00 -1.719796e+00  8.300000e+00
    endloop
  endfacet
  facet normal  -0.000000e+00  0.000000e+00 -1.000000e+00
    outer loop
      vertex  2.209594e+00 -1.719796e+00  8.300000e+00
      vertex -1.896388e+00 -2.060027e+00  8.300000e+00
      vertex -2.209594e+00 -1.719796e+00  8.300000e+00
    endloop
  endfacet
  facet normal  0.000000e+00  0.000000e+00 -1.000000e+00
    outer loop
      vertex  2.209594e+00 -1.719796e+00  8.300000e+00
      vertex -2.209594e+00 -1.719796e+00  8.300000e+00
      vertex  2.462527e+00 -1.332653e+00  8.300000e+00
    endloop
  endfacet
  facet normal  -0.000000e+00  0.000000e+00 -1.000000e+00
    outer loop
      vertex  2.462527e+00 -1.332653e+00  8.300000e+00
      vertex -2.209594e+00 -1.719796e+00  8.300000e+00
      vertex -2.462527e+00 -1.332653e+00  8.300000e+00
    endloop
  endfacet
  facet normal  0.000000e+00  0.000000e+00 -1.000000e+00
    outer loop
      vertex  2.462527e+00 -1.332653e+00  8.300000e+00
      vertex -2.462527e+00 -1.332653e+00  8.300000e+00
      vertex  2.648288e+00 -9.091585e-01  8.300000e+00
    endloop
  endfacet
  facet normal  -0.000000e+00  0.000000e+00 -1.000000e+00
    outer loop
      vertex  2.648288e+00 -9.091585e-01  8.300000e+00
      vertex -2.462527e+00 -1.332653e+00  8.300000e+00
      vertex -2.648288e+00 -9.091585e-01  8.300000e+00
    endloop
  endfacet
  facet normal  0.000000e+00  0.000000e+00 -1.000000e+00
    outer loop
      vertex  2.648288e+00 -9.091585e-01  8.300000e+00
      vertex -2.648288e+00 -9.091585e-01  8.300000e+00
      vertex  2.761812e+00 -4.608648e-01  8.300000e+00
    endloop
  endfacet
  facet normal  -0.000000e+00  0.000000e+00 -1.000000e+00
    outer loop
      vertex  2.761812e+00 -4.608648e-01  8.300000e+00
      vertex -2.648288e+00 -9.091585e-01  8.300000e+00
      vertex -2.761812e+00 -4.608648e-01  8.300000e+00
    endloop
  endfacet
  facet normal  0.000000e+00  0.000000e+00 -1.000000e+00
    outer loop
      vertex  2.761812e+00 -4.608648e-01  8.300000e+00
      vertex -2.761812e+00 -4.608648e-01  8.300000e+00
      vertex  2.800000e+00  0.000000e+00  8.300000e+00
    endloop
  endfacet
  facet normal  0.000000e+00  0.000000e+00 -1.000000e+00
    outer loop
      vertex  2.800000e+00  0.000000e+00  8.300000e+00
      vertex -2.761812e+00 -4.608648e-01  8.300000e+00
      vertex -2.800000e+00 -3.429011e-16  8.300000e+00
    endloop
  endfacet
  facet normal  0.000000e+00  0.000000e+00 -1.000000e+00
    outer loop
      vertex  2.800000e+00  0.000000e+00  8.300000e+00
      vertex -2.800000e+00 -3.429011e-16  8.300000e+00
      vertex  2.761812e+00  4.608648e-01  8.300000e+00
    endloop
  endfacet
  facet normal  -0.000000e+00  0.000000e+00 -1.000000e+00
    outer loop
      vertex  2.761812e+00  4.608648e-01  8.300000e+00
      vertex -2.800000e+00 -3.429011e-16  8.300000e+00
      vertex -2.761812e+00  4.608648e-01  8.300000e+00
    endloop
  endfacet
  facet normal  0.000000e+00  0.000000e+00 -1.000000e+00
    outer loop
      vertex  2.761812e+00  4.608648e-01  8.300000e+00
      vertex -2.761812e+00  4.608648e-01  8.300000e+00
      vertex  2.648288e+00  9.091585e-01  8.300000e+00
    endloop
  endfacet
  facet normal  -0.000000e+00  0.000000e+00 -1.000000e+00
    outer loop
      vertex  2.648288e+00  9.091585e-01  8.300000e+00
      vertex -2.761812e+00  4.608648e-01  8.300000e+00
      vertex -2.648288e+00  9.091585e-01  8.300000e+00
    endloop
  endfacet
  facet normal  0.000000e+00  0.000000e+00 -1.000000e+00
    outer loop
      vertex  2.648288e+00  9.091585e-01  8.300000e+00
      vertex -2.648288e+00  9.091585e-01  8.300000e+00
      vertex  2.462527e+00  1.332653e+00  8.300000e+00
    endloop
  endfacet
  facet normal  -0.000000e+00  0.000000e+00 -1.000000e+00
    outer loop
      vertex  2.462527e+00  1.332653e+00  8.300000e+00
      vertex -2.648288e+00  9.091585e-01  8.300000e+00
      vertex -2.462527e+00  1.332653e+00  8.300000e+00
    endloop
  endfacet
  facet normal  0.000000e+00  0.000000e+00 -1.000000e+00
    outer loop
      vertex  2.462527e+00  1.332653e+00  8.300000e+00
      vertex -2.462527e+00  1.332653e+00  8.300000e+00
      vertex  2.209594e+00  1.719796e+00  8.300000e+00
    endloop
  endfacet
  facet normal  -0.000000e+00  0.000000e+00 -1.000000e+00
    outer loop
      vertex  2.209594e+00  1.719796e+00  8.300000e+00
      vertex -2.462527e+00  1.332653e+00  8.300000e+00
      vertex -2.209594e+00  1.719796e+00  8.300000e+00
    endloop
  endfacet
  facet normal  0.000000e+00  0.000000e+00 -1.000000e+00
    outer loop
      vertex  2.209594e+00  1.719796e+00  8.300000e+00
      vertex -2.209594e+00  1.719796e+00  8.300000e+00
      vertex  1.896388e+00  2.060027e+00  8.300000e+00
    endloop
  endfacet
  facet normal  -0.000000e+00  0.000000e+00 -1.000000e+00
    outer loop
      vertex  1.896388e+00  2.060027e+00  8.300000e+00
      vertex -2.209594e+00  1.719796e+00  8.300000e+00
      vertex -1.896388e+00  2.060027e+00  8.300000e+00
    endloop
  endfacet
  facet normal  0.000000e+00  0.000000e+00 -1.000000e+00
    outer loop
      vertex  1.896388e+00  2.060027e+00  8.300000e+00
      vertex -1.896388e+00  2.060027e+00  8.300000e+00
      vertex  1.531455e+00  2.344066e+00  8.300000e+00
    endloop
  endfacet
  facet normal  -0.000000e+00  0.000000e+00 -1.000000e+00
    outer loop
      vertex  1.531455e+00  2.344066e+00  8.300000e+00
      vertex -1.896388e+00  2.060027e+00  8.300000e+00
      vertex -1.531455e+00  2.344066e+00  8.300000e+00
    endloop
  endfacet
  facet normal  0.000000e+00  0.000000e+00 -1.000000e+00
    outer loop
      vertex  1.531455e+00  2.344066e+00  8.300000e+00
      vertex -1.531455e+00  2.344066e+00  8.300000e+00
      vertex  1.124747e+00  2.564165e+00  8.300000e+00
    endloop
  endfacet
  facet normal  -0.000000e+00  0.000000e+00 -1.000000e+00
    outer loop
      vertex  1.124747e+00  2.564165e+00  8.300000e+00
      vertex -1.531455e+00  2.344066e+00  8.300000e+00
      vertex -1.124747e+00  2.564165e+00  8.300000e+00
    endloop
  endfacet
  facet normal  0.000000e+00  0.000000e+00 -1.000000e+00
    outer loop
      vertex  1.124747e+00  2.564165e+00  8.300000e+00
      vertex -1.124747e+00  2.564165e+00  8.300000e+00
      vertex  6.873594e-01  2.714321e+00  8.300000e+00
    endloop
  endfacet
  facet normal  -0.000000e+00  0.000000e+00 -1.000000e+00
    outer loop
      vertex  6.873594e-01  2.714321e+00  8.300000e+00
      vertex -1.124747e+00  2.564165e+00  8.300000e+00
      vertex -6.873594e-01  2.714321e+00  8.300000e+00
    endloop
  endfacet
  facet normal  0.000000e+00  0.000000e+00 -1.000000e+00
    outer loop
      vertex  6.873594e-01  2.714321e+00  8.300000e+00
      vertex -6.873594e-01  2.714321e+00  8.300000e+00
      vertex  2.312222e-01  2.790437e+00  8.300000e+00
    endloop
  endfacet
  facet normal  -0.000000e+00  0.000000e+00 -1.000000e+00
    outer loop
      vertex  2.312222e-01  2.790437e+00  8.300000e+00
      vertex -6.873594e-01  2.714321e+00  8.300000e+00
      vertex -2.312222e-01  2.790437e+00  8.300000e+00
    endloop
  endfacet
  facet normal  0.000000e+00  1.000000e+00  0.000000e+00
    outer loop
      vertex -7.500000e+00 -1.250000e+01  1.000000e+01
      vertex -7.500000e+00 -1.250000e+01  2.500000e+01
      vertex -1.958192e+00 -1.250000e+01  1.224139e+01
    endloop
  endfacet
  facet normal  0.000000e+00  1.000000e+00  0.000000e+00
    outer loop
      vertex -7.500000e+00 -1.250000e+01  1.000000e+01
      vertex -1.958192e+00 -1.250000e+01  1.224139e+01
      vertex -1.785456e+00 -1.250000e+01  1.189449e+01
    endloop
  endfacet
  facet normal  0.000000e+00  1.000000e+00  0.000000e+00
    outer loop
      vertex -7.500000e+00 -1.250000e+01  1.000000e+01
      vertex -1.785456e+00 -1.250000e+01  1.189449e+01
      vertex -1.551919e+00 -1.250000e+01  1.158524e+01
    endloop
  endfacet
  facet normal  0.000000e+00  1.000000e+00  0.000000e+00
    outer loop
      vertex -7.500000e+00 -1.250000e+01  1.000000e+01
      vertex -1.551919e+00 -1.250000e+01  1.158524e+01
      vertex -1.265533e+00 -1.250000e+01  1.132416e+01
    endloop
  endfacet
  facet normal  0.000000e+00  1.000000e+00  0.000000e+00
    outer loop
      vertex -7.500000e+00 -1.250000e+01  1.000000e+01
      vertex -1.265533e+00 -1.250000e+01  1.132416e+01
      vertex -9.360505e-01 -1.250000e+01  1.112016e+01
    endloop
  endfacet
  facet normal  0.000000e+00  9.999999e-01  0.000000e+00
    outer loop
      vertex -7.500000e+00 -1.250000e+01  1.000000e+01
      vertex -9.360505e-01 -1.250000e+01  1.112016e+01
      vertex -5.746923e-01 -1.250000e+01  1.098017e+01
    endloop
  endfacet
  facet normal  0.000000e+00  9.999999e-01  0.000000e+00
    outer loop
      vertex -7.500000e+00 -1.250000e+01  1.000000e+01
      vertex -5.746923e-01 -1.250000e+01  1.098017e+01
      vertex -1.937636e-01 -1.250000e+01  1.090896e+01
    endloop
  endfacet
  facet normal  -0.000000e+00  1.000000e+00  0.000000e+00
    outer loop
      vertex -7.500000e+00 -1.250000e+01  1.000000e+01
      vertex -1.937636e-01 -1.250000e+01  1.090896e+01
      vertex  1.937636e-01 -1.250000e+01  1.090896e+01
    endloop
  endfacet
  facet normal  0.000000e+00  1.000000e+00  0.000000e+00
    outer loop
      vertex -7.500000e+00 -1.250000e+01  1.000000e+01
      vertex  1.937636e-01 -1.250000e+01  1.090896e+01
      vertex  7.500000e+00 -1.250000e+01  1.000000e+01
    endloop
  endfacet
  facet normal  0.000000e+00  1.000000e+00  0.000000e+00
    outer loop
      vertex -7.500000e+00 -1.250000e+01  2.500000e+01
      vertex  7.500000e+00 -1.250000e+01  2.500000e+01
      vertex  1.937636e-01 -1.250000e+01  1.509104e+01
    endloop
  endfacet
  facet normal  0.000000e+00  9.999999e-01  0.000000e+00
    outer loop
      vertex -7.500000e+00 -1.250000e+01  2.500000e+01
      vertex  1.937636e-01 -1.250000e+01  1.509104e+01
      vertex -1.937636e-01 -1.250000e+01  1.509104e+01
    endloop
  endfacet
  facet normal  0.000000e+00  1.000000e+00  0.000000e+00
    outer loop
      vertex -7.500000e+00 -1.250000e+01  2.500000e+01
      vertex -1.937636e-01 -1.250000e+01  1.509104e+01
      vertex -5.746923e-01 -1.250000e+01  1.501983e+01
    endloop
  endfacet
  facet normal  0.000000e+00  1.000000e+00  0.000000e+00
    outer loop
      vertex -7.500000e+00 -1.250000e+01  2.500000e+01
      vertex -5.746923e-01 -1.250000e+01  1.501983e+01
      vertex -9.360505e-01 -1.250000e+01  1.487984e+01
    endloop
  endfacet
  facet normal  0.000000e+00  1.000000e+00  0.000000e+00
    outer loop
      vertex -7.500000e+00 -1.250000e+01  2.500000e+01
      vertex -9.360505e-01 -1.250000e+01  1.487984e+01
      vertex -1.265533e+00 -1.250000e+01  1.467584e+01
    endloop
  endfacet
  facet normal  0.000000e+00  1.000000e+00  0.000000e+00
    outer loop
      vertex -7.500000e+00 -1.250000e+01  2.500000e+01
      vertex -1.265533e+00 -1.250000e+01  1.467584e+01
      vertex -1.551919e+00 -1.250000e+01  1.441476e+01
    endloop
  endfacet
  facet normal  0.000000e+00  1.000000e+00  0.000000e+00
    outer loop
      vertex -7.500000e+00 -1.250000e+01  2.500000e+01
      vertex -1.551919e+00 -1.250000e+01  1.441476e+01
      vertex -1.785456e+00 -1.250000e+01  1.410551e+01
    endloop
  endfacet
  facet normal  0.000000e+00  1.000000e+00  0.000000e+00
    outer loop
      vertex -7.500000e+00 -1.250000e+01  2.500000e+01
      vertex -1.785456e+00 -1.250000e+01  1.410551e+01
      vertex -1.958192e+00 -1.250000e+01  1.375861e+01
    endloop
  endfacet
  facet normal  0.000000e+00  1.000000e+00  0.000000e+00
    outer loop
      vertex -7.500000e+00 -1.250000e+01  2.500000e+01
      vertex -1.958192e+00 -1.250000e+01  1.375861e+01
      vertex -2.064244e+00 -1.250000e+01  1.338587e+01
    endloop
  endfacet
  facet normal  0.000000e+00  1.000000e+00  0.000000e+00
    outer loop
      vertex -7.500000e+00 -1.250000e+01  2.500000e+01
      vertex -2.064244e+00 -1.250000e+01  1.338587e+01
      vertex -2.100000e+00 -1.250000e+01  1.300000e+01
    endloop
  endfacet
  facet normal  0.000000e+00  1.000000e+00  0.000000e+00
    outer loop
      vertex -7.500000e+00 -1.250000e+01  2.500000e+01
      vertex -2.100000e+00 -1.250000e+01  1.300000e+01
      vertex -2.064244e+00 -1.250000e+01  1.261413e+01
    endloop
  endfacet
  facet normal  0.000000e+00  1.000000e+00  0.000000e+00
    outer loop
      vertex -7.500000e+00 -1.250000e+01  2.500000e+01
      vertex -2.064244e+00 -1.250000e+01  1.261413e+01
      vertex -1.958192e+00 -1.250000e+01  1.224139e+01
    endloop
  endfacet
  facet normal  0.000000e+00  1.000000e+00  -0.000000e+00
    outer loop
      vertex  7.500000e+00 -1.250000e+01  2.500000e+01
      vertex  7.500000e+00 -1.250000e+01  1.000000e+01
      vertex  2.100000e+00 -1.250000e+01  1.300000e+01
    endloop
  endfacet
  facet normal  0.000000e+00  1.000000e+00  -0.000000e+00
    outer loop
      vertex  7.500000e+00 -1.250000e+01  2.500000e+01
      vertex  2.100000e+00 -1.250000e+01  1.300000e+01
      vertex  2.064244e+00 -1.250000e+01  1.338587e+01
    endloop
  endfacet
  facet normal  0.000000e+00  1.000000e+00  -0.000000e+00
    outer loop
      vertex  7.500000e+00 -1.250000e+01  2.500000e+01
      vertex  2.064244e+00 -1.250000e+01  1.338587e+01
      vertex  1.958192e+00 -1.250000e+01  1.375861e+01
    endloop
  endfacet
  facet normal  0.000000e+00  1.000000e+00  -0.000000e+00
    outer loop
      vertex  7.500000e+00 -1.250000e+01  2.500000e+01
      vertex  1.958192e+00 -1.250000e+01  1.375861e+01
      vertex  1.785456e+00 -1.250000e+01  1.410551e+01
    endloop
  endfacet
  facet normal  0.000000e+00  1.000000e+00  -0.000000e+00
    outer loop
      vertex  7.500000e+00 -1.250000e+01  2.500000e+01
      vertex  1.785456e+00 -1.250000e+01  1.410551e+01
      vertex  1.551919e+00 -1.250000e+01  1.441476e+01
    endloop
  endfacet
  facet normal  0.000000e+00  1.000000e+00  -0.000000e+00
    outer loop
      vertex  7.500000e+00 -1.250000e+01  2.500000e+01
      vertex  1.551919e+00 -1.250000e+01  1.441476e+01
      vertex  1.265533e+00 -1.250000e+01  1.467584e+01
    endloop
  endfacet
  facet normal  0.000000e+00  1.000000e+00  -0.000000e+00
    outer loop
      vertex  7.500000e+00 -1.250000e+01  2.500000e+01
      vertex  1.265533e+00 -1.250000e+01  1.467584e+01
      vertex  9.360505e-01 -1.250000e+01  1.487984e+01
    endloop
  endfacet
  facet normal  0.000000e+00  1.000000e+00  -0.000000e+00
    outer loop
      vertex  7.500000e+00 -1.250000e+01  2.500000e+01
      vertex  9.360505e-01 -1.250000e+01  1.487984e+01
      vertex  5.746923e-01 -1.250000e+01  1.501983e+01
    endloop
  endfacet
  facet normal  0.000000e+00  1.000000e+00  -0.000000e+00
    outer loop
      vertex  7.500000e+00 -1.250000e+01  2.500000e+01
      vertex  5.746923e-01 -1.250000e+01  1.501983e+01
      vertex  1.937636e-01 -1.250000e+01  1.509104e+01
    endloop
  endfacet
  facet normal  -0.000000e+00  9.999999e-01  0.000000e+00
    outer loop
      vertex  7.500000e+00 -1.250000e+01  1.000000e+01
      vertex  1.937636e-01 -1.250000e+01  1.090896e+01
      vertex  5.746923e-01 -1.250000e+01  1.098017e+01
    endloop
  endfacet
  facet normal  -0.000000e+00  9.999999e-01  0.000000e+00
    outer loop
      vertex  7.500000e+00 -1.250000e+01  1.000000e+01
      vertex  5.746923e-01 -1.250000e+01  1.098017e+01
      vertex  9.360505e-01 -1.250000e+01  1.112016e+01
    endloop
  endfacet
  facet normal  -0.000000e+00  1.000000e+00  0.000000e+00
    outer loop
      vertex  7.500000e+00 -1.250000e+01  1.000000e+01
      vertex  9.360505e-01 -1.250000e+01  1.112016e+01
      vertex  1.265533e+00 -1.250000e+01  1.132416e+01
    endloop
  endfacet
  facet normal  -0.000000e+00  1.000000e+00  0.000000e+00
    outer loop
      vertex  7.500000e+00 -1.250000e+01  1.000000e+01
      vertex  1.265533e+00 -1.250000e+01  1.132416e+01
      vertex  1.551919e+00 -1.250000e+01  1.158524e+01
    endloop
  endfacet
  facet normal  -0.000000e+00  1.000000e+00  0.000000e+00
    outer loop
      vertex  7.500000e+00 -1.250000e+01  1.000000e+01
      vertex  1.551919e+00 -1.250000e+01  1.158524e+01
      vertex  1.785456e+00 -1.250000e+01  1.189449e+01
    endloop
  endfacet
  facet normal  -0.000000e+00  1.000000e+00  0.000000e+00
    outer loop
      vertex  7.500000e+00 -1.250000e+01  1.000000e+01
      vertex  1.785456e+00 -1.250000e+01  1.189449e+01
      vertex  1.958192e+00 -1.250000e+01  1.224139e+01
    endloop
  endfacet
  facet normal  -0.000000e+00  1.000000e+00  0.000000e+00
    outer loop
      vertex  7.500000e+00 -1.250000e+01  1.000000e+01
      vertex  1.958192e+00 -1.250000e+01  1.224139e+01
      vertex  2.064244e+00 -1.250000e+01  1.261413e+01
    endloop
  endfacet
  facet normal  -0.000000e+00  1.000000e+00  0.000000e+00
    outer loop
      vertex  7.500000e+00 -1.250000e+01  1.000000e+01
      vertex  2.064244e+00 -1.250000e+01  1.261413e+01
      vertex  2.100000e+00 -1.250000e+01  1.300000e+01
    endloop
  endfacet
  facet normal  -0.000000e+00  0.000000e+00  1.000000e+00
    outer loop
      vertex  7.500000e+00  1.250000e+01  1.000000e+01
      vertex -7.500000e+00  1.250000e+01  1.000000e+01
      vertex  8.102683e+00  1.246354e+01  1.000000e+01
    endloop
  endfacet
  facet normal  0.000000e+00  0.000000e+00  1.000000e+00
    outer loop
      vertex  8.102683e+00  1.246354e+01  1.000000e+01
      vertex -7.500000e+00  1.250000e+01  1.000000e+01
      vertex -8.102683e+00  1.246354e+01  1.000000e+01
    endloop
  endfacet
  facet normal  -0.000000e+00  0.000000e+00  1.000000e+00
    outer loop
      vertex  8.102683e+00  1.246354e+01  1.000000e+01
      vertex -8.102683e+00  1.246354e+01  1.000000e+01
      vertex  8.696578e+00  1.235471e+01  1.000000e+01
    endloop
  endfacet
  facet normal  0.000000e+00  0.000000e+00  1.000000e+00
    outer loop
      vertex  8.696578e+00  1.235471e+01  1.000000e+01
      vertex -8.102683e+00  1.246354e+01  1.000000e+01
      vertex -8.696578e+00  1.235471e+01  1.000000e+01
    endloop
  endfacet
  facet normal  -0.000000e+00  0.000000e+00  1.000000e+00
    outer loop
      vertex  8.696578e+00  1.235471e+01  1.000000e+01
      vertex -8.696578e+00  1.235471e+01  1.000000e+01
      vertex  9.273025e+00  1.217508e+01  1.000000e+01
    endloop
  endfacet
  facet normal  0.000000e+00  0.000000e+00  1.000000e+00
    outer loop
      vertex  9.273025e+00  1.217508e+01  1.000000e+01
      vertex -8.696578e+00  1.235471e+01  1.000000e+01
      vertex -9.273025e+00  1.217508e+01  1.000000e+01
    endloop
  endfacet
  facet normal  -0.000000e+00  0.000000e+00  1.000000e+00
    outer loop
      vertex  9.273025e+00  1.217508e+01  1.000000e+01
      vertex -9.273025e+00  1.217508e+01  1.000000e+01
      vertex  9.823616e+00  1.192728e+01  1.000000e+01
    endloop
  endfacet
  facet normal  0.000000e+00  0.000000e+00  1.000000e+00
    outer loop
      vertex  9.823616e+00  1.192728e+01  1.000000e+01
      vertex -9.273025e+00  1.217508e+01  1.000000e+01
      vertex -9.823616e+00  1.192728e+01  1.000000e+01
    endloop
  endfacet
  facet normal  -0.000000e+00  0.000000e+00  1.000000e+00
    outer loop
      vertex  9.823616e+00  1.192728e+01  1.000000e+01
      vertex -9.823616e+00  1.192728e+01  1.000000e+01
      vertex  1.034032e+01  1.161492e+01  1.000000e+01
    endloop
  endfacet
  facet normal  0.000000e+00  0.000000e+00  1.000000e+00
    outer loop
      vertex  1.034032e+01  1.161492e+01  1.000000e+01
      vertex -9.823616e+00  1.192728e+01  1.000000e+01
      vertex -1.034032e+01  1.161492e+01  1.000000e+01
    endloop
  endfacet
  facet normal  -0.000000e+00  0.000000e+00  1.000000e+00
    outer loop
      vertex  1.034032e+01  1.161492e+01  1.000000e+01
      vertex -1.034032e+01  1.161492e+01  1.000000e+01
      vertex  1.081561e+01  1.124255e+01  1.000000e+01
    endloop
  endfacet
  facet normal  0.000000e+00  0.000000e+00  1.000000e+00
    outer loop
      vertex  1.081561e+01  1.124255e+01  1.000000e+01
      vertex -1.034032e+01  1.161492e+01  1.000000e+01
      vertex -1.081561e+01  1.124255e+01  1.000000e+01
    endloop
  endfacet
  facet normal  -0.000000e+00  0.000000e+00  9.999999e-01
    outer loop
      vertex  1.081561e+01  1.124255e+01  1.000000e+01
      vertex -1.081561e+01  1.124255e+01  1.000000e+01
      vertex  1.124255e+01  1.081561e+01  1.000000e+01
    endloop
  endfacet
  facet normal  0.000000e+00  0.000000e+00  1.000000e+00
    outer loop
      vertex  1.124255e+01  1.081561e+01  1.000000e+01
      vertex -1.081561e+01  1.124255e+01  1.000000e+01
      vertex -1.124255e+01  1.081561e+01  1.000000e+01
    endloop
  endfacet
  facet normal  -0.000000e+00  0.000000e+00  1.000000e+00
    outer loop
      vertex  1.124255e+01  1.081561e+01  1.000000e+01
      vertex -1.124255e+01  1.081561e+01  1.000000e+01
      vertex  1.161492e+01  1.034032e+01  1.000000e+01
    endloop
  endfacet
  facet normal  0.000000e+00  0.000000e+00  1.000000e+00
    outer loop
      vertex  1.161492e+01  1.034032e+01  1.000000e+01
      vertex -1.124255e+01  1.081561e+01  1.000000e+01
      vertex -1.161492e+01  1.034032e+01  1.000000e+01
    endloop
  endfacet
  facet normal  -0.000000e+00  0.000000e+00  9.999999e-01
    outer loop
      vertex  1.161492e+01  1.034032e+01  1.000000e+01
      vertex -1.161492e+01  1.034032e+01  1.000000e+01
      vertex  1.192728e+01  9.823616e+00  1.000000e+01
    endloop
  endfacet
  facet normal  0.000000e+00  0.000000e+00  9.999999e-01
    outer loop
      vertex  1.192728e+01  9.823616e+00  1.000000e+01
      vertex -1.161492e+01  1.034032e+01  1.000000e+01
      vertex -1.192728e+01  9.823616e+00  1.000000e+01
    endloop
  endfacet
  facet normal  -0.000000e+00  0.000000e+00  9.999999e-01
    outer loop
      vertex  1.192728e+01  9.823616e+00  1.000000e+01
      vertex -1.192728e+01  9.823616e+00  1.000000e+01
      vertex  1.217508e+01  9.273025e+00  1.000000e+01
    endloop
  endfacet
  facet normal  0.000000e+00  0.000000e+00  1.000000e+00
    outer loop
      vertex  1.217508e+01  9.273025e+00  1.000000e+01
      vertex -1.192728e+01  9.823616e+00  1.000000e+01
      vertex -1.217508e+01  9.273025e+00  1.000000e+01
    endloop
  endfacet
  facet normal  -0.000000e+00  0.000000e+00  9.999999e-01
    outer loop
      vertex  1.217508e+01  9.273025e+00  1.000000e+01
      vertex -1.217508e+01  9.273025e+00  1.000000e+01
      vertex  1.235471e+01  8.696578e+00  1.000000e+01
    endloop
  endfacet
  facet normal  0.000000e+00  0.000000e+00  1.000000e+00
    outer loop
      vertex  1.235471e+01  8.696578e+00  1.000000e+01
      vertex -1.217508e+01  9.273025e+00  1.000000e+01
      vertex -1.235471e+01  8.696578e+00  1.000000e+01
    endloop
  endfacet
  facet normal  -0.000000e+00  0.000000e+00  1.000000e+00
    outer loop
      vertex  1.235471e+01  8.696578e+00  1.000000e+01
      vertex -1.235471e+01  8.696578e+00  1.000000e+01
      vertex  1.246354e+01  8.102683e+00  1.000000e+01
    endloop
  endfacet
  facet normal  0.000000e+00  0.000000e+00  1.000000e+00
    outer loop
      vertex  1.246354e+01  8.102683e+00  1.000000e+01
      vertex -1.235471e+01  8.696578e+00  1.000000e+01
      vertex -1.246354e+01  8.102683e+00  1.000000e+01
    endloop
  endfacet
  facet normal  -0.000000e+00  0.000000e+00  1.000000e+00
    outer loop
      vertex  1.246354e+01  8.102683e+00  1.000000e+01
      vertex -1.246354e+01  8.102683e+00  1.000000e+01
      vertex  1.250000e+01  7.500000e+00  1.000000e+01
    endloop
  endfacet
  facet normal  0.000000e+00  0.000000e+00  1.000000e+00
    outer loop
      vertex  1.250000e+01  7.500000e+00  1.000000e+01
      vertex -1.246354e+01  8.102683e+00  1.000000e+01
      vertex -1.250000e+01  7.500000e+00  1.000000e+01
    endloop
  endfacet
  facet normal  -0.000000e+00  0.000000e+00  1.000000e+00
    outer loop
      vertex  1.250000e+01  7.500000e+00  1.000000e+01
      vertex -1.250000e+01  7.500000e+00  1.000000e+01
      vertex  1.250000e+01 -7.500000e+00  1.000000e+01
    endloop
  endfacet
  facet normal  0.000000e+00  0.000000e+00  1.000000e+00
    outer loop
      vertex  1.250000e+01 -7.500000e+00  1.000000e+01
      vertex -1.250000e+01  7.500000e+00  1.000000e+01
      vertex -1.250000e+01 -7.500000e+00  1.000000e+01
    endloop
  endfacet
  facet normal  -0.000000e+00  0.000000e+00  1.000000e+00
    outer loop
      vertex  1.250000e+01 -7.500000e+00  1.000000e+01
      vertex -1.250000e+01 -7.500000e+00  1.000000e+01
      vertex  1.246354e+01 -8.102683e+00  1.000000e+01
    endloop
  endfacet
  facet normal  0.000000e+00  0.000000e+00  1.000000e+00
    outer loop
      vertex  1.246354e+01 -8.102683e+00  1.000000e+01
      vertex -1.250000e+01 -7.500000e+00  1.000000e+01
      vertex -1.246354e+01 -8.102683e+00  1.000000e+01
    endloop
  endfacet
  facet normal  -0.000000e+00  0.000000e+00  1.000000e+00
    outer loop
      vertex  1.246354e+01 -8.102683e+00  1.000000e+01
      vertex -1.246354e+01 -8.102683e+00  1.000000e+01
      vertex  1.235471e+01 -8.696578e+00  1.000000e+01
    endloop
  endfacet
  facet normal  0.000000e+00  0.000000e+00  1.000000e+00
    outer loop
      vertex  1.235471e+01 -8.696578e+00  1.000000e+01
      vertex -1.246354e+01 -8.102683e+00  1.000000e+01
      vertex -1.235471e+01 -8.696578e+00  1.000000e+01
    endloop
  endfacet
  facet normal  -0.000000e+00  0.000000e+00  1.000000e+00
    outer loop
      vertex  1.235471e+01 -8.696578e+00  1.000000e+01
      vertex -1.235471e+01 -8.696578e+00  1.000000e+01
      vertex  1.217508e+01 -9.273025e+00  1.000000e+01
    endloop
  endfacet
  facet normal  0.000000e+00  0.000000e+00  9.999999e-01
    outer loop
      vertex  1.217508e+01 -9.273025e+00  1.000000e+01
      vertex -1.235471e+01 -8.696578e+00  1.000000e+01
      vertex -1.217508e+01 -9.273025e+00  1.000000e+01
    endloop
  endfacet
  facet normal  -0.000000e+00  0.000000e+00  1.000000e+00
    outer loop
      vertex  1.217508e+01 -9.273025e+00  1.000000e+01
      vertex -1.217508e+01 -9.273025e+00  1.000000e+01
      vertex  1.192728e+01 -9.823616e+00  1.000000e+01
    endloop
  endfacet
  facet normal  0.000000e+00  0.000000e+00  9.999999e-01
    outer loop
      vertex  1.192728e+01 -9.823616e+00  1.000000e+01
      vertex -1.217508e+01 -9.273025e+00  1.000000e+01
      vertex -1.192728e+01 -9.823616e+00  1.000000e+01
    endloop
  endfacet
  facet normal  -0.000000e+00  0.000000e+00  9.999999e-01
    outer loop
      vertex  1.192728e+01 -9.823616e+00  1.000000e+01
      vertex -1.192728e+01 -9.823616e+00  1.000000e+01
      vertex  1.161492e+01 -1.034032e+01  1.000000e+01
    endloop
  endfacet
  facet normal  0.000000e+00  0.000000e+00  9.999999e-01
    outer loop
      vertex  1.161492e+01 -1.034032e+01  1.000000e+01
      vertex -1.192728e+01 -9.823616e+00  1.000000e+01
      vertex -1.161492e+01 -1.034032e+01  1.000000e+01
    endloop
  endfacet
  facet normal  -0.000000e+00  0.000000e+00  1.000000e+00
    outer loop
      vertex  1.161492e+01 -1.034032e+01  1.000000e+01
      vertex -1.161492e+01 -1.034032e+01  1.000000e+01
      vertex  1.124255e+01 -1.081561e+01  1.000000e+01
    endloop
  endfacet
  facet normal  0.000000e+00  0.000000e+00  1.000000e+00
    outer loop
      vertex  1.124255e+01 -1.081561e+01  1.000000e+01
      vertex -1.161492e+01 -1.034032e+01  1.000000e+01
      vertex -1.124255e+01 -1.081561e+01  1.000000e+01
    endloop
  endfacet
  facet normal  -0.000000e+00  0.000000e+00  1.000000e+00
    outer loop
      vertex  1.124255e+01 -1.081561e+01  1.000000e+01
      vertex -1.124255e+01 -1.081561e+01  1.000000e+01
      vertex  1.081561e+01 -1.124255e+01  1.000000e+01
    endloop
  endfacet
  facet normal  0.000000e+00  0.000000e+00  9.999999e-01
    outer loop
      vertex  1.081561e+01 -1.124255e+01  1.000000e+01
      vertex -1.124255e+01 -1.081561e+01  1.000000e+01
      vertex -1.081561e+01 -1.124255e+01  1.000000e+01
    endloop
  endfacet
  facet normal  -0.000000e+00  0.000000e+00  1.000000e+00
    outer loop
      vertex  1.081561e+01 -1.124255e+01  1.000000e+01
      vertex -1.081561e+01 -1.124255e+01  1.000000e+01
      vertex  1.034032e+01 -1.161492e+01  1.000000e+01
    endloop
  endfacet
  facet normal  0.000000e+00  0.000000e+00  1.000000e+00
    outer loop
      vertex  1.034032e+01 -1.161492e+01  1.000000e+01
      vertex -1.081561e+01 -1.124255e+01  1.000000e+01
      vertex -1.034032e+01 -1.161492e+01  1.000000e+01
    endloop
  endfacet
  facet normal  -0.000000e+00  0.000000e+00  1.000000e+00
    outer loop
      vertex  1.034032e+01 -1.161492e+01  1.000000e+01
      vertex -1.034032e+01 -1.161492e+01  1.000000e+01
      vertex  9.823616e+00 -1.192728e+01  1.000000e+01
    endloop
  endfacet
  facet normal  0.000000e+00  0.000000e+00  1.000000e+00
    outer loop
      vertex  9.823616e+00 -1.192728e+01  1.000000e+01
      vertex -1.034032e+01 -1.161492e+01  1.000000e+01
      vertex -9.823616e+00 -1.192728e+01  1.000000e+01
    endloop
  endfacet
  facet normal  -0.000000e+00  0.000000e+00  1.000000e+00
    outer loop
      vertex  9.823616e+00 -1.192728e+01  1.000000e+01
      vertex -9.823616e+00 -1.192728e+01  1.000000e+01
      vertex  9.273025e+00 -1.217508e+01  1.000000e+01
    endloop
  endfacet
  facet normal  0.000000e+00  0.000000e+00  1.000000e+00
    outer loop
      vertex  9.273025e+00 -1.217508e+01  1.000000e+01
      vertex -9.823616e+00 -1.192728e+01  1.000000e+01
      vertex -9.273025e+00 -1.217508e+01  1.000000e+01
    endloop
  endfacet
  facet normal  -0.000000e+00  0.000000e+00  1.000000e+00
    outer loop
      vertex  9.273025e+00 -1.217508e+01  1.000000e+01
      vertex -9.273025e+00 -1.217508e+01  1.000000e+01
      vertex  8.696578e+00 -1.235471e+01  1.000000e+01
    endloop
  endfacet
  facet normal  0.000000e+00  0.000000e+00  1.000000e+00
    outer loop
      vertex  8.696578e+00 -1.235471e+01  1.000000e+01
      vertex -9.273025e+00 -1.217508e+01  1.000000e+01
      vertex -8.696578e+00 -1.235471e+01  1.000000e+01
    endloop
  endfacet
  facet normal  -0.000000e+00  0.000000e+00  1.000000e+00
    outer loop
      vertex  8.696578e+00 -1.235471e+01  1.000000e+01
      vertex -8.696578e+00 -1.235471e+01  1.000000e+01
      vertex  8.102683e+00 -1.246354e+01  1.000000e+01
    endloop
  endfacet
  facet normal  0.000000e+00  0.000000e+00  1.000000e+00
    outer loop
      vertex  8.102683e+00 -1.246354e+01  1.000000e+01
      vertex -8.696578e+00 -1.235471e+01  1.000000e+01
      vertex -8.102683e+00 -1.246354e+01  1.000000e+01
    endloop
  endfacet
  facet normal  -0.000000e+00  0.000000e+00  1.000000e+00
    outer loop
      vertex  8.102683e+00 -1.246354e+01  1.000000e+01
      vertex -8.102683e+00 -1.246354e+01  1.000000e+01
      vertex  7.500000e+00 -1.250000e+01  1.000000e+01
    endloop
  endfacet
  facet normal  0.000000e+00  0.000000e+00  1.000000e+00
    outer loop
      vertex  7.500000e+00 -1.250000e+01  1.000000e+01
      vertex -8.102683e+00 -1.246354e+01  1.000000e+01
      vertex -7.500000e+00 -1.250000e+01  1.000000e+01
    endloop
  endfacet
  facet normal  1.000000e+00  0.000000e+00  0.000000e+00
    outer loop
      vertex -1.250000e+01  7.500000e+00  1.000000e+01
      vertex -1.250000e+01  7.500000e+00  2.500000e+01
      vertex -1.250000e+01 -7.500000e+00  1.000000e+01
    endloop
  endfacet
  facet normal  1.000000e+00  0.000000e+00  0.000000e+00
    outer loop
      vertex -1.250000e+01 -7.500000e+00  1.000000e+01
      vertex -1.250000e+01  7.500000e+00  2.500000e+01
      vertex -1.250000e+01 -7.500000e+00  2.500000e+01
    endloop
  endfacet
  facet normal  -0.000000e+00  0.000000e+00  1.000000e+00
    outer loop
      vertex -1.634776e+01 -1.526537e+01  2.500000e+01
      vertex -1.996354e+01 -1.560268e+01  2.500000e+01
      vertex -1.616294e+01 -1.561114e+01  2.500000e+01
    endloop
  endfacet
  facet normal  0.000000e+00  0.000000e+00  1.000000e+00
    outer loop
      vertex  1.985471e+01  1.619658e+01  2.500000e+01
      vertex  1.489018e+01  1.646157e+01  2.500000e+01
      vertex  1.526537e+01  1.634776e+01  2.500000e+01
    endloop
  endfacet
  facet normal  0.000000e+00  -0.000000e+00  1.000000e+00
    outer loop
      vertex  1.526537e+01  1.634776e+01  2.500000e+01
      vertex  1.561114e+01  1.616294e+01  2.500000e+01
      vertex  1.985471e+01  1.619658e+01  2.500000e+01
    endloop
  endfacet
  facet normal  0.000000e+00  0.000000e+00  1.000000e+00
    outer loop
      vertex  1.634776e+01 -1.526537e+01  2.500000e+01
      vertex  1.616294e+01 -1.561114e+01  2.500000e+01
      vertex  1.996354e+01 -1.560268e+01  2.500000e+01
    endloop
  endfacet
  facet normal  0.000000e+00  0.000000e+00  1.000000e+00
    outer loop
      vertex -7.500000e+00 -1.250000e+01  2.500000e+01
      vertex -8.102683e+00 -1.246354e+01  2.500000e+01
      vertex -1.450000e+01 -1.250000e+01  2.500000e+01
    endloop
  endfacet
  facet normal  -0.000000e+00  0.000000e+00  1.000000e+00
    outer loop
      vertex -7.500000e+00 -1.250000e+01  2.500000e+01
      vertex -1.450000e+01 -1.250000e+01  2.500000e+01
      vertex -1.410982e+01 -1.253843e+01  2.500000e+01
    endloop
  endfacet
  facet normal  -0.000000e+00  0.000000e+00  1.000000e+00
    outer loop
      vertex -7.500000e+00 -1.250000e+01  2.500000e+01
      vertex -1.410982e+01 -1.253843e+01  2.500000e+01
      vertex -1.373463e+01 -1.265224e+01  2.500000e+01
    endloop
  endfacet
  facet normal  -0.000000e+00  0.000000e+00  1.000000e+00
    outer loop
      vertex -7.500000e+00 -1.250000e+01  2.500000e+01
      vertex -1.373463e+01 -1.265224e+01  2.500000e+01
      vertex -1.338886e+01 -1.283706e+01  2.500000e+01
    endloop
  endfacet
  facet normal  -0.000000e+00  0.000000e+00  9.999999e-01
    outer loop
      vertex -7.500000e+00 -1.250000e+01  2.500000e+01
      vertex -1.338886e+01 -1.283706e+01  2.500000e+01
      vertex -1.308579e+01 -1.308579e+01  2.500000e+01
    endloop
  endfacet
  facet normal  -0.000000e+00  0.000000e+00  1.000000e+00
    outer loop
      vertex -7.500000e+00 -1.250000e+01  2.500000e+01
      vertex -1.308579e+01 -1.308579e+01  2.500000e+01
      vertex -1.283706e+01 -1.338886e+01  2.500000e+01
    endloop
  endfacet
  facet normal  -0.000000e+00  0.000000e+00  1.000000e+00
    outer loop
      vertex -7.500000e+00 -1.250000e+01  2.500000e+01
      vertex -1.283706e+01 -1.338886e+01  2.500000e+01
      vertex -1.265224e+01 -1.373463e+01  2.500000e+01
    endloop
  endfacet
  facet normal  -0.000000e+00  0.000000e+00  1.000000e+00
    outer loop
      vertex -7.500000e+00 -1.250000e+01  2.500000e+01
      vertex -1.265224e+01 -1.373463e+01  2.500000e+01
      vertex -1.253843e+01 -1.410982e+01  2.500000e+01
    endloop
  endfacet
  facet normal  -0.000000e+00  0.000000e+00  1.000000e+00
    outer loop
      vertex -7.500000e+00 -1.250000e+01  2.500000e+01
      vertex -1.253843e+01 -1.410982e+01  2.500000e+01
      vertex -1.250000e+01 -1.450000e+01  2.500000e+01
    endloop
  endfacet
  facet normal  -0.000000e+00  0.000000e+00  1.000000e+00
    outer loop
      vertex -7.500000e+00 -1.250000e+01  2.500000e+01
      vertex -1.250000e+01 -1.450000e+01  2.500000e+01
      vertex -1.253843e+01 -1.489018e+01  2.500000e+01
    endloop
  endfacet
  facet normal  -0.000000e+00  0.000000e+00  1.000000e+00
    outer loop
      vertex -7.500000e+00 -1.250000e+01  2.500000e+01
      vertex -1.253843e+01 -1.489018e+01  2.500000e+01
      vertex -1.265224e+01 -1.526537e+01  2.500000e+01
    endloop
  endfacet
  facet normal  0.000000e+00  -0.000000e+00  1.000000e+00
    outer loop
      vertex  7.500000e+00 -1.250000e+01  2.500000e+01
      vertex  1.250000e+01 -1.450000e+01  2.500000e+01
      vertex  1.253843e+01 -1.410982e+01  2.500000e+01
    endloop
  endfacet
  facet normal  0.000000e+00  -0.000000e+00  1.000000e+00
    outer loop
      vertex  7.500000e+00 -1.250000e+01  2.500000e+01
      vertex  1.253843e+01 -1.410982e+01  2.500000e+01
      vertex  1.265224e+01 -1.373463e+01  2.500000e+01
    endloop
  endfacet
  facet normal  0.000000e+00  -0.000000e+00  1.000000e+00
    outer loop
      vertex  7.500000e+00 -1.250000e+01  2.500000e+01
      vertex  1.265224e+01 -1.373463e+01  2.500000e+01
      vertex  1.283706e+01 -1.338886e+01  2.500000e+01
    endloop
  endfacet
  facet normal  0.000000e+00  -0.000000e+00  1.000000e+00
    outer loop
      vertex  7.500000e+00 -1.250000e+01  2.500000e+01
      vertex  1.283706e+01 -1.338886e+01  2.500000e+01
      vertex  1.308579e+01 -1.308579e+01  2.500000e+01
    endloop
  endfacet
  facet normal  0.000000e+00  -0.000000e+00  9.999999e-01
    outer loop
      vertex  7.500000e+00 -1.250000e+01  2.500000e+01
      vertex  1.308579e+01 -1.308579e+01  2.500000e+01
      vertex  1.338886e+01 -1.283706e+01  2.500000e+01
    endloop
  endfacet
  facet normal  0.000000e+00  -0.000000e+00  1.000000e+00
    outer loop
      vertex  7.500000e+00 -1.250000e+01  2.500000e+01
      vertex  1.338886e+01 -1.283706e+01  2.500000e+01
      vertex  1.373463e+01 -1.265224e+01  2.500000e+01
    endloop
  endfacet
  facet normal  0.000000e+00  -0.000000e+00  1.000000e+00
    outer loop
      vertex  7.500000e+00 -1.250000e+01  2.500000e+01
      vertex  1.373463e+01 -1.265224e+01  2.500000e+01
      vertex  1.410982e+01 -1.253843e+01  2.500000e+01
    endloop
  endfacet
  facet normal  0.000000e+00  0.000000e+00  1.000000e+00
    outer loop
      vertex  7.500000e+00  1.250000e+01  2.500000e+01
      vertex  1.450000e+01  1.250000e+01  2.500000e+01
      vertex  1.410982e+01  1.253843e+01  2.500000e+01
    endloop
  endfacet
  facet normal  0.000000e+00  0.000000e+00  1.000000e+00
    outer loop
      vertex  7.500000e+00  1.250000e+01  2.500000e+01
      vertex  1.410982e+01  1.253843e+01  2.500000e+01
      vertex  1.373463e+01  1.265224e+01  2.500000e+01
    endloop
  endfacet
  facet normal  0.000000e+00  0.000000e+00  1.000000e+00
    outer loop
      vertex  7.500000e+00  1.250000e+01  2.500000e+01
      vertex  1.373463e+01  1.265224e+01  2.500000e+01
      vertex  1.338886e+01  1.283706e+01  2.500000e+01
    endloop
  endfacet
  facet normal  0.000000e+00  0.000000e+00  9.999999e-01
    outer loop
      vertex  7.500000e+00  1.250000e+01  2.500000e+01
      vertex  1.338886e+01  1.283706e+01  2.500000e+01
      vertex  1.308579e+01  1.308579e+01  2.500000e+01
    endloop
  endfacet
  facet normal  0.000000e+00  0.000000e+00  1.000000e+00
    outer loop
      vertex  7.500000e+00  1.250000e+01  2.500000e+01
      vertex  1.308579e+01  1.308579e+01  2.500000e+01
      vertex  1.283706e+01  1.338886e+01  2.500000e+01
    endloop
  endfacet
  facet normal  0.000000e+00  0.000000e+00  1.000000e+00
    outer loop
      vertex  7.500000e+00  1.250000e+01  2.500000e+01
      vertex  1.283706e+01  1.338886e+01  2.500000e+01
      vertex  1.265224e+01  1.373463e+01  2.500000e+01
    endloop
  endfacet
  facet normal  0.000000e+00  0.000000e+00  1.000000e+00
    outer loop
      vertex  7.500000e+00  1.250000e+01  2.500000e+01
      vertex  1.265224e+01  1.373463e+01  2.500000e+01
      vertex  1.253843e+01  1.410982e+01  2.500000e+01
    endloop
  endfacet
  facet normal  0.000000e+00  0.000000e+00  1.000000e+00
    outer loop
      vertex  7.500000e+00  1.250000e+01  2.500000e+01
      vertex  1.253843e+01  1.410982e+01  2.500000e+01
      vertex  1.250000e+01  1.450000e+01  2.500000e+01
    endloop
  endfacet
  facet normal  0.000000e+00  0.000000e+00  1.000000e+00
    outer loop
      vertex -7.500000e+00  1.250000e+01  2.500000e+01
      vertex -1.265224e+01  1.526537e+01  2.500000e+01
      vertex -1.253843e+01  1.489018e+01  2.500000e+01
    endloop
  endfacet
  facet normal  0.000000e+00  0.000000e+00  1.000000e+00
    outer loop
      vertex -7.500000e+00  1.250000e+01  2.500000e+01
      vertex -1.253843e+01  1.489018e+01  2.500000e+01
      vertex -1.250000e+01  1.450000e+01  2.500000e+01
    endloop
  endfacet
  facet normal  0.000000e+00  0.000000e+00  1.000000e+00
    outer loop
      vertex -7.500000e+00  1.250000e+01  2.500000e+01
      vertex -1.250000e+01  1.450000e+01  2.500000e+01
      vertex -1.253843e+01  1.410982e+01  2.500000e+01
    endloop
  endfacet
  facet normal  0.000000e+00  0.000000e+00  1.000000e+00
    outer loop
      vertex -7.500000e+00  1.250000e+01  2.500000e+01
      vertex -1.253843e+01  1.410982e+01  2.500000e+01
      vertex -1.265224e+01  1.373463e+01  2.500000e+01
    endloop
  endfacet
  facet normal  0.000000e+00  0.000000e+00  1.000000e+00
    outer loop
      vertex -7.500000e+00  1.250000e+01  2.500000e+01
      vertex -1.265224e+01  1.373463e+01  2.500000e+01
      vertex -1.283706e+01  1.338886e+01  2.500000e+01
    endloop
  endfacet
  facet normal  0.000000e+00  0.000000e+00  1.000000e+00
    outer loop
      vertex -7.500000e+00  1.250000e+01  2.500000e+01
      vertex -1.283706e+01  1.338886e+01  2.500000e+01
      vertex -1.308579e+01  1.308579e+01  2.500000e+01
    endloop
  endfacet
  facet normal  0.000000e+00  0.000000e+00  9.999999e-01
    outer loop
      vertex -7.500000e+00  1.250000e+01  2.500000e+01
      vertex -1.308579e+01  1.308579e+01  2.500000e+01
      vertex -1.338886e+01  1.283706e+01  2.500000e+01
    endloop
  endfacet
  facet normal  0.000000e+00  0.000000e+00  1.000000e+00
    outer loop
      vertex -7.500000e+00  1.250000e+01  2.500000e+01
      vertex -1.338886e+01  1.283706e+01  2.500000e+01
      vertex -1.373463e+01  1.265224e+01  2.500000e+01
    endloop
  endfacet
  facet normal  0.000000e+00  0.000000e+00  1.000000e+00
    outer loop
      vertex -7.500000e+00  1.250000e+01  2.500000e+01
      vertex -1.373463e+01  1.265224e+01  2.500000e+01
      vertex -1.410982e+01  1.253843e+01  2.500000e+01
    endloop
  endfacet
  facet normal  0.000000e+00  0.000000e+00  1.000000e+00
    outer loop
      vertex -7.500000e+00  1.250000e+01  2.500000e+01
      vertex -1.410982e+01  1.253843e+01  2.500000e+01
      vertex -1.450000e+01  1.250000e+01  2.500000e+01
    endloop
  endfacet
  facet normal  0.000000e+00  0.000000e+00  1.000000e+00
    outer loop
      vertex -2.000000e+01  1.500000e+01  2.500000e+01
      vertex -2.000000e+01 -1.500000e+01  2.500000e+01
      vertex -1.650000e+01  1.450000e+01  2.500000e+01
    endloop
  endfacet
  facet normal  0.000000e+00  -0.000000e+00  9.999999e-01
    outer loop
      vertex -2.000000e+01  1.500000e+01  2.500000e+01
      vertex -1.650000e+01  1.450000e+01  2.500000e+01
      vertex -1.646157e+01  1.489018e+01  2.500000e+01
    endloop
  endfacet
  facet normal  0.000000e+00  -0.000000e+00  1.000000e+00
    outer loop
      vertex -2.000000e+01  1.500000e+01  2.500000e+01
      vertex -1.646157e+01  1.489018e+01  2.500000e+01
      vertex -1.634776e+01  1.526537e+01  2.500000e+01
    endloop
  endfacet
  facet normal  0.000000e+00  -0.000000e+00  1.000000e+00
    outer loop
      vertex -2.000000e+01  1.500000e+01  2.500000e+01
      vertex -1.634776e+01  1.526537e+01  2.500000e+01
      vertex -1.616294e+01  1.561114e+01  2.500000e+01
    endloop
  endfacet
  facet normal  0.000000e+00  0.000000e+00  1.000000e+00
    outer loop
      vertex -2.000000e+01  1.500000e+01  2.500000e+01
      vertex -1.616294e+01  1.561114e+01  2.500000e+01
      vertex -1.996354e+01  1.560268e+01  2.500000e+01
    endloop
  endfacet
  facet normal  0.000000e+00  0.000000e+00  1.000000e+00
    outer loop
      vertex  2.000000e+01  1.500000e+01  2.500000e+01
      vertex  1.996354e+01  1.560268e+01  2.500000e+01
      vertex  1.616294e+01  1.561114e+01  2.500000e+01
    endloop
  endfacet
  facet normal  0.000000e+00  0.000000e+00  1.000000e+00
    outer loop
      vertex  2.000000e+01  1.500000e+01  2.500000e+01
      vertex  1.616294e+01  1.561114e+01  2.500000e+01
      vertex  1.634776e+01  1.526537e+01  2.500000e+01
    endloop
  endfacet
  facet normal  0.000000e+00  0.000000e+00  1.000000e+00
    outer loop
      vertex  2.000000e+01  1.500000e+01  2.500000e+01
      vertex  1.634776e+01  1.526537e+01  2.500000e+01
      vertex  1.646157e+01  1.489018e+01  2.500000e+01
    endloop
  endfacet
  facet normal  -0.000000e+00  0.000000e+00  9.999999e-01
    outer loop
      vertex  2.000000e+01  1.500000e+01  2.500000e+01
      vertex  1.646157e+01  1.489018e+01  2.500000e+01
      vertex  1.650000e+01  1.450000e+01  2.500000e+01
    endloop
  endfacet
  facet normal  -0.000000e+00  0.000000e+00  1.000000e+00
    outer loop
      vertex  2.000000e+01  1.500000e+01  2.500000e+01
      vertex  1.650000e+01  1.450000e+01  2.500000e+01
      vertex  2.000000e+01 -1.500000e+01  2.500000e+01
    endloop
  endfacet
  facet normal  -0.000000e+00  -0.000000e+00  1.000000e+00
    outer loop
      vertex -1.967508e+01 -1.677302e+01  2.500000e+01
      vertex -1.942728e+01 -1.732362e+01  2.500000e+01
      vertex -1.911492e+01 -1.784032e+01  2.500000e+01
    endloop
  endfacet
  facet normal  -0.000000e+00  -0.000000e+00  1.000000e+00
    outer loop
      vertex -1.967508e+01 -1.677302e+01  2.500000e+01
      vertex -1.911492e+01 -1.784032e+01  2.500000e+01
      vertex -1.874255e+01 -1.831561e+01  2.500000e+01
    endloop
  endfacet
  facet normal  -0.000000e+00  -0.000000e+00  1.000000e+00
    outer loop
      vertex -1.967508e+01 -1.677302e+01  2.500000e+01
      vertex -1.874255e+01 -1.831561e+01  2.500000e+01
      vertex -1.831561e+01 -1.874255e+01  2.500000e+01
    endloop
  endfacet
  facet normal  -0.000000e+00  -0.000000e+00  1.000000e+00
    outer loop
      vertex -1.967508e+01 -1.677302e+01  2.500000e+01
      vertex -1.831561e+01 -1.874255e+01  2.500000e+01
      vertex -1.784032e+01 -1.911492e+01  2.500000e+01
    endloop
  endfacet
  facet normal  -0.000000e+00  -0.000000e+00  1.000000e+00
    outer loop
      vertex -1.967508e+01 -1.677302e+01  2.500000e+01
      vertex -1.784032e+01 -1.911492e+01  2.500000e+01
      vertex -1.732362e+01 -1.942728e+01  2.500000e+01
    endloop
  endfacet
  facet normal  -0.000000e+00  -0.000000e+00  1.000000e+00
    outer loop
      vertex -1.967508e+01 -1.677302e+01  2.500000e+01
      vertex -1.732362e+01 -1.942728e+01  2.500000e+01
      vertex -1.677302e+01 -1.967508e+01  2.500000e+01
    endloop
  endfacet
  facet normal  -0.000000e+00  -0.000000e+00  1.000000e+00
    outer loop
      vertex -1.967508e+01 -1.677302e+01  2.500000e+01
      vertex -1.677302e+01 -1.967508e+01  2.500000e+01
      vertex -1.619658e+01 -1.985471e+01  2.500000e+01
    endloop
  endfacet
  facet normal  -0.000000e+00  -0.000000e+00  1.000000e+00
    outer loop
      vertex -1.967508e+01 -1.677302e+01  2.500000e+01
      vertex -1.619658e+01 -1.985471e+01  2.500000e+01
      vertex -1.560268e+01 -1.996354e+01  2.500000e+01
    endloop
  endfacet
  facet normal  -0.000000e+00  -0.000000e+00  9.999999e-01
    outer loop
      vertex -1.967508e+01 -1.677302e+01  2.500000e+01
      vertex -1.560268e+01 -1.996354e+01  2.500000e+01
      vertex -1.500000e+01 -2.000000e+01  2.500000e+01
    endloop
  endfacet
  facet normal  0.000000e+00  -0.000000e+00  1.000000e+00
    outer loop
      vertex -1.967508e+01 -1.677302e+01  2.500000e+01
      vertex -1.500000e+01 -2.000000e+01  2.500000e+01
      vertex -1.450000e+01 -1.650000e+01  2.500000e+01
    endloop
  endfacet
  facet normal  0.000000e+00  0.000000e+00  1.000000e+00
    outer loop
      vertex -1.967508e+01 -1.677302e+01  2.500000e+01
      vertex -1.450000e+01 -1.650000e+01  2.500000e+01
      vertex -1.489018e+01 -1.646157e+01  2.500000e+01
    endloop
  endfacet
  facet normal  0.000000e+00  0.000000e+00  1.000000e+00
    outer loop
      vertex -1.967508e+01 -1.677302e+01  2.500000e+01
      vertex -1.489018e+01 -1.646157e+01  2.500000e+01
      vertex -1.526537e+01 -1.634776e+01  2.500000e+01
    endloop
  endfacet
  facet normal  0.000000e+00  0.000000e+00  1.000000e+00
    outer loop
      vertex -1.967508e+01 -1.677302e+01  2.500000e+01
      vertex -1.526537e+01 -1.634776e+01  2.500000e+01
      vertex -1.561114e+01 -1.616294e+01  2.500000e+01
    endloop
  endfacet
  facet normal  0.000000e+00  0.000000e+00  1.000000e+00
    outer loop
      vertex -1.967508e+01 -1.677302e+01  2.500000e+01
      vertex -1.561114e+01 -1.616294e+01  2.500000e+01
      vertex -1.985471e+01 -1.619658e+01  2.500000e+01
    endloop
  endfacet
  facet normal  0.000000e+00  0.000000e+00  1.000000e+00
    outer loop
      vertex -1.500000e+01 -2.000000e+01  2.500000e+01
      vertex  1.500000e+01 -2.000000e+01  2.500000e+01
      vertex  1.450000e+01 -1.650000e+01  2.500000e+01
    endloop
  endfacet
  facet normal  0.000000e+00  0.000000e+00  1.000000e+00
    outer loop
      vertex -1.500000e+01 -2.000000e+01  2.500000e+01
      vertex  1.450000e+01 -1.650000e+01  2.500000e+01
      vertex  1.410982e+01 -1.646157e+01  2.500000e+01
    endloop
  endfacet
  facet normal  0.000000e+00  0.000000e+00  1.000000e+00
    outer loop
      vertex -1.500000e+01 -2.000000e+01  2.500000e+01
      vertex  1.410982e+01 -1.646157e+01  2.500000e+01
      vertex  1.373463e+01 -1.634776e+01  2.500000e+01
    endloop
  endfacet
  facet normal  0.000000e+00  0.000000e+00  9.999999e-01
    outer loop
      vertex -1.500000e+01 -2.000000e+01  2.500000e+01
      vertex  1.373463e+01 -1.634776e+01  2.500000e+01
      vertex  1.338886e+01 -1.616294e+01  2.500000e+01
    endloop
  endfacet
  facet normal  0.000000e+00  0.000000e+00  1.000000e+00
    outer loop
      vertex -1.500000e+01 -2.000000e+01  2.500000e+01
      vertex  1.338886e+01 -1.616294e+01  2.500000e+01
      vertex  1.308579e+01 -1.591421e+01  2.500000e+01
    endloop
  endfacet
  facet normal  0.000000e+00  0.000000e+00  1.000000e+00
    outer loop
      vertex -1.500000e+01 -2.000000e+01  2.500000e+01
      vertex  1.308579e+01 -1.591421e+01  2.500000e+01
      vertex  1.283706e+01 -1.561114e+01  2.500000e+01
    endloop
  endfacet
  facet normal  0.000000e+00  0.000000e+00  1.000000e+00
    outer loop
      vertex -1.500000e+01 -2.000000e+01  2.500000e+01
      vertex  1.283706e+01 -1.561114e+01  2.500000e+01
      vertex  1.265224e+01 -1.526537e+01  2.500000e+01
    endloop
  endfacet
  facet normal  0.000000e+00  0.000000e+00  9.999999e-01
    outer loop
      vertex -1.500000e+01 -2.000000e+01  2.500000e+01
      vertex  1.265224e+01 -1.526537e+01  2.500000e+01
      vertex  1.253843e+01 -1.489018e+01  2.500000e+01
    endloop
  endfacet
  facet normal  0.000000e+00  0.000000e+00  1.000000e+00
    outer loop
      vertex -1.500000e+01 -2.000000e+01  2.500000e+01
      vertex  1.253843e+01 -1.489018e+01  2.500000e+01
      vertex  1.250000e+01 -1.450000e+01  2.500000e+01
    endloop
  endfacet
  facet normal  0.000000e+00  0.000000e+00  9.999999e-01
    outer loop
      vertex -1.500000e+01 -2.000000e+01  2.500000e+01
      vertex  1.250000e+01 -1.450000e+01  2.500000e+01
      vertex  7.500000e+00 -1.250000e+01  2.500000e+01
    endloop
  endfacet
  facet normal  0.000000e+00  0.000000e+00  1.000000e+00
    outer loop
      vertex -1.500000e+01 -2.000000e+01  2.500000e+01
      vertex  7.500000e+00 -1.250000e+01  2.500000e+01
      vertex -7.500000e+00 -1.250000e+01  2.500000e+01
    endloop
  endfacet
  facet normal  0.000000e+00  0.000000e+00  1.000000e+00
    outer loop
      vertex -1.500000e+01 -2.000000e+01  2.500000e+01
      vertex -7.500000e+00 -1.250000e+01  2.500000e+01
      vertex -1.265224e+01 -1.526537e+01  2.500000e+01
    endloop
  endfacet
  facet normal  0.000000e+00  0.000000e+00  1.000000e+00
    outer loop
      vertex -1.500000e+01 -2.000000e+01  2.500000e+01
      vertex -1.265224e+01 -1.526537e+01  2.500000e+01
      vertex -1.283706e+01 -1.561114e+01  2.500000e+01
    endloop
  endfacet
  facet normal  0.000000e+00  0.000000e+00  1.000000e+00
    outer loop
      vertex -1.500000e+01 -2.000000e+01  2.500000e+01
      vertex -1.283706e+01 -1.561114e+01  2.500000e+01
      vertex -1.308579e+01 -1.591421e+01  2.500000e+01
    endloop
  endfacet
  facet normal  0.000000e+00  0.000000e+00  1.000000e+00
    outer loop
      vertex -1.500000e+01 -2.000000e+01  2.500000e+01
      vertex -1.308579e+01 -1.591421e+01  2.500000e+01
      vertex -1.338886e+01 -1.616294e+01  2.500000e+01
    endloop
  endfacet
  facet normal  0.000000e+00  0.000000e+00  1.000000e+00
    outer loop
      vertex -1.500000e+01 -2.000000e+01  2.500000e+01
      vertex -1.338886e+01 -1.616294e+01  2.500000e+01
      vertex -1.373463e+01 -1.634776e+01  2.500000e+01
    endloop
  endfacet
  facet normal  0.000000e+00  0.000000e+00  1.000000e+00
    outer loop
      vertex -1.500000e+01 -2.000000e+01  2.500000e+01
      vertex -1.373463e+01 -1.634776e+01  2.500000e+01
      vertex -1.410982e+01 -1.646157e+01  2.500000e+01
    endloop
  endfacet
  facet normal  0.000000e+00  0.000000e+00  1.000000e+00
    outer loop
      vertex -1.500000e+01 -2.000000e+01  2.500000e+01
      vertex -1.410982e+01 -1.646157e+01  2.500000e+01
      vertex -1.450000e+01 -1.650000e+01  2.500000e+01
    endloop
  endfacet
  facet normal  0.000000e+00  -0.000000e+00  1.000000e+00
    outer loop
      vertex  1.450000e+01 -1.650000e+01  2.500000e+01
      vertex  1.500000e+01 -2.000000e+01  2.500000e+01
      vertex  1.560268e+01 -1.996354e+01  2.500000e+01
    endloop
  endfacet
  facet normal  0.000000e+00  -0.000000e+00  1.000000e+00
    outer loop
      vertex  1.450000e+01 -1.650000e+01  2.500000e+01
      vertex  1.560268e+01 -1.996354e+01  2.500000e+01
      vertex  1.619658e+01 -1.985471e+01  2.500000e+01
    endloop
  endfacet
  facet normal  0.000000e+00  -0.000000e+00  1.000000e+00
    outer loop
      vertex  1.450000e+01 -1.650000e+01  2.500000e+01
      vertex  1.619658e+01 -1.985471e+01  2.500000e+01
      vertex  1.677302e+01 -1.967508e+01  2.500000e+01
    endloop
  endfacet
  facet normal  0.000000e+00  -0.000000e+00  1.000000e+00
    outer loop
      vertex  1.450000e+01 -1.650000e+01  2.500000e+01
      vertex  1.677302e+01 -1.967508e+01  2.500000e+01
      vertex  1.732362e+01 -1.942728e+01  2.500000e+01
    endloop
  endfacet
  facet normal  0.000000e+00  -0.000000e+00  1.000000e+00
    outer loop
      vertex  1.450000e+01 -1.650000e+01  2.500000e+01
      vertex  1.732362e+01 -1.942728e+01  2.500000e+01
      vertex  1.784032e+01 -1.911492e+01  2.500000e+01
    endloop
  endfacet
  facet normal  0.000000e+00  -0.000000e+00  1.000000e+00
    outer loop
      vertex  1.450000e+01 -1.650000e+01  2.500000e+01
      vertex  1.784032e+01 -1.911492e+01  2.500000e+01
      vertex  1.831561e+01 -1.874255e+01  2.500000e+01
    endloop
  endfacet
  facet normal  0.000000e+00  -0.000000e+00  1.000000e+00
    outer loop
      vertex  1.450000e+01 -1.650000e+01  2.500000e+01
      vertex  1.831561e+01 -1.874255e+01  2.500000e+01
      vertex  1.874255e+01 -1.831561e+01  2.500000e+01
    endloop
  endfacet
  facet normal  0.000000e+00  -0.000000e+00  1.000000e+00
    outer loop
      vertex  1.450000e+01 -1.650000e+01  2.500000e+01
      vertex  1.874255e+01 -1.831561e+01  2.500000e+01
      vertex  1.911492e+01 -1.784032e+01  2.500000e+01
    endloop
  endfacet
  facet normal  0.000000e+00  -0.000000e+00  1.000000e+00
    outer loop
      vertex  1.450000e+01 -1.650000e+01  2.500000e+01
      vertex  1.911492e+01 -1.784032e+01  2.500000e+01
      vertex  1.942728e+01 -1.732362e+01  2.500000e+01
    endloop
  endfacet
  facet normal  0.000000e+00  -0.000000e+00  1.000000e+00
    outer loop
      vertex  1.450000e+01 -1.650000e+01  2.500000e+01
      vertex  1.942728e+01 -1.732362e+01  2.500000e+01
      vertex  1.967508e+01 -1.677302e+01  2.500000e+01
    endloop
  endfacet
  facet normal  0.000000e+00  0.000000e+00  1.000000e+00
    outer loop
      vertex  1.450000e+01 -1.650000e+01  2.500000e+01
      vertex  1.967508e+01 -1.677302e+01  2.500000e+01
      vertex  1.489018e+01 -1.646157e+01  2.500000e+01
    endloop
  endfacet
  facet normal  -0.000000e+00  0.000000e+00  1.000000e+00
    outer loop
      vertex -1.500000e+01  2.000000e+01  2.500000e+01
      vertex -1.560268e+01  1.996354e+01  2.500000e+01
      vertex -1.450000e+01  1.650000e+01  2.500000e+01
    endloop
  endfacet
  facet normal  -0.000000e+00  -0.000000e+00  1.000000e+00
    outer loop
      vertex -1.500000e+01  2.000000e+01  2.500000e+01
      vertex -1.450000e+01  1.650000e+01  2.500000e+01
      vertex -1.410982e+01  1.646157e+01  2.500000e+01
    endloop
  endfacet
  facet normal  -0.000000e+00  -0.000000e+00  1.000000e+00
    outer loop
      vertex -1.500000e+01  2.000000e+01  2.500000e+01
      vertex -1.410982e+01  1.646157e+01  2.500000e+01
      vertex -1.373463e+01  1.634776e+01  2.500000e+01
    endloop
  endfacet
  facet normal  -0.000000e+00  -0.000000e+00  1.000000e+00
    outer loop
      vertex -1.500000e+01  2.000000e+01  2.500000e+01
      vertex -1.373463e+01  1.634776e+01  2.500000e+01
      vertex -1.338886e+01  1.616294e+01  2.500000e+01
    endloop
  endfacet
  facet normal  -0.000000e+00  -0.000000e+00  1.000000e+00
    outer loop
      vertex -1.500000e+01  2.000000e+01  2.500000e+01
      vertex -1.338886e+01  1.616294e+01  2.500000e+01
      vertex -1.308579e+01  1.591421e+01  2.500000e+01
    endloop
  endfacet
  facet normal  -0.000000e+00  -0.000000e+00  1.000000e+00
    outer loop
      vertex -1.500000e+01  2.000000e+01  2.500000e+01
      vertex -1.308579e+01  1.591421e+01  2.500000e+01
      vertex -1.283706e+01  1.561114e+01  2.500000e+01
    endloop
  endfacet
  facet normal  -0.000000e+00  -0.000000e+00  1.000000e+00
    outer loop
      vertex -1.500000e+01  2.000000e+01  2.500000e+01
      vertex -1.283706e+01  1.561114e+01  2.500000e+01
      vertex -1.265224e+01  1.526537e+01  2.500000e+01
    endloop
  endfacet
  facet normal  -0.000000e+00  -0.000000e+00  1.000000e+00
    outer loop
      vertex -1.500000e+01  2.000000e+01  2.500000e+01
      vertex -1.265224e+01  1.526537e+01  2.500000e+01
      vertex -7.500000e+00  1.250000e+01  2.500000e+01
    endloop
  endfacet
  facet normal  0.000000e+00  -0.000000e+00  1.000000e+00
    outer loop
      vertex -1.500000e+01  2.000000e+01  2.500000e+01
      vertex -7.500000e+00  1.250000e+01  2.500000e+01
      vertex  7.500000e+00  1.250000e+01  2.500000e+01
    endloop
  endfacet
  facet normal  0.000000e+00  -0.000000e+00  9.999999e-01
    outer loop
      vertex -1.500000e+01  2.000000e+01  2.500000e+01
      vertex  7.500000e+00  1.250000e+01  2.500000e+01
      vertex  1.250000e+01  1.450000e+01  2.500000e+01
    endloop
  endfacet
  facet normal  0.000000e+00  -0.000000e+00  1.000000e+00
    outer loop
      vertex -1.500000e+01  2.000000e+01  2.500000e+01
      vertex  1.250000e+01  1.450000e+01  2.500000e+01
      vertex  1.253843e+01  1.489018e+01  2.500000e+01
    endloop
  endfacet
  facet normal  0.000000e+00  -0.000000e+00  9.999999e-01
    outer loop
      vertex -1.500000e+01  2.000000e+01  2.500000e+01
      vertex  1.253843e+01  1.489018e+01  2.500000e+01
      vertex  1.265224e+01  1.526537e+01  2.500000e+01
    endloop
  endfacet
  facet normal  0.000000e+00  -0.000000e+00  1.000000e+00
    outer loop
      vertex -1.500000e+01  2.000000e+01  2.500000e+01
      vertex  1.265224e+01  1.526537e+01  2.500000e+01
      vertex  1.283706e+01  1.561114e+01  2.500000e+01
    endloop
  endfacet
  facet normal  0.000000e+00  -0.000000e+00  1.000000e+00
    outer loop
      vertex -1.500000e+01  2.000000e+01  2.500000e+01
      vertex  1.283706e+01  1.561114e+01  2.500000e+01
      vertex  1.308579e+01  1.591421e+01  2.500000e+01
    endloop
  endfacet
  facet normal  0.000000e+00  -0.000000e+00  1.000000e+00
    outer loop
      vertex -1.500000e+01  2.000000e+01  2.500000e+01
      vertex  1.308579e+01  1.591421e+01  2.500000e+01
      vertex  1.338886e+01  1.616294e+01  2.500000e+01
    endloop
  endfacet
  facet normal  0.000000e+00  -0.000000e+00  1.000000e+00
    outer loop
      vertex -1.500000e+01  2.000000e+01  2.500000e+01
      vertex  1.338886e+01  1.616294e+01  2.500000e+01
      vertex  1.373463e+01  1.634776e+01  2.500000e+01
    endloop
  endfacet
  facet normal  0.000000e+00  -0.000000e+00  1.000000e+00
    outer loop
      vertex -1.500000e+01  2.000000e+01  2.500000e+01
      vertex  1.373463e+01  1.634776e+01  2.500000e+01
      vertex  1.410982e+01  1.646157e+01  2.500000e+01
    endloop
  endfacet
  facet normal  0.000000e+00  -0.000000e+00  1.000000e+00
    outer loop
      vertex -1.500000e+01  2.000000e+01  2.500000e+01
      vertex  1.410982e+01  1.646157e+01  2.500000e+01
      vertex  1.450000e+01  1.650000e+01  2.500000e+01
    endloop
  endfacet
  facet normal  0.000000e+00  -0.000000e+00  1.000000e+00
    outer loop
      vertex -1.500000e+01  2.000000e+01  2.500000e+01
      vertex  1.450000e+01  1.650000e+01  2.500000e+01
      vertex  1.500000e+01  2.000000e+01  2.500000e+01
    endloop
  endfacet
  facet normal  0.000000e+00  0.000000e+00  1.000000e+00
    outer loop
      vertex -1.450000e+01  1.650000e+01  2.500000e+01
      vertex -1.560268e+01  1.996354e+01  2.500000e+01
      vertex -1.619658e+01  1.985471e+01  2.500000e+01
    endloop
  endfacet
  facet normal  0.000000e+00  0.000000e+00  1.000000e+00
    outer loop
      vertex -1.450000e+01  1.650000e+01  2.500000e+01
      vertex -1.619658e+01  1.985471e+01  2.500000e+01
      vertex -1.677302e+01  1.967508e+01  2.500000e+01
    endloop
  endfacet
  facet normal  0.000000e+00  0.000000e+00  1.000000e+00
    outer loop
      vertex -1.450000e+01  1.650000e+01  2.500000e+01
      vertex -1.677302e+01  1.967508e+01  2.500000e+01
      vertex -1.732362e+01  1.942728e+01  2.500000e+01
    endloop
  endfacet
  facet normal  0.000000e+00  0.000000e+00  1.000000e+00
    outer loop
      vertex -1.450000e+01  1.650000e+01  2.500000e+01
      vertex -1.732362e+01  1.942728e+01  2.500000e+01
      vertex -1.784032e+01  1.911492e+01  2.500000e+01
    endloop
  endfacet
  facet normal  0.000000e+00  0.000000e+00  1.000000e+00
    outer loop
      vertex -1.450000e+01  1.650000e+01  2.500000e+01
      vertex -1.784032e+01  1.911492e+01  2.500000e+01
      vertex -1.831561e+01  1.874255e+01  2.500000e+01
    endloop
  endfacet
  facet normal  0.000000e+00  0.000000e+00  1.000000e+00
    outer loop
      vertex -1.450000e+01  1.650000e+01  2.500000e+01
      vertex -1.831561e+01  1.874255e+01  2.500000e+01
      vertex -1.874255e+01  1.831561e+01  2.500000e+01
    endloop
  endfacet
  facet normal  0.000000e+00  0.000000e+00  1.000000e+00
    outer loop
      vertex -1.450000e+01  1.650000e+01  2.500000e+01
      vertex -1.874255e+01  1.831561e+01  2.500000e+01
      vertex -1.911492e+01  1.784032e+01  2.500000e+01
    endloop
  endfacet
  facet normal  0.000000e+00  0.000000e+00  1.000000e+00
    outer loop
      vertex -1.450000e+01  1.650000e+01  2.500000e+01
      vertex -1.911492e+01  1.784032e+01  2.500000e+01
      vertex -1.942728e+01  1.732362e+01  2.500000e+01
    endloop
  endfacet
  facet normal  0.000000e+00  0.000000e+00  1.000000e+00
    outer loop
      vertex -1.450000e+01  1.650000e+01  2.500000e+01
      vertex -1.942728e+01  1.732362e+01  2.500000e+01
      vertex -1.967508e+01  1.677302e+01  2.500000e+01
    endloop
  endfacet
  facet normal  0.000000e+00  -0.000000e+00  1.000000e+00
    outer loop
      vertex -1.985471e+01  1.619658e+01  2.500000e+01
      vertex -1.561114e+01  1.616294e+01  2.500000e+01
      vertex -1.526537e+01  1.634776e+01  2.500000e+01
    endloop
  endfacet
  facet normal  0.000000e+00  -0.000000e+00  1.000000e+00
    outer loop
      vertex -1.985471e+01  1.619658e+01  2.500000e+01
      vertex -1.526537e+01  1.634776e+01  2.500000e+01
      vertex -1.489018e+01  1.646157e+01  2.500000e+01
    endloop
  endfacet
  facet normal  0.000000e+00  -0.000000e+00  1.000000e+00
    outer loop
      vertex -1.985471e+01  1.619658e+01  2.500000e+01
      vertex -1.489018e+01  1.646157e+01  2.500000e+01
      vertex -1.450000e+01  1.650000e+01  2.500000e+01
    endloop
  endfacet
  facet normal  0.000000e+00  0.000000e+00  1.000000e+00
    outer loop
      vertex -1.985471e+01  1.619658e+01  2.500000e+01
      vertex -1.450000e+01  1.650000e+01  2.500000e+01
      vertex -1.967508e+01  1.677302e+01  2.500000e+01
    endloop
  endfacet
  facet normal  0.000000e+00  -0.000000e+00  1.000000e+00
    outer loop
      vertex -1.996354e+01  1.560268e+01  2.500000e+01
      vertex -1.616294e+01  1.561114e+01  2.500000e+01
      vertex -1.591421e+01  1.591421e+01  2.500000e+01
    endloop
  endfacet
  facet normal  0.000000e+00  -0.000000e+00  1.000000e+00
    outer loop
      vertex -1.996354e+01  1.560268e+01  2.500000e+01
      vertex -1.591421e+01  1.591421e+01  2.500000e+01
      vertex -1.561114e+01  1.616294e+01  2.500000e+01
    endloop
  endfacet
  facet normal  0.000000e+00  0.000000e+00  1.000000e+00
    outer loop
      vertex -1.996354e+01  1.560268e+01  2.500000e+01
      vertex -1.561114e+01  1.616294e+01  2.500000e+01
      vertex -1.985471e+01  1.619658e+01  2.500000e+01
    endloop
  endfacet
  facet normal  0.000000e+00  -0.000000e+00  1.000000e+00
    outer loop
      vertex -2.000000e+01 -1.500000e+01  2.500000e+01
      vertex -1.996354e+01 -1.560268e+01  2.500000e+01
      vertex -1.634776e+01 -1.526537e+01  2.500000e+01
    endloop
  endfacet
  facet normal  0.000000e+00  0.000000e+00  1.000000e+00
    outer loop
      vertex -2.000000e+01 -1.500000e+01  2.500000e+01
      vertex -1.634776e+01 -1.526537e+01  2.500000e+01
      vertex -1.646157e+01 -1.489018e+01  2.500000e+01
    endloop
  endfacet
  facet normal  0.000000e+00  0.000000e+00  9.999999e-01
    outer loop
      vertex -2.000000e+01 -1.500000e+01  2.500000e+01
      vertex -1.646157e+01 -1.489018e+01  2.500000e+01
      vertex -1.650000e+01 -1.450000e+01  2.500000e+01
    endloop
  endfacet
  facet normal  0.000000e+00  -0.000000e+00  1.000000e+00
    outer loop
      vertex -2.000000e+01 -1.500000e+01  2.500000e+01
      vertex -1.650000e+01 -1.450000e+01  2.500000e+01
      vertex -1.646157e+01 -1.410982e+01  2.500000e+01
    endloop
  endfacet
  facet normal  0.000000e+00  -0.000000e+00  1.000000e+00
    outer loop
      vertex -2.000000e+01 -1.500000e+01  2.500000e+01
      vertex -1.646157e+01 -1.410982e+01  2.500000e+01
      vertex -1.634776e+01 -1.373463e+01  2.500000e+01
    endloop
  endfacet
  facet normal  0.000000e+00  -0.000000e+00  1.000000e+00
    outer loop
      vertex -2.000000e+01 -1.500000e+01  2.500000e+01
      vertex -1.634776e+01 -1.373463e+01  2.500000e+01
      vertex -1.616294e+01 -1.338886e+01  2.500000e+01
    endloop
  endfacet
  facet normal  0.000000e+00  -0.000000e+00  1.000000e+00
    outer loop
      vertex -2.000000e+01 -1.500000e+01  2.500000e+01
      vertex -1.616294e+01 -1.338886e+01  2.500000e+01
      vertex -1.591421e+01 -1.308579e+01  2.500000e+01
    endloop
  endfacet
  facet normal  0.000000e+00  -0.000000e+00  1.000000e+00
    outer loop
      vertex -2.000000e+01 -1.500000e+01  2.500000e+01
      vertex -1.591421e+01 -1.308579e+01  2.500000e+01
      vertex -1.561114e+01 -1.283706e+01  2.500000e+01
    endloop
  endfacet
  facet normal  0.000000e+00  -0.000000e+00  1.000000e+00
    outer loop
      vertex -2.000000e+01 -1.500000e+01  2.500000e+01
      vertex -1.561114e+01 -1.283706e+01  2.500000e+01
      vertex -1.526537e+01 -1.265224e+01  2.500000e+01
    endloop
  endfacet
  facet normal  0.000000e+00  -0.000000e+00  1.000000e+00
    outer loop
      vertex -2.000000e+01 -1.500000e+01  2.500000e+01
      vertex -1.526537e+01 -1.265224e+01  2.500000e+01
      vertex -1.450000e+01  1.250000e+01  2.500000e+01
    endloop
  endfacet
  facet normal  0.000000e+00  0.000000e+00  1.000000e+00
    outer loop
      vertex -2.000000e+01 -1.500000e+01  2.500000e+01
      vertex -1.450000e+01  1.250000e+01  2.500000e+01
      vertex -1.489018e+01  1.253843e+01  2.500000e+01
    endloop
  endfacet
  facet normal  0.000000e+00  0.000000e+00  9.999999e-01
    outer loop
      vertex -2.000000e+01 -1.500000e+01  2.500000e+01
      vertex -1.489018e+01  1.253843e+01  2.500000e+01
      vertex -1.526537e+01  1.265224e+01  2.500000e+01
    endloop
  endfacet
  facet normal  0.000000e+00  0.000000e+00  1.000000e+00
    outer loop
      vertex -2.000000e+01 -1.500000e+01  2.500000e+01
      vertex -1.526537e+01  1.265224e+01  2.500000e+01
      vertex -1.561114e+01  1.283706e+01  2.500000e+01
    endloop
  endfacet
  facet normal  0.000000e+00  0.000000e+00  1.000000e+00
    outer loop
      vertex -2.000000e+01 -1.500000e+01  2.500000e+01
      vertex -1.561114e+01  1.283706e+01  2.500000e+01
      vertex -1.591421e+01  1.308579e+01  2.500000e+01
    endloop
  endfacet
  facet normal  0.000000e+00  0.000000e+00  1.000000e+00
    outer loop
      vertex -2.000000e+01 -1.500000e+01  2.500000e+01
      vertex -1.591421e+01  1.308579e+01  2.500000e+01
      vertex -1.616294e+01  1.338886e+01  2.500000e+01
    endloop
  endfacet
  facet normal  0.000000e+00  0.000000e+00  1.000000e+00
    outer loop
      vertex -2.000000e+01 -1.500000e+01  2.500000e+01
      vertex -1.616294e+01  1.338886e+01  2.500000e+01
      vertex -1.634776e+01  1.373463e+01  2.500000e+01
    endloop
  endfacet
  facet normal  0.000000e+00  0.000000e+00  1.000000e+00
    outer loop
      vertex -2.000000e+01 -1.500000e+01  2.500000e+01
      vertex -1.634776e+01  1.373463e+01  2.500000e+01
      vertex -1.646157e+01  1.410982e+01  2.500000e+01
    endloop
  endfacet
  facet normal  0.000000e+00  0.000000e+00  1.000000e+00
    outer loop
      vertex -2.000000e+01 -1.500000e+01  2.500000e+01
      vertex -1.646157e+01  1.410982e+01  2.500000e+01
      vertex -1.650000e+01  1.450000e+01  2.500000e+01
    endloop
  endfacet
  facet normal  0.000000e+00  0.000000e+00  1.000000e+00
    outer loop
      vertex -1.985471e+01 -1.619658e+01  2.500000e+01
      vertex -1.561114e+01 -1.616294e+01  2.500000e+01
      vertex -1.591421e+01 -1.591421e+01  2.500000e+01
    endloop
  endfacet
  facet normal  0.000000e+00  0.000000e+00  9.999999e-01
    outer loop
      vertex -1.985471e+01 -1.619658e+01  2.500000e+01
      vertex -1.591421e+01 -1.591421e+01  2.500000e+01
      vertex -1.616294e+01 -1.561114e+01  2.500000e+01
    endloop
  endfacet
  facet normal  0.000000e+00  0.000000e+00  1.000000e+00
    outer loop
      vertex -1.985471e+01 -1.619658e+01  2.500000e+01
      vertex -1.616294e+01 -1.561114e+01  2.500000e+01
      vertex -1.996354e+01 -1.560268e+01  2.500000e+01
    endloop
  endfacet
  facet normal  0.000000e+00  0.000000e+00  1.000000e+00
    outer loop
      vertex -1.450000e+01  1.250000e+01  2.500000e+01
      vertex -1.526537e+01 -1.265224e+01  2.500000e+01
      vertex -1.489018e+01 -1.253843e+01  2.500000e+01
    endloop
  endfacet
  facet normal  0.000000e+00  0.000000e+00  1.000000e+00
    outer loop
      vertex -1.450000e+01  1.250000e+01  2.500000e+01
      vertex -1.489018e+01 -1.253843e+01  2.500000e+01
      vertex -1.450000e+01 -1.250000e+01  2.500000e+01
    endloop
  endfacet
  facet normal  0.000000e+00  0.000000e+00  1.000000e+00
    outer loop
      vertex -1.450000e+01  1.250000e+01  2.500000e+01
      vertex -1.450000e+01 -1.250000e+01  2.500000e+01
      vertex -1.250000e+01 -7.500000e+00  2.500000e+01
    endloop
  endfacet
  facet normal  0.000000e+00  -0.000000e+00  1.000000e+00
    outer loop
      vertex -1.450000e+01  1.250000e+01  2.500000e+01
      vertex -1.250000e+01 -7.500000e+00  2.500000e+01
      vertex -1.250000e+01  7.500000e+00  2.500000e+01
    endloop
  endfacet
  facet normal  0.000000e+00  -0.000000e+00  1.000000e+00
    outer loop
      vertex -1.450000e+01  1.250000e+01  2.500000e+01
      vertex -1.250000e+01  7.500000e+00  2.500000e+01
      vertex -1.246354e+01  8.102683e+00  2.500000e+01
    endloop
  endfacet
  facet normal  0.000000e+00  -0.000000e+00  9.999999e-01
    outer loop
      vertex -1.450000e+01  1.250000e+01  2.500000e+01
      vertex -1.246354e+01  8.102683e+00  2.500000e+01
      vertex -1.235471e+01  8.696578e+00  2.500000e+01
    endloop
  endfacet
  facet normal  0.000000e+00  -0.000000e+00  1.000000e+00
    outer loop
      vertex -1.450000e+01  1.250000e+01  2.500000e+01
      vertex -1.235471e+01  8.696578e+00  2.500000e+01
      vertex -1.217508e+01  9.273025e+00  2.500000e+01
    endloop
  endfacet
  facet normal  0.000000e+00  -0.000000e+00  1.000000e+00
    outer loop
      vertex -1.450000e+01  1.250000e+01  2.500000e+01
      vertex -1.217508e+01  9.273025e+00  2.500000e+01
      vertex -1.192728e+01  9.823616e+00  2.500000e+01
    endloop
  endfacet
  facet normal  0.000000e+00  -0.000000e+00  1.000000e+00
    outer loop
      vertex -1.450000e+01  1.250000e+01  2.500000e+01
      vertex -1.192728e+01  9.823616e+00  2.500000e+01
      vertex -1.161492e+01  1.034032e+01  2.500000e+01
    endloop
  endfacet
  facet normal  0.000000e+00  -0.000000e+00  1.000000e+00
    outer loop
      vertex -1.450000e+01  1.250000e+01  2.500000e+01
      vertex -1.161492e+01  1.034032e+01  2.500000e+01
      vertex -1.124255e+01  1.081561e+01  2.500000e+01
    endloop
  endfacet
  facet normal  0.000000e+00  -0.000000e+00  1.000000e+00
    outer loop
      vertex -1.450000e+01  1.250000e+01  2.500000e+01
      vertex -1.124255e+01  1.081561e+01  2.500000e+01
      vertex -1.081561e+01  1.124255e+01  2.500000e+01
    endloop
  endfacet
  facet normal  0.000000e+00  -0.000000e+00  1.000000e+00
    outer loop
      vertex -1.450000e+01  1.250000e+01  2.500000e+01
      vertex -1.081561e+01  1.124255e+01  2.500000e+01
      vertex -1.034032e+01  1.161492e+01  2.500000e+01
    endloop
  endfacet
  facet normal  0.000000e+00  -0.000000e+00  9.999999e-01
    outer loop
      vertex -1.450000e+01  1.250000e+01  2.500000e+01
      vertex -1.034032e+01  1.161492e+01  2.500000e+01
      vertex -9.823616e+00  1.192728e+01  2.500000e+01
    endloop
  endfacet
  facet normal  0.000000e+00  -0.000000e+00  1.000000e+00
    outer loop
      vertex -1.450000e+01  1.250000e+01  2.500000e+01
      vertex -9.823616e+00  1.192728e+01  2.500000e+01
      vertex -9.273025e+00  1.217508e+01  2.500000e+01
    endloop
  endfacet
  facet normal  0.000000e+00  -0.000000e+00  1.000000e+00
    outer loop
      vertex -1.450000e+01  1.250000e+01  2.500000e+01
      vertex -9.273025e+00  1.217508e+01  2.500000e+01
      vertex -8.696578e+00  1.235471e+01  2.500000e+01
    endloop
  endfacet
  facet normal  0.000000e+00  -0.000000e+00  1.000000e+00
    outer loop
      vertex -1.450000e+01  1.250000e+01  2.500000e+01
      vertex -8.696578e+00  1.235471e+01  2.500000e+01
      vertex -8.102683e+00  1.246354e+01  2.500000e+01
    endloop
  endfacet
  facet normal  0.000000e+00  -0.000000e+00  1.000000e+00
    outer loop
      vertex -1.450000e+01  1.250000e+01  2.500000e+01
      vertex -8.102683e+00  1.246354e+01  2.500000e+01
      vertex -7.500000e+00  1.250000e+01  2.500000e+01
    endloop
  endfacet
  facet normal  0.000000e+00  0.000000e+00  1.000000e+00
    outer loop
      vertex -1.450000e+01 -1.250000e+01  2.500000e+01
      vertex -8.102683e+00 -1.246354e+01  2.500000e+01
      vertex -8.696578e+00 -1.235471e+01  2.500000e+01
    endloop
  endfacet
  facet normal  0.000000e+00  0.000000e+00  1.000000e+00
    outer loop
      vertex -1.450000e+01 -1.250000e+01  2.500000e+01
      vertex -8.696578e+00 -1.235471e+01  2.500000e+01
      vertex -9.273025e+00 -1.217508e+01  2.500000e+01
    endloop
  endfacet
  facet normal  0.000000e+00  0.000000e+00  1.000000e+00
    outer loop
      vertex -1.450000e+01 -1.250000e+01  2.500000e+01
      vertex -9.273025e+00 -1.217508e+01  2.500000e+01
      vertex -9.823616e+00 -1.192728e+01  2.500000e+01
    endloop
  endfacet
  facet normal  0.000000e+00  0.000000e+00  9.999999e-01
    outer loop
      vertex -1.450000e+01 -1.250000e+01  2.500000e+01
      vertex -9.823616e+00 -1.192728e+01  2.500000e+01
      vertex -1.034032e+01 -1.161492e+01  2.500000e+01
    endloop
  endfacet
  facet normal  0.000000e+00  0.000000e+00  1.000000e+00
    outer loop
      vertex -1.450000e+01 -1.250000e+01  2.500000e+01
      vertex -1.034032e+01 -1.161492e+01  2.500000e+01
      vertex -1.081561e+01 -1.124255e+01  2.500000e+01
    endloop
  endfacet
  facet normal  0.000000e+00  0.000000e+00  1.000000e+00
    outer loop
      vertex -1.450000e+01 -1.250000e+01  2.500000e+01
      vertex -1.081561e+01 -1.124255e+01  2.500000e+01
      vertex -1.124255e+01 -1.081561e+01  2.500000e+01
    endloop
  endfacet
  facet normal  0.000000e+00  0.000000e+00  1.000000e+00
    outer loop
      vertex -1.450000e+01 -1.250000e+01  2.500000e+01
      vertex -1.124255e+01 -1.081561e+01  2.500000e+01
      vertex -1.161492e+01 -1.034032e+01  2.500000e+01
    endloop
  endfacet
  facet normal  0.000000e+00  0.000000e+00  1.000000e+00
    outer loop
      vertex -1.450000e+01 -1.250000e+01  2.500000e+01
      vertex -1.161492e+01 -1.034032e+01  2.500000e+01
      vertex -1.192728e+01 -9.823616e+00  2.500000e+01
    endloop
  endfacet
  facet normal  0.000000e+00  0.000000e+00  1.000000e+00
    outer loop
      vertex -1.450000e+01 -1.250000e+01  2.500000e+01
      vertex -1.192728e+01 -9.823616e+00  2.500000e+01
      vertex -1.217508e+01 -9.273025e+00  2.500000e+01
    endloop
  endfacet
  facet normal  0.000000e+00  0.000000e+00  1.000000e+00
    outer loop
      vertex -1.450000e+01 -1.250000e+01  2.500000e+01
      vertex -1.217508e+01 -9.273025e+00  2.500000e+01
      vertex -1.235471e+01 -8.696578e+00  2.500000e+01
    endloop
  endfacet
  facet normal  0.000000e+00  0.000000e+00  9.999999e-01
    outer loop
      vertex -1.450000e+01 -1.250000e+01  2.500000e+01
      vertex -1.235471e+01 -8.696578e+00  2.500000e+01
      vertex -1.246354e+01 -8.102683e+00  2.500000e+01
    endloop
  endfacet
  facet normal  0.000000e+00  0.000000e+00  1.000000e+00
    outer loop
      vertex -1.450000e+01 -1.250000e+01  2.500000e+01
      vertex -1.246354e+01 -8.102683e+00  2.500000e+01
      vertex -1.250000e+01 -7.500000e+00  2.500000e+01
    endloop
  endfacet
  facet normal  -0.000000e+00  0.000000e+00  1.000000e+00
    outer loop
      vertex  1.450000e+01  1.250000e+01  2.500000e+01
      vertex  7.500000e+00  1.250000e+01  2.500000e+01
      vertex  8.102683e+00  1.246354e+01  2.500000e+01
    endloop
  endfacet
  facet normal  -0.000000e+00  0.000000e+00  1.000000e+00
    outer loop
      vertex  1.450000e+01  1.250000e+01  2.500000e+01
      vertex  8.102683e+00  1.246354e+01  2.500000e+01
      vertex  8.696578e+00  1.235471e+01  2.500000e+01
    endloop
  endfacet
  facet normal  -0.000000e+00  0.000000e+00  1.000000e+00
    outer loop
      vertex  1.450000e+01  1.250000e+01  2.500000e+01
      vertex  8.696578e+00  1.235471e+01  2.500000e+01
      vertex  9.273025e+00  1.217508e+01  2.500000e+01
    endloop
  endfacet
  facet normal  -0.000000e+00  0.000000e+00  1.000000e+00
    outer loop
      vertex  1.450000e+01  1.250000e+01  2.500000e+01
      vertex  9.273025e+00  1.217508e+01  2.500000e+01
      vertex  9.823616e+00  1.192728e+01  2.500000e+01
    endloop
  endfacet
  facet normal  -0.000000e+00  0.000000e+00  9.999999e-01
    outer loop
      vertex  1.450000e+01  1.250000e+01  2.500000e+01
      vertex  9.823616e+00  1.192728e+01  2.500000e+01
      vertex  1.034032e+01  1.161492e+01  2.500000e+01
    endloop
  endfacet
  facet normal  -0.000000e+00  0.000000e+00  1.000000e+00
    outer loop
      vertex  1.450000e+01  1.250000e+01  2.500000e+01
      vertex  1.034032e+01  1.161492e+01  2.500000e+01
      vertex  1.081561e+01  1.124255e+01  2.500000e+01
    endloop
  endfacet
  facet normal  -0.000000e+00  0.000000e+00  1.000000e+00
    outer loop
      vertex  1.450000e+01  1.250000e+01  2.500000e+01
      vertex  1.081561e+01  1.124255e+01  2.500000e+01
      vertex  1.124255e+01  1.081561e+01  2.500000e+01
    endloop
  endfacet
  facet normal  -0.000000e+00  0.000000e+00  1.000000e+00
    outer loop
      vertex  1.450000e+01  1.250000e+01  2.500000e+01
      vertex  1.124255e+01  1.081561e+01  2.500000e+01
      vertex  1.161492e+01  1.034032e+01  2.500000e+01
    endloop
  endfacet
  facet normal  -0.000000e+00  0.000000e+00  1.000000e+00
    outer loop
      vertex  1.450000e+01  1.250000e+01  2.500000e+01
      vertex  1.161492e+01  1.034032e+01  2.500000e+01
      vertex  1.192728e+01  9.823616e+00  2.500000e+01
    endloop
  endfacet
  facet normal  -0.000000e+00  0.000000e+00  1.000000e+00
    outer loop
      vertex  1.450000e+01  1.250000e+01  2.500000e+01
      vertex  1.192728e+01  9.823616e+00  2.500000e+01
      vertex  1.217508e+01  9.273025e+00  2.500000e+01
    endloop
  endfacet
  facet normal  -0.000000e+00  0.000000e+00  1.000000e+00
    outer loop
      vertex  1.450000e+01  1.250000e+01  2.500000e+01
      vertex  1.217508e+01  9.273025e+00  2.500000e+01
      vertex  1.235471e+01  8.696578e+00  2.500000e+01
    endloop
  endfacet
  facet normal  -0.000000e+00  0.000000e+00  9.999999e-01
    outer loop
      vertex  1.450000e+01  1.250000e+01  2.500000e+01
      vertex  1.235471e+01  8.696578e+00  2.500000e+01
      vertex  1.246354e+01  8.102683e+00  2.500000e+01
    endloop
  endfacet
  facet normal  -0.000000e+00  0.000000e+00  1.000000e+00
    outer loop
      vertex  1.450000e+01  1.250000e+01  2.500000e+01
      vertex  1.246354e+01  8.102683e+00  2.500000e+01
      vertex  1.250000e+01  7.500000e+00  2.500000e+01
    endloop
  endfacet
  facet normal  -0.000000e+00  0.000000e+00  1.000000e+00
    outer loop
      vertex  1.450000e+01  1.250000e+01  2.500000e+01
      vertex  1.250000e+01  7.500000e+00  2.500000e+01
      vertex  1.250000e+01 -7.500000e+00  2.500000e+01
    endloop
  endfacet
  facet normal  -0.000000e+00  0.000000e+00  1.000000e+00
    outer loop
      vertex  1.450000e+01  1.250000e+01  2.500000e+01
      vertex  1.250000e+01 -7.500000e+00  2.500000e+01
      vertex  1.450000e+01 -1.250000e+01  2.500000e+01
    endloop
  endfacet
  facet normal  -0.000000e+00  0.000000e+00  1.000000e+00
    outer loop
      vertex  1.450000e+01  1.250000e+01  2.500000e+01
      vertex  1.450000e+01 -1.250000e+01  2.500000e+01
      vertex  1.489018e+01 -1.253843e+01  2.500000e+01
    endloop
  endfacet
  facet normal  -0.000000e+00  -0.000000e+00  1.000000e+00
    outer loop
      vertex  1.450000e+01  1.250000e+01  2.500000e+01
      vertex  1.489018e+01 -1.253843e+01  2.500000e+01
      vertex  1.526537e+01 -1.265224e+01  2.500000e+01
    endloop
  endfacet
  facet normal  0.000000e+00  0.000000e+00  1.000000e+00
    outer loop
      vertex  1.450000e+01 -1.250000e+01  2.500000e+01
      vertex  1.250000e+01 -7.500000e+00  2.500000e+01
      vertex  1.246354e+01 -8.102683e+00  2.500000e+01
    endloop
  endfacet
  facet normal  0.000000e+00  0.000000e+00  9.999999e-01
    outer loop
      vertex  1.450000e+01 -1.250000e+01  2.500000e+01
      vertex  1.246354e+01 -8.102683e+00  2.500000e+01
      vertex  1.235471e+01 -8.696578e+00  2.500000e+01
    endloop
  endfacet
  facet normal  0.000000e+00  0.000000e+00  1.000000e+00
    outer loop
      vertex  1.450000e+01 -1.250000e+01  2.500000e+01
      vertex  1.235471e+01 -8.696578e+00  2.500000e+01
      vertex  1.217508e+01 -9.273025e+00  2.500000e+01
    endloop
  endfacet
  facet normal  0.000000e+00  0.000000e+00  1.000000e+00
    outer loop
      vertex  1.450000e+01 -1.250000e+01  2.500000e+01
      vertex  1.217508e+01 -9.273025e+00  2.500000e+01
      vertex  1.192728e+01 -9.823616e+00  2.500000e+01
    endloop
  endfacet
  facet normal  0.000000e+00  0.000000e+00  1.000000e+00
    outer loop
      vertex  1.450000e+01 -1.250000e+01  2.500000e+01
      vertex  1.192728e+01 -9.823616e+00  2.500000e+01
      vertex  1.161492e+01 -1.034032e+01  2.500000e+01
    endloop
  endfacet
  facet normal  0.000000e+00  0.000000e+00  1.000000e+00
    outer loop
      vertex  1.450000e+01 -1.250000e+01  2.500000e+01
      vertex  1.161492e+01 -1.034032e+01  2.500000e+01
      vertex  1.124255e+01 -1.081561e+01  2.500000e+01
    endloop
  endfacet
  facet normal  0.000000e+00  0.000000e+00  1.000000e+00
    outer loop
      vertex  1.450000e+01 -1.250000e+01  2.500000e+01
      vertex  1.124255e+01 -1.081561e+01  2.500000e+01
      vertex  1.081561e+01 -1.124255e+01  2.500000e+01
    endloop
  endfacet
  facet normal  0.000000e+00  0.000000e+00  1.000000e+00
    outer loop
      vertex  1.450000e+01 -1.250000e+01  2.500000e+01
      vertex  1.081561e+01 -1.124255e+01  2.500000e+01
      vertex  1.034032e+01 -1.161492e+01  2.500000e+01
    endloop
  endfacet
  facet normal  0.000000e+00  0.000000e+00  9.999999e-01
    outer loop
      vertex  1.450000e+01 -1.250000e+01  2.500000e+01
      vertex  1.034032e+01 -1.161492e+01  2.500000e+01
      vertex  9.823616e+00 -1.192728e+01  2.500000e+01
    endloop
  endfacet
  facet normal  0.000000e+00  0.000000e+00  1.000000e+00
    outer loop
      vertex  1.450000e+01 -1.250000e+01  2.500000e+01
      vertex  9.823616e+00 -1.192728e+01  2.500000e+01
      vertex  9.273025e+00 -1.217508e+01  2.500000e+01
    endloop
  endfacet
  facet normal  0.000000e+00  0.000000e+00  1.000000e+00
    outer loop
      vertex  1.450000e+01 -1.250000e+01  2.500000e+01
      vertex  9.273025e+00 -1.217508e+01  2.500000e+01
      vertex  8.696578e+00 -1.235471e+01  2.500000e+01
    endloop
  endfacet
  facet normal  0.000000e+00  0.000000e+00  1.000000e+00
    outer loop
      vertex  1.450000e+01 -1.250000e+01  2.500000e+01
      vertex  8.696578e+00 -1.235471e+01  2.500000e+01
      vertex  8.102683e+00 -1.246354e+01  2.500000e+01
    endloop
  endfacet
  facet normal  0.000000e+00  0.000000e+00  1.000000e+00
    outer loop
      vertex  1.450000e+01 -1.250000e+01  2.500000e+01
      vertex  8.102683e+00 -1.246354e+01  2.500000e+01
      vertex  7.500000e+00 -1.250000e+01  2.500000e+01
    endloop
  endfacet
  facet normal  -0.000000e+00  0.000000e+00  1.000000e+00
    outer loop
      vertex  1.450000e+01 -1.250000e+01  2.500000e+01
      vertex  7.500000e+00 -1.250000e+01  2.500000e+01
      vertex  1.410982e+01 -1.253843e+01  2.500000e+01
    endloop
  endfacet
  facet normal  -0.000000e+00  -0.000000e+00  1.000000e+00
    outer loop
      vertex  1.450000e+01  1.650000e+01  2.500000e+01
      vertex  1.489018e+01  1.646157e+01  2.500000e+01
      vertex  1.985471e+01  1.619658e+01  2.500000e+01
    endloop
  endfacet
  facet normal  0.000000e+00  0.000000e+00  1.000000e+00
    outer loop
      vertex  1.450000e+01  1.650000e+01  2.500000e+01
      vertex  1.985471e+01  1.619658e+01  2.500000e+01
      vertex  1.967508e+01  1.677302e+01  2.500000e+01
    endloop
  endfacet
  facet normal  0.000000e+00  0.000000e+00  1.000000e+00
    outer loop
      vertex  1.450000e+01  1.650000e+01  2.500000e+01
      vertex  1.967508e+01  1.677302e+01  2.500000e+01
      vertex  1.942728e+01  1.732362e+01  2.500000e+01
    endloop
  endfacet
  facet normal  0.000000e+00  0.000000e+00  1.000000e+00
    outer loop
      vertex  1.450000e+01  1.650000e+01  2.500000e+01
      vertex  1.942728e+01  1.732362e+01  2.500000e+01
      vertex  1.911492e+01  1.784032e+01  2.500000e+01
    endloop
  endfacet
  facet normal  0.000000e+00  0.000000e+00  1.000000e+00
    outer loop
      vertex  1.450000e+01  1.650000e+01  2.500000e+01
      vertex  1.911492e+01  1.784032e+01  2.500000e+01
      vertex  1.874255e+01  1.831561e+01  2.500000e+01
    endloop
  endfacet
  facet normal  0.000000e+00  0.000000e+00  1.000000e+00
    outer loop
      vertex  1.450000e+01  1.650000e+01  2.500000e+01
      vertex  1.874255e+01  1.831561e+01  2.500000e+01
      vertex  1.831561e+01  1.874255e+01  2.500000e+01
    endloop
  endfacet
  facet normal  0.000000e+00  0.000000e+00  1.000000e+00
    outer loop
      vertex  1.450000e+01  1.650000e+01  2.500000e+01
      vertex  1.831561e+01  1.874255e+01  2.500000e+01
      vertex  1.784032e+01  1.911492e+01  2.500000e+01
    endloop
  endfacet
  facet normal  0.000000e+00  0.000000e+00  1.000000e+00
    outer loop
      vertex  1.450000e+01  1.650000e+01  2.500000e+01
      vertex  1.784032e+01  1.911492e+01  2.500000e+01
      vertex  1.732362e+01  1.942728e+01  2.500000e+01
    endloop
  endfacet
  facet normal  0.000000e+00  0.000000e+00  1.000000e+00
    outer loop
      vertex  1.450000e+01  1.650000e+01  2.500000e+01
      vertex  1.732362e+01  1.942728e+01  2.500000e+01
      vertex  1.677302e+01  1.967508e+01  2.500000e+01
    endloop
  endfacet
  facet normal  0.000000e+00  0.000000e+00  1.000000e+00
    outer loop
      vertex  1.450000e+01  1.650000e+01  2.500000e+01
      vertex  1.677302e+01  1.967508e+01  2.500000e+01
      vertex  1.619658e+01  1.985471e+01  2.500000e+01
    endloop
  endfacet
  facet normal  0.000000e+00  0.000000e+00  1.000000e+00
    outer loop
      vertex  1.450000e+01  1.650000e+01  2.500000e+01
      vertex  1.619658e+01  1.985471e+01  2.500000e+01
      vertex  1.560268e+01  1.996354e+01  2.500000e+01
    endloop
  endfacet
  facet normal  0.000000e+00  0.000000e+00  1.000000e+00
    outer loop
      vertex  1.450000e+01  1.650000e+01  2.500000e+01
      vertex  1.560268e+01  1.996354e+01  2.500000e+01
      vertex  1.500000e+01  2.000000e+01  2.500000e+01
    endloop
  endfacet
  facet normal  0.000000e+00  0.000000e+00  1.000000e+00
    outer loop
      vertex  2.000000e+01 -1.500000e+01  2.500000e+01
      vertex  1.650000e+01  1.450000e+01  2.500000e+01
      vertex  1.646157e+01  1.410982e+01  2.500000e+01
    endloop
  endfacet
  facet normal  0.000000e+00  0.000000e+00  1.000000e+00
    outer loop
      vertex  2.000000e+01 -1.500000e+01  2.500000e+01
      vertex  1.646157e+01  1.410982e+01  2.500000e+01
      vertex  1.634776e+01  1.373463e+01  2.500000e+01
    endloop
  endfacet
  facet normal  0.000000e+00  0.000000e+00  9.999999e-01
    outer loop
      vertex  2.000000e+01 -1.500000e+01  2.500000e+01
      vertex  1.634776e+01  1.373463e+01  2.500000e+01
      vertex  1.616294e+01  1.338886e+01  2.500000e+01
    endloop
  endfacet
  facet normal  0.000000e+00  0.000000e+00  1.000000e+00
    outer loop
      vertex  2.000000e+01 -1.500000e+01  2.500000e+01
      vertex  1.616294e+01  1.338886e+01  2.500000e+01
      vertex  1.591421e+01  1.308579e+01  2.500000e+01
    endloop
  endfacet
  facet normal  0.000000e+00  0.000000e+00  1.000000e+00
    outer loop
      vertex  2.000000e+01 -1.500000e+01  2.500000e+01
      vertex  1.591421e+01  1.308579e+01  2.500000e+01
      vertex  1.561114e+01  1.283706e+01  2.500000e+01
    endloop
  endfacet
  facet normal  0.000000e+00  0.000000e+00  1.000000e+00
    outer loop
      vertex  2.000000e+01 -1.500000e+01  2.500000e+01
      vertex  1.561114e+01  1.283706e+01  2.500000e+01
      vertex  1.526537e+01  1.265224e+01  2.500000e+01
    endloop
  endfacet
  facet normal  0.000000e+00  0.000000e+00  9.999999e-01
    outer loop
      vertex  2.000000e+01 -1.500000e+01  2.500000e+01
      vertex  1.526537e+01  1.265224e+01  2.500000e+01
      vertex  1.489018e+01  1.253843e+01  2.500000e+01
    endloop
  endfacet
  facet normal  0.000000e+00  0.000000e+00  1.000000e+00
    outer loop
      vertex  2.000000e+01 -1.500000e+01  2.500000e+01
      vertex  1.489018e+01  1.253843e+01  2.500000e+01
      vertex  1.450000e+01  1.250000e+01  2.500000e+01
    endloop
  endfacet
  facet normal  0.000000e+00  0.000000e+00  1.000000e+00
    outer loop
      vertex  2.000000e+01 -1.500000e+01  2.500000e+01
      vertex  1.450000e+01  1.250000e+01  2.500000e+01
      vertex  1.526537e+01 -1.265224e+01  2.500000e+01
    endloop
  endfacet
  facet normal  0.000000e+00  0.000000e+00  1.000000e+00
    outer loop
      vertex  2.000000e+01 -1.500000e+01  2.500000e+01
      vertex  1.526537e+01 -1.265224e+01  2.500000e+01
      vertex  1.561114e+01 -1.283706e+01  2.500000e+01
    endloop
  endfacet
  facet normal  0.000000e+00  0.000000e+00  1.000000e+00
    outer loop
      vertex  2.000000e+01 -1.500000e+01  2.500000e+01
      vertex  1.561114e+01 -1.283706e+01  2.500000e+01
      vertex  1.591421e+01 -1.308579e+01  2.500000e+01
    endloop
  endfacet
  facet normal  0.000000e+00  0.000000e+00  1.000000e+00
    outer loop
      vertex  2.000000e+01 -1.500000e+01  2.500000e+01
      vertex  1.591421e+01 -1.308579e+01  2.500000e+01
      vertex  1.616294e+01 -1.338886e+01  2.500000e+01
    endloop
  endfacet
  facet normal  0.000000e+00  0.000000e+00  1.000000e+00
    outer loop
      vertex  2.000000e+01 -1.500000e+01  2.500000e+01
      vertex  1.616294e+01 -1.338886e+01  2.500000e+01
      vertex  1.634776e+01 -1.373463e+01  2.500000e+01
    endloop
  endfacet
  facet normal  0.000000e+00  0.000000e+00  1.000000e+00
    outer loop
      vertex  2.000000e+01 -1.500000e+01  2.500000e+01
      vertex  1.634776e+01 -1.373463e+01  2.500000e+01
      vertex  1.646157e+01 -1.410982e+01  2.500000e+01
    endloop
  endfacet
  facet normal  0.000000e+00  0.000000e+00  1.000000e+00
    outer loop
      vertex  2.000000e+01 -1.500000e+01  2.500000e+01
      vertex  1.646157e+01 -1.410982e+01  2.500000e+01
      vertex  1.650000e+01 -1.450000e+01  2.500000e+01
    endloop
  endfacet
  facet normal  0.000000e+00  0.000000e+00  9.999999e-01
    outer loop
      vertex  2.000000e+01 -1.500000e+01  2.500000e+01
      vertex  1.650000e+01 -1.450000e+01  2.500000e+01
      vertex  1.646157e+01 -1.489018e+01  2.500000e+01
    endloop
  endfacet
  facet normal  0.000000e+00  0.000000e+00  1.000000e+00
    outer loop
      vertex  2.000000e+01 -1.500000e+01  2.500000e+01
      vertex  1.646157e+01 -1.489018e+01  2.500000e+01
      vertex  1.634776e+01 -1.526537e+01  2.500000e+01
    endloop
  endfacet
  facet normal  -0.000000e+00  0.000000e+00  1.000000e+00
    outer loop
      vertex  2.000000e+01 -1.500000e+01  2.500000e+01
      vertex  1.634776e+01 -1.526537e+01  2.500000e+01
      vertex  1.996354e+01 -1.560268e+01  2.500000e+01
    endloop
  endfacet
  facet normal  -0.000000e+00  0.000000e+00  1.000000e+00
    outer loop
      vertex  1.985471e+01  1.619658e+01  2.500000e+01
      vertex  1.561114e+01  1.616294e+01  2.500000e+01
      vertex  1.996354e+01  1.560268e+01  2.500000e+01
    endloop
  endfacet
  facet normal  0.000000e+00  0.000000e+00  1.000000e+00
    outer loop
      vertex  1.996354e+01  1.560268e+01  2.500000e+01
      vertex  1.561114e+01  1.616294e+01  2.500000e+01
      vertex  1.591421e+01  1.591421e+01  2.500000e+01
    endloop
  endfacet
  facet normal  0.000000e+00  0.000000e+00  9.999999e-01
    outer loop
      vertex  1.996354e+01  1.560268e+01  2.500000e+01
      vertex  1.591421e+01  1.591421e+01  2.500000e+01
      vertex  1.616294e+01  1.561114e+01  2.500000e+01
    endloop
  endfacet
  facet normal  -0.000000e+00  0.000000e+00  1.000000e+00
    outer loop
      vertex  1.996354e+01 -1.560268e+01  2.500000e+01
      vertex  1.616294e+01 -1.561114e+01  2.500000e+01
      vertex  1.985471e+01 -1.619658e+01  2.500000e+01
    endloop
  endfacet
  facet normal  0.000000e+00  0.000000e+00  1.000000e+00
    outer loop
      vertex  1.985471e+01 -1.619658e+01  2.500000e+01
      vertex  1.616294e+01 -1.561114e+01  2.500000e+01
      vertex  1.591421e+01 -1.591421e+01  2.500000e+01
    endloop
  endfacet
  facet normal  0.000000e+00  0.000000e+00  1.000000e+00
    outer loop
      vertex  1.985471e+01 -1.619658e+01  2.500000e+01
      vertex  1.591421e+01 -1.591421e+01  2.500000e+01
      vertex  1.561114e+01 -1.616294e+01  2.500000e+01
    endloop
  endfacet
  facet normal  0.000000e+00  0.000000e+00  1.000000e+00
    outer loop
      vertex  1.985471e+01 -1.619658e+01  2.500000e+01
      vertex  1.561114e+01 -1.616294e+01  2.500000e+01
      vertex  1.967508e+01 -1.677302e+01  2.500000e+01
    endloop
  endfacet
  facet normal  0.000000e+00  0.000000e+00  1.000000e+00
    outer loop
      vertex  1.967508e+01 -1.677302e+01  2.500000e+01
      vertex  1.561114e+01 -1.616294e+01  2.500000e+01
      vertex  1.526537e+01 -1.634776e+01  2.500000e+01
    endloop
  endfacet
  facet normal  0.000000e+00  0.000000e+00  1.000000e+00
    outer loop
      vertex  1.967508e+01 -1.677302e+01  2.500000e+01
      vertex  1.526537e+01 -1.634776e+01  2.500000e+01
      vertex  1.489018e+01 -1.646157e+01  2.500000e+01
    endloop
  endfacet
  facet normal  7.871836e-01  6.167186e-01  -0.000000e+00
    outer loop
      vertex -1.124255e+01 -1.081561e+01  2.500000e+01
      vertex -1.161492e+01 -1.034032e+01  1.000000e+01
      vertex -1.161492e+01 -1.034032e+01  2.500000e+01
    endloop
  endfacet
  facet normal  8.557811e-01  5.173381e-01  0.000000e+00
    outer loop
      vertex -1.161492e+01 -1.034032e+01  2.500000e+01
      vertex -1.161492e+01 -1.034032e+01  1.000000e+01
      vertex -1.192728e+01 -9.823616e+00  1.000000e+01
    endloop
  endfacet
  facet normal  8.557811e-01  5.173381e-01  -0.000000e+00
    outer loop
      vertex -1.161492e+01 -1.034032e+01  2.500000e+01
      vertex -1.192728e+01 -9.823616e+00  1.000000e+01
      vertex -1.192728e+01 -9.823616e+00  2.500000e+01
    endloop
  endfacet
  facet normal  9.119000e-01  4.104124e-01  0.000000e+00
    outer loop
      vertex -1.192728e+01 -9.823616e+00  2.500000e+01
      vertex -1.192728e+01 -9.823616e+00  1.000000e+01
      vertex -1.217508e+01 -9.273025e+00  1.000000e+01
    endloop
  endfacet
  facet normal  9.119000e-01  4.104124e-01  -0.000000e+00
    outer loop
      vertex -1.192728e+01 -9.823616e+00  2.500000e+01
      vertex -1.217508e+01 -9.273025e+00  1.000000e+01
      vertex -1.217508e+01 -9.273025e+00  2.500000e+01
    endloop
  endfacet
  facet normal  9.547212e-01  2.975022e-01  0.000000e+00
    outer loop
      vertex -1.217508e+01 -9.273025e+00  2.500000e+01
      vertex -1.217508e+01 -9.273025e+00  1.000000e+01
      vertex -1.235471e+01 -8.696578e+00  1.000000e+01
    endloop
  endfacet
  facet normal  9.547212e-01  2.975022e-01  -0.000000e+00
    outer loop
      vertex -1.217508e+01 -9.273025e+00  2.500000e+01
      vertex -1.235471e+01 -8.696578e+00  1.000000e+01
      vertex -1.235471e+01 -8.696578e+00  2.500000e+01
    endloop
  endfacet
  facet normal  9.836196e-01  1.802564e-01  0.000000e+00
    outer loop
      vertex -1.235471e+01 -8.696578e+00  2.500000e+01
      vertex -1.235471e+01 -8.696578e+00  1.000000e+01
      vertex -1.246354e+01 -8.102683e+00  1.000000e+01
    endloop
  endfacet
  facet normal  9.836196e-01  1.802564e-01  -0.000000e+00
    outer loop
      vertex -1.235471e+01 -8.696578e+00  2.500000e+01
      vertex -1.246354e+01 -8.102683e+00  1.000000e+01
      vertex -1.246354e+01 -8.102683e+00  2.500000e+01
    endloop
  endfacet
  facet normal  9.981756e-01  6.037774e-02  0.000000e+00
    outer loop
      vertex -1.246354e+01 -8.102683e+00  2.500000e+01
      vertex -1.246354e+01 -8.102683e+00  1.000000e+01
      vertex -1.250000e+01 -7.500000e+00  1.000000e+01
    endloop
  endfacet
  facet normal  9.981756e-01  6.037774e-02  -0.000000e+00
    outer loop
      vertex -1.246354e+01 -8.102683e+00  2.500000e+01
      vertex -1.250000e+01 -7.500000e+00  1.000000e+01
      vertex -1.250000e+01 -7.500000e+00  2.500000e+01
    endloop
  endfacet
  facet normal  7.871836e-01  6.167186e-01  0.000000e+00
    outer loop
      vertex -1.161492e+01 -1.034032e+01  1.000000e+01
      vertex -1.124255e+01 -1.081561e+01  2.500000e+01
      vertex -1.124255e+01 -1.081561e+01  1.000000e+01
    endloop
  endfacet
  facet normal  7.071068e-01  7.071068e-01  -0.000000e+00
    outer loop
      vertex -1.124255e+01 -1.081561e+01  1.000000e+01
      vertex -1.124255e+01 -1.081561e+01  2.500000e+01
      vertex -1.081561e+01 -1.124255e+01  2.500000e+01
    endloop
  endfacet
  facet normal  7.071068e-01  7.071068e-01  0.000000e+00
    outer loop
      vertex -1.124255e+01 -1.081561e+01  1.000000e+01
      vertex -1.081561e+01 -1.124255e+01  2.500000e+01
      vertex -1.081561e+01 -1.124255e+01  1.000000e+01
    endloop
  endfacet
  facet normal  6.167186e-01  7.871836e-01  -0.000000e+00
    outer loop
      vertex -1.081561e+01 -1.124255e+01  1.000000e+01
      vertex -1.081561e+01 -1.124255e+01  2.500000e+01
      vertex -1.034032e+01 -1.161492e+01  2.500000e+01
    endloop
  endfacet
  facet normal  6.167186e-01  7.871836e-01  0.000000e+00
    outer loop
      vertex -1.081561e+01 -1.124255e+01  1.000000e+01
      vertex -1.034032e+01 -1.161492e+01  2.500000e+01
      vertex -1.034032e+01 -1.161492e+01  1.000000e+01
    endloop
  endfacet
  facet normal  5.173381e-01  8.557811e-01  -0.000000e+00
    outer loop
      vertex -1.034032e+01 -1.161492e+01  1.000000e+01
      vertex -1.034032e+01 -1.161492e+01  2.500000e+01
      vertex -9.823616e+00 -1.192728e+01  2.500000e+01
    endloop
  endfacet
  facet normal  5.173381e-01  8.557811e-01  0.000000e+00
    outer loop
      vertex -1.034032e+01 -1.161492e+01  1.000000e+01
      vertex -9.823616e+00 -1.192728e+01  2.500000e+01
      vertex -9.823616e+00 -1.192728e+01  1.000000e+01
    endloop
  endfacet
  facet normal  4.104124e-01  9.119000e-01  -0.000000e+00
    outer loop
      vertex -9.823616e+00 -1.192728e+01  1.000000e+01
      vertex -9.823616e+00 -1.192728e+01  2.500000e+01
      vertex -9.273025e+00 -1.217508e+01  2.500000e+01
    endloop
  endfacet
  facet normal  4.104124e-01  9.119000e-01  0.000000e+00
    outer loop
      vertex -9.823616e+00 -1.192728e+01  1.000000e+01
      vertex -9.273025e+00 -1.217508e+01  2.500000e+01
      vertex -9.273025e+00 -1.217508e+01  1.000000e+01
    endloop
  endfacet
  facet normal  2.975022e-01  9.547212e-01  -0.000000e+00
    outer loop
      vertex -9.273025e+00 -1.217508e+01  1.000000e+01
      vertex -9.273025e+00 -1.217508e+01  2.500000e+01
      vertex -8.696578e+00 -1.235471e+01  2.500000e+01
    endloop
  endfacet
  facet normal  2.975022e-01  9.547212e-01  0.000000e+00
    outer loop
      vertex -9.273025e+00 -1.217508e+01  1.000000e+01
      vertex -8.696578e+00 -1.235471e+01  2.500000e+01
      vertex -8.696578e+00 -1.235471e+01  1.000000e+01
    endloop
  endfacet
  facet normal  1.802564e-01  9.836196e-01  -0.000000e+00
    outer loop
      vertex -8.696578e+00 -1.235471e+01  1.000000e+01
      vertex -8.696578e+00 -1.235471e+01  2.500000e+01
      vertex -8.102683e+00 -1.246354e+01  2.500000e+01
    endloop
  endfacet
  facet normal  1.802564e-01  9.836196e-01  0.000000e+00
    outer loop
      vertex -8.696578e+00 -1.235471e+01  1.000000e+01
      vertex -8.102683e+00 -1.246354e+01  2.500000e+01
      vertex -8.102683e+00 -1.246354e+01  1.000000e+01
    endloop
  endfacet
  facet normal  6.037774e-02  9.981756e-01  -0.000000e+00
    outer loop
      vertex -8.102683e+00 -1.246354e+01  1.000000e+01
      vertex -8.102683e+00 -1.246354e+01  2.500000e+01
      vertex -7.500000e+00 -1.250000e+01  2.500000e+01
    endloop
  endfacet
  facet normal  6.037774e-02  9.981756e-01  0.000000e+00
    outer loop
      vertex -8.102683e+00 -1.246354e+01  1.000000e+01
      vertex -7.500000e+00 -1.250000e+01  2.500000e+01
      vertex -7.500000e+00 -1.250000e+01  1.000000e+01
    endloop
  endfacet
  facet normal  0.000000e+00 -1.000000e+00  0.000000e+00
    outer loop
      vertex -7.500000e+00  1.250000e+01  1.000000e+01
      vertex  7.500000e+00  1.250000e+01  1.000000e+01
      vertex -7.500000e+00  1.250000e+01  2.500000e+01
    endloop
  endfacet
  facet normal  0.000000e+00 -1.000000e+00  0.000000e+00
    outer loop
      vertex -7.500000e+00  1.250000e+01  2.500000e+01
      vertex  7.500000e+00  1.250000e+01  1.000000e+01
      vertex  7.500000e+00  1.250000e+01  2.500000e+01
    endloop
  endfacet
  facet normal  6.167186e-01 -7.871836e-01  0.000000e+00
    outer loop
      vertex -1.081561e+01  1.124255e+01  2.500000e+01
      vertex -1.034032e+01  1.161492e+01  1.000000e+01
      vertex -1.034032e+01  1.161492e+01  2.500000e+01
    endloop
  endfacet
  facet normal  5.173381e-01 -8.557811e-01  0.000000e+00
    outer loop
      vertex -1.034032e+01  1.161492e+01  2.500000e+01
      vertex -1.034032e+01  1.161492e+01  1.000000e+01
      vertex -9.823616e+00  1.192728e+01  1.000000e+01
    endloop
  endfacet
  facet normal  5.173381e-01 -8.557811e-01  0.000000e+00
    outer loop
      vertex -1.034032e+01  1.161492e+01  2.500000e+01
      vertex -9.823616e+00  1.192728e+01  1.000000e+01
      vertex -9.823616e+00  1.192728e+01  2.500000e+01
    endloop
  endfacet
  facet normal  4.104124e-01 -9.119000e-01  0.000000e+00
    outer loop
      vertex -9.823616e+00  1.192728e+01  2.500000e+01
      vertex -9.823616e+00  1.192728e+01  1.000000e+01
      vertex -9.273025e+00  1.217508e+01  1.000000e+01
    endloop
  endfacet
  facet normal  4.104124e-01 -9.119000e-01  0.000000e+00
    outer loop
      vertex -9.823616e+00  1.192728e+01  2.500000e+01
      vertex -9.273025e+00  1.217508e+01  1.000000e+01
      vertex -9.273025e+00  1.217508e+01  2.500000e+01
    endloop
  endfacet
  facet normal  2.975022e-01 -9.547212e-01  0.000000e+00
    outer loop
      vertex -9.273025e+00  1.217508e+01  2.500000e+01
      vertex -9.273025e+00  1.217508e+01  1.000000e+01
      vertex -8.696578e+00  1.235471e+01  1.000000e+01
    endloop
  endfacet
  facet normal  2.975022e-01 -9.547212e-01  0.000000e+00
    outer loop
      vertex -9.273025e+00  1.217508e+01  2.500000e+01
      vertex -8.696578e+00  1.235471e+01  1.000000e+01
      vertex -8.696578e+00  1.235471e+01  2.500000e+01
    endloop
  endfacet
  facet normal  1.802564e-01 -9.836196e-01  0.000000e+00
    outer loop
      vertex -8.696578e+00  1.235471e+01  2.500000e+01
      vertex -8.696578e+00  1.235471e+01  1.000000e+01
      vertex -8.102683e+00  1.246354e+01  1.000000e+01
    endloop
  endfacet
  facet normal  1.802564e-01 -9.836196e-01  0.000000e+00
    outer loop
      vertex -8.696578e+00  1.235471e+01  2.500000e+01
      vertex -8.102683e+00  1.246354e+01  1.000000e+01
      vertex -8.102683e+00  1.246354e+01  2.500000e+01
    endloop
  endfacet
  facet normal  6.037774e-02 -9.981756e-01  0.000000e+00
    outer loop
      vertex -8.102683e+00  1.246354e+01  2.500000e+01
      vertex -8.102683e+00  1.246354e+01  1.000000e+01
      vertex -7.500000e+00  1.250000e+01  1.000000e+01
    endloop
  endfacet
  facet normal  6.037774e-02 -9.981756e-01  0.000000e+00
    outer loop
      vertex -8.102683e+00  1.246354e+01  2.500000e+01
      vertex -7.500000e+00  1.250000e+01  1.000000e+01
      vertex -7.500000e+00  1.250000e+01  2.500000e+01
    endloop
  endfacet
  facet normal  6.167186e-01 -7.871836e-01  0.000000e+00
    outer loop
      vertex -1.034032e+01  1.161492e+01  1.000000e+01
      vertex -1.081561e+01  1.124255e+01  2.500000e+01
      vertex -1.081561e+01  1.124255e+01  1.000000e+01
    endloop
  endfacet
  facet normal  7.071068e-01 -7.071068e-01  0.000000e+00
    outer loop
      vertex -1.081561e+01  1.124255e+01  1.000000e+01
      vertex -1.081561e+01  1.124255e+01  2.500000e+01
      vertex -1.124255e+01  1.081561e+01  2.500000e+01
    endloop
  endfacet
  facet normal  7.071068e-01 -7.071068e-01  0.000000e+00
    outer loop
      vertex -1.081561e+01  1.124255e+01  1.000000e+01
      vertex -1.124255e+01  1.081561e+01  2.500000e+01
      vertex -1.124255e+01  1.081561e+01  1.000000e+01
    endloop
  endfacet
  facet normal  7.871836e-01 -6.167186e-01  0.000000e+00
    outer loop
      vertex -1.124255e+01  1.081561e+01  1.000000e+01
      vertex -1.124255e+01  1.081561e+01  2.500000e+01
      vertex -1.161492e+01  1.034032e+01  2.500000e+01
    endloop
  endfacet
  facet normal  7.871836e-01 -6.167186e-01  0.000000e+00
    outer loop
      vertex -1.124255e+01  1.081561e+01  1.000000e+01
      vertex -1.161492e+01  1.034032e+01  2.500000e+01
      vertex -1.161492e+01  1.034032e+01  1.000000e+01
    endloop
  endfacet
  facet normal  8.557811e-01 -5.173381e-01  0.000000e+00
    outer loop
      vertex -1.161492e+01  1.034032e+01  1.000000e+01
      vertex -1.161492e+01  1.034032e+01  2.500000e+01
      vertex -1.192728e+01  9.823616e+00  2.500000e+01
    endloop
  endfacet
  facet normal  8.557811e-01 -5.173381e-01  0.000000e+00
    outer loop
      vertex -1.161492e+01  1.034032e+01  1.000000e+01
      vertex -1.192728e+01  9.823616e+00  2.500000e+01
      vertex -1.192728e+01  9.823616e+00  1.000000e+01
    endloop
  endfacet
  facet normal  9.119000e-01 -4.104124e-01  0.000000e+00
    outer loop
      vertex -1.192728e+01  9.823616e+00  1.000000e+01
      vertex -1.192728e+01  9.823616e+00  2.500000e+01
      vertex -1.217508e+01  9.273025e+00  2.500000e+01
    endloop
  endfacet
  facet normal  9.119000e-01 -4.104124e-01  0.000000e+00
    outer loop
      vertex -1.192728e+01  9.823616e+00  1.000000e+01
      vertex -1.217508e+01  9.273025e+00  2.500000e+01
      vertex -1.217508e+01  9.273025e+00  1.000000e+01
    endloop
  endfacet
  facet normal  9.547212e-01 -2.975022e-01  0.000000e+00
    outer loop
      vertex -1.217508e+01  9.273025e+00  1.000000e+01
      vertex -1.217508e+01  9.273025e+00  2.500000e+01
      vertex -1.235471e+01  8.696578e+00  2.500000e+01
    endloop
  endfacet
  facet normal  9.547212e-01 -2.975022e-01  0.000000e+00
    outer loop
      vertex -1.217508e+01  9.273025e+00  1.000000e+01
      vertex -1.235471e+01  8.696578e+00  2.500000e+01
      vertex -1.235471e+01  8.696578e+00  1.000000e+01
    endloop
  endfacet
  facet normal  9.836196e-01 -1.802564e-01  0.000000e+00
    outer loop
      vertex -1.235471e+01  8.696578e+00  1.000000e+01
      vertex -1.235471e+01  8.696578e+00  2.500000e+01
      vertex -1.246354e+01  8.102683e+00  2.500000e+01
    endloop
  endfacet
  facet normal  9.836196e-01 -1.802564e-01  0.000000e+00
    outer loop
      vertex -1.235471e+01  8.696578e+00  1.000000e+01
      vertex -1.246354e+01  8.102683e+00  2.500000e+01
      vertex -1.246354e+01  8.102683e+00  1.000000e+01
    endloop
  endfacet
  facet normal  9.981756e-01 -6.037774e-02  0.000000e+00
    outer loop
      vertex -1.246354e+01  8.102683e+00  1.000000e+01
      vertex -1.246354e+01  8.102683e+00  2.500000e+01
      vertex -1.250000e+01  7.500000e+00  2.500000e+01
    endloop
  endfacet
  facet normal  9.981756e-01 -6.037774e-02  0.000000e+00
    outer loop
      vertex -1.246354e+01  8.102683e+00  1.000000e+01
      vertex -1.250000e+01  7.500000e+00  2.500000e+01
      vertex -1.250000e+01  7.500000e+00  1.000000e+01
    endloop
  endfacet
  facet normal -1.000000e+00  0.000000e+00  0.000000e+00
    outer loop
      vertex  1.250000e+01 -7.500000e+00  1.000000e+01
      vertex  1.250000e+01 -7.500000e+00  2.500000e+01
      vertex  1.250000e+01  7.500000e+00  1.000000e+01
    endloop
  endfacet
  facet normal -1.000000e+00  0.000000e+00  0.000000e+00
    outer loop
      vertex  1.250000e+01  7.500000e+00  1.000000e+01
      vertex  1.250000e+01 -7.500000e+00  2.500000e+01
      vertex  1.250000e+01  7.500000e+00  2.500000e+01
    endloop
  endfacet
  facet normal -6.167186e-01  7.871836e-01  0.000000e+00
    outer loop
      vertex  1.081561e+01 -1.124255e+01  2.500000e+01
      vertex  1.034032e+01 -1.161492e+01  1.000000e+01
      vertex  1.034032e+01 -1.161492e+01  2.500000e+01
    endloop
  endfacet
  facet normal -5.173381e-01  8.557811e-01  0.000000e+00
    outer loop
      vertex  1.034032e+01 -1.161492e+01  2.500000e+01
      vertex  1.034032e+01 -1.161492e+01  1.000000e+01
      vertex  9.823616e+00 -1.192728e+01  1.000000e+01
    endloop
  endfacet
  facet normal -5.173381e-01  8.557811e-01  0.000000e+00
    outer loop
      vertex  1.034032e+01 -1.161492e+01  2.500000e+01
      vertex  9.823616e+00 -1.192728e+01  1.000000e+01
      vertex  9.823616e+00 -1.192728e+01  2.500000e+01
    endloop
  endfacet
  facet normal -4.104124e-01  9.119000e-01  0.000000e+00
    outer loop
      vertex  9.823616e+00 -1.192728e+01  2.500000e+01
      vertex  9.823616e+00 -1.192728e+01  1.000000e+01
      vertex  9.273025e+00 -1.217508e+01  1.000000e+01
    endloop
  endfacet
  facet normal -4.104124e-01  9.119000e-01  0.000000e+00
    outer loop
      vertex  9.823616e+00 -1.192728e+01  2.500000e+01
      vertex  9.273025e+00 -1.217508e+01  1.000000e+01
      vertex  9.273025e+00 -1.217508e+01  2.500000e+01
    endloop
  endfacet
  facet normal -2.975022e-01  9.547212e-01  0.000000e+00
    outer loop
      vertex  9.273025e+00 -1.217508e+01  2.500000e+01
      vertex  9.273025e+00 -1.217508e+01  1.000000e+01
      vertex  8.696578e+00 -1.235471e+01  1.000000e+01
    endloop
  endfacet
  facet normal -2.975022e-01  9.547212e-01  0.000000e+00
    outer loop
      vertex  9.273025e+00 -1.217508e+01  2.500000e+01
      vertex  8.696578e+00 -1.235471e+01  1.000000e+01
      vertex  8.696578e+00 -1.235471e+01  2.500000e+01
    endloop
  endfacet
  facet normal -1.802564e-01  9.836196e-01  0.000000e+00
    outer loop
      vertex  8.696578e+00 -1.235471e+01  2.500000e+01
      vertex  8.696578e+00 -1.235471e+01  1.000000e+01
      vertex  8.102683e+00 -1.246354e+01  1.000000e+01
    endloop
  endfacet
  facet normal -1.802564e-01  9.836196e-01  0.000000e+00
    outer loop
      vertex  8.696578e+00 -1.235471e+01  2.500000e+01
      vertex  8.102683e+00 -1.246354e+01  1.000000e+01
      vertex  8.102683e+00 -1.246354e+01  2.500000e+01
    endloop
  endfacet
  facet normal -6.037774e-02  9.981756e-01  0.000000e+00
    outer loop
      vertex  8.102683e+00 -1.246354e+01  2.500000e+01
      vertex  8.102683e+00 -1.246354e+01  1.000000e+01
      vertex  7.500000e+00 -1.250000e+01  1.000000e+01
    endloop
  endfacet
  facet normal -6.037774e-02  9.981756e-01  0.000000e+00
    outer loop
      vertex  8.102683e+00 -1.246354e+01  2.500000e+01
      vertex  7.500000e+00 -1.250000e+01  1.000000e+01
      vertex  7.500000e+00 -1.250000e+01  2.500000e+01
    endloop
  endfacet
  facet normal -6.167186e-01  7.871836e-01  0.000000e+00
    outer loop
      vertex  1.034032e+01 -1.161492e+01  1.000000e+01
      vertex  1.081561e+01 -1.124255e+01  2.500000e+01
      vertex  1.081561e+01 -1.124255e+01  1.000000e+01
    endloop
  endfacet
  facet normal -7.071068e-01  7.071068e-01  0.000000e+00
    outer loop
      vertex  1.081561e+01 -1.124255e+01  1.000000e+01
      vertex  1.081561e+01 -1.124255e+01  2.500000e+01
      vertex  1.124255e+01 -1.081561e+01  2.500000e+01
    endloop
  endfacet
  facet normal -7.071068e-01  7.071068e-01  0.000000e+00
    outer loop
      vertex  1.081561e+01 -1.124255e+01  1.000000e+01
      vertex  1.124255e+01 -1.081561e+01  2.500000e+01
      vertex  1.124255e+01 -1.081561e+01  1.000000e+01
    endloop
  endfacet
  facet normal -7.871836e-01  6.167186e-01  0.000000e+00
    outer loop
      vertex  1.124255e+01 -1.081561e+01  1.000000e+01
      vertex  1.124255e+01 -1.081561e+01  2.500000e+01
      vertex  1.161492e+01 -1.034032e+01  2.500000e+01
    endloop
  endfacet
  facet normal -7.871836e-01  6.167186e-01  0.000000e+00
    outer loop
      vertex  1.124255e+01 -1.081561e+01  1.000000e+01
      vertex  1.161492e+01 -1.034032e+01  2.500000e+01
      vertex  1.161492e+01 -1.034032e+01  1.000000e+01
    endloop
  endfacet
  facet normal -8.557811e-01  5.173381e-01  0.000000e+00
    outer loop
      vertex  1.161492e+01 -1.034032e+01  1.000000e+01
      vertex  1.161492e+01 -1.034032e+01  2.500000e+01
      vertex  1.192728e+01 -9.823616e+00  2.500000e+01
    endloop
  endfacet
  facet normal -8.557811e-01  5.173381e-01  0.000000e+00
    outer loop
      vertex  1.161492e+01 -1.034032e+01  1.000000e+01
      vertex  1.192728e+01 -9.823616e+00  2.500000e+01
      vertex  1.192728e+01 -9.823616e+00  1.000000e+01
    endloop
  endfacet
  facet normal -9.119000e-01  4.104124e-01  0.000000e+00
    outer loop
      vertex  1.192728e+01 -9.823616e+00  1.000000e+01
      vertex  1.192728e+01 -9.823616e+00  2.500000e+01
      vertex  1.217508e+01 -9.273025e+00  2.500000e+01
    endloop
  endfacet
  facet normal -9.119000e-01  4.104124e-01  0.000000e+00
    outer loop
      vertex  1.192728e+01 -9.823616e+00  1.000000e+01
      vertex  1.217508e+01 -9.273025e+00  2.500000e+01
      vertex  1.217508e+01 -9.273025e+00  1.000000e+01
    endloop
  endfacet
  facet normal -9.547212e-01  2.975022e-01  0.000000e+00
    outer loop
      vertex  1.217508e+01 -9.273025e+00  1.000000e+01
      vertex  1.217508e+01 -9.273025e+00  2.500000e+01
      vertex  1.235471e+01 -8.696578e+00  2.500000e+01
    endloop
  endfacet
  facet normal -9.547212e-01  2.975022e-01  0.000000e+00
    outer loop
      vertex  1.217508e+01 -9.273025e+00  1.000000e+01
      vertex  1.235471e+01 -8.696578e+00  2.500000e+01
      vertex  1.235471e+01 -8.696578e+00  1.000000e+01
    endloop
  endfacet
  facet normal -9.836196e-01  1.802564e-01  0.000000e+00
    outer loop
      vertex  1.235471e+01 -8.696578e+00  1.000000e+01
      vertex  1.235471e+01 -8.696578e+00  2.500000e+01
      vertex  1.246354e+01 -8.102683e+00  2.500000e+01
    endloop
  endfacet
  facet normal -9.836196e-01  1.802564e-01  0.000000e+00
    outer loop
      vertex  1.235471e+01 -8.696578e+00  1.000000e+01
      vertex  1.246354e+01 -8.102683e+00  2.500000e+01
      vertex  1.246354e+01 -8.102683e+00  1.000000e+01
    endloop
  endfacet
  facet normal -9.981756e-01  6.037774e-02  0.000000e+00
    outer loop
      vertex  1.246354e+01 -8.102683e+00  1.000000e+01
      vertex  1.246354e+01 -8.102683e+00  2.500000e+01
      vertex  1.250000e+01 -7.500000e+00  2.500000e+01
    endloop
  endfacet
  facet normal -9.981756e-01  6.037774e-02  0.000000e+00
    outer loop
      vertex  1.246354e+01 -8.102683e+00  1.000000e+01
      vertex  1.250000e+01 -7.500000e+00  2.500000e+01
      vertex  1.250000e+01 -7.500000e+00  1.000000e+01
    endloop
  endfacet
  facet normal -7.871836e-01 -6.167186e-01  0.000000e+00
    outer loop
      vertex  1.124255e+01  1.081561e+01  2.500000e+01
      vertex  1.161492e+01  1.034032e+01  1.000000e+01
      vertex  1.161492e+01  1.034032e+01  2.500000e+01
    endloop
  endfacet
  facet normal -8.557811e-01 -5.173381e-01  -0.000000e+00
    outer loop
      vertex  1.161492e+01  1.034032e+01  2.500000e+01
      vertex  1.161492e+01  1.034032e+01  1.000000e+01
      vertex  1.192728e+01  9.823616e+00  1.000000e+01
    endloop
  endfacet
  facet normal -8.557811e-01 -5.173381e-01  0.000000e+00
    outer loop
      vertex  1.161492e+01  1.034032e+01  2.500000e+01
      vertex  1.192728e+01  9.823616e+00  1.000000e+01
      vertex  1.192728e+01  9.823616e+00  2.500000e+01
    endloop
  endfacet
  facet normal -9.119000e-01 -4.104124e-01  -0.000000e+00
    outer loop
      vertex  1.192728e+01  9.823616e+00  2.500000e+01
      vertex  1.192728e+01  9.823616e+00  1.000000e+01
      vertex  1.217508e+01  9.273025e+00  1.000000e+01
    endloop
  endfacet
  facet normal -9.119000e-01 -4.104124e-01  0.000000e+00
    outer loop
      vertex  1.192728e+01  9.823616e+00  2.500000e+01
      vertex  1.217508e+01  9.273025e+00  1.000000e+01
      vertex  1.217508e+01  9.273025e+00  2.500000e+01
    endloop
  endfacet
  facet normal -9.547212e-01 -2.975022e-01  -0.000000e+00
    outer loop
      vertex  1.217508e+01  9.273025e+00  2.500000e+01
      vertex  1.217508e+01  9.273025e+00  1.000000e+01
      vertex  1.235471e+01  8.696578e+00  1.000000e+01
    endloop
  endfacet
  facet normal -9.547212e-01 -2.975022e-01  0.000000e+00
    outer loop
      vertex  1.217508e+01  9.273025e+00  2.500000e+01
      vertex  1.235471e+01  8.696578e+00  1.000000e+01
      vertex  1.235471e+01  8.696578e+00  2.500000e+01
    endloop
  endfacet
  facet normal -9.836196e-01 -1.802564e-01  -0.000000e+00
    outer loop
      vertex  1.235471e+01  8.696578e+00  2.500000e+01
      vertex  1.235471e+01  8.696578e+00  1.000000e+01
      vertex  1.246354e+01  8.102683e+00  1.000000e+01
    endloop
  endfacet
  facet normal -9.836196e-01 -1.802564e-01  0.000000e+00
    outer loop
      vertex  1.235471e+01  8.696578e+00  2.500000e+01
      vertex  1.246354e+01  8.102683e+00  1.000000e+01
      vertex  1.246354e+01  8.102683e+00  2.500000e+01
    endloop
  endfacet
  facet normal -9.981756e-01 -6.037774e-02  -0.000000e+00
    outer loop
      vertex  1.246354e+01  8.102683e+00  2.500000e+01
      vertex  1.246354e+01  8.102683e+00  1.000000e+01
      vertex  1.250000e+01  7.500000e+00  1.000000e+01
    endloop
  endfacet
  facet normal -9.981756e-01 -6.037774e-02  0.000000e+00
    outer loop
      vertex  1.246354e+01  8.102683e+00  2.500000e+01
      vertex  1.250000e+01  7.500000e+00  1.000000e+01
      vertex  1.250000e+01  7.500000e+00  2.500000e+01
    endloop
  endfacet
  facet normal -7.871836e-01 -6.167186e-01  -0.000000e+00
    outer loop
      vertex  1.161492e+01  1.034032e+01  1.000000e+01
      vertex  1.124255e+01  1.081561e+01  2.500000e+01
      vertex  1.124255e+01  1.081561e+01  1.000000e+01
    endloop
  endfacet
  facet normal -7.071068e-01 -7.071068e-01  0.000000e+00
    outer loop
      vertex  1.124255e+01  1.081561e+01  1.000000e+01
      vertex  1.124255e+01  1.081561e+01  2.500000e+01
      vertex  1.081561e+01  1.124255e+01  2.500000e+01
    endloop
  endfacet
  facet normal -7.071068e-01 -7.071068e-01  -0.000000e+00
    outer loop
      vertex  1.124255e+01  1.081561e+01  1.000000e+01
      vertex  1.081561e+01  1.124255e+01  2.500000e+01
      vertex  1.081561e+01  1.124255e+01  1.000000e+01
    endloop
  endfacet
  facet normal -6.167186e-01 -7.871836e-01  0.000000e+00
    outer loop
      vertex  1.081561e+01  1.124255e+01  1.000000e+01
      vertex  1.081561e+01  1.124255e+01  2.500000e+01
      vertex  1.034032e+01  1.161492e+01  2.500000e+01
    endloop
  endfacet
  facet normal -6.167186e-01 -7.871836e-01  -0.000000e+00
    outer loop
      vertex  1.081561e+01  1.124255e+01  1.000000e+01
      vertex  1.034032e+01  1.161492e+01  2.500000e+01
      vertex  1.034032e+01  1.161492e+01  1.000000e+01
    endloop
  endfacet
  facet normal -5.173381e-01 -8.557811e-01  0.000000e+00
    outer loop
      vertex  1.034032e+01  1.161492e+01  1.000000e+01
      vertex  1.034032e+01  1.161492e+01  2.500000e+01
      vertex  9.823616e+00  1.192728e+01  2.500000e+01
    endloop
  endfacet
  facet normal -5.173381e-01 -8.557811e-01  -0.000000e+00
    outer loop
      vertex  1.034032e+01  1.161492e+01  1.000000e+01
      vertex  9.823616e+00  1.192728e+01  2.500000e+01
      vertex  9.823616e+00  1.192728e+01  1.000000e+01
    endloop
  endfacet
  facet normal -4.104124e-01 -9.119000e-01  0.000000e+00
    outer loop
      vertex  9.823616e+00  1.192728e+01  1.000000e+01
      vertex  9.823616e+00  1.192728e+01  2.500000e+01
      vertex  9.273025e+00  1.217508e+01  2.500000e+01
    endloop
  endfacet
  facet normal -4.104124e-01 -9.119000e-01  -0.000000e+00
    outer loop
      vertex  9.823616e+00  1.192728e+01  1.000000e+01
      vertex  9.273025e+00  1.217508e+01  2.500000e+01
      vertex  9.273025e+00  1.217508e+01  1.000000e+01
    endloop
  endfacet
  facet normal -2.975022e-01 -9.547212e-01  0.000000e+00
    outer loop
      vertex  9.273025e+00  1.217508e+01  1.000000e+01
      vertex  9.273025e+00  1.217508e+01  2.500000e+01
      vertex  8.696578e+00  1.235471e+01  2.500000e+01
    endloop
  endfacet
  facet normal -2.975022e-01 -9.547212e-01  -0.000000e+00
    outer loop
      vertex  9.273025e+00  1.217508e+01  1.000000e+01
      vertex  8.696578e+00  1.235471e+01  2.500000e+01
      vertex  8.696578e+00  1.235471e+01  1.000000e+01
    endloop
  endfacet
  facet normal -1.802564e-01 -9.836196e-01  0.000000e+00
    outer loop
      vertex  8.696578e+00  1.235471e+01  1.000000e+01
      vertex  8.696578e+00  1.235471e+01  2.500000e+01
      vertex  8.102683e+00  1.246354e+01  2.500000e+01
    endloop
  endfacet
  facet normal -1.802564e-01 -9.836196e-01  -0.000000e+00
    outer loop
      vertex  8.696578e+00  1.235471e+01  1.000000e+01
      vertex  8.102683e+00  1.246354e+01  2.500000e+01
      vertex  8.102683e+00  1.246354e+01  1.000000e+01
    endloop
  endfacet
  facet normal -6.037774e-02 -9.981756e-01  0.000000e+00
    outer loop
      vertex  8.102683e+00  1.246354e+01  1.000000e+01
      vertex  8.102683e+00  1.246354e+01  2.500000e+01
      vertex  7.500000e+00  1.250000e+01  2.500000e+01
    endloop
  endfacet
  facet normal -6.037774e-02 -9.981756e-01  -0.000000e+00
    outer loop
      vertex  8.102683e+00  1.246354e+01  1.000000e+01
      vertex  7.500000e+00  1.250000e+01  2.500000e+01
      vertex  7.500000e+00  1.250000e+01  1.000000e+01
    endloop
  endfacet
  facet normal -1.000000e+00  0.000000e+00  0.000000e+00
    outer loop
      vertex -2.000000e+01  1.500000e+01  2.500000e+01
      vertex -2.000000e+01  1.500000e+01  0.000000e+00
      vertex -2.000000e+01 -1.500000e+01  2.500000e+01
    endloop
  endfacet
  facet normal -1.000000e+00  0.000000e+00  0.000000e+00
    outer loop
      vertex -2.000000e+01 -1.500000e+01  2.500000e+01
      vertex -2.000000e+01  1.500000e+01  0.000000e+00
      vertex -2.000000e+01 -1.500000e+01  0.000000e+00
    endloop
  endfacet
  facet normal  0.000000e+00  1.000000e+00  0.000000e+00
    outer loop
      vertex -1.500000e+01  2.000000e+01  2.500000e+01
      vertex  1.500000e+01  2.000000e+01  2.500000e+01
      vertex -1.500000e+01  2.000000e+01  0.000000e+00
    endloop
  endfacet
  facet normal  0.000000e+00  1.000000e+00  0.000000e+00
    outer loop
      vertex -1.500000e+01  2.000000e+01  0.000000e+00
      vertex  1.500000e+01  2.000000e+01  2.500000e+01
      vertex  1.500000e+01  2.000000e+01  0.000000e+00
    endloop
  endfacet
  facet normal -9.981756e-01  6.037775e-02  0.000000e+00
    outer loop
      vertex -2.000000e+01  1.500000e+01  0.000000e+00
      vertex -2.000000e+01  1.500000e+01  2.500000e+01
      vertex -1.996354e+01  1.560268e+01  0.000000e+00
    endloop
  endfacet
  facet normal -9.981756e-01  6.037775e-02  0.000000e+00
    outer loop
      vertex -1.996354e+01  1.560268e+01  0.000000e+00
      vertex -2.000000e+01  1.500000e+01  2.500000e+01
      vertex -1.996354e+01  1.560268e+01  2.500000e+01
    endloop
  endfacet
  facet normal -9.836200e-01  1.802547e-01  0.000000e+00
    outer loop
      vertex -1.996354e+01  1.560268e+01  0.000000e+00
      vertex -1.996354e+01  1.560268e+01  2.500000e+01
      vertex -1.985471e+01  1.619658e+01  0.000000e+00
    endloop
  endfacet
  facet normal -9.836200e-01  1.802547e-01  0.000000e+00
    outer loop
      vertex -1.985471e+01  1.619658e+01  0.000000e+00
      vertex -1.996354e+01  1.560268e+01  2.500000e+01
      vertex -1.985471e+01  1.619658e+01  2.500000e+01
    endloop
  endfacet
  facet normal -9.547204e-01  2.975045e-01  0.000000e+00
    outer loop
      vertex -1.985471e+01  1.619658e+01  0.000000e+00
      vertex -1.985471e+01  1.619658e+01  2.500000e+01
      vertex -1.967508e+01  1.677302e+01  0.000000e+00
    endloop
  endfacet
  facet normal -9.547204e-01  2.975045e-01  0.000000e+00
    outer loop
      vertex -1.967508e+01  1.677302e+01  0.000000e+00
      vertex -1.985471e+01  1.619658e+01  2.500000e+01
      vertex -1.967508e+01  1.677302e+01  2.500000e+01
    endloop
  endfacet
  facet normal -9.119003e-01  4.104118e-01  0.000000e+00
    outer loop
      vertex -1.967508e+01  1.677302e+01  0.000000e+00
      vertex -1.967508e+01  1.677302e+01  2.500000e+01
      vertex -1.942728e+01  1.732362e+01  0.000000e+00
    endloop
  endfacet
  facet normal -9.119003e-01  4.104118e-01  0.000000e+00
    outer loop
      vertex -1.942728e+01  1.732362e+01  0.000000e+00
      vertex -1.967508e+01  1.677302e+01  2.500000e+01
      vertex -1.942728e+01  1.732362e+01  2.500000e+01
    endloop
  endfacet
  facet normal -8.557814e-01  5.173374e-01  0.000000e+00
    outer loop
      vertex -1.942728e+01  1.732362e+01  0.000000e+00
      vertex -1.942728e+01  1.732362e+01  2.500000e+01
      vertex -1.911492e+01  1.784032e+01  0.000000e+00
    endloop
  endfacet
  facet normal -8.557814e-01  5.173374e-01  0.000000e+00
    outer loop
      vertex -1.911492e+01  1.784032e+01  0.000000e+00
      vertex -1.942728e+01  1.732362e+01  2.500000e+01
      vertex -1.911492e+01  1.784032e+01  2.500000e+01
    endloop
  endfacet
  facet normal -7.871825e-01  6.167202e-01  0.000000e+00
    outer loop
      vertex -1.911492e+01  1.784032e+01  0.000000e+00
      vertex -1.911492e+01  1.784032e+01  2.500000e+01
      vertex -1.874255e+01  1.831561e+01  0.000000e+00
    endloop
  endfacet
  facet normal -7.871825e-01  6.167202e-01  0.000000e+00
    outer loop
      vertex -1.874255e+01  1.831561e+01  0.000000e+00
      vertex -1.911492e+01  1.784032e+01  2.500000e+01
      vertex -1.874255e+01  1.831561e+01  2.500000e+01
    endloop
  endfacet
  facet normal -7.071068e-01  7.071068e-01  0.000000e+00
    outer loop
      vertex -1.874255e+01  1.831561e+01  0.000000e+00
      vertex -1.874255e+01  1.831561e+01  2.500000e+01
      vertex -1.831561e+01  1.874255e+01  0.000000e+00
    endloop
  endfacet
  facet normal -7.071068e-01  7.071068e-01  0.000000e+00
    outer loop
      vertex -1.831561e+01  1.874255e+01  0.000000e+00
      vertex -1.874255e+01  1.831561e+01  2.500000e+01
      vertex -1.831561e+01  1.874255e+01  2.500000e+01
    endloop
  endfacet
  facet normal -6.167202e-01  7.871825e-01  0.000000e+00
    outer loop
      vertex -1.831561e+01  1.874255e+01  0.000000e+00
      vertex -1.831561e+01  1.874255e+01  2.500000e+01
      vertex -1.784032e+01  1.911492e+01  0.000000e+00
    endloop
  endfacet
  facet normal -6.167202e-01  7.871825e-01  0.000000e+00
    outer loop
      vertex -1.784032e+01  1.911492e+01  0.000000e+00
      vertex -1.831561e+01  1.874255e+01  2.500000e+01
      vertex -1.784032e+01  1.911492e+01  2.500000e+01
    endloop
  endfacet
  facet normal -5.173374e-01  8.557814e-01  0.000000e+00
    outer loop
      vertex -1.784032e+01  1.911492e+01  0.000000e+00
      vertex -1.784032e+01  1.911492e+01  2.500000e+01
      vertex -1.732362e+01  1.942728e+01  0.000000e+00
    endloop
  endfacet
  facet normal -5.173374e-01  8.557814e-01  0.000000e+00
    outer loop
      vertex -1.732362e+01  1.942728e+01  0.000000e+00
      vertex -1.784032e+01  1.911492e+01  2.500000e+01
      vertex -1.732362e+01  1.942728e+01  2.500000e+01
    endloop
  endfacet
  facet normal -4.104118e-01  9.119003e-01  0.000000e+00
    outer loop
      vertex -1.732362e+01  1.942728e+01  0.000000e+00
      vertex -1.732362e+01  1.942728e+01  2.500000e+01
      vertex -1.677302e+01  1.967508e+01  0.000000e+00
    endloop
  endfacet
  facet normal -4.104118e-01  9.119003e-01  0.000000e+00
    outer loop
      vertex -1.677302e+01  1.967508e+01  0.000000e+00
      vertex -1.732362e+01  1.942728e+01  2.500000e+01
      vertex -1.677302e+01  1.967508e+01  2.500000e+01
    endloop
  endfacet
  facet normal -2.975045e-01  9.547204e-01  0.000000e+00
    outer loop
      vertex -1.677302e+01  1.967508e+01  0.000000e+00
      vertex -1.677302e+01  1.967508e+01  2.500000e+01
      vertex -1.619658e+01  1.985471e+01  0.000000e+00
    endloop
  endfacet
  facet normal -2.975045e-01  9.547204e-01  0.000000e+00
    outer loop
      vertex -1.619658e+01  1.985471e+01  0.000000e+00
      vertex -1.677302e+01  1.967508e+01  2.500000e+01
      vertex -1.619658e+01  1.985471e+01  2.500000e+01
    endloop
  endfacet
  facet normal -1.802547e-01  9.836200e-01  0.000000e+00
    outer loop
      vertex -1.619658e+01  1.985471e+01  0.000000e+00
      vertex -1.619658e+01  1.985471e+01  2.500000e+01
      vertex -1.560268e+01  1.996354e+01  0.000000e+00
    endloop
  endfacet
  facet normal -1.802547e-01  9.836200e-01  0.000000e+00
    outer loop
      vertex -1.560268e+01  1.996354e+01  0.000000e+00
      vertex -1.619658e+01  1.985471e+01  2.500000e+01
      vertex -1.560268e+01  1.996354e+01  2.500000e+01
    endloop
  endfacet
  facet normal -6.037775e-02  9.981756e-01  0.000000e+00
    outer loop
      vertex -1.560268e+01  1.996354e+01  0.000000e+00
      vertex -1.560268e+01  1.996354e+01  2.500000e+01
      vertex -1.500000e+01  2.000000e+01  0.000000e+00
    endloop
  endfacet
  facet normal -6.037775e-02  9.981756e-01  0.000000e+00
    outer loop
      vertex -1.500000e+01  2.000000e+01  0.000000e+00
      vertex -1.560268e+01  1.996354e+01  2.500000e+01
      vertex -1.500000e+01  2.000000e+01  2.500000e+01
    endloop
  endfacet
  facet normal -6.037775e-02 -9.981756e-01  -0.000000e+00
    outer loop
      vertex -1.500000e+01 -2.000000e+01  0.000000e+00
      vertex -1.500000e+01 -2.000000e+01  2.500000e+01
      vertex -1.560268e+01 -1.996354e+01  0.000000e+00
    endloop
  endfacet
  facet normal -6.037775e-02 -9.981756e-01  0.000000e+00
    outer loop
      vertex -1.560268e+01 -1.996354e+01  0.000000e+00
      vertex -1.500000e+01 -2.000000e+01  2.500000e+01
      vertex -1.560268e+01 -1.996354e+01  2.500000e+01
    endloop
  endfacet
  facet normal -1.802547e-01 -9.836200e-01  -0.000000e+00
    outer loop
      vertex -1.560268e+01 -1.996354e+01  0.000000e+00
      vertex -1.560268e+01 -1.996354e+01  2.500000e+01
      vertex -1.619658e+01 -1.985471e+01  0.000000e+00
    endloop
  endfacet
  facet normal -1.802547e-01 -9.836200e-01  0.000000e+00
    outer loop
      vertex -1.619658e+01 -1.985471e+01  0.000000e+00
      vertex -1.560268e+01 -1.996354e+01  2.500000e+01
      vertex -1.619658e+01 -1.985471e+01  2.500000e+01
    endloop
  endfacet
  facet normal -2.975045e-01 -9.547204e-01  -0.000000e+00
    outer loop
      vertex -1.619658e+01 -1.985471e+01  0.000000e+00
      vertex -1.619658e+01 -1.985471e+01  2.500000e+01
      vertex -1.677302e+01 -1.967508e+01  0.000000e+00
    endloop
  endfacet
  facet normal -2.975045e-01 -9.547204e-01  0.000000e+00
    outer loop
      vertex -1.677302e+01 -1.967508e+01  0.000000e+00
      vertex -1.619658e+01 -1.985471e+01  2.500000e+01
      vertex -1.677302e+01 -1.967508e+01  2.500000e+01
    endloop
  endfacet
  facet normal -4.104118e-01 -9.119003e-01  -0.000000e+00
    outer loop
      vertex -1.677302e+01 -1.967508e+01  0.000000e+00
      vertex -1.677302e+01 -1.967508e+01  2.500000e+01
      vertex -1.732362e+01 -1.942728e+01  0.000000e+00
    endloop
  endfacet
  facet normal -4.104118e-01 -9.119003e-01  0.000000e+00
    outer loop
      vertex -1.732362e+01 -1.942728e+01  0.000000e+00
      vertex -1.677302e+01 -1.967508e+01  2.500000e+01
      vertex -1.732362e+01 -1.942728e+01  2.500000e+01
    endloop
  endfacet
  facet normal -5.173374e-01 -8.557814e-01  -0.000000e+00
    outer loop
      vertex -1.732362e+01 -1.942728e+01  0.000000e+00
      vertex -1.732362e+01 -1.942728e+01  2.500000e+01
      vertex -1.784032e+01 -1.911492e+01  0.000000e+00
    endloop
  endfacet
  facet normal -5.173374e-01 -8.557814e-01  0.000000e+00
    outer loop
      vertex -1.784032e+01 -1.911492e+01  0.000000e+00
      vertex -1.732362e+01 -1.942728e+01  2.500000e+01
      vertex -1.784032e+01 -1.911492e+01  2.500000e+01
    endloop
  endfacet
  facet normal -6.167202e-01 -7.871825e-01  -0.000000e+00
    outer loop
      vertex -1.784032e+01 -1.911492e+01  0.000000e+00
      vertex -1.784032e+01 -1.911492e+01  2.500000e+01
      vertex -1.831561e+01 -1.874255e+01  0.000000e+00
    endloop
  endfacet
  facet normal -6.167202e-01 -7.871825e-01  0.000000e+00
    outer loop
      vertex -1.831561e+01 -1.874255e+01  0.000000e+00
      vertex -1.784032e+01 -1.911492e+01  2.500000e+01
      vertex -1.831561e+01 -1.874255e+01  2.500000e+01
    endloop
  endfacet
  facet normal -7.071068e-01 -7.071068e-01  -0.000000e+00
    outer loop
      vertex -1.831561e+01 -1.874255e+01  0.000000e+00
      vertex -1.831561e+01 -1.874255e+01  2.500000e+01
      vertex -1.874255e+01 -1.831561e+01  0.000000e+00
    endloop
  endfacet
  facet normal -7.071068e-01 -7.071068e-01  0.000000e+00
    outer loop
      vertex -1.874255e+01 -1.831561e+01  0.000000e+00
      vertex -1.831561e+01 -1.874255e+01  2.500000e+01
      vertex -1.874255e+01 -1.831561e+01  2.500000e+01
    endloop
  endfacet
  facet normal -7.871825e-01 -6.167202e-01  -0.000000e+00
    outer loop
      vertex -1.874255e+01 -1.831561e+01  0.000000e+00
      vertex -1.874255e+01 -1.831561e+01  2.500000e+01
      vertex -1.911492e+01 -1.784032e+01  0.000000e+00
    endloop
  endfacet
  facet normal -7.871825e-01 -6.167202e-01  0.000000e+00
    outer loop
      vertex -1.911492e+01 -1.784032e+01  0.000000e+00
      vertex -1.874255e+01 -1.831561e+01  2.500000e+01
      vertex -1.911492e+01 -1.784032e+01  2.500000e+01
    endloop
  endfacet
  facet normal -8.557814e-01 -5.173374e-01  -0.000000e+00
    outer loop
      vertex -1.911492e+01 -1.784032e+01  0.000000e+00
      vertex -1.911492e+01 -1.784032e+01  2.500000e+01
      vertex -1.942728e+01 -1.732362e+01  0.000000e+00
    endloop
  endfacet
  facet normal -8.557814e-01 -5.173374e-01  0.000000e+00
    outer loop
      vertex -1.942728e+01 -1.732362e+01  0.000000e+00
      vertex -1.911492e+01 -1.784032e+01  2.500000e+01
      vertex -1.942728e+01 -1.732362e+01  2.500000e+01
    endloop
  endfacet
  facet normal -9.119003e-01 -4.104118e-01  -0.000000e+00
    outer loop
      vertex -1.942728e+01 -1.732362e+01  0.000000e+00
      vertex -1.942728e+01 -1.732362e+01  2.500000e+01
      vertex -1.967508e+01 -1.677302e+01  0.000000e+00
    endloop
  endfacet
  facet normal -9.119003e-01 -4.104118e-01  0.000000e+00
    outer loop
      vertex -1.967508e+01 -1.677302e+01  0.000000e+00
      vertex -1.942728e+01 -1.732362e+01  2.500000e+01
      vertex -1.967508e+01 -1.677302e+01  2.500000e+01
    endloop
  endfacet
  facet normal -9.547204e-01 -2.975045e-01  -0.000000e+00
    outer loop
      vertex -1.967508e+01 -1.677302e+01  0.000000e+00
      vertex -1.967508e+01 -1.677302e+01  2.500000e+01
      vertex -1.985471e+01 -1.619658e+01  0.000000e+00
    endloop
  endfacet
  facet normal -9.547204e-01 -2.975045e-01  0.000000e+00
    outer loop
      vertex -1.985471e+01 -1.619658e+01  0.000000e+00
      vertex -1.967508e+01 -1.677302e+01  2.500000e+01
      vertex -1.985471e+01 -1.619658e+01  2.500000e+01
    endloop
  endfacet
  facet normal -9.836200e-01 -1.802547e-01  -0.000000e+00
    outer loop
      vertex -1.985471e+01 -1.619658e+01  0.000000e+00
      vertex -1.985471e+01 -1.619658e+01  2.500000e+01
      vertex -1.996354e+01 -1.560268e+01  0.000000e+00
    endloop
  endfacet
  facet normal -9.836200e-01 -1.802547e-01  0.000000e+00
    outer loop
      vertex -1.996354e+01 -1.560268e+01  0.000000e+00
      vertex -1.985471e+01 -1.619658e+01  2.500000e+01
      vertex -1.996354e+01 -1.560268e+01  2.500000e+01
    endloop
  endfacet
  facet normal -9.981756e-01 -6.037775e-02  -0.000000e+00
    outer loop
      vertex -1.996354e+01 -1.560268e+01  0.000000e+00
      vertex -1.996354e+01 -1.560268e+01  2.500000e+01
      vertex -2.000000e+01 -1.500000e+01  0.000000e+00
    endloop
  endfacet
  facet normal -9.981756e-01 -6.037775e-02  0.000000e+00
    outer loop
      vertex -2.000000e+01 -1.500000e+01  0.000000e+00
      vertex -1.996354e+01 -1.560268e+01  2.500000e+01
      vertex -2.000000e+01 -1.500000e+01  2.500000e+01
    endloop
  endfacet
  facet normal  1.000000e+00  0.000000e+00  0.000000e+00
    outer loop
      vertex  2.000000e+01 -1.500000e+01  2.500000e+01
      vertex  2.000000e+01 -1.500000e+01  0.000000e+00
      vertex  2.000000e+01  1.500000e+01  2.500000e+01
    endloop
  endfacet
  facet normal  1.000000e+00  0.000000e+00  0.000000e+00
    outer loop
      vertex  2.000000e+01  1.500000e+01  2.500000e+01
      vertex  2.000000e+01 -1.500000e+01  0.000000e+00
      vertex  2.000000e+01  1.500000e+01  0.000000e+00
    endloop
  endfacet
  facet normal  9.981756e-01 -6.037775e-02  0.000000e+00
    outer loop
      vertex  2.000000e+01 -1.500000e+01  0.000000e+00
      vertex  2.000000e+01 -1.500000e+01  2.500000e+01
      vertex  1.996354e+01 -1.560268e+01  0.000000e+00
    endloop
  endfacet
  facet normal  9.981756e-01 -6.037775e-02  0.000000e+00
    outer loop
      vertex  1.996354e+01 -1.560268e+01  0.000000e+00
      vertex  2.000000e+01 -1.500000e+01  2.500000e+01
      vertex  1.996354e+01 -1.560268e+01  2.500000e+01
    endloop
  endfacet
  facet normal  9.836200e-01 -1.802547e-01  0.000000e+00
    outer loop
      vertex  1.996354e+01 -1.560268e+01  0.000000e+00
      vertex  1.996354e+01 -1.560268e+01  2.500000e+01
      vertex  1.985471e+01 -1.619658e+01  0.000000e+00
    endloop
  endfacet
  facet normal  9.836200e-01 -1.802547e-01  0.000000e+00
    outer loop
      vertex  1.985471e+01 -1.619658e+01  0.000000e+00
      vertex  1.996354e+01 -1.560268e+01  2.500000e+01
      vertex  1.985471e+01 -1.619658e+01  2.500000e+01
    endloop
  endfacet
  facet normal  9.547204e-01 -2.975045e-01  0.000000e+00
    outer loop
      vertex  1.985471e+01 -1.619658e+01  0.000000e+00
      vertex  1.985471e+01 -1.619658e+01  2.500000e+01
      vertex  1.967508e+01 -1.677302e+01  0.000000e+00
    endloop
  endfacet
  facet normal  9.547204e-01 -2.975045e-01  0.000000e+00
    outer loop
      vertex  1.967508e+01 -1.677302e+01  0.000000e+00
      vertex  1.985471e+01 -1.619658e+01  2.500000e+01
      vertex  1.967508e+01 -1.677302e+01  2.500000e+01
    endloop
  endfacet
  facet normal  9.119003e-01 -4.104118e-01  0.000000e+00
    outer loop
      vertex  1.967508e+01 -1.677302e+01  0.000000e+00
      vertex  1.967508e+01 -1.677302e+01  2.500000e+01
      vertex  1.942728e+01 -1.732362e+01  0.000000e+00
    endloop
  endfacet
  facet normal  9.119003e-01 -4.104118e-01  0.000000e+00
    outer loop
      vertex  1.942728e+01 -1.732362e+01  0.000000e+00
      vertex  1.967508e+01 -1.677302e+01  2.500000e+01
      vertex  1.942728e+01 -1.732362e+01  2.500000e+01
    endloop
  endfacet
  facet normal  8.557814e-01 -5.173374e-01  0.000000e+00
    outer loop
      vertex  1.942728e+01 -1.732362e+01  0.000000e+00
      vertex  1.942728e+01 -1.732362e+01  2.500000e+01
      vertex  1.911492e+01 -1.784032e+01  0.000000e+00
    endloop
  endfacet
  facet normal  8.557814e-01 -5.173374e-01  0.000000e+00
    outer loop
      vertex  1.911492e+01 -1.784032e+01  0.000000e+00
      vertex  1.942728e+01 -1.732362e+01  2.500000e+01
      vertex  1.911492e+01 -1.784032e+01  2.500000e+01
    endloop
  endfacet
  facet normal  7.871825e-01 -6.167202e-01  0.000000e+00
    outer loop
      vertex  1.911492e+01 -1.784032e+01  0.000000e+00
      vertex  1.911492e+01 -1.784032e+01  2.500000e+01
      vertex  1.874255e+01 -1.831561e+01  0.000000e+00
    endloop
  endfacet
  facet normal  7.871825e-01 -6.167202e-01  0.000000e+00
    outer loop
      vertex  1.874255e+01 -1.831561e+01  0.000000e+00
      vertex  1.911492e+01 -1.784032e+01  2.500000e+01
      vertex  1.874255e+01 -1.831561e+01  2.500000e+01
    endloop
  endfacet
  facet normal  7.071068e-01 -7.071068e-01  0.000000e+00
    outer loop
      vertex  1.874255e+01 -1.831561e+01  0.000000e+00
      vertex  1.874255e+01 -1.831561e+01  2.500000e+01
      vertex  1.831561e+01 -1.874255e+01  0.000000e+00
    endloop
  endfacet
  facet normal  7.071068e-01 -7.071068e-01  0.000000e+00
    outer loop
      vertex  1.831561e+01 -1.874255e+01  0.000000e+00
      vertex  1.874255e+01 -1.831561e+01  2.500000e+01
      vertex  1.831561e+01 -1.874255e+01  2.500000e+01
    endloop
  endfacet
  facet normal  6.167202e-01 -7.871825e-01  0.000000e+00
    outer loop
      vertex  1.831561e+01 -1.874255e+01  0.000000e+00
      vertex  1.831561e+01 -1.874255e+01  2.500000e+01
      vertex  1.784032e+01 -1.911492e+01  0.000000e+00
    endloop
  endfacet
  facet normal  6.167202e-01 -7.871825e-01  0.000000e+00
    outer loop
      vertex  1.784032e+01 -1.911492e+01  0.000000e+00
      vertex  1.831561e+01 -1.874255e+01  2.500000e+01
      vertex  1.784032e+01 -1.911492e+01  2.500000e+01
    endloop
  endfacet
  facet normal  5.173374e-01 -8.557814e-01  0.000000e+00
    outer loop
      vertex  1.784032e+01 -1.911492e+01  0.000000e+00
      vertex  1.784032e+01 -1.911492e+01  2.500000e+01
      vertex  1.732362e+01 -1.942728e+01  0.000000e+00
    endloop
  endfacet
  facet normal  5.173374e-01 -8.557814e-01  0.000000e+00
    outer loop
      vertex  1.732362e+01 -1.942728e+01  0.000000e+00
      vertex  1.784032e+01 -1.911492e+01  2.500000e+01
      vertex  1.732362e+01 -1.942728e+01  2.500000e+01
    endloop
  endfacet
  facet normal  4.104118e-01 -9.119003e-01  0.000000e+00
    outer loop
      vertex  1.732362e+01 -1.942728e+01  0.000000e+00
      vertex  1.732362e+01 -1.942728e+01  2.500000e+01
      vertex  1.677302e+01 -1.967508e+01  0.000000e+00
    endloop
  endfacet
  facet normal  4.104118e-01 -9.119003e-01  0.000000e+00
    outer loop
      vertex  1.677302e+01 -1.967508e+01  0.000000e+00
      vertex  1.732362e+01 -1.942728e+01  2.500000e+01
      vertex  1.677302e+01 -1.967508e+01  2.500000e+01
    endloop
  endfacet
  facet normal  2.975045e-01 -9.547204e-01  0.000000e+00
    outer loop
      vertex  1.677302e+01 -1.967508e+01  0.000000e+00
      vertex  1.677302e+01 -1.967508e+01  2.500000e+01
      vertex  1.619658e+01 -1.985471e+01  0.000000e+00
    endloop
  endfacet
  facet normal  2.975045e-01 -9.547204e-01  0.000000e+00
    outer loop
      vertex  1.619658e+01 -1.985471e+01  0.000000e+00
      vertex  1.677302e+01 -1.967508e+01  2.500000e+01
      vertex  1.619658e+01 -1.985471e+01  2.500000e+01
    endloop
  endfacet
  facet normal  1.802547e-01 -9.836200e-01  0.000000e+00
    outer loop
      vertex  1.619658e+01 -1.985471e+01  0.000000e+00
      vertex  1.619658e+01 -1.985471e+01  2.500000e+01
      vertex  1.560268e+01 -1.996354e+01  0.000000e+00
    endloop
  endfacet
  facet normal  1.802547e-01 -9.836200e-01  0.000000e+00
    outer loop
      vertex  1.560268e+01 -1.996354e+01  0.000000e+00
      vertex  1.619658e+01 -1.985471e+01  2.500000e+01
      vertex  1.560268e+01 -1.996354e+01  2.500000e+01
    endloop
  endfacet
  facet normal  6.037775e-02 -9.981756e-01  0.000000e+00
    outer loop
      vertex  1.560268e+01 -1.996354e+01  0.000000e+00
      vertex  1.560268e+01 -1.996354e+01  2.500000e+01
      vertex  1.500000e+01 -2.000000e+01  0.000000e+00
    endloop
  endfacet
  facet normal  6.037775e-02 -9.981756e-01  0.000000e+00
    outer loop
      vertex  1.500000e+01 -2.000000e+01  0.000000e+00
      vertex  1.560268e+01 -1.996354e+01  2.500000e+01
      vertex  1.500000e+01 -2.000000e+01  2.500000e+01
    endloop
  endfacet
  facet normal  6.037775e-02  9.981756e-01  0.000000e+00
    outer loop
      vertex  1.500000e+01  2.000000e+01  0.000000e+00
      vertex  1.500000e+01  2.000000e+01  2.500000e+01
      vertex  1.560268e+01  1.996354e+01  0.000000e+00
    endloop
  endfacet
  facet normal  6.037775e-02  9.981756e-01  -0.000000e+00
    outer loop
      vertex  1.560268e+01  1.996354e+01  0.000000e+00
      vertex  1.500000e+01  2.000000e+01  2.500000e+01
      vertex  1.560268e+01  1.996354e+01  2.500000e+01
    endloop
  endfacet
  facet normal  1.802547e-01  9.836200e-01  0.000000e+00
    outer loop
      vertex  1.560268e+01  1.996354e+01  0.000000e+00
      vertex  1.560268e+01  1.996354e+01  2.500000e+01
      vertex  1.619658e+01  1.985471e+01  0.000000e+00
    endloop
  endfacet
  facet normal  1.802547e-01  9.836200e-01  -0.000000e+00
    outer loop
      vertex  1.619658e+01  1.985471e+01  0.000000e+00
      vertex  1.560268e+01  1.996354e+01  2.500000e+01
      vertex  1.619658e+01  1.985471e+01  2.500000e+01
    endloop
  endfacet
  facet normal  2.975045e-01  9.547204e-01  0.000000e+00
    outer loop
      vertex  1.619658e+01  1.985471e+01  0.000000e+00
      vertex  1.619658e+01  1.985471e+01  2.500000e+01
      vertex  1.677302e+01  1.967508e+01  0.000000e+00
    endloop
  endfacet
  facet normal  2.975045e-01  9.547204e-01  -0.000000e+00
    outer loop
      vertex  1.677302e+01  1.967508e+01  0.000000e+00
      vertex  1.619658e+01  1.985471e+01  2.500000e+01
      vertex  1.677302e+01  1.967508e+01  2.500000e+01
    endloop
  endfacet
  facet normal  4.104118e-01  9.119003e-01  0.000000e+00
    outer loop
      vertex  1.677302e+01  1.967508e+01  0.000000e+00
      vertex  1.677302e+01  1.967508e+01  2.500000e+01
      vertex  1.732362e+01  1.942728e+01  0.000000e+00
    endloop
  endfacet
  facet normal  4.104118e-01  9.119003e-01  -0.000000e+00
    outer loop
      vertex  1.732362e+01  1.942728e+01  0.000000e+00
      vertex  1.677302e+01  1.967508e+01  2.500000e+01
      vertex  1.732362e+01  1.942728e+01  2.500000e+01
    endloop
  endfacet
  facet normal  5.173374e-01  8.557814e-01  0.000000e+00
    outer loop
      vertex  1.732362e+01  1.942728e+01  0.000000e+00
      vertex  1.732362e+01  1.942728e+01  2.500000e+01
      vertex  1.784032e+01  1.911492e+01  0.000000e+00
    endloop
  endfacet
  facet normal  5.173374e-01  8.557814e-01  -0.000000e+00
    outer loop
      vertex  1.784032e+01  1.911492e+01  0.000000e+00
      vertex  1.732362e+01  1.942728e+01  2.500000e+01
      vertex  1.784032e+01  1.911492e+01  2.500000e+01
    endloop
  endfacet
  facet normal  6.167202e-01  7.871825e-01  0.000000e+00
    outer loop
      vertex  1.784032e+01  1.911492e+01  0.000000e+00
      vertex  1.784032e+01  1.911492e+01  2.500000e+01
      vertex  1.831561e+01  1.874255e+01  0.000000e+00
    endloop
  endfacet
  facet normal  6.167202e-01  7.871825e-01  -0.000000e+00
    outer loop
      vertex  1.831561e+01  1.874255e+01  0.000000e+00
      vertex  1.784032e+01  1.911492e+01  2.500000e+01
      vertex  1.831561e+01  1.874255e+01  2.500000e+01
    endloop
  endfacet
  facet normal  7.071068e-01  7.071068e-01  0.000000e+00
    outer loop
      vertex  1.831561e+01  1.874255e+01  0.000000e+00
      vertex  1.831561e+01  1.874255e+01  2.500000e+01
      vertex  1.874255e+01  1.831561e+01  0.000000e+00
    endloop
  endfacet
  facet normal  7.071068e-01  7.071068e-01  -0.000000e+00
    outer loop
      vertex  1.874255e+01  1.831561e+01  0.000000e+00
      vertex  1.831561e+01  1.874255e+01  2.500000e+01
      vertex  1.874255e+01  1.831561e+01  2.500000e+01
    endloop
  endfacet
  facet normal  7.871825e-01  6.167202e-01  0.000000e+00
    outer loop
      vertex  1.874255e+01  1.831561e+01  0.000000e+00
      vertex  1.874255e+01  1.831561e+01  2.500000e+01
      vertex  1.911492e+01  1.784032e+01  0.000000e+00
    endloop
  endfacet
  facet normal  7.871825e-01  6.167202e-01  -0.000000e+00
    outer loop
      vertex  1.911492e+01  1.784032e+01  0.000000e+00
      vertex  1.874255e+01  1.831561e+01  2.500000e+01
      vertex  1.911492e+01  1.784032e+01  2.500000e+01
    endloop
  endfacet
  facet normal  8.557814e-01  5.173374e-01  0.000000e+00
    outer loop
      vertex  1.911492e+01  1.784032e+01  0.000000e+00
      vertex  1.911492e+01  1.784032e+01  2.500000e+01
      vertex  1.942728e+01  1.732362e+01  0.000000e+00
    endloop
  endfacet
  facet normal  8.557814e-01  5.173374e-01  -0.000000e+00
    outer loop
      vertex  1.942728e+01  1.732362e+01  0.000000e+00
      vertex  1.911492e+01  1.784032e+01  2.500000e+01
      vertex  1.942728e+01  1.732362e+01  2.500000e+01
    endloop
  endfacet
  facet normal  9.119003e-01  4.104118e-01  0.000000e+00
    outer loop
      vertex  1.942728e+01  1.732362e+01  0.000000e+00
      vertex  1.942728e+01  1.732362e+01  2.500000e+01
      vertex  1.967508e+01  1.677302e+01  0.000000e+00
    endloop
  endfacet
  facet normal  9.119003e-01  4.104118e-01  -0.000000e+00
    outer loop
      vertex  1.967508e+01  1.677302e+01  0.000000e+00
      vertex  1.942728e+01  1.732362e+01  2.500000e+01
      vertex  1.967508e+01  1.677302e+01  2.500000e+01
    endloop
  endfacet
  facet normal  9.547204e-01  2.975045e-01  0.000000e+00
    outer loop
      vertex  1.967508e+01  1.677302e+01  0.000000e+00
      vertex  1.967508e+01  1.677302e+01  2.500000e+01
      vertex  1.985471e+01  1.619658e+01  0.000000e+00
    endloop
  endfacet
  facet normal  9.547204e-01  2.975045e-01  -0.000000e+00
    outer loop
      vertex  1.985471e+01  1.619658e+01  0.000000e+00
      vertex  1.967508e+01  1.677302e+01  2.500000e+01
      vertex  1.985471e+01  1.619658e+01  2.500000e+01
    endloop
  endfacet
  facet normal  9.836200e-01  1.802547e-01  0.000000e+00
    outer loop
      vertex  1.985471e+01  1.619658e+01  0.000000e+00
      vertex  1.985471e+01  1.619658e+01  2.500000e+01
      vertex  1.996354e+01  1.560268e+01  0.000000e+00
    endloop
  endfacet
  facet normal  9.836200e-01  1.802547e-01  -0.000000e+00
    outer loop
      vertex  1.996354e+01  1.560268e+01  0.000000e+00
      vertex  1.985471e+01  1.619658e+01  2.500000e+01
      vertex  1.996354e+01  1.560268e+01  2.500000e+01
    endloop
  endfacet
  facet normal  9.981756e-01  6.037775e-02  0.000000e+00
    outer loop
      vertex  1.996354e+01  1.560268e+01  0.000000e+00
      vertex  1.996354e+01  1.560268e+01  2.500000e+01
      vertex  2.000000e+01  1.500000e+01  0.000000e+00
    endloop
  endfacet
  facet normal  9.981756e-01  6.037775e-02  -0.000000e+00
    outer loop
      vertex  2.000000e+01  1.500000e+01  0.000000e+00
      vertex  1.996354e+01  1.560268e+01  2.500000e+01
      vertex  2.000000e+01  1.500000e+01  2.500000e+01
    endloop
  endfacet
  facet normal -9.801669e-02  9.951848e-01  0.000000e+00
    outer loop
      vertex -1.450000e+01  1.250000e+01  1.920000e+01
      vertex -1.410982e+01  1.253843e+01  2.500000e+01
      vertex -1.410982e+01  1.253843e+01  1.920000e+01
    endloop
  endfacet
  facet normal -2.902849e-01  9.569404e-01  0.000000e+00
    outer loop
      vertex -1.410982e+01  1.253843e+01  1.920000e+01
      vertex -1.410982e+01  1.253843e+01  2.500000e+01
      vertex -1.373463e+01  1.265224e+01  2.500000e+01
    endloop
  endfacet
  facet normal -2.902849e-01  9.569404e-01  0.000000e+00
    outer loop
      vertex -1.410982e+01  1.253843e+01  1.920000e+01
      vertex -1.373463e+01  1.265224e+01  2.500000e+01
      vertex -1.373463e+01  1.265224e+01  1.920000e+01
    endloop
  endfacet
  facet normal -4.713973e-01  8.819210e-01  0.000000e+00
    outer loop
      vertex -1.373463e+01  1.265224e+01  1.920000e+01
      vertex -1.373463e+01  1.265224e+01  2.500000e+01
      vertex -1.338886e+01  1.283706e+01  2.500000e+01
    endloop
  endfacet
  facet normal -4.713973e-01  8.819210e-01  0.000000e+00
    outer loop
      vertex -1.373463e+01  1.265224e+01  1.920000e+01
      vertex -1.338886e+01  1.283706e+01  2.500000e+01
      vertex -1.338886e+01  1.283706e+01  1.920000e+01
    endloop
  endfacet
  facet normal -6.343939e-01  7.730100e-01  0.000000e+00
    outer loop
      vertex -1.338886e+01  1.283706e+01  1.920000e+01
      vertex -1.338886e+01  1.283706e+01  2.500000e+01
      vertex -1.308579e+01  1.308579e+01  2.500000e+01
    endloop
  endfacet
  facet normal -6.343939e-01  7.730100e-01  0.000000e+00
    outer loop
      vertex -1.338886e+01  1.283706e+01  1.920000e+01
      vertex -1.308579e+01  1.308579e+01  2.500000e+01
      vertex -1.308579e+01  1.308579e+01  1.920000e+01
    endloop
  endfacet
  facet normal -7.730100e-01  6.343939e-01  0.000000e+00
    outer loop
      vertex -1.308579e+01  1.308579e+01  1.920000e+01
      vertex -1.308579e+01  1.308579e+01  2.500000e+01
      vertex -1.283706e+01  1.338886e+01  2.500000e+01
    endloop
  endfacet
  facet normal -7.730100e-01  6.343939e-01  0.000000e+00
    outer loop
      vertex -1.308579e+01  1.308579e+01  1.920000e+01
      vertex -1.283706e+01  1.338886e+01  2.500000e+01
      vertex -1.283706e+01  1.338886e+01  1.920000e+01
    endloop
  endfacet
  facet normal -8.819210e-01  4.713973e-01  0.000000e+00
    outer loop
      vertex -1.283706e+01  1.338886e+01  1.920000e+01
      vertex -1.283706e+01  1.338886e+01  2.500000e+01
      vertex -1.265224e+01  1.373463e+01  2.500000e+01
    endloop
  endfacet
  facet normal -8.819210e-01  4.713973e-01  0.000000e+00
    outer loop
      vertex -1.283706e+01  1.338886e+01  1.920000e+01
      vertex -1.265224e+01  1.373463e+01  2.500000e+01
      vertex -1.265224e+01  1.373463e+01  1.920000e+01
    endloop
  endfacet
  facet normal -9.569404e-01  2.902849e-01  0.000000e+00
    outer loop
      vertex -1.265224e+01  1.373463e+01  1.920000e+01
      vertex -1.265224e+01  1.373463e+01  2.500000e+01
      vertex -1.253843e+01  1.410982e+01  2.500000e+01
    endloop
  endfacet
  facet normal -9.569404e-01  2.902849e-01  0.000000e+00
    outer loop
      vertex -1.265224e+01  1.373463e+01  1.920000e+01
      vertex -1.253843e+01  1.410982e+01  2.500000e+01
      vertex -1.253843e+01  1.410982e+01  1.920000e+01
    endloop
  endfacet
  facet normal -9.951848e-01  9.801669e-02  0.000000e+00
    outer loop
      vertex -1.253843e+01  1.410982e+01  1.920000e+01
      vertex -1.253843e+01  1.410982e+01  2.500000e+01
      vertex -1.250000e+01  1.450000e+01  2.500000e+01
    endloop
  endfacet
  facet normal -9.951848e-01  9.801669e-02  0.000000e+00
    outer loop
      vertex -1.253843e+01  1.410982e+01  1.920000e+01
      vertex -1.250000e+01  1.450000e+01  2.500000e+01
      vertex -1.250000e+01  1.450000e+01  1.920000e+01
    endloop
  endfacet
  facet normal -9.801669e-02  9.951848e-01  0.000000e+00
    outer loop
      vertex -1.410982e+01  1.253843e+01  2.500000e+01
      vertex -1.450000e+01  1.250000e+01  1.920000e+01
      vertex -1.450000e+01  1.250000e+01  2.500000e+01
    endloop
  endfacet
  facet normal  9.801669e-02  9.951848e-01  0.000000e+00
    outer loop
      vertex -1.450000e+01  1.250000e+01  2.500000e+01
      vertex -1.450000e+01  1.250000e+01  1.920000e+01
      vertex -1.489018e+01  1.253843e+01  1.920000e+01
    endloop
  endfacet
  facet normal  9.801669e-02  9.951848e-01  -0.000000e+00
    outer loop
      vertex -1.450000e+01  1.250000e+01  2.500000e+01
      vertex -1.489018e+01  1.253843e+01  1.920000e+01
      vertex -1.489018e+01  1.253843e+01  2.500000e+01
    endloop
  endfacet
  facet normal  2.902849e-01  9.569404e-01  0.000000e+00
    outer loop
      vertex -1.489018e+01  1.253843e+01  2.500000e+01
      vertex -1.489018e+01  1.253843e+01  1.920000e+01
      vertex -1.526537e+01  1.265224e+01  1.920000e+01
    endloop
  endfacet
  facet normal  2.902849e-01  9.569404e-01  -0.000000e+00
    outer loop
      vertex -1.489018e+01  1.253843e+01  2.500000e+01
      vertex -1.526537e+01  1.265224e+01  1.920000e+01
      vertex -1.526537e+01  1.265224e+01  2.500000e+01
    endloop
  endfacet
  facet normal  4.713973e-01  8.819210e-01  0.000000e+00
    outer loop
      vertex -1.526537e+01  1.265224e+01  2.500000e+01
      vertex -1.526537e+01  1.265224e+01  1.920000e+01
      vertex -1.561114e+01  1.283706e+01  1.920000e+01
    endloop
  endfacet
  facet normal  4.713973e-01  8.819210e-01  -0.000000e+00
    outer loop
      vertex -1.526537e+01  1.265224e+01  2.500000e+01
      vertex -1.561114e+01  1.283706e+01  1.920000e+01
      vertex -1.561114e+01  1.283706e+01  2.500000e+01
    endloop
  endfacet
  facet normal  6.343939e-01  7.730100e-01  0.000000e+00
    outer loop
      vertex -1.561114e+01  1.283706e+01  2.500000e+01
      vertex -1.561114e+01  1.283706e+01  1.920000e+01
      vertex -1.591421e+01  1.308579e+01  1.920000e+01
    endloop
  endfacet
  facet normal  6.343939e-01  7.730100e-01  -0.000000e+00
    outer loop
      vertex -1.561114e+01  1.283706e+01  2.500000e+01
      vertex -1.591421e+01  1.308579e+01  1.920000e+01
      vertex -1.591421e+01  1.308579e+01  2.500000e+01
    endloop
  endfacet
  facet normal  7.730100e-01  6.343939e-01  0.000000e+00
    outer loop
      vertex -1.591421e+01  1.308579e+01  2.500000e+01
      vertex -1.591421e+01  1.308579e+01  1.920000e+01
      vertex -1.616294e+01  1.338886e+01  1.920000e+01
    endloop
  endfacet
  facet normal  7.730100e-01  6.343939e-01  -0.000000e+00
    outer loop
      vertex -1.591421e+01  1.308579e+01  2.500000e+01
      vertex -1.616294e+01  1.338886e+01  1.920000e+01
      vertex -1.616294e+01  1.338886e+01  2.500000e+01
    endloop
  endfacet
  facet normal  8.819210e-01  4.713973e-01  0.000000e+00
    outer loop
      vertex -1.616294e+01  1.338886e+01  2.500000e+01
      vertex -1.616294e+01  1.338886e+01  1.920000e+01
      vertex -1.634776e+01  1.373463e+01  1.920000e+01
    endloop
  endfacet
  facet normal  8.819210e-01  4.713973e-01  -0.000000e+00
    outer loop
      vertex -1.616294e+01  1.338886e+01  2.500000e+01
      vertex -1.634776e+01  1.373463e+01  1.920000e+01
      vertex -1.634776e+01  1.373463e+01  2.500000e+01
    endloop
  endfacet
  facet normal  9.569404e-01  2.902849e-01  0.000000e+00
    outer loop
      vertex -1.634776e+01  1.373463e+01  2.500000e+01
      vertex -1.634776e+01  1.373463e+01  1.920000e+01
      vertex -1.646157e+01  1.410982e+01  1.920000e+01
    endloop
  endfacet
  facet normal  9.569404e-01  2.902849e-01  -0.000000e+00
    outer loop
      vertex -1.634776e+01  1.373463e+01  2.500000e+01
      vertex -1.646157e+01  1.410982e+01  1.920000e+01
      vertex -1.646157e+01  1.410982e+01  2.500000e+01
    endloop
  endfacet
  facet normal  9.951848e-01  9.801669e-02  0.000000e+00
    outer loop
      vertex -1.646157e+01  1.410982e+01  2.500000e+01
      vertex -1.646157e+01  1.410982e+01  1.920000e+01
      vertex -1.650000e+01  1.450000e+01  1.920000e+01
    endloop
  endfacet
  facet normal  9.951848e-01  9.801669e-02  -0.000000e+00
    outer loop
      vertex -1.646157e+01  1.410982e+01  2.500000e+01
      vertex -1.650000e+01  1.450000e+01  1.920000e+01
      vertex -1.650000e+01  1.450000e+01  2.500000e+01
    endloop
  endfacet
  facet normal  9.801669e-02 -9.951848e-01  0.000000e+00
    outer loop
      vertex -1.450000e+01  1.650000e+01  1.920000e+01
      vertex -1.489018e+01  1.646157e+01  2.500000e+01
      vertex -1.489018e+01  1.646157e+01  1.920000e+01
    endloop
  endfacet
  facet normal  2.902849e-01 -9.569404e-01  0.000000e+00
    outer loop
      vertex -1.489018e+01  1.646157e+01  1.920000e+01
      vertex -1.489018e+01  1.646157e+01  2.500000e+01
      vertex -1.526537e+01  1.634776e+01  2.500000e+01
    endloop
  endfacet
  facet normal  2.902849e-01 -9.569404e-01  0.000000e+00
    outer loop
      vertex -1.489018e+01  1.646157e+01  1.920000e+01
      vertex -1.526537e+01  1.634776e+01  2.500000e+01
      vertex -1.526537e+01  1.634776e+01  1.920000e+01
    endloop
  endfacet
  facet normal  4.713973e-01 -8.819210e-01  0.000000e+00
    outer loop
      vertex -1.526537e+01  1.634776e+01  1.920000e+01
      vertex -1.526537e+01  1.634776e+01  2.500000e+01
      vertex -1.561114e+01  1.616294e+01  2.500000e+01
    endloop
  endfacet
  facet normal  4.713973e-01 -8.819210e-01  0.000000e+00
    outer loop
      vertex -1.526537e+01  1.634776e+01  1.920000e+01
      vertex -1.561114e+01  1.616294e+01  2.500000e+01
      vertex -1.561114e+01  1.616294e+01  1.920000e+01
    endloop
  endfacet
  facet normal  6.343939e-01 -7.730100e-01  0.000000e+00
    outer loop
      vertex -1.561114e+01  1.616294e+01  1.920000e+01
      vertex -1.561114e+01  1.616294e+01  2.500000e+01
      vertex -1.591421e+01  1.591421e+01  2.500000e+01
    endloop
  endfacet
  facet normal  6.343939e-01 -7.730100e-01  0.000000e+00
    outer loop
      vertex -1.561114e+01  1.616294e+01  1.920000e+01
      vertex -1.591421e+01  1.591421e+01  2.500000e+01
      vertex -1.591421e+01  1.591421e+01  1.920000e+01
    endloop
  endfacet
  facet normal  7.730100e-01 -6.343939e-01  0.000000e+00
    outer loop
      vertex -1.591421e+01  1.591421e+01  1.920000e+01
      vertex -1.591421e+01  1.591421e+01  2.500000e+01
      vertex -1.616294e+01  1.561114e+01  2.500000e+01
    endloop
  endfacet
  facet normal  7.730100e-01 -6.343939e-01  0.000000e+00
    outer loop
      vertex -1.591421e+01  1.591421e+01  1.920000e+01
      vertex -1.616294e+01  1.561114e+01  2.500000e+01
      vertex -1.616294e+01  1.561114e+01  1.920000e+01
    endloop
  endfacet
  facet normal  8.819210e-01 -4.713973e-01  0.000000e+00
    outer loop
      vertex -1.616294e+01  1.561114e+01  1.920000e+01
      vertex -1.616294e+01  1.561114e+01  2.500000e+01
      vertex -1.634776e+01  1.526537e+01  2.500000e+01
    endloop
  endfacet
  facet normal  8.819210e-01 -4.713973e-01  0.000000e+00
    outer loop
      vertex -1.616294e+01  1.561114e+01  1.920000e+01
      vertex -1.634776e+01  1.526537e+01  2.500000e+01
      vertex -1.634776e+01  1.526537e+01  1.920000e+01
    endloop
  endfacet
  facet normal  9.569404e-01 -2.902849e-01  0.000000e+00
    outer loop
      vertex -1.634776e+01  1.526537e+01  1.920000e+01
      vertex -1.634776e+01  1.526537e+01  2.500000e+01
      vertex -1.646157e+01  1.489018e+01  2.500000e+01
    endloop
  endfacet
  facet normal  9.569404e-01 -2.902849e-01  0.000000e+00
    outer loop
      vertex -1.634776e+01  1.526537e+01  1.920000e+01
      vertex -1.646157e+01  1.489018e+01  2.500000e+01
      vertex -1.646157e+01  1.489018e+01  1.920000e+01
    endloop
  endfacet
  facet normal  9.951848e-01 -9.801669e-02  0.000000e+00
    outer loop
      vertex -1.646157e+01  1.489018e+01  1.920000e+01
      vertex -1.646157e+01  1.489018e+01  2.500000e+01
      vertex -1.650000e+01  1.450000e+01  2.500000e+01
    endloop
  endfacet
  facet normal  9.951848e-01 -9.801669e-02  0.000000e+00
    outer loop
      vertex -1.646157e+01  1.489018e+01  1.920000e+01
      vertex -1.650000e+01  1.450000e+01  2.500000e+01
      vertex -1.650000e+01  1.450000e+01  1.920000e+01
    endloop
  endfacet
  facet normal  9.801669e-02 -9.951848e-01  0.000000e+00
    outer loop
      vertex -1.489018e+01  1.646157e+01  2.500000e+01
      vertex -1.450000e+01  1.650000e+01  1.920000e+01
      vertex -1.450000e+01  1.650000e+01  2.500000e+01
    endloop
  endfacet
  facet normal -9.801669e-02 -9.951848e-01  -0.000000e+00
    outer loop
      vertex -1.450000e+01  1.650000e+01  2.500000e+01
      vertex -1.450000e+01  1.650000e+01  1.920000e+01
      vertex -1.410982e+01  1.646157e+01  1.920000e+01
    endloop
  endfacet
  facet normal -9.801669e-02 -9.951848e-01  0.000000e+00
    outer loop
      vertex -1.450000e+01  1.650000e+01  2.500000e+01
      vertex -1.410982e+01  1.646157e+01  1.920000e+01
      vertex -1.410982e+01  1.646157e+01  2.500000e+01
    endloop
  endfacet
  facet normal -2.902849e-01 -9.569404e-01  -0.000000e+00
    outer loop
      vertex -1.410982e+01  1.646157e+01  2.500000e+01
      vertex -1.410982e+01  1.646157e+01  1.920000e+01
      vertex -1.373463e+01  1.634776e+01  1.920000e+01
    endloop
  endfacet
  facet normal -2.902849e-01 -9.569404e-01  0.000000e+00
    outer loop
      vertex -1.410982e+01  1.646157e+01  2.500000e+01
      vertex -1.373463e+01  1.634776e+01  1.920000e+01
      vertex -1.373463e+01  1.634776e+01  2.500000e+01
    endloop
  endfacet
  facet normal -4.713973e-01 -8.819210e-01  -0.000000e+00
    outer loop
      vertex -1.373463e+01  1.634776e+01  2.500000e+01
      vertex -1.373463e+01  1.634776e+01  1.920000e+01
      vertex -1.338886e+01  1.616294e+01  1.920000e+01
    endloop
  endfacet
  facet normal -4.713973e-01 -8.819210e-01  0.000000e+00
    outer loop
      vertex -1.373463e+01  1.634776e+01  2.500000e+01
      vertex -1.338886e+01  1.616294e+01  1.920000e+01
      vertex -1.338886e+01  1.616294e+01  2.500000e+01
    endloop
  endfacet
  facet normal -6.343939e-01 -7.730100e-01  -0.000000e+00
    outer loop
      vertex -1.338886e+01  1.616294e+01  2.500000e+01
      vertex -1.338886e+01  1.616294e+01  1.920000e+01
      vertex -1.308579e+01  1.591421e+01  1.920000e+01
    endloop
  endfacet
  facet normal -6.343939e-01 -7.730100e-01  0.000000e+00
    outer loop
      vertex -1.338886e+01  1.616294e+01  2.500000e+01
      vertex -1.308579e+01  1.591421e+01  1.920000e+01
      vertex -1.308579e+01  1.591421e+01  2.500000e+01
    endloop
  endfacet
  facet normal -7.730100e-01 -6.343939e-01  -0.000000e+00
    outer loop
      vertex -1.308579e+01  1.591421e+01  2.500000e+01
      vertex -1.308579e+01  1.591421e+01  1.920000e+01
      vertex -1.283706e+01  1.561114e+01  1.920000e+01
    endloop
  endfacet
  facet normal -7.730100e-01 -6.343939e-01  0.000000e+00
    outer loop
      vertex -1.308579e+01  1.591421e+01  2.500000e+01
      vertex -1.283706e+01  1.561114e+01  1.920000e+01
      vertex -1.283706e+01  1.561114e+01  2.500000e+01
    endloop
  endfacet
  facet normal -8.819210e-01 -4.713973e-01  -0.000000e+00
    outer loop
      vertex -1.283706e+01  1.561114e+01  2.500000e+01
      vertex -1.283706e+01  1.561114e+01  1.920000e+01
      vertex -1.265224e+01  1.526537e+01  1.920000e+01
    endloop
  endfacet
  facet normal -8.819210e-01 -4.713973e-01  0.000000e+00
    outer loop
      vertex -1.283706e+01  1.561114e+01  2.500000e+01
      vertex -1.265224e+01  1.526537e+01  1.920000e+01
      vertex -1.265224e+01  1.526537e+01  2.500000e+01
    endloop
  endfacet
  facet normal -9.569404e-01 -2.902849e-01  -0.000000e+00
    outer loop
      vertex -1.265224e+01  1.526537e+01  2.500000e+01
      vertex -1.265224e+01  1.526537e+01  1.920000e+01
      vertex -1.253843e+01  1.489018e+01  1.920000e+01
    endloop
  endfacet
  facet normal -9.569404e-01 -2.902849e-01  0.000000e+00
    outer loop
      vertex -1.265224e+01  1.526537e+01  2.500000e+01
      vertex -1.253843e+01  1.489018e+01  1.920000e+01
      vertex -1.253843e+01  1.489018e+01  2.500000e+01
    endloop
  endfacet
  facet normal -9.951848e-01 -9.801669e-02  -0.000000e+00
    outer loop
      vertex -1.253843e+01  1.489018e+01  2.500000e+01
      vertex -1.253843e+01  1.489018e+01  1.920000e+01
      vertex -1.250000e+01  1.450000e+01  1.920000e+01
    endloop
  endfacet
  facet normal -9.951848e-01 -9.801669e-02  0.000000e+00
    outer loop
      vertex -1.253843e+01  1.489018e+01  2.500000e+01
      vertex -1.250000e+01  1.450000e+01  1.920000e+01
      vertex -1.250000e+01  1.450000e+01  2.500000e+01
    endloop
  endfacet
  facet normal -9.801669e-02  9.951848e-01  0.000000e+00
    outer loop
      vertex -1.450000e+01 -1.650000e+01  1.920000e+01
      vertex -1.410982e+01 -1.646157e+01  2.500000e+01
      vertex -1.410982e+01 -1.646157e+01  1.920000e+01
    endloop
  endfacet
  facet normal -2.902849e-01  9.569404e-01  0.000000e+00
    outer loop
      vertex -1.410982e+01 -1.646157e+01  1.920000e+01
      vertex -1.410982e+01 -1.646157e+01  2.500000e+01
      vertex -1.373463e+01 -1.634776e+01  2.500000e+01
    endloop
  endfacet
  facet normal -2.902849e-01  9.569404e-01  0.000000e+00
    outer loop
      vertex -1.410982e+01 -1.646157e+01  1.920000e+01
      vertex -1.373463e+01 -1.634776e+01  2.500000e+01
      vertex -1.373463e+01 -1.634776e+01  1.920000e+01
    endloop
  endfacet
  facet normal -4.713973e-01  8.819210e-01  0.000000e+00
    outer loop
      vertex -1.373463e+01 -1.634776e+01  1.920000e+01
      vertex -1.373463e+01 -1.634776e+01  2.500000e+01
      vertex -1.338886e+01 -1.616294e+01  2.500000e+01
    endloop
  endfacet
  facet normal -4.713973e-01  8.819210e-01  0.000000e+00
    outer loop
      vertex -1.373463e+01 -1.634776e+01  1.920000e+01
      vertex -1.338886e+01 -1.616294e+01  2.500000e+01
      vertex -1.338886e+01 -1.616294e+01  1.920000e+01
    endloop
  endfacet
  facet normal -6.343939e-01  7.730100e-01  0.000000e+00
    outer loop
      vertex -1.338886e+01 -1.616294e+01  1.920000e+01
      vertex -1.338886e+01 -1.616294e+01  2.500000e+01
      vertex -1.308579e+01 -1.591421e+01  2.500000e+01
    endloop
  endfacet
  facet normal -6.343939e-01  7.730100e-01  0.000000e+00
    outer loop
      vertex -1.338886e+01 -1.616294e+01  1.920000e+01
      vertex -1.308579e+01 -1.591421e+01  2.500000e+01
      vertex -1.308579e+01 -1.591421e+01  1.920000e+01
    endloop
  endfacet
  facet normal -7.730100e-01  6.343939e-01  0.000000e+00
    outer loop
      vertex -1.308579e+01 -1.591421e+01  1.920000e+01
      vertex -1.308579e+01 -1.591421e+01  2.500000e+01
      vertex -1.283706e+01 -1.561114e+01  2.500000e+01
    endloop
  endfacet
  facet normal -7.730100e-01  6.343939e-01  0.000000e+00
    outer loop
      vertex -1.308579e+01 -1.591421e+01  1.920000e+01
      vertex -1.283706e+01 -1.561114e+01  2.500000e+01
      vertex -1.283706e+01 -1.561114e+01  1.920000e+01
    endloop
  endfacet
  facet normal -8.819210e-01  4.713973e-01  0.000000e+00
    outer loop
      vertex -1.283706e+01 -1.561114e+01  1.920000e+01
      vertex -1.283706e+01 -1.561114e+01  2.500000e+01
      vertex -1.265224e+01 -1.526537e+01  2.500000e+01
    endloop
  endfacet
  facet normal -8.819210e-01  4.713973e-01  0.000000e+00
    outer loop
      vertex -1.283706e+01 -1.561114e+01  1.920000e+01
      vertex -1.265224e+01 -1.526537e+01  2.500000e+01
      vertex -1.265224e+01 -1.526537e+01  1.920000e+01
    endloop
  endfacet
  facet normal -9.569404e-01  2.902849e-01  0.000000e+00
    outer loop
      vertex -1.265224e+01 -1.526537e+01  1.920000e+01
      vertex -1.265224e+01 -1.526537e+01  2.500000e+01
      vertex -1.253843e+01 -1.489018e+01  2.500000e+01
    endloop
  endfacet
  facet normal -9.569404e-01  2.902849e-01  0.000000e+00
    outer loop
      vertex -1.265224e+01 -1.526537e+01  1.920000e+01
      vertex -1.253843e+01 -1.489018e+01  2.500000e+01
      vertex -1.253843e+01 -1.489018e+01  1.920000e+01
    endloop
  endfacet
  facet normal -9.951848e-01  9.801669e-02  0.000000e+00
    outer loop
      vertex -1.253843e+01 -1.489018e+01  1.920000e+01
      vertex -1.253843e+01 -1.489018e+01  2.500000e+01
      vertex -1.250000e+01 -1.450000e+01  2.500000e+01
    endloop
  endfacet
  facet normal -9.951848e-01  9.801669e-02  0.000000e+00
    outer loop
      vertex -1.253843e+01 -1.489018e+01  1.920000e+01
      vertex -1.250000e+01 -1.450000e+01  2.500000e+01
      vertex -1.250000e+01 -1.450000e+01  1.920000e+01
    endloop
  endfacet
  facet normal -9.801669e-02  9.951848e-01  0.000000e+00
    outer loop
      vertex -1.410982e+01 -1.646157e+01  2.500000e+01
      vertex -1.450000e+01 -1.650000e+01  1.920000e+01
      vertex -1.450000e+01 -1.650000e+01  2.500000e+01
    endloop
  endfacet
  facet normal  9.801669e-02  9.951848e-01  0.000000e+00
    outer loop
      vertex -1.450000e+01 -1.650000e+01  2.500000e+01
      vertex -1.450000e+01 -1.650000e+01  1.920000e+01
      vertex -1.489018e+01 -1.646157e+01  1.920000e+01
    endloop
  endfacet
  facet normal  9.801669e-02  9.951848e-01  -0.000000e+00
    outer loop
      vertex -1.450000e+01 -1.650000e+01  2.500000e+01
      vertex -1.489018e+01 -1.646157e+01  1.920000e+01
      vertex -1.489018e+01 -1.646157e+01  2.500000e+01
    endloop
  endfacet
  facet normal  2.902849e-01  9.569404e-01  0.000000e+00
    outer loop
      vertex -1.489018e+01 -1.646157e+01  2.500000e+01
      vertex -1.489018e+01 -1.646157e+01  1.920000e+01
      vertex -1.526537e+01 -1.634776e+01  1.920000e+01
    endloop
  endfacet
  facet normal  2.902849e-01  9.569404e-01  -0.000000e+00
    outer loop
      vertex -1.489018e+01 -1.646157e+01  2.500000e+01
      vertex -1.526537e+01 -1.634776e+01  1.920000e+01
      vertex -1.526537e+01 -1.634776e+01  2.500000e+01
    endloop
  endfacet
  facet normal  4.713973e-01  8.819210e-01  0.000000e+00
    outer loop
      vertex -1.526537e+01 -1.634776e+01  2.500000e+01
      vertex -1.526537e+01 -1.634776e+01  1.920000e+01
      vertex -1.561114e+01 -1.616294e+01  1.920000e+01
    endloop
  endfacet
  facet normal  4.713973e-01  8.819210e-01  -0.000000e+00
    outer loop
      vertex -1.526537e+01 -1.634776e+01  2.500000e+01
      vertex -1.561114e+01 -1.616294e+01  1.920000e+01
      vertex -1.561114e+01 -1.616294e+01  2.500000e+01
    endloop
  endfacet
  facet normal  6.343939e-01  7.730100e-01  0.000000e+00
    outer loop
      vertex -1.561114e+01 -1.616294e+01  2.500000e+01
      vertex -1.561114e+01 -1.616294e+01  1.920000e+01
      vertex -1.591421e+01 -1.591421e+01  1.920000e+01
    endloop
  endfacet
  facet normal  6.343939e-01  7.730100e-01  -0.000000e+00
    outer loop
      vertex -1.561114e+01 -1.616294e+01  2.500000e+01
      vertex -1.591421e+01 -1.591421e+01  1.920000e+01
      vertex -1.591421e+01 -1.591421e+01  2.500000e+01
    endloop
  endfacet
  facet normal  7.730100e-01  6.343939e-01  0.000000e+00
    outer loop
      vertex -1.591421e+01 -1.591421e+01  2.500000e+01
      vertex -1.591421e+01 -1.591421e+01  1.920000e+01
      vertex -1.616294e+01 -1.561114e+01  1.920000e+01
    endloop
  endfacet
  facet normal  7.730100e-01  6.343939e-01  -0.000000e+00
    outer loop
      vertex -1.591421e+01 -1.591421e+01  2.500000e+01
      vertex -1.616294e+01 -1.561114e+01  1.920000e+01
      vertex -1.616294e+01 -1.561114e+01  2.500000e+01
    endloop
  endfacet
  facet normal  8.819210e-01  4.713973e-01  0.000000e+00
    outer loop
      vertex -1.616294e+01 -1.561114e+01  2.500000e+01
      vertex -1.616294e+01 -1.561114e+01  1.920000e+01
      vertex -1.634776e+01 -1.526537e+01  1.920000e+01
    endloop
  endfacet
  facet normal  8.819210e-01  4.713973e-01  -0.000000e+00
    outer loop
      vertex -1.616294e+01 -1.561114e+01  2.500000e+01
      vertex -1.634776e+01 -1.526537e+01  1.920000e+01
      vertex -1.634776e+01 -1.526537e+01  2.500000e+01
    endloop
  endfacet
  facet normal  9.569404e-01  2.902849e-01  0.000000e+00
    outer loop
      vertex -1.634776e+01 -1.526537e+01  2.500000e+01
      vertex -1.634776e+01 -1.526537e+01  1.920000e+01
      vertex -1.646157e+01 -1.489018e+01  1.920000e+01
    endloop
  endfacet
  facet normal  9.569404e-01  2.902849e-01  -0.000000e+00
    outer loop
      vertex -1.634776e+01 -1.526537e+01  2.500000e+01
      vertex -1.646157e+01 -1.489018e+01  1.920000e+01
      vertex -1.646157e+01 -1.489018e+01  2.500000e+01
    endloop
  endfacet
  facet normal  9.951848e-01  9.801669e-02  0.000000e+00
    outer loop
      vertex -1.646157e+01 -1.489018e+01  2.500000e+01
      vertex -1.646157e+01 -1.489018e+01  1.920000e+01
      vertex -1.650000e+01 -1.450000e+01  1.920000e+01
    endloop
  endfacet
  facet normal  9.951848e-01  9.801669e-02  -0.000000e+00
    outer loop
      vertex -1.646157e+01 -1.489018e+01  2.500000e+01
      vertex -1.650000e+01 -1.450000e+01  1.920000e+01
      vertex -1.650000e+01 -1.450000e+01  2.500000e+01
    endloop
  endfacet
  facet normal  9.801669e-02 -9.951848e-01  0.000000e+00
    outer loop
      vertex -1.450000e+01 -1.250000e+01  1.920000e+01
      vertex -1.489018e+01 -1.253843e+01  2.500000e+01
      vertex -1.489018e+01 -1.253843e+01  1.920000e+01
    endloop
  endfacet
  facet normal  2.902849e-01 -9.569404e-01  0.000000e+00
    outer loop
      vertex -1.489018e+01 -1.253843e+01  1.920000e+01
      vertex -1.489018e+01 -1.253843e+01  2.500000e+01
      vertex -1.526537e+01 -1.265224e+01  2.500000e+01
    endloop
  endfacet
  facet normal  2.902849e-01 -9.569404e-01  0.000000e+00
    outer loop
      vertex -1.489018e+01 -1.253843e+01  1.920000e+01
      vertex -1.526537e+01 -1.265224e+01  2.500000e+01
      vertex -1.526537e+01 -1.265224e+01  1.920000e+01
    endloop
  endfacet
  facet normal  4.713973e-01 -8.819210e-01  0.000000e+00
    outer loop
      vertex -1.526537e+01 -1.265224e+01  1.920000e+01
      vertex -1.526537e+01 -1.265224e+01  2.500000e+01
      vertex -1.561114e+01 -1.283706e+01  2.500000e+01
    endloop
  endfacet
  facet normal  4.713973e-01 -8.819210e-01  0.000000e+00
    outer loop
      vertex -1.526537e+01 -1.265224e+01  1.920000e+01
      vertex -1.561114e+01 -1.283706e+01  2.500000e+01
      vertex -1.561114e+01 -1.283706e+01  1.920000e+01
    endloop
  endfacet
  facet normal  6.343939e-01 -7.730100e-01  0.000000e+00
    outer loop
      vertex -1.561114e+01 -1.283706e+01  1.920000e+01
      vertex -1.561114e+01 -1.283706e+01  2.500000e+01
      vertex -1.591421e+01 -1.308579e+01  2.500000e+01
    endloop
  endfacet
  facet normal  6.343939e-01 -7.730100e-01  0.000000e+00
    outer loop
      vertex -1.561114e+01 -1.283706e+01  1.920000e+01
      vertex -1.591421e+01 -1.308579e+01  2.500000e+01
      vertex -1.591421e+01 -1.308579e+01  1.920000e+01
    endloop
  endfacet
  facet normal  7.730100e-01 -6.343939e-01  0.000000e+00
    outer loop
      vertex -1.591421e+01 -1.308579e+01  1.920000e+01
      vertex -1.591421e+01 -1.308579e+01  2.500000e+01
      vertex -1.616294e+01 -1.338886e+01  2.500000e+01
    endloop
  endfacet
  facet normal  7.730100e-01 -6.343939e-01  0.000000e+00
    outer loop
      vertex -1.591421e+01 -1.308579e+01  1.920000e+01
      vertex -1.616294e+01 -1.338886e+01  2.500000e+01
      vertex -1.616294e+01 -1.338886e+01  1.920000e+01
    endloop
  endfacet
  facet normal  8.819210e-01 -4.713973e-01  0.000000e+00
    outer loop
      vertex -1.616294e+01 -1.338886e+01  1.920000e+01
      vertex -1.616294e+01 -1.338886e+01  2.500000e+01
      vertex -1.634776e+01 -1.373463e+01  2.500000e+01
    endloop
  endfacet
  facet normal  8.819210e-01 -4.713973e-01  0.000000e+00
    outer loop
      vertex -1.616294e+01 -1.338886e+01  1.920000e+01
      vertex -1.634776e+01 -1.373463e+01  2.500000e+01
      vertex -1.634776e+01 -1.373463e+01  1.920000e+01
    endloop
  endfacet
  facet normal  9.569404e-01 -2.902849e-01  0.000000e+00
    outer loop
      vertex -1.634776e+01 -1.373463e+01  1.920000e+01
      vertex -1.634776e+01 -1.373463e+01  2.500000e+01
      vertex -1.646157e+01 -1.410982e+01  2.500000e+01
    endloop
  endfacet
  facet normal  9.569404e-01 -2.902849e-01  0.000000e+00
    outer loop
      vertex -1.634776e+01 -1.373463e+01  1.920000e+01
      vertex -1.646157e+01 -1.410982e+01  2.500000e+01
      vertex -1.646157e+01 -1.410982e+01  1.920000e+01
    endloop
  endfacet
  facet normal  9.951848e-01 -9.801669e-02  0.000000e+00
    outer loop
      vertex -1.646157e+01 -1.410982e+01  1.920000e+01
      vertex -1.646157e+01 -1.410982e+01  2.500000e+01
      vertex -1.650000e+01 -1.450000e+01  2.500000e+01
    endloop
  endfacet
  facet normal  9.951848e-01 -9.801669e-02  0.000000e+00
    outer loop
      vertex -1.646157e+01 -1.410982e+01  1.920000e+01
      vertex -1.650000e+01 -1.450000e+01  2.500000e+01
      vertex -1.650000e+01 -1.450000e+01  1.920000e+01
    endloop
  endfacet
  facet normal  9.801669e-02 -9.951848e-01  0.000000e+00
    outer loop
      vertex -1.489018e+01 -1.253843e+01  2.500000e+01
      vertex -1.450000e+01 -1.250000e+01  1.920000e+01
      vertex -1.450000e+01 -1.250000e+01  2.500000e+01
    endloop
  endfacet
  facet normal -9.801669e-02 -9.951848e-01  -0.000000e+00
    outer loop
      vertex -1.450000e+01 -1.250000e+01  2.500000e+01
      vertex -1.450000e+01 -1.250000e+01  1.920000e+01
      vertex -1.410982e+01 -1.253843e+01  1.920000e+01
    endloop
  endfacet
  facet normal -9.801669e-02 -9.951848e-01  0.000000e+00
    outer loop
      vertex -1.450000e+01 -1.250000e+01  2.500000e+01
      vertex -1.410982e+01 -1.253843e+01  1.920000e+01
      vertex -1.410982e+01 -1.253843e+01  2.500000e+01
    endloop
  endfacet
  facet normal -2.902849e-01 -9.569404e-01  -0.000000e+00
    outer loop
      vertex -1.410982e+01 -1.253843e+01  2.500000e+01
      vertex -1.410982e+01 -1.253843e+01  1.920000e+01
      vertex -1.373463e+01 -1.265224e+01  1.920000e+01
    endloop
  endfacet
  facet normal -2.902849e-01 -9.569404e-01  0.000000e+00
    outer loop
      vertex -1.410982e+01 -1.253843e+01  2.500000e+01
      vertex -1.373463e+01 -1.265224e+01  1.920000e+01
      vertex -1.373463e+01 -1.265224e+01  2.500000e+01
    endloop
  endfacet
  facet normal -4.713973e-01 -8.819210e-01  -0.000000e+00
    outer loop
      vertex -1.373463e+01 -1.265224e+01  2.500000e+01
      vertex -1.373463e+01 -1.265224e+01  1.920000e+01
      vertex -1.338886e+01 -1.283706e+01  1.920000e+01
    endloop
  endfacet
  facet normal -4.713973e-01 -8.819210e-01  0.000000e+00
    outer loop
      vertex -1.373463e+01 -1.265224e+01  2.500000e+01
      vertex -1.338886e+01 -1.283706e+01  1.920000e+01
      vertex -1.338886e+01 -1.283706e+01  2.500000e+01
    endloop
  endfacet
  facet normal -6.343939e-01 -7.730100e-01  -0.000000e+00
    outer loop
      vertex -1.338886e+01 -1.283706e+01  2.500000e+01
      vertex -1.338886e+01 -1.283706e+01  1.920000e+01
      vertex -1.308579e+01 -1.308579e+01  1.920000e+01
    endloop
  endfacet
  facet normal -6.343939e-01 -7.730100e-01  0.000000e+00
    outer loop
      vertex -1.338886e+01 -1.283706e+01  2.500000e+01
      vertex -1.308579e+01 -1.308579e+01  1.920000e+01
      vertex -1.308579e+01 -1.308579e+01  2.500000e+01
    endloop
  endfacet
  facet normal -7.730100e-01 -6.343939e-01  -0.000000e+00
    outer loop
      vertex -1.308579e+01 -1.308579e+01  2.500000e+01
      vertex -1.308579e+01 -1.308579e+01  1.920000e+01
      vertex -1.283706e+01 -1.338886e+01  1.920000e+01
    endloop
  endfacet
  facet normal -7.730100e-01 -6.343939e-01  0.000000e+00
    outer loop
      vertex -1.308579e+01 -1.308579e+01  2.500000e+01
      vertex -1.283706e+01 -1.338886e+01  1.920000e+01
      vertex -1.283706e+01 -1.338886e+01  2.500000e+01
    endloop
  endfacet
  facet normal -8.819210e-01 -4.713973e-01  -0.000000e+00
    outer loop
      vertex -1.283706e+01 -1.338886e+01  2.500000e+01
      vertex -1.283706e+01 -1.338886e+01  1.920000e+01
      vertex -1.265224e+01 -1.373463e+01  1.920000e+01
    endloop
  endfacet
  facet normal -8.819210e-01 -4.713973e-01  0.000000e+00
    outer loop
      vertex -1.283706e+01 -1.338886e+01  2.500000e+01
      vertex -1.265224e+01 -1.373463e+01  1.920000e+01
      vertex -1.265224e+01 -1.373463e+01  2.500000e+01
    endloop
  endfacet
  facet normal -9.569404e-01 -2.902849e-01  -0.000000e+00
    outer loop
      vertex -1.265224e+01 -1.373463e+01  2.500000e+01
      vertex -1.265224e+01 -1.373463e+01  1.920000e+01
      vertex -1.253843e+01 -1.410982e+01  1.920000e+01
    endloop
  endfacet
  facet normal -9.569404e-01 -2.902849e-01  0.000000e+00
    outer loop
      vertex -1.265224e+01 -1.373463e+01  2.500000e+01
      vertex -1.253843e+01 -1.410982e+01  1.920000e+01
      vertex -1.253843e+01 -1.410982e+01  2.500000e+01
    endloop
  endfacet
  facet normal -9.951848e-01 -9.801669e-02  -0.000000e+00
    outer loop
      vertex -1.253843e+01 -1.410982e+01  2.500000e+01
      vertex -1.253843e+01 -1.410982e+01  1.920000e+01
      vertex -1.250000e+01 -1.450000e+01  1.920000e+01
    endloop
  endfacet
  facet normal -9.951848e-01 -9.801669e-02  0.000000e+00
    outer loop
      vertex -1.253843e+01 -1.410982e+01  2.500000e+01
      vertex -1.250000e+01 -1.450000e+01  1.920000e+01
      vertex -1.250000e+01 -1.450000e+01  2.500000e+01
    endloop
  endfacet
  facet normal -9.801669e-02  9.951848e-01  0.000000e+00
    outer loop
      vertex  1.450000e+01 -1.650000e+01  1.920000e+01
      vertex  1.489018e+01 -1.646157e+01  2.500000e+01
      vertex  1.489018e+01 -1.646157e+01  1.920000e+01
    endloop
  endfacet
  facet normal -2.902849e-01  9.569404e-01  0.000000e+00
    outer loop
      vertex  1.489018e+01 -1.646157e+01  1.920000e+01
      vertex  1.489018e+01 -1.646157e+01  2.500000e+01
      vertex  1.526537e+01 -1.634776e+01  2.500000e+01
    endloop
  endfacet
  facet normal -2.902849e-01  9.569404e-01  0.000000e+00
    outer loop
      vertex  1.489018e+01 -1.646157e+01  1.920000e+01
      vertex  1.526537e+01 -1.634776e+01  2.500000e+01
      vertex  1.526537e+01 -1.634776e+01  1.920000e+01
    endloop
  endfacet
  facet normal -4.713973e-01  8.819210e-01  0.000000e+00
    outer loop
      vertex  1.526537e+01 -1.634776e+01  1.920000e+01
      vertex  1.526537e+01 -1.634776e+01  2.500000e+01
      vertex  1.561114e+01 -1.616294e+01  2.500000e+01
    endloop
  endfacet
  facet normal -4.713973e-01  8.819210e-01  0.000000e+00
    outer loop
      vertex  1.526537e+01 -1.634776e+01  1.920000e+01
      vertex  1.561114e+01 -1.616294e+01  2.500000e+01
      vertex  1.561114e+01 -1.616294e+01  1.920000e+01
    endloop
  endfacet
  facet normal -6.343939e-01  7.730100e-01  0.000000e+00
    outer loop
      vertex  1.561114e+01 -1.616294e+01  1.920000e+01
      vertex  1.561114e+01 -1.616294e+01  2.500000e+01
      vertex  1.591421e+01 -1.591421e+01  2.500000e+01
    endloop
  endfacet
  facet normal -6.343939e-01  7.730100e-01  0.000000e+00
    outer loop
      vertex  1.561114e+01 -1.616294e+01  1.920000e+01
      vertex  1.591421e+01 -1.591421e+01  2.500000e+01
      vertex  1.591421e+01 -1.591421e+01  1.920000e+01
    endloop
  endfacet
  facet normal -7.730100e-01  6.343939e-01  0.000000e+00
    outer loop
      vertex  1.591421e+01 -1.591421e+01  1.920000e+01
      vertex  1.591421e+01 -1.591421e+01  2.500000e+01
      vertex  1.616294e+01 -1.561114e+01  2.500000e+01
    endloop
  endfacet
  facet normal -7.730100e-01  6.343939e-01  0.000000e+00
    outer loop
      vertex  1.591421e+01 -1.591421e+01  1.920000e+01
      vertex  1.616294e+01 -1.561114e+01  2.500000e+01
      vertex  1.616294e+01 -1.561114e+01  1.920000e+01
    endloop
  endfacet
  facet normal -8.819210e-01  4.713973e-01  0.000000e+00
    outer loop
      vertex  1.616294e+01 -1.561114e+01  1.920000e+01
      vertex  1.616294e+01 -1.561114e+01  2.500000e+01
      vertex  1.634776e+01 -1.526537e+01  2.500000e+01
    endloop
  endfacet
  facet normal -8.819210e-01  4.713973e-01  0.000000e+00
    outer loop
      vertex  1.616294e+01 -1.561114e+01  1.920000e+01
      vertex  1.634776e+01 -1.526537e+01  2.500000e+01
      vertex  1.634776e+01 -1.526537e+01  1.920000e+01
    endloop
  endfacet
  facet normal -9.569404e-01  2.902849e-01  0.000000e+00
    outer loop
      vertex  1.634776e+01 -1.526537e+01  1.920000e+01
      vertex  1.634776e+01 -1.526537e+01  2.500000e+01
      vertex  1.646157e+01 -1.489018e+01  2.500000e+01
    endloop
  endfacet
  facet normal -9.569404e-01  2.902849e-01  0.000000e+00
    outer loop
      vertex  1.634776e+01 -1.526537e+01  1.920000e+01
      vertex  1.646157e+01 -1.489018e+01  2.500000e+01
      vertex  1.646157e+01 -1.489018e+01  1.920000e+01
    endloop
  endfacet
  facet normal -9.951848e-01  9.801669e-02  0.000000e+00
    outer loop
      vertex  1.646157e+01 -1.489018e+01  1.920000e+01
      vertex  1.646157e+01 -1.489018e+01  2.500000e+01
      vertex  1.650000e+01 -1.450000e+01  2.500000e+01
    endloop
  endfacet
  facet normal -9.951848e-01  9.801669e-02  0.000000e+00
    outer loop
      vertex  1.646157e+01 -1.489018e+01  1.920000e+01
      vertex  1.650000e+01 -1.450000e+01  2.500000e+01
      vertex  1.650000e+01 -1.450000e+01  1.920000e+01
    endloop
  endfacet
  facet normal -9.801669e-02  9.951848e-01  0.000000e+00
    outer loop
      vertex  1.489018e+01 -1.646157e+01  2.500000e+01
      vertex  1.450000e+01 -1.650000e+01  1.920000e+01
      vertex  1.450000e+01 -1.650000e+01  2.500000e+01
    endloop
  endfacet
  facet normal  9.801669e-02  9.951848e-01  0.000000e+00
    outer loop
      vertex  1.450000e+01 -1.650000e+01  2.500000e+01
      vertex  1.450000e+01 -1.650000e+01  1.920000e+01
      vertex  1.410982e+01 -1.646157e+01  1.920000e+01
    endloop
  endfacet
  facet normal  9.801669e-02  9.951848e-01  -0.000000e+00
    outer loop
      vertex  1.450000e+01 -1.650000e+01  2.500000e+01
      vertex  1.410982e+01 -1.646157e+01  1.920000e+01
      vertex  1.410982e+01 -1.646157e+01  2.500000e+01
    endloop
  endfacet
  facet normal  2.902849e-01  9.569404e-01  0.000000e+00
    outer loop
      vertex  1.410982e+01 -1.646157e+01  2.500000e+01
      vertex  1.410982e+01 -1.646157e+01  1.920000e+01
      vertex  1.373463e+01 -1.634776e+01  1.920000e+01
    endloop
  endfacet
  facet normal  2.902849e-01  9.569404e-01  -0.000000e+00
    outer loop
      vertex  1.410982e+01 -1.646157e+01  2.500000e+01
      vertex  1.373463e+01 -1.634776e+01  1.920000e+01
      vertex  1.373463e+01 -1.634776e+01  2.500000e+01
    endloop
  endfacet
  facet normal  4.713973e-01  8.819210e-01  0.000000e+00
    outer loop
      vertex  1.373463e+01 -1.634776e+01  2.500000e+01
      vertex  1.373463e+01 -1.634776e+01  1.920000e+01
      vertex  1.338886e+01 -1.616294e+01  1.920000e+01
    endloop
  endfacet
  facet normal  4.713973e-01  8.819210e-01  -0.000000e+00
    outer loop
      vertex  1.373463e+01 -1.634776e+01  2.500000e+01
      vertex  1.338886e+01 -1.616294e+01  1.920000e+01
      vertex  1.338886e+01 -1.616294e+01  2.500000e+01
    endloop
  endfacet
  facet normal  6.343939e-01  7.730100e-01  0.000000e+00
    outer loop
      vertex  1.338886e+01 -1.616294e+01  2.500000e+01
      vertex  1.338886e+01 -1.616294e+01  1.920000e+01
      vertex  1.308579e+01 -1.591421e+01  1.920000e+01
    endloop
  endfacet
  facet normal  6.343939e-01  7.730100e-01  -0.000000e+00
    outer loop
      vertex  1.338886e+01 -1.616294e+01  2.500000e+01
      vertex  1.308579e+01 -1.591421e+01  1.920000e+01
      vertex  1.308579e+01 -1.591421e+01  2.500000e+01
    endloop
  endfacet
  facet normal  7.730100e-01  6.343939e-01  0.000000e+00
    outer loop
      vertex  1.308579e+01 -1.591421e+01  2.500000e+01
      vertex  1.308579e+01 -1.591421e+01  1.920000e+01
      vertex  1.283706e+01 -1.561114e+01  1.920000e+01
    endloop
  endfacet
  facet normal  7.730100e-01  6.343939e-01  -0.000000e+00
    outer loop
      vertex  1.308579e+01 -1.591421e+01  2.500000e+01
      vertex  1.283706e+01 -1.561114e+01  1.920000e+01
      vertex  1.283706e+01 -1.561114e+01  2.500000e+01
    endloop
  endfacet
  facet normal  8.819210e-01  4.713973e-01  0.000000e+00
    outer loop
      vertex  1.283706e+01 -1.561114e+01  2.500000e+01
      vertex  1.283706e+01 -1.561114e+01  1.920000e+01
      vertex  1.265224e+01 -1.526537e+01  1.920000e+01
    endloop
  endfacet
  facet normal  8.819210e-01  4.713973e-01  -0.000000e+00
    outer loop
      vertex  1.283706e+01 -1.561114e+01  2.500000e+01
      vertex  1.265224e+01 -1.526537e+01  1.920000e+01
      vertex  1.265224e+01 -1.526537e+01  2.500000e+01
    endloop
  endfacet
  facet normal  9.569404e-01  2.902849e-01  0.000000e+00
    outer loop
      vertex  1.265224e+01 -1.526537e+01  2.500000e+01
      vertex  1.265224e+01 -1.526537e+01  1.920000e+01
      vertex  1.253843e+01 -1.489018e+01  1.920000e+01
    endloop
  endfacet
  facet normal  9.569404e-01  2.902849e-01  -0.000000e+00
    outer loop
      vertex  1.265224e+01 -1.526537e+01  2.500000e+01
      vertex  1.253843e+01 -1.489018e+01  1.920000e+01
      vertex  1.253843e+01 -1.489018e+01  2.500000e+01
    endloop
  endfacet
  facet normal  9.951848e-01  9.801669e-02  0.000000e+00
    outer loop
      vertex  1.253843e+01 -1.489018e+01  2.500000e+01
      vertex  1.253843e+01 -1.489018e+01  1.920000e+01
      vertex  1.250000e+01 -1.450000e+01  1.920000e+01
    endloop
  endfacet
  facet normal  9.951848e-01  9.801669e-02  -0.000000e+00
    outer loop
      vertex  1.253843e+01 -1.489018e+01  2.500000e+01
      vertex  1.250000e+01 -1.450000e+01  1.920000e+01
      vertex  1.250000e+01 -1.450000e+01  2.500000e+01
    endloop
  endfacet
  facet normal  9.801669e-02 -9.951848e-01  0.000000e+00
    outer loop
      vertex  1.450000e+01 -1.250000e+01  1.920000e+01
      vertex  1.410982e+01 -1.253843e+01  2.500000e+01
      vertex  1.410982e+01 -1.253843e+01  1.920000e+01
    endloop
  endfacet
  facet normal  2.902849e-01 -9.569404e-01  0.000000e+00
    outer loop
      vertex  1.410982e+01 -1.253843e+01  1.920000e+01
      vertex  1.410982e+01 -1.253843e+01  2.500000e+01
      vertex  1.373463e+01 -1.265224e+01  2.500000e+01
    endloop
  endfacet
  facet normal  2.902849e-01 -9.569404e-01  0.000000e+00
    outer loop
      vertex  1.410982e+01 -1.253843e+01  1.920000e+01
      vertex  1.373463e+01 -1.265224e+01  2.500000e+01
      vertex  1.373463e+01 -1.265224e+01  1.920000e+01
    endloop
  endfacet
  facet normal  4.713973e-01 -8.819210e-01  0.000000e+00
    outer loop
      vertex  1.373463e+01 -1.265224e+01  1.920000e+01
      vertex  1.373463e+01 -1.265224e+01  2.500000e+01
      vertex  1.338886e+01 -1.283706e+01  2.500000e+01
    endloop
  endfacet
  facet normal  4.713973e-01 -8.819210e-01  0.000000e+00
    outer loop
      vertex  1.373463e+01 -1.265224e+01  1.920000e+01
      vertex  1.338886e+01 -1.283706e+01  2.500000e+01
      vertex  1.338886e+01 -1.283706e+01  1.920000e+01
    endloop
  endfacet
  facet normal  6.343939e-01 -7.730100e-01  0.000000e+00
    outer loop
      vertex  1.338886e+01 -1.283706e+01  1.920000e+01
      vertex  1.338886e+01 -1.283706e+01  2.500000e+01
      vertex  1.308579e+01 -1.308579e+01  2.500000e+01
    endloop
  endfacet
  facet normal  6.343939e-01 -7.730100e-01  0.000000e+00
    outer loop
      vertex  1.338886e+01 -1.283706e+01  1.920000e+01
      vertex  1.308579e+01 -1.308579e+01  2.500000e+01
      vertex  1.308579e+01 -1.308579e+01  1.920000e+01
    endloop
  endfacet
  facet normal  7.730100e-01 -6.343939e-01  0.000000e+00
    outer loop
      vertex  1.308579e+01 -1.308579e+01  1.920000e+01
      vertex  1.308579e+01 -1.308579e+01  2.500000e+01
      vertex  1.283706e+01 -1.338886e+01  2.500000e+01
    endloop
  endfacet
  facet normal  7.730100e-01 -6.343939e-01  0.000000e+00
    outer loop
      vertex  1.308579e+01 -1.308579e+01  1.920000e+01
      vertex  1.283706e+01 -1.338886e+01  2.500000e+01
      vertex  1.283706e+01 -1.338886e+01  1.920000e+01
    endloop
  endfacet
  facet normal  8.819210e-01 -4.713973e-01  0.000000e+00
    outer loop
      vertex  1.283706e+01 -1.338886e+01  1.920000e+01
      vertex  1.283706e+01 -1.338886e+01  2.500000e+01
      vertex  1.265224e+01 -1.373463e+01  2.500000e+01
    endloop
  endfacet
  facet normal  8.819210e-01 -4.713973e-01  0.000000e+00
    outer loop
      vertex  1.283706e+01 -1.338886e+01  1.920000e+01
      vertex  1.265224e+01 -1.373463e+01  2.500000e+01
      vertex  1.265224e+01 -1.373463e+01  1.920000e+01
    endloop
  endfacet
  facet normal  9.569404e-01 -2.902849e-01  0.000000e+00
    outer loop
      vertex  1.265224e+01 -1.373463e+01  1.920000e+01
      vertex  1.265224e+01 -1.373463e+01  2.500000e+01
      vertex  1.253843e+01 -1.410982e+01  2.500000e+01
    endloop
  endfacet
  facet normal  9.569404e-01 -2.902849e-01  0.000000e+00
    outer loop
      vertex  1.265224e+01 -1.373463e+01  1.920000e+01
      vertex  1.253843e+01 -1.410982e+01  2.500000e+01
      vertex  1.253843e+01 -1.410982e+01  1.920000e+01
    endloop
  endfacet
  facet normal  9.951848e-01 -9.801669e-02  0.000000e+00
    outer loop
      vertex  1.253843e+01 -1.410982e+01  1.920000e+01
      vertex  1.253843e+01 -1.410982e+01  2.500000e+01
      vertex  1.250000e+01 -1.450000e+01  2.500000e+01
    endloop
  endfacet
  facet normal  9.951848e-01 -9.801669e-02  0.000000e+00
    outer loop
      vertex  1.253843e+01 -1.410982e+01  1.920000e+01
      vertex  1.250000e+01 -1.450000e+01  2.500000e+01
      vertex  1.250000e+01 -1.450000e+01  1.920000e+01
    endloop
  endfacet
  facet normal  9.801669e-02 -9.951848e-01  0.000000e+00
    outer loop
      vertex  1.410982e+01 -1.253843e+01  2.500000e+01
      vertex  1.450000e+01 -1.250000e+01  1.920000e+01
      vertex  1.450000e+01 -1.250000e+01  2.500000e+01
    endloop
  endfacet
  facet normal -9.801669e-02 -9.951848e-01  -0.000000e+00
    outer loop
      vertex  1.450000e+01 -1.250000e+01  2.500000e+01
      vertex  1.450000e+01 -1.250000e+01  1.920000e+01
      vertex  1.489018e+01 -1.253843e+01  1.920000e+01
    endloop
  endfacet
  facet normal -9.801669e-02 -9.951848e-01  0.000000e+00
    outer loop
      vertex  1.450000e+01 -1.250000e+01  2.500000e+01
      vertex  1.489018e+01 -1.253843e+01  1.920000e+01
      vertex  1.489018e+01 -1.253843e+01  2.500000e+01
    endloop
  endfacet
  facet normal -2.902849e-01 -9.569404e-01  -0.000000e+00
    outer loop
      vertex  1.489018e+01 -1.253843e+01  2.500000e+01
      vertex  1.489018e+01 -1.253843e+01  1.920000e+01
      vertex  1.526537e+01 -1.265224e+01  1.920000e+01
    endloop
  endfacet
  facet normal -2.902849e-01 -9.569404e-01  0.000000e+00
    outer loop
      vertex  1.489018e+01 -1.253843e+01  2.500000e+01
      vertex  1.526537e+01 -1.265224e+01  1.920000e+01
      vertex  1.526537e+01 -1.265224e+01  2.500000e+01
    endloop
  endfacet
  facet normal -4.713973e-01 -8.819210e-01  -0.000000e+00
    outer loop
      vertex  1.526537e+01 -1.265224e+01  2.500000e+01
      vertex  1.526537e+01 -1.265224e+01  1.920000e+01
      vertex  1.561114e+01 -1.283706e+01  1.920000e+01
    endloop
  endfacet
  facet normal -4.713973e-01 -8.819210e-01  0.000000e+00
    outer loop
      vertex  1.526537e+01 -1.265224e+01  2.500000e+01
      vertex  1.561114e+01 -1.283706e+01  1.920000e+01
      vertex  1.561114e+01 -1.283706e+01  2.500000e+01
    endloop
  endfacet
  facet normal -6.343939e-01 -7.730100e-01  -0.000000e+00
    outer loop
      vertex  1.561114e+01 -1.283706e+01  2.500000e+01
      vertex  1.561114e+01 -1.283706e+01  1.920000e+01
      vertex  1.591421e+01 -1.308579e+01  1.920000e+01
    endloop
  endfacet
  facet normal -6.343939e-01 -7.730100e-01  0.000000e+00
    outer loop
      vertex  1.561114e+01 -1.283706e+01  2.500000e+01
      vertex  1.591421e+01 -1.308579e+01  1.920000e+01
      vertex  1.591421e+01 -1.308579e+01  2.500000e+01
    endloop
  endfacet
  facet normal -7.730100e-01 -6.343939e-01  -0.000000e+00
    outer loop
      vertex  1.591421e+01 -1.308579e+01  2.500000e+01
      vertex  1.591421e+01 -1.308579e+01  1.920000e+01
      vertex  1.616294e+01 -1.338886e+01  1.920000e+01
    endloop
  endfacet
  facet normal -7.730100e-01 -6.343939e-01  0.000000e+00
    outer loop
      vertex  1.591421e+01 -1.308579e+01  2.500000e+01
      vertex  1.616294e+01 -1.338886e+01  1.920000e+01
      vertex  1.616294e+01 -1.338886e+01  2.500000e+01
    endloop
  endfacet
  facet normal -8.819210e-01 -4.713973e-01  -0.000000e+00
    outer loop
      vertex  1.616294e+01 -1.338886e+01  2.500000e+01
      vertex  1.616294e+01 -1.338886e+01  1.920000e+01
      vertex  1.634776e+01 -1.373463e+01  1.920000e+01
    endloop
  endfacet
  facet normal -8.819210e-01 -4.713973e-01  0.000000e+00
    outer loop
      vertex  1.616294e+01 -1.338886e+01  2.500000e+01
      vertex  1.634776e+01 -1.373463e+01  1.920000e+01
      vertex  1.634776e+01 -1.373463e+01  2.500000e+01
    endloop
  endfacet
  facet normal -9.569404e-01 -2.902849e-01  -0.000000e+00
    outer loop
      vertex  1.634776e+01 -1.373463e+01  2.500000e+01
      vertex  1.634776e+01 -1.373463e+01  1.920000e+01
      vertex  1.646157e+01 -1.410982e+01  1.920000e+01
    endloop
  endfacet
  facet normal -9.569404e-01 -2.902849e-01  0.000000e+00
    outer loop
      vertex  1.634776e+01 -1.373463e+01  2.500000e+01
      vertex  1.646157e+01 -1.410982e+01  1.920000e+01
      vertex  1.646157e+01 -1.410982e+01  2.500000e+01
    endloop
  endfacet
  facet normal -9.951848e-01 -9.801669e-02  -0.000000e+00
    outer loop
      vertex  1.646157e+01 -1.410982e+01  2.500000e+01
      vertex  1.646157e+01 -1.410982e+01  1.920000e+01
      vertex  1.650000e+01 -1.450000e+01  1.920000e+01
    endloop
  endfacet
  facet normal -9.951848e-01 -9.801669e-02  0.000000e+00
    outer loop
      vertex  1.646157e+01 -1.410982e+01  2.500000e+01
      vertex  1.650000e+01 -1.450000e+01  1.920000e+01
      vertex  1.650000e+01 -1.450000e+01  2.500000e+01
    endloop
  endfacet
  facet normal -9.801669e-02  9.951848e-01  0.000000e+00
    outer loop
      vertex  1.450000e+01  1.250000e+01  1.920000e+01
      vertex  1.489018e+01  1.253843e+01  2.500000e+01
      vertex  1.489018e+01  1.253843e+01  1.920000e+01
    endloop
  endfacet
  facet normal -2.902849e-01  9.569404e-01  0.000000e+00
    outer loop
      vertex  1.489018e+01  1.253843e+01  1.920000e+01
      vertex  1.489018e+01  1.253843e+01  2.500000e+01
      vertex  1.526537e+01  1.265224e+01  2.500000e+01
    endloop
  endfacet
  facet normal -2.902849e-01  9.569404e-01  0.000000e+00
    outer loop
      vertex  1.489018e+01  1.253843e+01  1.920000e+01
      vertex  1.526537e+01  1.265224e+01  2.500000e+01
      vertex  1.526537e+01  1.265224e+01  1.920000e+01
    endloop
  endfacet
  facet normal -4.713973e-01  8.819210e-01  0.000000e+00
    outer loop
      vertex  1.526537e+01  1.265224e+01  1.920000e+01
      vertex  1.526537e+01  1.265224e+01  2.500000e+01
      vertex  1.561114e+01  1.283706e+01  2.500000e+01
    endloop
  endfacet
  facet normal -4.713973e-01  8.819210e-01  0.000000e+00
    outer loop
      vertex  1.526537e+01  1.265224e+01  1.920000e+01
      vertex  1.561114e+01  1.283706e+01  2.500000e+01
      vertex  1.561114e+01  1.283706e+01  1.920000e+01
    endloop
  endfacet
  facet normal -6.343939e-01  7.730100e-01  0.000000e+00
    outer loop
      vertex  1.561114e+01  1.283706e+01  1.920000e+01
      vertex  1.561114e+01  1.283706e+01  2.500000e+01
      vertex  1.591421e+01  1.308579e+01  2.500000e+01
    endloop
  endfacet
  facet normal -6.343939e-01  7.730100e-01  0.000000e+00
    outer loop
      vertex  1.561114e+01  1.283706e+01  1.920000e+01
      vertex  1.591421e+01  1.308579e+01  2.500000e+01
      vertex  1.591421e+01  1.308579e+01  1.920000e+01
    endloop
  endfacet
  facet normal -7.730100e-01  6.343939e-01  0.000000e+00
    outer loop
      vertex  1.591421e+01  1.308579e+01  1.920000e+01
      vertex  1.591421e+01  1.308579e+01  2.500000e+01
      vertex  1.616294e+01  1.338886e+01  2.500000e+01
    endloop
  endfacet
  facet normal -7.730100e-01  6.343939e-01  0.000000e+00
    outer loop
      vertex  1.591421e+01  1.308579e+01  1.920000e+01
      vertex  1.616294e+01  1.338886e+01  2.500000e+01
      vertex  1.616294e+01  1.338886e+01  1.920000e+01
    endloop
  endfacet
  facet normal -8.819210e-01  4.713973e-01  0.000000e+00
    outer loop
      vertex  1.616294e+01  1.338886e+01  1.920000e+01
      vertex  1.616294e+01  1.338886e+01  2.500000e+01
      vertex  1.634776e+01  1.373463e+01  2.500000e+01
    endloop
  endfacet
  facet normal -8.819210e-01  4.713973e-01  0.000000e+00
    outer loop
      vertex  1.616294e+01  1.338886e+01  1.920000e+01
      vertex  1.634776e+01  1.373463e+01  2.500000e+01
      vertex  1.634776e+01  1.373463e+01  1.920000e+01
    endloop
  endfacet
  facet normal -9.569404e-01  2.902849e-01  0.000000e+00
    outer loop
      vertex  1.634776e+01  1.373463e+01  1.920000e+01
      vertex  1.634776e+01  1.373463e+01  2.500000e+01
      vertex  1.646157e+01  1.410982e+01  2.500000e+01
    endloop
  endfacet
  facet normal -9.569404e-01  2.902849e-01  0.000000e+00
    outer loop
      vertex  1.634776e+01  1.373463e+01  1.920000e+01
      vertex  1.646157e+01  1.410982e+01  2.500000e+01
      vertex  1.646157e+01  1.410982e+01  1.920000e+01
    endloop
  endfacet
  facet normal -9.951848e-01  9.801669e-02  0.000000e+00
    outer loop
      vertex  1.646157e+01  1.410982e+01  1.920000e+01
      vertex  1.646157e+01  1.410982e+01  2.500000e+01
      vertex  1.650000e+01  1.450000e+01  2.500000e+01
    endloop
  endfacet
  facet normal -9.951848e-01  9.801669e-02  0.000000e+00
    outer loop
      vertex  1.646157e+01  1.410982e+01  1.920000e+01
      vertex  1.650000e+01  1.450000e+01  2.500000e+01
      vertex  1.650000e+01  1.450000e+01  1.920000e+01
    endloop
  endfacet
  facet normal -9.801669e-02  9.951848e-01  0.000000e+00
    outer loop
      vertex  1.489018e+01  1.253843e+01  2.500000e+01
      vertex  1.450000e+01  1.250000e+01  1.920000e+01
      vertex  1.450000e+01  1.250000e+01  2.500000e+01
    endloop
  endfacet
  facet normal  9.801669e-02  9.951848e-01  0.000000e+00
    outer loop
      vertex  1.450000e+01  1.250000e+01  2.500000e+01
      vertex  1.450000e+01  1.250000e+01  1.920000e+01
      vertex  1.410982e+01  1.253843e+01  1.920000e+01
    endloop
  endfacet
  facet normal  9.801669e-02  9.951848e-01  -0.000000e+00
    outer loop
      vertex  1.450000e+01  1.250000e+01  2.500000e+01
      vertex  1.410982e+01  1.253843e+01  1.920000e+01
      vertex  1.410982e+01  1.253843e+01  2.500000e+01
    endloop
  endfacet
  facet normal  2.902849e-01  9.569404e-01  0.000000e+00
    outer loop
      vertex  1.410982e+01  1.253843e+01  2.500000e+01
      vertex  1.410982e+01  1.253843e+01  1.920000e+01
      vertex  1.373463e+01  1.265224e+01  1.920000e+01
    endloop
  endfacet
  facet normal  2.902849e-01  9.569404e-01  -0.000000e+00
    outer loop
      vertex  1.410982e+01  1.253843e+01  2.500000e+01
      vertex  1.373463e+01  1.265224e+01  1.920000e+01
      vertex  1.373463e+01  1.265224e+01  2.500000e+01
    endloop
  endfacet
  facet normal  4.713973e-01  8.819210e-01  0.000000e+00
    outer loop
      vertex  1.373463e+01  1.265224e+01  2.500000e+01
      vertex  1.373463e+01  1.265224e+01  1.920000e+01
      vertex  1.338886e+01  1.283706e+01  1.920000e+01
    endloop
  endfacet
  facet normal  4.713973e-01  8.819210e-01  -0.000000e+00
    outer loop
      vertex  1.373463e+01  1.265224e+01  2.500000e+01
      vertex  1.338886e+01  1.283706e+01  1.920000e+01
      vertex  1.338886e+01  1.283706e+01  2.500000e+01
    endloop
  endfacet
  facet normal  6.343939e-01  7.730100e-01  0.000000e+00
    outer loop
      vertex  1.338886e+01  1.283706e+01  2.500000e+01
      vertex  1.338886e+01  1.283706e+01  1.920000e+01
      vertex  1.308579e+01  1.308579e+01  1.920000e+01
    endloop
  endfacet
  facet normal  6.343939e-01  7.730100e-01  -0.000000e+00
    outer loop
      vertex  1.338886e+01  1.283706e+01  2.500000e+01
      vertex  1.308579e+01  1.308579e+01  1.920000e+01
      vertex  1.308579e+01  1.308579e+01  2.500000e+01
    endloop
  endfacet
  facet normal  7.730100e-01  6.343939e-01  0.000000e+00
    outer loop
      vertex  1.308579e+01  1.308579e+01  2.500000e+01
      vertex  1.308579e+01  1.308579e+01  1.920000e+01
      vertex  1.283706e+01  1.338886e+01  1.920000e+01
    endloop
  endfacet
  facet normal  7.730100e-01  6.343939e-01  -0.000000e+00
    outer loop
      vertex  1.308579e+01  1.308579e+01  2.500000e+01
      vertex  1.283706e+01  1.338886e+01  1.920000e+01
      vertex  1.283706e+01  1.338886e+01  2.500000e+01
    endloop
  endfacet
  facet normal  8.819210e-01  4.713973e-01  0.000000e+00
    outer loop
      vertex  1.283706e+01  1.338886e+01  2.500000e+01
      vertex  1.283706e+01  1.338886e+01  1.920000e+01
      vertex  1.265224e+01  1.373463e+01  1.920000e+01
    endloop
  endfacet
  facet normal  8.819210e-01  4.713973e-01  -0.000000e+00
    outer loop
      vertex  1.283706e+01  1.338886e+01  2.500000e+01
      vertex  1.265224e+01  1.373463e+01  1.920000e+01
      vertex  1.265224e+01  1.373463e+01  2.500000e+01
    endloop
  endfacet
  facet normal  9.569404e-01  2.902849e-01  0.000000e+00
    outer loop
      vertex  1.265224e+01  1.373463e+01  2.500000e+01
      vertex  1.265224e+01  1.373463e+01  1.920000e+01
      vertex  1.253843e+01  1.410982e+01  1.920000e+01
    endloop
  endfacet
  facet normal  9.569404e-01  2.902849e-01  -0.000000e+00
    outer loop
      vertex  1.265224e+01  1.373463e+01  2.500000e+01
      vertex  1.253843e+01  1.410982e+01  1.920000e+01
      vertex  1.253843e+01  1.410982e+01  2.500000e+01
    endloop
  endfacet
  facet normal  9.951848e-01  9.801669e-02  0.000000e+00
    outer loop
      vertex  1.253843e+01  1.410982e+01  2.500000e+01
      vertex  1.253843e+01  1.410982e+01  1.920000e+01
      vertex  1.250000e+01  1.450000e+01  1.920000e+01
    endloop
  endfacet
  facet normal  9.951848e-01  9.801669e-02  -0.000000e+00
    outer loop
      vertex  1.253843e+01  1.410982e+01  2.500000e+01
      vertex  1.250000e+01  1.450000e+01  1.920000e+01
      vertex  1.250000e+01  1.450000e+01  2.500000e+01
    endloop
  endfacet
  facet normal  9.801669e-02 -9.951848e-01  0.000000e+00
    outer loop
      vertex  1.450000e+01  1.650000e+01  1.920000e+01
      vertex  1.410982e+01  1.646157e+01  2.500000e+01
      vertex  1.410982e+01  1.646157e+01  1.920000e+01
    endloop
  endfacet
  facet normal  2.902849e-01 -9.569404e-01  0.000000e+00
    outer loop
      vertex  1.410982e+01  1.646157e+01  1.920000e+01
      vertex  1.410982e+01  1.646157e+01  2.500000e+01
      vertex  1.373463e+01  1.634776e+01  2.500000e+01
    endloop
  endfacet
  facet normal  2.902849e-01 -9.569404e-01  0.000000e+00
    outer loop
      vertex  1.410982e+01  1.646157e+01  1.920000e+01
      vertex  1.373463e+01  1.634776e+01  2.500000e+01
      vertex  1.373463e+01  1.634776e+01  1.920000e+01
    endloop
  endfacet
  facet normal  4.713973e-01 -8.819210e-01  0.000000e+00
    outer loop
      vertex  1.373463e+01  1.634776e+01  1.920000e+01
      vertex  1.373463e+01  1.634776e+01  2.500000e+01
      vertex  1.338886e+01  1.616294e+01  2.500000e+01
    endloop
  endfacet
  facet normal  4.713973e-01 -8.819210e-01  0.000000e+00
    outer loop
      vertex  1.373463e+01  1.634776e+01  1.920000e+01
      vertex  1.338886e+01  1.616294e+01  2.500000e+01
      vertex  1.338886e+01  1.616294e+01  1.920000e+01
    endloop
  endfacet
  facet normal  6.343939e-01 -7.730100e-01  0.000000e+00
    outer loop
      vertex  1.338886e+01  1.616294e+01  1.920000e+01
      vertex  1.338886e+01  1.616294e+01  2.500000e+01
      vertex  1.308579e+01  1.591421e+01  2.500000e+01
    endloop
  endfacet
  facet normal  6.343939e-01 -7.730100e-01  0.000000e+00
    outer loop
      vertex  1.338886e+01  1.616294e+01  1.920000e+01
      vertex  1.308579e+01  1.591421e+01  2.500000e+01
      vertex  1.308579e+01  1.591421e+01  1.920000e+01
    endloop
  endfacet
  facet normal  7.730100e-01 -6.343939e-01  0.000000e+00
    outer loop
      vertex  1.308579e+01  1.591421e+01  1.920000e+01
      vertex  1.308579e+01  1.591421e+01  2.500000e+01
      vertex  1.283706e+01  1.561114e+01  2.500000e+01
    endloop
  endfacet
  facet normal  7.730100e-01 -6.343939e-01  0.000000e+00
    outer loop
      vertex  1.308579e+01  1.591421e+01  1.920000e+01
      vertex  1.283706e+01  1.561114e+01  2.500000e+01
      vertex  1.283706e+01  1.561114e+01  1.920000e+01
    endloop
  endfacet
  facet normal  8.819210e-01 -4.713973e-01  0.000000e+00
    outer loop
      vertex  1.283706e+01  1.561114e+01  1.920000e+01
      vertex  1.283706e+01  1.561114e+01  2.500000e+01
      vertex  1.265224e+01  1.526537e+01  2.500000e+01
    endloop
  endfacet
  facet normal  8.819210e-01 -4.713973e-01  0.000000e+00
    outer loop
      vertex  1.283706e+01  1.561114e+01  1.920000e+01
      vertex  1.265224e+01  1.526537e+01  2.500000e+01
      vertex  1.265224e+01  1.526537e+01  1.920000e+01
    endloop
  endfacet
  facet normal  9.569404e-01 -2.902849e-01  0.000000e+00
    outer loop
      vertex  1.265224e+01  1.526537e+01  1.920000e+01
      vertex  1.265224e+01  1.526537e+01  2.500000e+01
      vertex  1.253843e+01  1.489018e+01  2.500000e+01
    endloop
  endfacet
  facet normal  9.569404e-01 -2.902849e-01  0.000000e+00
    outer loop
      vertex  1.265224e+01  1.526537e+01  1.920000e+01
      vertex  1.253843e+01  1.489018e+01  2.500000e+01
      vertex  1.253843e+01  1.489018e+01  1.920000e+01
    endloop
  endfacet
  facet normal  9.951848e-01 -9.801669e-02  0.000000e+00
    outer loop
      vertex  1.253843e+01  1.489018e+01  1.920000e+01
      vertex  1.253843e+01  1.489018e+01  2.500000e+01
      vertex  1.250000e+01  1.450000e+01  2.500000e+01
    endloop
  endfacet
  facet normal  9.951848e-01 -9.801669e-02  0.000000e+00
    outer loop
      vertex  1.253843e+01  1.489018e+01  1.920000e+01
      vertex  1.250000e+01  1.450000e+01  2.500000e+01
      vertex  1.250000e+01  1.450000e+01  1.920000e+01
    endloop
  endfacet
  facet normal  9.801669e-02 -9.951848e-01  0.000000e+00
    outer loop
      vertex  1.410982e+01  1.646157e+01  2.500000e+01
      vertex  1.450000e+01  1.650000e+01  1.920000e+01
      vertex  1.450000e+01  1.650000e+01  2.500000e+01
    endloop
  endfacet
  facet normal -9.801669e-02 -9.951848e-01  -0.000000e+00
    outer loop
      vertex  1.450000e+01  1.650000e+01  2.500000e+01
      vertex  1.450000e+01  1.650000e+01  1.920000e+01
      vertex  1.489018e+01  1.646157e+01  1.920000e+01
    endloop
  endfacet
  facet normal -9.801669e-02 -9.951848e-01  0.000000e+00
    outer loop
      vertex  1.450000e+01  1.650000e+01  2.500000e+01
      vertex  1.489018e+01  1.646157e+01  1.920000e+01
      vertex  1.489018e+01  1.646157e+01  2.500000e+01
    endloop
  endfacet
  facet normal -2.902849e-01 -9.569404e-01  -0.000000e+00
    outer loop
      vertex  1.489018e+01  1.646157e+01  2.500000e+01
      vertex  1.489018e+01  1.646157e+01  1.920000e+01
      vertex  1.526537e+01  1.634776e+01  1.920000e+01
    endloop
  endfacet
  facet normal -2.902849e-01 -9.569404e-01  0.000000e+00
    outer loop
      vertex  1.489018e+01  1.646157e+01  2.500000e+01
      vertex  1.526537e+01  1.634776e+01  1.920000e+01
      vertex  1.526537e+01  1.634776e+01  2.500000e+01
    endloop
  endfacet
  facet normal -4.713973e-01 -8.819210e-01  -0.000000e+00
    outer loop
      vertex  1.526537e+01  1.634776e+01  2.500000e+01
      vertex  1.526537e+01  1.634776e+01  1.920000e+01
      vertex  1.561114e+01  1.616294e+01  1.920000e+01
    endloop
  endfacet
  facet normal -4.713973e-01 -8.819210e-01  0.000000e+00
    outer loop
      vertex  1.526537e+01  1.634776e+01  2.500000e+01
      vertex  1.561114e+01  1.616294e+01  1.920000e+01
      vertex  1.561114e+01  1.616294e+01  2.500000e+01
    endloop
  endfacet
  facet normal -6.343939e-01 -7.730100e-01  -0.000000e+00
    outer loop
      vertex  1.561114e+01  1.616294e+01  2.500000e+01
      vertex  1.561114e+01  1.616294e+01  1.920000e+01
      vertex  1.591421e+01  1.591421e+01  1.920000e+01
    endloop
  endfacet
  facet normal -6.343939e-01 -7.730100e-01  0.000000e+00
    outer loop
      vertex  1.561114e+01  1.616294e+01  2.500000e+01
      vertex  1.591421e+01  1.591421e+01  1.920000e+01
      vertex  1.591421e+01  1.591421e+01  2.500000e+01
    endloop
  endfacet
  facet normal -7.730100e-01 -6.343939e-01  -0.000000e+00
    outer loop
      vertex  1.591421e+01  1.591421e+01  2.500000e+01
      vertex  1.591421e+01  1.591421e+01  1.920000e+01
      vertex  1.616294e+01  1.561114e+01  1.920000e+01
    endloop
  endfacet
  facet normal -7.730100e-01 -6.343939e-01  0.000000e+00
    outer loop
      vertex  1.591421e+01  1.591421e+01  2.500000e+01
      vertex  1.616294e+01  1.561114e+01  1.920000e+01
      vertex  1.616294e+01  1.561114e+01  2.500000e+01
    endloop
  endfacet
  facet normal -8.819210e-01 -4.713973e-01  -0.000000e+00
    outer loop
      vertex  1.616294e+01  1.561114e+01  2.500000e+01
      vertex  1.616294e+01  1.561114e+01  1.920000e+01
      vertex  1.634776e+01  1.526537e+01  1.920000e+01
    endloop
  endfacet
  facet normal -8.819210e-01 -4.713973e-01  0.000000e+00
    outer loop
      vertex  1.616294e+01  1.561114e+01  2.500000e+01
      vertex  1.634776e+01  1.526537e+01  1.920000e+01
      vertex  1.634776e+01  1.526537e+01  2.500000e+01
    endloop
  endfacet
  facet normal -9.569404e-01 -2.902849e-01  -0.000000e+00
    outer loop
      vertex  1.634776e+01  1.526537e+01  2.500000e+01
      vertex  1.634776e+01  1.526537e+01  1.920000e+01
      vertex  1.646157e+01  1.489018e+01  1.920000e+01
    endloop
  endfacet
  facet normal -9.569404e-01 -2.902849e-01  0.000000e+00
    outer loop
      vertex  1.634776e+01  1.526537e+01  2.500000e+01
      vertex  1.646157e+01  1.489018e+01  1.920000e+01
      vertex  1.646157e+01  1.489018e+01  2.500000e+01
    endloop
  endfacet
  facet normal -9.951848e-01 -9.801669e-02  -0.000000e+00
    outer loop
      vertex  1.646157e+01  1.489018e+01  2.500000e+01
      vertex  1.646157e+01  1.489018e+01  1.920000e+01
      vertex  1.650000e+01  1.450000e+01  1.920000e+01
    endloop
  endfacet
  facet normal -9.951848e-01 -9.801669e-02  0.000000e+00
    outer loop
      vertex  1.646157e+01  1.489018e+01  2.500000e+01
      vertex  1.650000e+01  1.450000e+01  1.920000e+01
      vertex  1.650000e+01  1.450000e+01  2.500000e+01
    endloop
  endfacet
  facet normal  0.000000e+00  0.000000e+00  1.000000e+00
    outer loop
      vertex -1.489018e+01  1.646157e+01  1.920000e+01
      vertex -1.410982e+01  1.646157e+01  1.920000e+01
      vertex -1.450000e+01  1.650000e+01  1.920000e+01
    endloop
  endfacet
  facet normal  -0.000000e+00  0.000000e+00  1.000000e+00
    outer loop
      vertex -1.410982e+01  1.646157e+01  1.920000e+01
      vertex -1.489018e+01  1.646157e+01  1.920000e+01
      vertex -1.373463e+01  1.634776e+01  1.920000e+01
    endloop
  endfacet
  facet normal  0.000000e+00  0.000000e+00  1.000000e+00
    outer loop
      vertex -1.373463e+01  1.634776e+01  1.920000e+01
      vertex -1.489018e+01  1.646157e+01  1.920000e+01
      vertex -1.526537e+01  1.634776e+01  1.920000e+01
    endloop
  endfacet
  facet normal  -0.000000e+00  0.000000e+00  1.000000e+00
    outer loop
      vertex -1.373463e+01  1.634776e+01  1.920000e+01
      vertex -1.526537e+01  1.634776e+01  1.920000e+01
      vertex -1.338886e+01  1.616294e+01  1.920000e+01
    endloop
  endfacet
  facet normal  0.000000e+00  0.000000e+00  1.000000e+00
    outer loop
      vertex -1.338886e+01  1.616294e+01  1.920000e+01
      vertex -1.526537e+01  1.634776e+01  1.920000e+01
      vertex -1.561114e+01  1.616294e+01  1.920000e+01
    endloop
  endfacet
  facet normal  -0.000000e+00  0.000000e+00  1.000000e+00
    outer loop
      vertex -1.338886e+01  1.616294e+01  1.920000e+01
      vertex -1.561114e+01  1.616294e+01  1.920000e+01
      vertex -1.308579e+01  1.591421e+01  1.920000e+01
    endloop
  endfacet
  facet normal  0.000000e+00  0.000000e+00  1.000000e+00
    outer loop
      vertex -1.308579e+01  1.591421e+01  1.920000e+01
      vertex -1.561114e+01  1.616294e+01  1.920000e+01
      vertex -1.591421e+01  1.591421e+01  1.920000e+01
    endloop
  endfacet
  facet normal  -0.000000e+00  0.000000e+00  1.000000e+00
    outer loop
      vertex -1.308579e+01  1.591421e+01  1.920000e+01
      vertex -1.591421e+01  1.591421e+01  1.920000e+01
      vertex -1.283706e+01  1.561114e+01  1.920000e+01
    endloop
  endfacet
  facet normal  0.000000e+00  0.000000e+00  1.000000e+00
    outer loop
      vertex -1.283706e+01  1.561114e+01  1.920000e+01
      vertex -1.591421e+01  1.591421e+01  1.920000e+01
      vertex -1.616294e+01  1.561114e+01  1.920000e+01
    endloop
  endfacet
  facet normal  -0.000000e+00  0.000000e+00  1.000000e+00
    outer loop
      vertex -1.283706e+01  1.561114e+01  1.920000e+01
      vertex -1.616294e+01  1.561114e+01  1.920000e+01
      vertex -1.265224e+01  1.526537e+01  1.920000e+01
    endloop
  endfacet
  facet normal  0.000000e+00  0.000000e+00  9.999999e-01
    outer loop
      vertex -1.265224e+01  1.526537e+01  1.920000e+01
      vertex -1.616294e+01  1.561114e+01  1.920000e+01
      vertex -1.634776e+01  1.526537e+01  1.920000e+01
    endloop
  endfacet
  facet normal  -0.000000e+00  0.000000e+00  1.000000e+00
    outer loop
      vertex -1.265224e+01  1.526537e+01  1.920000e+01
      vertex -1.634776e+01  1.526537e+01  1.920000e+01
      vertex -1.253843e+01  1.489018e+01  1.920000e+01
    endloop
  endfacet
  facet normal  0.000000e+00  0.000000e+00  1.000000e+00
    outer loop
      vertex -1.253843e+01  1.489018e+01  1.920000e+01
      vertex -1.634776e+01  1.526537e+01  1.920000e+01
      vertex -1.646157e+01  1.489018e+01  1.920000e+01
    endloop
  endfacet
  facet normal  -0.000000e+00  0.000000e+00  1.000000e+00
    outer loop
      vertex -1.253843e+01  1.489018e+01  1.920000e+01
      vertex -1.646157e+01  1.489018e+01  1.920000e+01
      vertex -1.250000e+01  1.450000e+01  1.920000e+01
    endloop
  endfacet
  facet normal  0.000000e+00  0.000000e+00  1.000000e+00
    outer loop
      vertex -1.250000e+01  1.450000e+01  1.920000e+01
      vertex -1.646157e+01  1.489018e+01  1.920000e+01
      vertex -1.650000e+01  1.450000e+01  1.920000e+01
    endloop
  endfacet
  facet normal  -0.000000e+00  0.000000e+00  1.000000e+00
    outer loop
      vertex -1.250000e+01  1.450000e+01  1.920000e+01
      vertex -1.650000e+01  1.450000e+01  1.920000e+01
      vertex -1.253843e+01  1.410982e+01  1.920000e+01
    endloop
  endfacet
  facet normal  0.000000e+00  0.000000e+00  1.000000e+00
    outer loop
      vertex -1.253843e+01  1.410982e+01  1.920000e+01
      vertex -1.650000e+01  1.450000e+01  1.920000e+01
      vertex -1.646157e+01  1.410982e+01  1.920000e+01
    endloop
  endfacet
  facet normal  -0.000000e+00  0.000000e+00  1.000000e+00
    outer loop
      vertex -1.253843e+01  1.410982e+01  1.920000e+01
      vertex -1.646157e+01  1.410982e+01  1.920000e+01
      vertex -1.265224e+01  1.373463e+01  1.920000e+01
    endloop
  endfacet
  facet normal  0.000000e+00  0.000000e+00  1.000000e+00
    outer loop
      vertex -1.265224e+01  1.373463e+01  1.920000e+01
      vertex -1.646157e+01  1.410982e+01  1.920000e+01
      vertex -1.634776e+01  1.373463e+01  1.920000e+01
    endloop
  endfacet
  facet normal  -0.000000e+00  0.000000e+00  9.999999e-01
    outer loop
      vertex -1.265224e+01  1.373463e+01  1.920000e+01
      vertex -1.634776e+01  1.373463e+01  1.920000e+01
      vertex -1.283706e+01  1.338886e+01  1.920000e+01
    endloop
  endfacet
  facet normal  0.000000e+00  0.000000e+00  1.000000e+00
    outer loop
      vertex -1.283706e+01  1.338886e+01  1.920000e+01
      vertex -1.634776e+01  1.373463e+01  1.920000e+01
      vertex -1.616294e+01  1.338886e+01  1.920000e+01
    endloop
  endfacet
  facet normal  -0.000000e+00  0.000000e+00  1.000000e+00
    outer loop
      vertex -1.283706e+01  1.338886e+01  1.920000e+01
      vertex -1.616294e+01  1.338886e+01  1.920000e+01
      vertex -1.308579e+01  1.308579e+01  1.920000e+01
    endloop
  endfacet
  facet normal  0.000000e+00  0.000000e+00  1.000000e+00
    outer loop
      vertex -1.308579e+01  1.308579e+01  1.920000e+01
      vertex -1.616294e+01  1.338886e+01  1.920000e+01
      vertex -1.591421e+01  1.308579e+01  1.920000e+01
    endloop
  endfacet
  facet normal  -0.000000e+00  0.000000e+00  1.000000e+00
    outer loop
      vertex -1.308579e+01  1.308579e+01  1.920000e+01
      vertex -1.591421e+01  1.308579e+01  1.920000e+01
      vertex -1.338886e+01  1.283706e+01  1.920000e+01
    endloop
  endfacet
  facet normal  0.000000e+00  0.000000e+00  1.000000e+00
    outer loop
      vertex -1.338886e+01  1.283706e+01  1.920000e+01
      vertex -1.591421e+01  1.308579e+01  1.920000e+01
      vertex -1.561114e+01  1.283706e+01  1.920000e+01
    endloop
  endfacet
  facet normal  -0.000000e+00  0.000000e+00  1.000000e+00
    outer loop
      vertex -1.338886e+01  1.283706e+01  1.920000e+01
      vertex -1.561114e+01  1.283706e+01  1.920000e+01
      vertex -1.373463e+01  1.265224e+01  1.920000e+01
    endloop
  endfacet
  facet normal  0.000000e+00  0.000000e+00  1.000000e+00
    outer loop
      vertex -1.373463e+01  1.265224e+01  1.920000e+01
      vertex -1.561114e+01  1.283706e+01  1.920000e+01
      vertex -1.526537e+01  1.265224e+01  1.920000e+01
    endloop
  endfacet
  facet normal  -0.000000e+00  0.000000e+00  1.000000e+00
    outer loop
      vertex -1.373463e+01  1.265224e+01  1.920000e+01
      vertex -1.526537e+01  1.265224e+01  1.920000e+01
      vertex -1.410982e+01  1.253843e+01  1.920000e+01
    endloop
  endfacet
  facet normal  0.000000e+00  0.000000e+00  1.000000e+00
    outer loop
      vertex -1.410982e+01  1.253843e+01  1.920000e+01
      vertex -1.526537e+01  1.265224e+01  1.920000e+01
      vertex -1.489018e+01  1.253843e+01  1.920000e+01
    endloop
  endfacet
  facet normal  -0.000000e+00  0.000000e+00  1.000000e+00
    outer loop
      vertex -1.410982e+01  1.253843e+01  1.920000e+01
      vertex -1.489018e+01  1.253843e+01  1.920000e+01
      vertex -1.450000e+01  1.250000e+01  1.920000e+01
    endloop
  endfacet
  facet normal  0.000000e+00  0.000000e+00  1.000000e+00
    outer loop
      vertex -1.489018e+01 -1.253843e+01  1.920000e+01
      vertex -1.410982e+01 -1.253843e+01  1.920000e+01
      vertex -1.450000e+01 -1.250000e+01  1.920000e+01
    endloop
  endfacet
  facet normal  -0.000000e+00  0.000000e+00  1.000000e+00
    outer loop
      vertex -1.410982e+01 -1.253843e+01  1.920000e+01
      vertex -1.489018e+01 -1.253843e+01  1.920000e+01
      vertex -1.373463e+01 -1.265224e+01  1.920000e+01
    endloop
  endfacet
  facet normal  0.000000e+00  0.000000e+00  1.000000e+00
    outer loop
      vertex -1.373463e+01 -1.265224e+01  1.920000e+01
      vertex -1.489018e+01 -1.253843e+01  1.920000e+01
      vertex -1.526537e+01 -1.265224e+01  1.920000e+01
    endloop
  endfacet
  facet normal  -0.000000e+00  0.000000e+00  1.000000e+00
    outer loop
      vertex -1.373463e+01 -1.265224e+01  1.920000e+01
      vertex -1.526537e+01 -1.265224e+01  1.920000e+01
      vertex -1.338886e+01 -1.283706e+01  1.920000e+01
    endloop
  endfacet
  facet normal  0.000000e+00  0.000000e+00  1.000000e+00
    outer loop
      vertex -1.338886e+01 -1.283706e+01  1.920000e+01
      vertex -1.526537e+01 -1.265224e+01  1.920000e+01
      vertex -1.561114e+01 -1.283706e+01  1.920000e+01
    endloop
  endfacet
  facet normal  -0.000000e+00  0.000000e+00  1.000000e+00
    outer loop
      vertex -1.338886e+01 -1.283706e+01  1.920000e+01
      vertex -1.561114e+01 -1.283706e+01  1.920000e+01
      vertex -1.308579e+01 -1.308579e+01  1.920000e+01
    endloop
  endfacet
  facet normal  0.000000e+00  0.000000e+00  1.000000e+00
    outer loop
      vertex -1.308579e+01 -1.308579e+01  1.920000e+01
      vertex -1.561114e+01 -1.283706e+01  1.920000e+01
      vertex -1.591421e+01 -1.308579e+01  1.920000e+01
    endloop
  endfacet
  facet normal  -0.000000e+00  0.000000e+00  1.000000e+00
    outer loop
      vertex -1.308579e+01 -1.308579e+01  1.920000e+01
      vertex -1.591421e+01 -1.308579e+01  1.920000e+01
      vertex -1.283706e+01 -1.338886e+01  1.920000e+01
    endloop
  endfacet
  facet normal  0.000000e+00  0.000000e+00  1.000000e+00
    outer loop
      vertex -1.283706e+01 -1.338886e+01  1.920000e+01
      vertex -1.591421e+01 -1.308579e+01  1.920000e+01
      vertex -1.616294e+01 -1.338886e+01  1.920000e+01
    endloop
  endfacet
  facet normal  -0.000000e+00  0.000000e+00  1.000000e+00
    outer loop
      vertex -1.283706e+01 -1.338886e+01  1.920000e+01
      vertex -1.616294e+01 -1.338886e+01  1.920000e+01
      vertex -1.265224e+01 -1.373463e+01  1.920000e+01
    endloop
  endfacet
  facet normal  0.000000e+00  0.000000e+00  9.999999e-01
    outer loop
      vertex -1.265224e+01 -1.373463e+01  1.920000e+01
      vertex -1.616294e+01 -1.338886e+01  1.920000e+01
      vertex -1.634776e+01 -1.373463e+01  1.920000e+01
    endloop
  endfacet
  facet normal  -0.000000e+00  0.000000e+00  1.000000e+00
    outer loop
      vertex -1.265224e+01 -1.373463e+01  1.920000e+01
      vertex -1.634776e+01 -1.373463e+01  1.920000e+01
      vertex -1.253843e+01 -1.410982e+01  1.920000e+01
    endloop
  endfacet
  facet normal  0.000000e+00  0.000000e+00  1.000000e+00
    outer loop
      vertex -1.253843e+01 -1.410982e+01  1.920000e+01
      vertex -1.634776e+01 -1.373463e+01  1.920000e+01
      vertex -1.646157e+01 -1.410982e+01  1.920000e+01
    endloop
  endfacet
  facet normal  -0.000000e+00  0.000000e+00  1.000000e+00
    outer loop
      vertex -1.253843e+01 -1.410982e+01  1.920000e+01
      vertex -1.646157e+01 -1.410982e+01  1.920000e+01
      vertex -1.250000e+01 -1.450000e+01  1.920000e+01
    endloop
  endfacet
  facet normal  0.000000e+00  0.000000e+00  1.000000e+00
    outer loop
      vertex -1.250000e+01 -1.450000e+01  1.920000e+01
      vertex -1.646157e+01 -1.410982e+01  1.920000e+01
      vertex -1.650000e+01 -1.450000e+01  1.920000e+01
    endloop
  endfacet
  facet normal  -0.000000e+00  0.000000e+00  1.000000e+00
    outer loop
      vertex -1.250000e+01 -1.450000e+01  1.920000e+01
      vertex -1.650000e+01 -1.450000e+01  1.920000e+01
      vertex -1.253843e+01 -1.489018e+01  1.920000e+01
    endloop
  endfacet
  facet normal  0.000000e+00  0.000000e+00  1.000000e+00
    outer loop
      vertex -1.253843e+01 -1.489018e+01  1.920000e+01
      vertex -1.650000e+01 -1.450000e+01  1.920000e+01
      vertex -1.646157e+01 -1.489018e+01  1.920000e+01
    endloop
  endfacet
  facet normal  -0.000000e+00  0.000000e+00  1.000000e+00
    outer loop
      vertex -1.253843e+01 -1.489018e+01  1.920000e+01
      vertex -1.646157e+01 -1.489018e+01  1.920000e+01
      vertex -1.265224e+01 -1.526537e+01  1.920000e+01
    endloop
  endfacet
  facet normal  0.000000e+00  0.000000e+00  1.000000e+00
    outer loop
      vertex -1.265224e+01 -1.526537e+01  1.920000e+01
      vertex -1.646157e+01 -1.489018e+01  1.920000e+01
      vertex -1.634776e+01 -1.526537e+01  1.920000e+01
    endloop
  endfacet
  facet normal  -0.000000e+00  0.000000e+00  9.999999e-01
    outer loop
      vertex -1.265224e+01 -1.526537e+01  1.920000e+01
      vertex -1.634776e+01 -1.526537e+01  1.920000e+01
      vertex -1.283706e+01 -1.561114e+01  1.920000e+01
    endloop
  endfacet
  facet normal  0.000000e+00  0.000000e+00  1.000000e+00
    outer loop
      vertex -1.283706e+01 -1.561114e+01  1.920000e+01
      vertex -1.634776e+01 -1.526537e+01  1.920000e+01
      vertex -1.616294e+01 -1.561114e+01  1.920000e+01
    endloop
  endfacet
  facet normal  -0.000000e+00  0.000000e+00  1.000000e+00
    outer loop
      vertex -1.283706e+01 -1.561114e+01  1.920000e+01
      vertex -1.616294e+01 -1.561114e+01  1.920000e+01
      vertex -1.308579e+01 -1.591421e+01  1.920000e+01
    endloop
  endfacet
  facet normal  0.000000e+00  0.000000e+00  1.000000e+00
    outer loop
      vertex -1.308579e+01 -1.591421e+01  1.920000e+01
      vertex -1.616294e+01 -1.561114e+01  1.920000e+01
      vertex -1.591421e+01 -1.591421e+01  1.920000e+01
    endloop
  endfacet
  facet normal  -0.000000e+00  0.000000e+00  1.000000e+00
    outer loop
      vertex -1.308579e+01 -1.591421e+01  1.920000e+01
      vertex -1.591421e+01 -1.591421e+01  1.920000e+01
      vertex -1.338886e+01 -1.616294e+01  1.920000e+01
    endloop
  endfacet
  facet normal  0.000000e+00  0.000000e+00  1.000000e+00
    outer loop
      vertex -1.338886e+01 -1.616294e+01  1.920000e+01
      vertex -1.591421e+01 -1.591421e+01  1.920000e+01
      vertex -1.561114e+01 -1.616294e+01  1.920000e+01
    endloop
  endfacet
  facet normal  -0.000000e+00  0.000000e+00  1.000000e+00
    outer loop
      vertex -1.338886e+01 -1.616294e+01  1.920000e+01
      vertex -1.561114e+01 -1.616294e+01  1.920000e+01
      vertex -1.373463e+01 -1.634776e+01  1.920000e+01
    endloop
  endfacet
  facet normal  0.000000e+00  0.000000e+00  1.000000e+00
    outer loop
      vertex -1.373463e+01 -1.634776e+01  1.920000e+01
      vertex -1.561114e+01 -1.616294e+01  1.920000e+01
      vertex -1.526537e+01 -1.634776e+01  1.920000e+01
    endloop
  endfacet
  facet normal  -0.000000e+00  0.000000e+00  1.000000e+00
    outer loop
      vertex -1.373463e+01 -1.634776e+01  1.920000e+01
      vertex -1.526537e+01 -1.634776e+01  1.920000e+01
      vertex -1.410982e+01 -1.646157e+01  1.920000e+01
    endloop
  endfacet
  facet normal  0.000000e+00  0.000000e+00  1.000000e+00
    outer loop
      vertex -1.410982e+01 -1.646157e+01  1.920000e+01
      vertex -1.526537e+01 -1.634776e+01  1.920000e+01
      vertex -1.489018e+01 -1.646157e+01  1.920000e+01
    endloop
  endfacet
  facet normal  -0.000000e+00  0.000000e+00  1.000000e+00
    outer loop
      vertex -1.410982e+01 -1.646157e+01  1.920000e+01
      vertex -1.489018e+01 -1.646157e+01  1.920000e+01
      vertex -1.450000e+01 -1.650000e+01  1.920000e+01
    endloop
  endfacet
  facet normal  0.000000e+00  0.000000e+00  1.000000e+00
    outer loop
      vertex  1.410982e+01 -1.253843e+01  1.920000e+01
      vertex  1.489018e+01 -1.253843e+01  1.920000e+01
      vertex  1.450000e+01 -1.250000e+01  1.920000e+01
    endloop
  endfacet
  facet normal  -0.000000e+00  0.000000e+00  1.000000e+00
    outer loop
      vertex  1.489018e+01 -1.253843e+01  1.920000e+01
      vertex  1.410982e+01 -1.253843e+01  1.920000e+01
      vertex  1.526537e+01 -1.265224e+01  1.920000e+01
    endloop
  endfacet
  facet normal  0.000000e+00  0.000000e+00  1.000000e+00
    outer loop
      vertex  1.526537e+01 -1.265224e+01  1.920000e+01
      vertex  1.410982e+01 -1.253843e+01  1.920000e+01
      vertex  1.373463e+01 -1.265224e+01  1.920000e+01
    endloop
  endfacet
  facet normal  -0.000000e+00  0.000000e+00  1.000000e+00
    outer loop
      vertex  1.526537e+01 -1.265224e+01  1.920000e+01
      vertex  1.373463e+01 -1.265224e+01  1.920000e+01
      vertex  1.561114e+01 -1.283706e+01  1.920000e+01
    endloop
  endfacet
  facet normal  0.000000e+00  0.000000e+00  1.000000e+00
    outer loop
      vertex  1.561114e+01 -1.283706e+01  1.920000e+01
      vertex  1.373463e+01 -1.265224e+01  1.920000e+01
      vertex  1.338886e+01 -1.283706e+01  1.920000e+01
    endloop
  endfacet
  facet normal  -0.000000e+00  0.000000e+00  1.000000e+00
    outer loop
      vertex  1.561114e+01 -1.283706e+01  1.920000e+01
      vertex  1.338886e+01 -1.283706e+01  1.920000e+01
      vertex  1.591421e+01 -1.308579e+01  1.920000e+01
    endloop
  endfacet
  facet normal  0.000000e+00  0.000000e+00  1.000000e+00
    outer loop
      vertex  1.591421e+01 -1.308579e+01  1.920000e+01
      vertex  1.338886e+01 -1.283706e+01  1.920000e+01
      vertex  1.308579e+01 -1.308579e+01  1.920000e+01
    endloop
  endfacet
  facet normal  -0.000000e+00  0.000000e+00  1.000000e+00
    outer loop
      vertex  1.591421e+01 -1.308579e+01  1.920000e+01
      vertex  1.308579e+01 -1.308579e+01  1.920000e+01
      vertex  1.616294e+01 -1.338886e+01  1.920000e+01
    endloop
  endfacet
  facet normal  0.000000e+00  0.000000e+00  1.000000e+00
    outer loop
      vertex  1.616294e+01 -1.338886e+01  1.920000e+01
      vertex  1.308579e+01 -1.308579e+01  1.920000e+01
      vertex  1.283706e+01 -1.338886e+01  1.920000e+01
    endloop
  endfacet
  facet normal  -0.000000e+00  0.000000e+00  1.000000e+00
    outer loop
      vertex  1.616294e+01 -1.338886e+01  1.920000e+01
      vertex  1.283706e+01 -1.338886e+01  1.920000e+01
      vertex  1.634776e+01 -1.373463e+01  1.920000e+01
    endloop
  endfacet
  facet normal  0.000000e+00  0.000000e+00  9.999999e-01
    outer loop
      vertex  1.634776e+01 -1.373463e+01  1.920000e+01
      vertex  1.283706e+01 -1.338886e+01  1.920000e+01
      vertex  1.265224e+01 -1.373463e+01  1.920000e+01
    endloop
  endfacet
  facet normal  -0.000000e+00  0.000000e+00  1.000000e+00
    outer loop
      vertex  1.634776e+01 -1.373463e+01  1.920000e+01
      vertex  1.265224e+01 -1.373463e+01  1.920000e+01
      vertex  1.646157e+01 -1.410982e+01  1.920000e+01
    endloop
  endfacet
  facet normal  0.000000e+00  0.000000e+00  1.000000e+00
    outer loop
      vertex  1.646157e+01 -1.410982e+01  1.920000e+01
      vertex  1.265224e+01 -1.373463e+01  1.920000e+01
      vertex  1.253843e+01 -1.410982e+01  1.920000e+01
    endloop
  endfacet
  facet normal  -0.000000e+00  0.000000e+00  1.000000e+00
    outer loop
      vertex  1.646157e+01 -1.410982e+01  1.920000e+01
      vertex  1.253843e+01 -1.410982e+01  1.920000e+01
      vertex  1.650000e+01 -1.450000e+01  1.920000e+01
    endloop
  endfacet
  facet normal  0.000000e+00  0.000000e+00  1.000000e+00
    outer loop
      vertex  1.650000e+01 -1.450000e+01  1.920000e+01
      vertex  1.253843e+01 -1.410982e+01  1.920000e+01
      vertex  1.250000e+01 -1.450000e+01  1.920000e+01
    endloop
  endfacet
  facet normal  -0.000000e+00  0.000000e+00  1.000000e+00
    outer loop
      vertex  1.650000e+01 -1.450000e+01  1.920000e+01
      vertex  1.250000e+01 -1.450000e+01  1.920000e+01
      vertex  1.646157e+01 -1.489018e+01  1.920000e+01
    endloop
  endfacet
  facet normal  0.000000e+00  0.000000e+00  1.000000e+00
    outer loop
      vertex  1.646157e+01 -1.489018e+01  1.920000e+01
      vertex  1.250000e+01 -1.450000e+01  1.920000e+01
      vertex  1.253843e+01 -1.489018e+01  1.920000e+01
    endloop
  endfacet
  facet normal  -0.000000e+00  0.000000e+00  1.000000e+00
    outer loop
      vertex  1.646157e+01 -1.489018e+01  1.920000e+01
      vertex  1.253843e+01 -1.489018e+01  1.920000e+01
      vertex  1.634776e+01 -1.526537e+01  1.920000e+01
    endloop
  endfacet
  facet normal  0.000000e+00  0.000000e+00  1.000000e+00
    outer loop
      vertex  1.634776e+01 -1.526537e+01  1.920000e+01
      vertex  1.253843e+01 -1.489018e+01  1.920000e+01
      vertex  1.265224e+01 -1.526537e+01  1.920000e+01
    endloop
  endfacet
  facet normal  -0.000000e+00  0.000000e+00  9.999999e-01
    outer loop
      vertex  1.634776e+01 -1.526537e+01  1.920000e+01
      vertex  1.265224e+01 -1.526537e+01  1.920000e+01
      vertex  1.616294e+01 -1.561114e+01  1.920000e+01
    endloop
  endfacet
  facet normal  0.000000e+00  0.000000e+00  1.000000e+00
    outer loop
      vertex  1.616294e+01 -1.561114e+01  1.920000e+01
      vertex  1.265224e+01 -1.526537e+01  1.920000e+01
      vertex  1.283706e+01 -1.561114e+01  1.920000e+01
    endloop
  endfacet
  facet normal  -0.000000e+00  0.000000e+00  1.000000e+00
    outer loop
      vertex  1.616294e+01 -1.561114e+01  1.920000e+01
      vertex  1.283706e+01 -1.561114e+01  1.920000e+01
      vertex  1.591421e+01 -1.591421e+01  1.920000e+01
    endloop
  endfacet
  facet normal  0.000000e+00  0.000000e+00  1.000000e+00
    outer loop
      vertex  1.591421e+01 -1.591421e+01  1.920000e+01
      vertex  1.283706e+01 -1.561114e+01  1.920000e+01
      vertex  1.308579e+01 -1.591421e+01  1.920000e+01
    endloop
  endfacet
  facet normal  -0.000000e+00  0.000000e+00  1.000000e+00
    outer loop
      vertex  1.591421e+01 -1.591421e+01  1.920000e+01
      vertex  1.308579e+01 -1.591421e+01  1.920000e+01
      vertex  1.561114e+01 -1.616294e+01  1.920000e+01
    endloop
  endfacet
  facet normal  0.000000e+00  0.000000e+00  1.000000e+00
    outer loop
      vertex  1.561114e+01 -1.616294e+01  1.920000e+01
      vertex  1.308579e+01 -1.591421e+01  1.920000e+01
      vertex  1.338886e+01 -1.616294e+01  1.920000e+01
    endloop
  endfacet
  facet normal  -0.000000e+00  0.000000e+00  1.000000e+00
    outer loop
      vertex  1.561114e+01 -1.616294e+01  1.920000e+01
      vertex  1.338886e+01 -1.616294e+01  1.920000e+01
      vertex  1.526537e+01 -1.634776e+01  1.920000e+01
    endloop
  endfacet
  facet normal  0.000000e+00  0.000000e+00  1.000000e+00
    outer loop
      vertex  1.526537e+01 -1.634776e+01  1.920000e+01
      vertex  1.338886e+01 -1.616294e+01  1.920000e+01
      vertex  1.373463e+01 -1.634776e+01  1.920000e+01
    endloop
  endfacet
  facet normal  -0.000000e+00  0.000000e+00  1.000000e+00
    outer loop
      vertex  1.526537e+01 -1.634776e+01  1.920000e+01
      vertex  1.373463e+01 -1.634776e+01  1.920000e+01
      vertex  1.489018e+01 -1.646157e+01  1.920000e+01
    endloop
  endfacet
  facet normal  0.000000e+00  0.000000e+00  1.000000e+00
    outer loop
      vertex  1.489018e+01 -1.646157e+01  1.920000e+01
      vertex  1.373463e+01 -1.634776e+01  1.920000e+01
      vertex  1.410982e+01 -1.646157e+01  1.920000e+01
    endloop
  endfacet
  facet normal  -0.000000e+00  0.000000e+00  1.000000e+00
    outer loop
      vertex  1.489018e+01 -1.646157e+01  1.920000e+01
      vertex  1.410982e+01 -1.646157e+01  1.920000e+01
      vertex  1.450000e+01 -1.650000e+01  1.920000e+01
    endloop
  endfacet
  facet normal  0.000000e+00  0.000000e+00  1.000000e+00
    outer loop
      vertex  1.410982e+01  1.646157e+01  1.920000e+01
      vertex  1.489018e+01  1.646157e+01  1.920000e+01
      vertex  1.450000e+01  1.650000e+01  1.920000e+01
    endloop
  endfacet
  facet normal  -0.000000e+00  0.000000e+00  1.000000e+00
    outer loop
      vertex  1.489018e+01  1.646157e+01  1.920000e+01
      vertex  1.410982e+01  1.646157e+01  1.920000e+01
      vertex  1.526537e+01  1.634776e+01  1.920000e+01
    endloop
  endfacet
  facet normal  0.000000e+00  0.000000e+00  1.000000e+00
    outer loop
      vertex  1.526537e+01  1.634776e+01  1.920000e+01
      vertex  1.410982e+01  1.646157e+01  1.920000e+01
      vertex  1.373463e+01  1.634776e+01  1.920000e+01
    endloop
  endfacet
  facet normal  -0.000000e+00  0.000000e+00  1.000000e+00
    outer loop
      vertex  1.526537e+01  1.634776e+01  1.920000e+01
      vertex  1.373463e+01  1.634776e+01  1.920000e+01
      vertex  1.561114e+01  1.616294e+01  1.920000e+01
    endloop
  endfacet
  facet normal  0.000000e+00  0.000000e+00  1.000000e+00
    outer loop
      vertex  1.561114e+01  1.616294e+01  1.920000e+01
      vertex  1.373463e+01  1.634776e+01  1.920000e+01
      vertex  1.338886e+01  1.616294e+01  1.920000e+01
    endloop
  endfacet
  facet normal  -0.000000e+00  0.000000e+00  1.000000e+00
    outer loop
      vertex  1.561114e+01  1.616294e+01  1.920000e+01
      vertex  1.338886e+01  1.616294e+01  1.920000e+01
      vertex  1.591421e+01  1.591421e+01  1.920000e+01
    endloop
  endfacet
  facet normal  0.000000e+00  0.000000e+00  1.000000e+00
    outer loop
      vertex  1.591421e+01  1.591421e+01  1.920000e+01
      vertex  1.338886e+01  1.616294e+01  1.920000e+01
      vertex  1.308579e+01  1.591421e+01  1.920000e+01
    endloop
  endfacet
  facet normal  -0.000000e+00  0.000000e+00  1.000000e+00
    outer loop
      vertex  1.591421e+01  1.591421e+01  1.920000e+01
      vertex  1.308579e+01  1.591421e+01  1.920000e+01
      vertex  1.616294e+01  1.561114e+01  1.920000e+01
    endloop
  endfacet
  facet normal  0.000000e+00  0.000000e+00  1.000000e+00
    outer loop
      vertex  1.616294e+01  1.561114e+01  1.920000e+01
      vertex  1.308579e+01  1.591421e+01  1.920000e+01
      vertex  1.283706e+01  1.561114e+01  1.920000e+01
    endloop
  endfacet
  facet normal  -0.000000e+00  0.000000e+00  1.000000e+00
    outer loop
      vertex  1.616294e+01  1.561114e+01  1.920000e+01
      vertex  1.283706e+01  1.561114e+01  1.920000e+01
      vertex  1.634776e+01  1.526537e+01  1.920000e+01
    endloop
  endfacet
  facet normal  0.000000e+00  0.000000e+00  9.999999e-01
    outer loop
      vertex  1.634776e+01  1.526537e+01  1.920000e+01
      vertex  1.283706e+01  1.561114e+01  1.920000e+01
      vertex  1.265224e+01  1.526537e+01  1.920000e+01
    endloop
  endfacet
  facet normal  -0.000000e+00  0.000000e+00  1.000000e+00
    outer loop
      vertex  1.634776e+01  1.526537e+01  1.920000e+01
      vertex  1.265224e+01  1.526537e+01  1.920000e+01
      vertex  1.646157e+01  1.489018e+01  1.920000e+01
    endloop
  endfacet
  facet normal  0.000000e+00  0.000000e+00  1.000000e+00
    outer loop
      vertex  1.646157e+01  1.489018e+01  1.920000e+01
      vertex  1.265224e+01  1.526537e+01  1.920000e+01
      vertex  1.253843e+01  1.489018e+01  1.920000e+01
    endloop
  endfacet
  facet normal  -0.000000e+00  0.000000e+00  1.000000e+00
    outer loop
      vertex  1.646157e+01  1.489018e+01  1.920000e+01
      vertex  1.253843e+01  1.489018e+01  1.920000e+01
      vertex  1.650000e+01  1.450000e+01  1.920000e+01
    endloop
  endfacet
  facet normal  0.000000e+00  0.000000e+00  1.000000e+00
    outer loop
      vertex  1.650000e+01  1.450000e+01  1.920000e+01
      vertex  1.253843e+01  1.489018e+01  1.920000e+01
      vertex  1.250000e+01  1.450000e+01  1.920000e+01
    endloop
  endfacet
  facet normal  -0.000000e+00  0.000000e+00  1.000000e+00
    outer loop
      vertex  1.650000e+01  1.450000e+01  1.920000e+01
      vertex  1.250000e+01  1.450000e+01  1.920000e+01
      vertex  1.646157e+01  1.410982e+01  1.920000e+01
    endloop
  endfacet
  facet normal  0.000000e+00  0.000000e+00  1.000000e+00
    outer loop
      vertex  1.646157e+01  1.410982e+01  1.920000e+01
      vertex  1.250000e+01  1.450000e+01  1.920000e+01
      vertex  1.253843e+01  1.410982e+01  1.920000e+01
    endloop
  endfacet
  facet normal  -0.000000e+00  0.000000e+00  1.000000e+00
    outer loop
      vertex  1.646157e+01  1.410982e+01  1.920000e+01
      vertex  1.253843e+01  1.410982e+01  1.920000e+01
      vertex  1.634776e+01  1.373463e+01  1.920000e+01
    endloop
  endfacet
  facet normal  0.000000e+00  0.000000e+00  1.000000e+00
    outer loop
      vertex  1.634776e+01  1.373463e+01  1.920000e+01
      vertex  1.253843e+01  1.410982e+01  1.920000e+01
      vertex  1.265224e+01  1.373463e+01  1.920000e+01
    endloop
  endfacet
  facet normal  -0.000000e+00  0.000000e+00  9.999999e-01
    outer loop
      vertex  1.634776e+01  1.373463e+01  1.920000e+01
      vertex  1.265224e+01  1.373463e+01  1.920000e+01
      vertex  1.616294e+01  1.338886e+01  1.920000e+01
    endloop
  endfacet
  facet normal  0.000000e+00  0.000000e+00  1.000000e+00
    outer loop
      vertex  1.616294e+01  1.338886e+01  1.920000e+01
      vertex  1.265224e+01  1.373463e+01  1.920000e+01
      vertex  1.283706e+01  1.338886e+01  1.920000e+01
    endloop
  endfacet
  facet normal  -0.000000e+00  0.000000e+00  1.000000e+00
    outer loop
      vertex  1.616294e+01  1.338886e+01  1.920000e+01
      vertex  1.283706e+01  1.338886e+01  1.920000e+01
      vertex  1.591421e+01  1.308579e+01  1.920000e+01
    endloop
  endfacet
  facet normal  0.000000e+00  0.000000e+00  1.000000e+00
    outer loop
      vertex  1.591421e+01  1.308579e+01  1.920000e+01
      vertex  1.283706e+01  1.338886e+01  1.920000e+01
      vertex  1.308579e+01  1.308579e+01  1.920000e+01
    endloop
  endfacet
  facet normal  -0.000000e+00  0.000000e+00  1.000000e+00
    outer loop
      vertex  1.591421e+01  1.308579e+01  1.920000e+01
      vertex  1.308579e+01  1.308579e+01  1.920000e+01
      vertex  1.561114e+01  1.283706e+01  1.920000e+01
    endloop
  endfacet
  facet normal  0.000000e+00  0.000000e+00  1.000000e+00
    outer loop
      vertex  1.561114e+01  1.283706e+01  1.920000e+01
      vertex  1.308579e+01  1.308579e+01  1.920000e+01
      vertex  1.338886e+01  1.283706e+01  1.920000e+01
    endloop
  endfacet
  facet normal  -0.000000e+00  0.000000e+00  1.000000e+00
    outer loop
      vertex  1.561114e+01  1.283706e+01  1.920000e+01
      vertex  1.338886e+01  1.283706e+01  1.920000e+01
      vertex  1.526537e+01  1.265224e+01  1.920000e+01
    endloop
  endfacet
  facet normal  0.000000e+00  0.000000e+00  1.000000e+00
    outer loop
      vertex  1.526537e+01  1.265224e+01  1.920000e+01
      vertex  1.338886e+01  1.283706e+01  1.920000e+01
      vertex  1.373463e+01  1.265224e+01  1.920000e+01
    endloop
  endfacet
  facet normal  -0.000000e+00  0.000000e+00  1.000000e+00
    outer loop
      vertex  1.526537e+01  1.265224e+01  1.920000e+01
      vertex  1.373463e+01  1.265224e+01  1.920000e+01
      vertex  1.489018e+01  1.253843e+01  1.920000e+01
    endloop
  endfacet
  facet normal  0.000000e+00  0.000000e+00  1.000000e+00
    outer loop
      vertex  1.489018e+01  1.253843e+01  1.920000e+01
      vertex  1.373463e+01  1.265224e+01  1.920000e+01
      vertex  1.410982e+01  1.253843e+01  1.920000e+01
    endloop
  endfacet
  facet normal  -0.000000e+00  0.000000e+00  1.000000e+00
    outer loop
      vertex  1.489018e+01  1.253843e+01  1.920000e+01
      vertex  1.410982e+01  1.253843e+01  1.920000e+01
      vertex  1.450000e+01  1.250000e+01  1.920000e+01
    endloop
  endfacet
endsolid CATIA STL
