solid CATIA STL
  facet normal  0.000000e+00  0.000000e+00  1.000000e+00
    outer loop
      vertex -4.700000e+00 -4.844842e+00  3.900000e+00
      vertex -4.700000e+00  4.844842e+00  3.900000e+00
      vertex -5.160508e+00  4.351053e+00  3.900000e+00
    endloop
  endfacet
  facet normal  0.000000e+00  0.000000e+00  1.000000e+00
    outer loop
      vertex -4.700000e+00 -4.844842e+00  3.900000e+00
      vertex -5.160508e+00  4.351053e+00  3.900000e+00
      vertex -5.569380e+00  3.813726e+00  3.900000e+00
    endloop
  endfacet
  facet normal  0.000000e+00  0.000000e+00  9.999999e-01
    outer loop
      vertex -4.700000e+00 -4.844842e+00  3.900000e+00
      vertex -5.569380e+00  3.813726e+00  3.900000e+00
      vertex -5.922525e+00  3.238240e+00  3.900000e+00
    endloop
  endfacet
  facet normal  0.000000e+00  0.000000e+00  1.000000e+00
    outer loop
      vertex -4.700000e+00 -4.844842e+00  3.900000e+00
      vertex -5.922525e+00  3.238240e+00  3.900000e+00
      vertex -6.216410e+00  2.630352e+00  3.900000e+00
    endloop
  endfacet
  facet normal  0.000000e+00  0.000000e+00  1.000000e+00
    outer loop
      vertex -4.700000e+00 -4.844842e+00  3.900000e+00
      vertex -6.216410e+00  2.630352e+00  3.900000e+00
      vertex -6.448093e+00  1.996144e+00  3.900000e+00
    endloop
  endfacet
  facet normal  0.000000e+00  0.000000e+00  9.999999e-01
    outer loop
      vertex -4.700000e+00 -4.844842e+00  3.900000e+00
      vertex -6.448093e+00  1.996144e+00  3.900000e+00
      vertex -6.615258e+00  1.341964e+00  3.900000e+00
    endloop
  endfacet
  facet normal  0.000000e+00  0.000000e+00  1.000000e+00
    outer loop
      vertex -4.700000e+00 -4.844842e+00  3.900000e+00
      vertex -6.615258e+00  1.341964e+00  3.900000e+00
      vertex -6.716230e+00  6.743557e-01  3.900000e+00
    endloop
  endfacet
  facet normal  0.000000e+00  0.000000e+00  1.000000e+00
    outer loop
      vertex -4.700000e+00 -4.844842e+00  3.900000e+00
      vertex -6.716230e+00  6.743557e-01  3.900000e+00
      vertex -6.750000e+00  8.266366e-16  3.900000e+00
    endloop
  endfacet
  facet normal  0.000000e+00  0.000000e+00  1.000000e+00
    outer loop
      vertex -4.700000e+00 -4.844842e+00  3.900000e+00
      vertex -6.750000e+00  8.266366e-16  3.900000e+00
      vertex -6.716230e+00 -6.743557e-01  3.900000e+00
    endloop
  endfacet
  facet normal  0.000000e+00  0.000000e+00  1.000000e+00
    outer loop
      vertex -4.700000e+00 -4.844842e+00  3.900000e+00
      vertex -6.716230e+00 -6.743557e-01  3.900000e+00
      vertex -6.615258e+00 -1.341964e+00  3.900000e+00
    endloop
  endfacet
  facet normal  0.000000e+00  0.000000e+00  1.000000e+00
    outer loop
      vertex -4.700000e+00 -4.844842e+00  3.900000e+00
      vertex -6.615258e+00 -1.341964e+00  3.900000e+00
      vertex -6.448093e+00 -1.996144e+00  3.900000e+00
    endloop
  endfacet
  facet normal  0.000000e+00  0.000000e+00  1.000000e+00
    outer loop
      vertex -4.700000e+00 -4.844842e+00  3.900000e+00
      vertex -6.448093e+00 -1.996144e+00  3.900000e+00
      vertex -6.216410e+00 -2.630352e+00  3.900000e+00
    endloop
  endfacet
  facet normal  0.000000e+00  0.000000e+00  1.000000e+00
    outer loop
      vertex -4.700000e+00 -4.844842e+00  3.900000e+00
      vertex -6.216410e+00 -2.630352e+00  3.900000e+00
      vertex -5.922525e+00 -3.238240e+00  3.900000e+00
    endloop
  endfacet
  facet normal  0.000000e+00  0.000000e+00  1.000000e+00
    outer loop
      vertex -4.700000e+00 -4.844842e+00  3.900000e+00
      vertex -5.922525e+00 -3.238240e+00  3.900000e+00
      vertex -5.569380e+00 -3.813726e+00  3.900000e+00
    endloop
  endfacet
  facet normal  0.000000e+00  0.000000e+00  9.999999e-01
    outer loop
      vertex -4.700000e+00 -4.844842e+00  3.900000e+00
      vertex -5.569380e+00 -3.813726e+00  3.900000e+00
      vertex -5.160508e+00 -4.351053e+00  3.900000e+00
    endloop
  endfacet
  facet normal  0.000000e+00  -0.000000e+00  1.000000e+00
    outer loop
      vertex -4.534589e+00 -5.000000e+00  3.900000e+00
      vertex -3.984315e+00 -5.448645e+00  3.900000e+00
      vertex -8.881784e-16 -5.000000e+00  3.900000e+00
    endloop
  endfacet
  facet normal  -0.000000e+00  0.000000e+00  1.000000e+00
    outer loop
      vertex  4.534589e+00 -5.000000e+00  3.900000e+00
      vertex -8.881784e-16 -5.000000e+00  3.900000e+00
      vertex  3.984315e+00 -5.448645e+00  3.900000e+00
    endloop
  endfacet
  facet normal  0.000000e+00  0.000000e+00  1.000000e+00
    outer loop
      vertex  3.984315e+00 -5.448645e+00  3.900000e+00
      vertex -8.881784e-16 -5.000000e+00  3.900000e+00
      vertex -3.984315e+00 -5.448645e+00  3.900000e+00
    endloop
  endfacet
  facet normal  -0.000000e+00  0.000000e+00  1.000000e+00
    outer loop
      vertex  3.984315e+00 -5.448645e+00  3.900000e+00
      vertex -3.984315e+00 -5.448645e+00  3.900000e+00
      vertex  3.389961e+00 -5.837008e+00  3.900000e+00
    endloop
  endfacet
  facet normal  0.000000e+00  0.000000e+00  1.000000e+00
    outer loop
      vertex  3.389961e+00 -5.837008e+00  3.900000e+00
      vertex -3.984315e+00 -5.448645e+00  3.900000e+00
      vertex -3.389961e+00 -5.837008e+00  3.900000e+00
    endloop
  endfacet
  facet normal  -0.000000e+00  0.000000e+00  1.000000e+00
    outer loop
      vertex  3.389961e+00 -5.837008e+00  3.900000e+00
      vertex -3.389961e+00 -5.837008e+00  3.900000e+00
      vertex  2.758101e+00 -6.160793e+00  3.900000e+00
    endloop
  endfacet
  facet normal  0.000000e+00  0.000000e+00  1.000000e+00
    outer loop
      vertex  2.758101e+00 -6.160793e+00  3.900000e+00
      vertex -3.389961e+00 -5.837008e+00  3.900000e+00
      vertex -2.758101e+00 -6.160793e+00  3.900000e+00
    endloop
  endfacet
  facet normal  -0.000000e+00  0.000000e+00  1.000000e+00
    outer loop
      vertex  2.758101e+00 -6.160793e+00  3.900000e+00
      vertex -2.758101e+00 -6.160793e+00  3.900000e+00
      vertex  2.095727e+00 -6.416419e+00  3.900000e+00
    endloop
  endfacet
  facet normal  0.000000e+00  0.000000e+00  1.000000e+00
    outer loop
      vertex  2.095727e+00 -6.416419e+00  3.900000e+00
      vertex -2.758101e+00 -6.160793e+00  3.900000e+00
      vertex -2.095727e+00 -6.416419e+00  3.900000e+00
    endloop
  endfacet
  facet normal  -0.000000e+00  0.000000e+00  1.000000e+00
    outer loop
      vertex  2.095727e+00 -6.416419e+00  3.900000e+00
      vertex -2.095727e+00 -6.416419e+00  3.900000e+00
      vertex  1.410167e+00 -6.601055e+00  3.900000e+00
    endloop
  endfacet
  facet normal  0.000000e+00  0.000000e+00  1.000000e+00
    outer loop
      vertex  1.410167e+00 -6.601055e+00  3.900000e+00
      vertex -2.095727e+00 -6.416419e+00  3.900000e+00
      vertex -1.410167e+00 -6.601055e+00  3.900000e+00
    endloop
  endfacet
  facet normal  -0.000000e+00  0.000000e+00  1.000000e+00
    outer loop
      vertex  1.410167e+00 -6.601055e+00  3.900000e+00
      vertex -1.410167e+00 -6.601055e+00  3.900000e+00
      vertex  7.090058e-01 -6.712660e+00  3.900000e+00
    endloop
  endfacet
  facet normal  0.000000e+00  0.000000e+00  1.000000e+00
    outer loop
      vertex  7.090058e-01 -6.712660e+00  3.900000e+00
      vertex -1.410167e+00 -6.601055e+00  3.900000e+00
      vertex -7.090058e-01 -6.712660e+00  3.900000e+00
    endloop
  endfacet
  facet normal  -0.000000e+00  0.000000e+00  1.000000e+00
    outer loop
      vertex  7.090058e-01 -6.712660e+00  3.900000e+00
      vertex -7.090058e-01 -6.712660e+00  3.900000e+00
      vertex  4.755249e-15 -6.750000e+00  3.900000e+00
    endloop
  endfacet
  facet normal  0.000000e+00  -0.000000e+00  1.000000e+00
    outer loop
      vertex  4.700000e+00 -4.844842e+00  3.900000e+00
      vertex  5.160508e+00 -4.351053e+00  3.900000e+00
      vertex  5.569380e+00 -3.813726e+00  3.900000e+00
    endloop
  endfacet
  facet normal  0.000000e+00  -0.000000e+00  1.000000e+00
    outer loop
      vertex  4.700000e+00 -4.844842e+00  3.900000e+00
      vertex  5.569380e+00 -3.813726e+00  3.900000e+00
      vertex  5.922525e+00 -3.238240e+00  3.900000e+00
    endloop
  endfacet
  facet normal  0.000000e+00  -0.000000e+00  1.000000e+00
    outer loop
      vertex  4.700000e+00 -4.844842e+00  3.900000e+00
      vertex  5.922525e+00 -3.238240e+00  3.900000e+00
      vertex  6.216410e+00 -2.630352e+00  3.900000e+00
    endloop
  endfacet
  facet normal  0.000000e+00  -0.000000e+00  1.000000e+00
    outer loop
      vertex  4.700000e+00 -4.844842e+00  3.900000e+00
      vertex  6.216410e+00 -2.630352e+00  3.900000e+00
      vertex  6.448093e+00 -1.996144e+00  3.900000e+00
    endloop
  endfacet
  facet normal  0.000000e+00  -0.000000e+00  1.000000e+00
    outer loop
      vertex  4.700000e+00 -4.844842e+00  3.900000e+00
      vertex  6.448093e+00 -1.996144e+00  3.900000e+00
      vertex  6.615258e+00 -1.341964e+00  3.900000e+00
    endloop
  endfacet
  facet normal  0.000000e+00  -0.000000e+00  1.000000e+00
    outer loop
      vertex  4.700000e+00 -4.844842e+00  3.900000e+00
      vertex  6.615258e+00 -1.341964e+00  3.900000e+00
      vertex  6.716230e+00 -6.743557e-01  3.900000e+00
    endloop
  endfacet
  facet normal  0.000000e+00  -0.000000e+00  1.000000e+00
    outer loop
      vertex  4.700000e+00 -4.844842e+00  3.900000e+00
      vertex  6.716230e+00 -6.743557e-01  3.900000e+00
      vertex  6.750000e+00  0.000000e+00  3.900000e+00
    endloop
  endfacet
  facet normal  0.000000e+00  0.000000e+00  9.999999e-01
    outer loop
      vertex  4.700000e+00 -4.844842e+00  3.900000e+00
      vertex  6.750000e+00  0.000000e+00  3.900000e+00
      vertex  6.716230e+00  6.743557e-01  3.900000e+00
    endloop
  endfacet
  facet normal  0.000000e+00  0.000000e+00  9.999999e-01
    outer loop
      vertex  4.700000e+00 -4.844842e+00  3.900000e+00
      vertex  6.716230e+00  6.743557e-01  3.900000e+00
      vertex  6.615258e+00  1.341964e+00  3.900000e+00
    endloop
  endfacet
  facet normal  0.000000e+00  0.000000e+00  9.999999e-01
    outer loop
      vertex  4.700000e+00 -4.844842e+00  3.900000e+00
      vertex  6.615258e+00  1.341964e+00  3.900000e+00
      vertex  6.448093e+00  1.996144e+00  3.900000e+00
    endloop
  endfacet
  facet normal  0.000000e+00  0.000000e+00  1.000000e+00
    outer loop
      vertex  4.700000e+00 -4.844842e+00  3.900000e+00
      vertex  6.448093e+00  1.996144e+00  3.900000e+00
      vertex  6.216410e+00  2.630352e+00  3.900000e+00
    endloop
  endfacet
  facet normal  0.000000e+00  0.000000e+00  9.999999e-01
    outer loop
      vertex  4.700000e+00 -4.844842e+00  3.900000e+00
      vertex  6.216410e+00  2.630352e+00  3.900000e+00
      vertex  5.922525e+00  3.238240e+00  3.900000e+00
    endloop
  endfacet
  facet normal  0.000000e+00  0.000000e+00  9.999999e-01
    outer loop
      vertex  4.700000e+00 -4.844842e+00  3.900000e+00
      vertex  5.922525e+00  3.238240e+00  3.900000e+00
      vertex  5.569380e+00  3.813726e+00  3.900000e+00
    endloop
  endfacet
  facet normal  0.000000e+00  0.000000e+00  1.000000e+00
    outer loop
      vertex  4.700000e+00 -4.844842e+00  3.900000e+00
      vertex  5.569380e+00  3.813726e+00  3.900000e+00
      vertex  5.160508e+00  4.351053e+00  3.900000e+00
    endloop
  endfacet
  facet normal  0.000000e+00  0.000000e+00  1.000000e+00
    outer loop
      vertex  4.700000e+00 -4.844842e+00  3.900000e+00
      vertex  5.160508e+00  4.351053e+00  3.900000e+00
      vertex  4.700000e+00  4.844842e+00  3.900000e+00
    endloop
  endfacet
  facet normal  0.000000e+00  0.000000e+00  1.000000e+00
    outer loop
      vertex  4.534589e+00  5.000000e+00  3.900000e+00
      vertex  3.984315e+00  5.448645e+00  3.900000e+00
      vertex -8.881784e-16  5.000000e+00  3.900000e+00
    endloop
  endfacet
  facet normal  0.000000e+00  0.000000e+00  1.000000e+00
    outer loop
      vertex -4.534589e+00  5.000000e+00  3.900000e+00
      vertex -8.881784e-16  5.000000e+00  3.900000e+00
      vertex -3.984315e+00  5.448645e+00  3.900000e+00
    endloop
  endfacet
  facet normal  -0.000000e+00  0.000000e+00  1.000000e+00
    outer loop
      vertex -3.984315e+00  5.448645e+00  3.900000e+00
      vertex -8.881784e-16  5.000000e+00  3.900000e+00
      vertex  3.984315e+00  5.448645e+00  3.900000e+00
    endloop
  endfacet
  facet normal  0.000000e+00  0.000000e+00  1.000000e+00
    outer loop
      vertex -3.984315e+00  5.448645e+00  3.900000e+00
      vertex  3.984315e+00  5.448645e+00  3.900000e+00
      vertex -3.389961e+00  5.837008e+00  3.900000e+00
    endloop
  endfacet
  facet normal  -0.000000e+00  0.000000e+00  1.000000e+00
    outer loop
      vertex -3.389961e+00  5.837008e+00  3.900000e+00
      vertex  3.984315e+00  5.448645e+00  3.900000e+00
      vertex  3.389961e+00  5.837008e+00  3.900000e+00
    endloop
  endfacet
  facet normal  0.000000e+00  0.000000e+00  1.000000e+00
    outer loop
      vertex -3.389961e+00  5.837008e+00  3.900000e+00
      vertex  3.389961e+00  5.837008e+00  3.900000e+00
      vertex -2.758101e+00  6.160793e+00  3.900000e+00
    endloop
  endfacet
  facet normal  -0.000000e+00  0.000000e+00  1.000000e+00
    outer loop
      vertex -2.758101e+00  6.160793e+00  3.900000e+00
      vertex  3.389961e+00  5.837008e+00  3.900000e+00
      vertex  2.758101e+00  6.160793e+00  3.900000e+00
    endloop
  endfacet
  facet normal  0.000000e+00  0.000000e+00  1.000000e+00
    outer loop
      vertex -2.758101e+00  6.160793e+00  3.900000e+00
      vertex  2.758101e+00  6.160793e+00  3.900000e+00
      vertex -2.095727e+00  6.416419e+00  3.900000e+00
    endloop
  endfacet
  facet normal  -0.000000e+00  0.000000e+00  1.000000e+00
    outer loop
      vertex -2.095727e+00  6.416419e+00  3.900000e+00
      vertex  2.758101e+00  6.160793e+00  3.900000e+00
      vertex  2.095727e+00  6.416419e+00  3.900000e+00
    endloop
  endfacet
  facet normal  0.000000e+00  0.000000e+00  1.000000e+00
    outer loop
      vertex -2.095727e+00  6.416419e+00  3.900000e+00
      vertex  2.095727e+00  6.416419e+00  3.900000e+00
      vertex -1.410167e+00  6.601055e+00  3.900000e+00
    endloop
  endfacet
  facet normal  -0.000000e+00  0.000000e+00  1.000000e+00
    outer loop
      vertex -1.410167e+00  6.601055e+00  3.900000e+00
      vertex  2.095727e+00  6.416419e+00  3.900000e+00
      vertex  1.410167e+00  6.601055e+00  3.900000e+00
    endloop
  endfacet
  facet normal  0.000000e+00  0.000000e+00  1.000000e+00
    outer loop
      vertex -1.410167e+00  6.601055e+00  3.900000e+00
      vertex  1.410167e+00  6.601055e+00  3.900000e+00
      vertex -7.090058e-01  6.712660e+00  3.900000e+00
    endloop
  endfacet
  facet normal  -0.000000e+00  0.000000e+00  1.000000e+00
    outer loop
      vertex -7.090058e-01  6.712660e+00  3.900000e+00
      vertex  1.410167e+00  6.601055e+00  3.900000e+00
      vertex  7.090058e-01  6.712660e+00  3.900000e+00
    endloop
  endfacet
  facet normal  0.000000e+00  0.000000e+00  1.000000e+00
    outer loop
      vertex -7.090058e-01  6.712660e+00  3.900000e+00
      vertex  7.090058e-01  6.712660e+00  3.900000e+00
      vertex  4.133183e-16  6.750000e+00  3.900000e+00
    endloop
  endfacet
  facet normal  0.000000e+00  0.000000e+00 -1.000000e+00
    outer loop
      vertex -1.580815e+01  1.580815e+01  0.000000e+00
      vertex -1.996354e+01  1.560268e+01  0.000000e+00
      vertex -1.552781e+01  1.603822e+01  0.000000e+00
    endloop
  endfacet
  facet normal  0.000000e+00  0.000000e+00 -1.000000e+00
    outer loop
      vertex -1.603822e+01  1.552781e+01  0.000000e+00
      vertex -1.996354e+01  1.560268e+01  0.000000e+00
      vertex -1.580815e+01  1.580815e+01  0.000000e+00
    endloop
  endfacet
  facet normal  -0.000000e+00  0.000000e+00 -1.000000e+00
    outer loop
      vertex -1.450000e+01  1.265000e+01  0.000000e+00
      vertex -1.486092e+01 -1.268555e+01  0.000000e+00
      vertex -1.520796e+01 -1.279082e+01  0.000000e+00
    endloop
  endfacet
  facet normal  -0.000000e+00  0.000000e+00 -1.000000e+00
    outer loop
      vertex -1.450000e+01  1.265000e+01  0.000000e+00
      vertex -1.450000e+01 -1.265000e+01  0.000000e+00
      vertex -1.486092e+01 -1.268555e+01  0.000000e+00
    endloop
  endfacet
  facet normal  0.000000e+00  0.000000e+00 -1.000000e+00
    outer loop
      vertex -1.552781e+01 -1.603822e+01  0.000000e+00
      vertex -1.985471e+01 -1.619658e+01  0.000000e+00
      vertex -1.580815e+01 -1.580815e+01  0.000000e+00
    endloop
  endfacet
  facet normal  0.000000e+00  0.000000e+00 -9.999999e-01
    outer loop
      vertex -1.520796e+01 -1.620918e+01  0.000000e+00
      vertex -1.985471e+01 -1.619658e+01  0.000000e+00
      vertex -1.552781e+01 -1.603822e+01  0.000000e+00
    endloop
  endfacet
  facet normal  0.000000e+00  0.000000e+00 -1.000000e+00
    outer loop
      vertex  1.580815e+01  1.580815e+01  0.000000e+00
      vertex  1.552781e+01  1.603822e+01  0.000000e+00
      vertex  1.996354e+01  1.560268e+01  0.000000e+00
    endloop
  endfacet
  facet normal  0.000000e+00  0.000000e+00 -1.000000e+00
    outer loop
      vertex  1.996354e+01  1.560268e+01  0.000000e+00
      vertex  1.603822e+01  1.552781e+01  0.000000e+00
      vertex  1.580815e+01  1.580815e+01  0.000000e+00
    endloop
  endfacet
  facet normal  0.000000e+00  0.000000e+00 -1.000000e+00
    outer loop
      vertex  1.486092e+01 -1.268555e+01  0.000000e+00
      vertex  1.450000e+01  1.265000e+01  0.000000e+00
      vertex  1.520796e+01 -1.279082e+01  0.000000e+00
    endloop
  endfacet
  facet normal  0.000000e+00  0.000000e+00 -1.000000e+00
    outer loop
      vertex  1.450000e+01 -1.265000e+01  0.000000e+00
      vertex  1.450000e+01  1.265000e+01  0.000000e+00
      vertex  1.486092e+01 -1.268555e+01  0.000000e+00
    endloop
  endfacet
  facet normal  0.000000e+00  -0.000000e+00 -1.000000e+00
    outer loop
      vertex  1.552781e+01 -1.603822e+01  0.000000e+00
      vertex  1.580815e+01 -1.580815e+01  0.000000e+00
      vertex  1.985471e+01 -1.619658e+01  0.000000e+00
    endloop
  endfacet
  facet normal  9.063045e-17  0.000000e+00 -1.000000e+00
    outer loop
      vertex -4.700000e+00  5.000000e+00  8.881784e-16
      vertex -4.700000e+00 -5.000000e+00  8.881784e-16
      vertex -1.450000e+01 -1.265000e+01  0.000000e+00
    endloop
  endfacet
  facet normal  9.063045e-17  0.000000e+00 -1.000000e+00
    outer loop
      vertex -4.700000e+00  5.000000e+00  8.881784e-16
      vertex -1.450000e+01 -1.265000e+01  0.000000e+00
      vertex -1.450000e+01  1.265000e+01  0.000000e+00
    endloop
  endfacet
  facet normal  1.015390e-17 -1.030942e-16 -1.000000e+00
    outer loop
      vertex -4.700000e+00  5.000000e+00  8.881784e-16
      vertex -1.450000e+01  1.265000e+01  0.000000e+00
      vertex -1.413908e+01  1.268555e+01  0.000000e+00
    endloop
  endfacet
  facet normal  2.554087e-17 -8.419648e-17 -1.000000e+00
    outer loop
      vertex -4.700000e+00  5.000000e+00  8.881784e-16
      vertex -1.413908e+01  1.268555e+01  0.000000e+00
      vertex -1.379204e+01  1.279082e+01  0.000000e+00
    endloop
  endfacet
  facet normal  3.752708e-17 -7.020834e-17 -1.000000e+00
    outer loop
      vertex -4.700000e+00  5.000000e+00  8.881784e-16
      vertex -1.379204e+01  1.279082e+01  0.000000e+00
      vertex -1.347219e+01  1.296178e+01  0.000000e+00
    endloop
  endfacet
  facet normal  4.807814e-17 -5.858332e-17 -1.000000e+00
    outer loop
      vertex -4.700000e+00  5.000000e+00  8.881784e-16
      vertex -1.347219e+01  1.296178e+01  0.000000e+00
      vertex -1.319185e+01  1.319185e+01  0.000000e+00
    endloop
  endfacet
  facet normal  5.837618e-17 -4.790815e-17 -1.000000e+00
    outer loop
      vertex -4.700000e+00  5.000000e+00  8.881784e-16
      vertex -1.319185e+01  1.319185e+01  0.000000e+00
      vertex -1.296178e+01  1.347219e+01  0.000000e+00
    endloop
  endfacet
  facet normal  6.944179e-17 -3.711735e-17 -1.000000e+00
    outer loop
      vertex -4.700000e+00  5.000000e+00  8.881784e-16
      vertex -1.296178e+01  1.347219e+01  0.000000e+00
      vertex -1.279082e+01  1.379204e+01  0.000000e+00
    endloop
  endfacet
  facet normal  8.256078e-17 -2.504468e-17 -9.999999e-01
    outer loop
      vertex -4.700000e+00  5.000000e+00  8.881784e-16
      vertex -1.279082e+01  1.379204e+01  0.000000e+00
      vertex -1.268555e+01  1.413908e+01  0.000000e+00
    endloop
  endfacet
  facet normal  9.995628e-17 -9.844841e-18 -1.000000e+00
    outer loop
      vertex -4.700000e+00  5.000000e+00  8.881784e-16
      vertex -1.268555e+01  1.413908e+01  0.000000e+00
      vertex -1.265000e+01  1.450000e+01  0.000000e+00
    endloop
  endfacet
  facet normal  1.266234e-16  1.247133e-17 -1.000000e+00
    outer loop
      vertex -4.700000e+00  5.000000e+00  8.881784e-16
      vertex -1.265000e+01  1.450000e+01  0.000000e+00
      vertex -1.268555e+01  1.486092e+01  0.000000e+00
    endloop
  endfacet
  facet normal  1.778401e-16  5.394750e-17 -1.000000e+00
    outer loop
      vertex -4.700000e+00  5.000000e+00  8.881784e-16
      vertex -1.268555e+01  1.486092e+01  0.000000e+00
      vertex -1.279082e+01  1.520796e+01  0.000000e+00
    endloop
  endfacet
  facet normal  1.778401e-16 -5.394750e-17 -1.000000e+00
    outer loop
      vertex -4.700000e+00 -5.000000e+00  8.881784e-16
      vertex -1.279082e+01 -1.520796e+01  0.000000e+00
      vertex -1.268555e+01 -1.486092e+01  0.000000e+00
    endloop
  endfacet
  facet normal  1.266234e-16 -1.247133e-17 -1.000000e+00
    outer loop
      vertex -4.700000e+00 -5.000000e+00  8.881784e-16
      vertex -1.268555e+01 -1.486092e+01  0.000000e+00
      vertex -1.265000e+01 -1.450000e+01  0.000000e+00
    endloop
  endfacet
  facet normal  9.995628e-17  9.844841e-18 -1.000000e+00
    outer loop
      vertex -4.700000e+00 -5.000000e+00  8.881784e-16
      vertex -1.265000e+01 -1.450000e+01  0.000000e+00
      vertex -1.268555e+01 -1.413908e+01  0.000000e+00
    endloop
  endfacet
  facet normal  8.256078e-17  2.504468e-17 -9.999999e-01
    outer loop
      vertex -4.700000e+00 -5.000000e+00  8.881784e-16
      vertex -1.268555e+01 -1.413908e+01  0.000000e+00
      vertex -1.279082e+01 -1.379204e+01  0.000000e+00
    endloop
  endfacet
  facet normal  6.944179e-17  3.711735e-17 -1.000000e+00
    outer loop
      vertex -4.700000e+00 -5.000000e+00  8.881784e-16
      vertex -1.279082e+01 -1.379204e+01  0.000000e+00
      vertex -1.296178e+01 -1.347219e+01  0.000000e+00
    endloop
  endfacet
  facet normal  5.837618e-17  4.790815e-17 -1.000000e+00
    outer loop
      vertex -4.700000e+00 -5.000000e+00  8.881784e-16
      vertex -1.296178e+01 -1.347219e+01  0.000000e+00
      vertex -1.319185e+01 -1.319185e+01  0.000000e+00
    endloop
  endfacet
  facet normal  4.807814e-17  5.858332e-17 -1.000000e+00
    outer loop
      vertex -4.700000e+00 -5.000000e+00  8.881784e-16
      vertex -1.319185e+01 -1.319185e+01  0.000000e+00
      vertex -1.347219e+01 -1.296178e+01  0.000000e+00
    endloop
  endfacet
  facet normal  3.752709e-17  7.020835e-17 -1.000000e+00
    outer loop
      vertex -4.700000e+00 -5.000000e+00  8.881784e-16
      vertex -1.347219e+01 -1.296178e+01  0.000000e+00
      vertex -1.379204e+01 -1.279082e+01  0.000000e+00
    endloop
  endfacet
  facet normal  2.554087e-17  8.419648e-17 -1.000000e+00
    outer loop
      vertex -4.700000e+00 -5.000000e+00  8.881784e-16
      vertex -1.379204e+01 -1.279082e+01  0.000000e+00
      vertex -1.413908e+01 -1.268555e+01  0.000000e+00
    endloop
  endfacet
  facet normal  1.015390e-17  1.030942e-16 -1.000000e+00
    outer loop
      vertex -4.700000e+00 -5.000000e+00  8.881784e-16
      vertex -1.413908e+01 -1.268555e+01  0.000000e+00
      vertex -1.450000e+01 -1.265000e+01  0.000000e+00
    endloop
  endfacet
  facet normal -9.063045e-17  -0.000000e+00 -1.000000e+00
    outer loop
      vertex  4.700000e+00 -5.000000e+00  8.881784e-16
      vertex  4.700000e+00  5.000000e+00  8.881784e-16
      vertex  1.450000e+01  1.265000e+01  0.000000e+00
    endloop
  endfacet
  facet normal -9.063045e-17  -0.000000e+00 -1.000000e+00
    outer loop
      vertex  4.700000e+00 -5.000000e+00  8.881784e-16
      vertex  1.450000e+01  1.265000e+01  0.000000e+00
      vertex  1.450000e+01 -1.265000e+01  0.000000e+00
    endloop
  endfacet
  facet normal -1.015390e-17  1.030942e-16 -1.000000e+00
    outer loop
      vertex  4.700000e+00 -5.000000e+00  8.881784e-16
      vertex  1.450000e+01 -1.265000e+01  0.000000e+00
      vertex  1.413908e+01 -1.268555e+01  0.000000e+00
    endloop
  endfacet
  facet normal -2.554087e-17  8.419648e-17 -1.000000e+00
    outer loop
      vertex  4.700000e+00 -5.000000e+00  8.881784e-16
      vertex  1.413908e+01 -1.268555e+01  0.000000e+00
      vertex  1.379204e+01 -1.279082e+01  0.000000e+00
    endloop
  endfacet
  facet normal -3.752708e-17  7.020834e-17 -1.000000e+00
    outer loop
      vertex  4.700000e+00 -5.000000e+00  8.881784e-16
      vertex  1.379204e+01 -1.279082e+01  0.000000e+00
      vertex  1.347219e+01 -1.296178e+01  0.000000e+00
    endloop
  endfacet
  facet normal -4.807814e-17  5.858332e-17 -1.000000e+00
    outer loop
      vertex  4.700000e+00 -5.000000e+00  8.881784e-16
      vertex  1.347219e+01 -1.296178e+01  0.000000e+00
      vertex  1.319185e+01 -1.319185e+01  0.000000e+00
    endloop
  endfacet
  facet normal -5.837618e-17  4.790815e-17 -1.000000e+00
    outer loop
      vertex  4.700000e+00 -5.000000e+00  8.881784e-16
      vertex  1.319185e+01 -1.319185e+01  0.000000e+00
      vertex  1.296178e+01 -1.347219e+01  0.000000e+00
    endloop
  endfacet
  facet normal -6.944179e-17  3.711735e-17 -1.000000e+00
    outer loop
      vertex  4.700000e+00 -5.000000e+00  8.881784e-16
      vertex  1.296178e+01 -1.347219e+01  0.000000e+00
      vertex  1.279082e+01 -1.379204e+01  0.000000e+00
    endloop
  endfacet
  facet normal -8.256078e-17  2.504468e-17 -9.999999e-01
    outer loop
      vertex  4.700000e+00 -5.000000e+00  8.881784e-16
      vertex  1.279082e+01 -1.379204e+01  0.000000e+00
      vertex  1.268555e+01 -1.413908e+01  0.000000e+00
    endloop
  endfacet
  facet normal  2.431120e-15  2.221449e-15 -1.000000e+00
    outer loop
      vertex  4.700000e+00 -5.000000e+00  8.881784e-16
      vertex  1.268555e+01 -1.413908e+01  0.000000e+00
      vertex  1.265000e+01 -1.450000e+01 -8.881784e-16
    endloop
  endfacet
  facet normal  0.000000e+00  -0.000000e+00 -1.000000e+00
    outer loop
      vertex -2.000000e+01  1.500000e+01  0.000000e+00
      vertex -1.996354e+01  1.560268e+01  0.000000e+00
      vertex -1.603822e+01  1.552781e+01  0.000000e+00
    endloop
  endfacet
  facet normal  0.000000e+00  0.000000e+00 -1.000000e+00
    outer loop
      vertex -2.000000e+01  1.500000e+01  0.000000e+00
      vertex -1.603822e+01  1.552781e+01  0.000000e+00
      vertex -1.620918e+01  1.520796e+01  0.000000e+00
    endloop
  endfacet
  facet normal  0.000000e+00  0.000000e+00 -9.999999e-01
    outer loop
      vertex -2.000000e+01  1.500000e+01  0.000000e+00
      vertex -1.620918e+01  1.520796e+01  0.000000e+00
      vertex -1.631445e+01  1.486092e+01  0.000000e+00
    endloop
  endfacet
  facet normal  9.252379e-17  2.451780e-15 -1.000000e+00
    outer loop
      vertex -2.000000e+01  1.500000e+01  0.000000e+00
      vertex -1.631445e+01  1.486092e+01  0.000000e+00
      vertex -1.635000e+01  1.450000e+01 -8.881784e-16
    endloop
  endfacet
  facet normal -2.433366e-16  0.000000e+00 -1.000000e+00
    outer loop
      vertex -2.000000e+01  1.500000e+01  0.000000e+00
      vertex -1.635000e+01  1.450000e+01 -8.881784e-16
      vertex -2.000000e+01 -1.500000e+01  0.000000e+00
    endloop
  endfacet
  facet normal  -0.000000e+00  0.000000e+00 -1.000000e+00
    outer loop
      vertex -1.500000e+01  2.000000e+01  0.000000e+00
      vertex  1.500000e+01  2.000000e+01  0.000000e+00
      vertex  1.450000e+01  1.635000e+01  0.000000e+00
    endloop
  endfacet
  facet normal  -0.000000e+00  0.000000e+00 -1.000000e+00
    outer loop
      vertex -1.500000e+01  2.000000e+01  0.000000e+00
      vertex  1.450000e+01  1.635000e+01  0.000000e+00
      vertex  1.413908e+01  1.631445e+01  0.000000e+00
    endloop
  endfacet
  facet normal  -0.000000e+00  0.000000e+00 -1.000000e+00
    outer loop
      vertex -1.500000e+01  2.000000e+01  0.000000e+00
      vertex  1.413908e+01  1.631445e+01  0.000000e+00
      vertex  1.379204e+01  1.620918e+01  0.000000e+00
    endloop
  endfacet
  facet normal  -0.000000e+00  0.000000e+00 -1.000000e+00
    outer loop
      vertex -1.500000e+01  2.000000e+01  0.000000e+00
      vertex  1.379204e+01  1.620918e+01  0.000000e+00
      vertex  1.347219e+01  1.603822e+01  0.000000e+00
    endloop
  endfacet
  facet normal  -0.000000e+00  0.000000e+00 -1.000000e+00
    outer loop
      vertex -1.500000e+01  2.000000e+01  0.000000e+00
      vertex  1.347219e+01  1.603822e+01  0.000000e+00
      vertex  1.319185e+01  1.580815e+01  0.000000e+00
    endloop
  endfacet
  facet normal  -0.000000e+00  0.000000e+00 -1.000000e+00
    outer loop
      vertex -1.500000e+01  2.000000e+01  0.000000e+00
      vertex  1.319185e+01  1.580815e+01  0.000000e+00
      vertex  1.296178e+01  1.552781e+01  0.000000e+00
    endloop
  endfacet
  facet normal  -0.000000e+00  0.000000e+00 -1.000000e+00
    outer loop
      vertex -1.500000e+01  2.000000e+01  0.000000e+00
      vertex  1.296178e+01  1.552781e+01  0.000000e+00
      vertex  1.279082e+01  1.520796e+01  0.000000e+00
    endloop
  endfacet
  facet normal  -0.000000e+00  0.000000e+00 -1.000000e+00
    outer loop
      vertex -1.500000e+01  2.000000e+01  0.000000e+00
      vertex  1.279082e+01  1.520796e+01  0.000000e+00
      vertex  1.268555e+01  1.486092e+01  0.000000e+00
    endloop
  endfacet
  facet normal  4.485977e-16  2.416710e-15 -1.000000e+00
    outer loop
      vertex -1.500000e+01  2.000000e+01  0.000000e+00
      vertex  1.268555e+01  1.486092e+01  0.000000e+00
      vertex  1.265000e+01  1.450000e+01 -8.881784e-16
    endloop
  endfacet
  facet normal -5.942447e-17 -1.372560e-16 -1.000000e+00
    outer loop
      vertex -1.500000e+01  2.000000e+01  0.000000e+00
      vertex  1.265000e+01  1.450000e+01 -8.881784e-16
      vertex  4.700000e+00  5.000000e+00  8.881784e-16
    endloop
  endfacet
  facet normal  -0.000000e+00 -5.921189e-17 -9.999999e-01
    outer loop
      vertex -1.500000e+01  2.000000e+01  0.000000e+00
      vertex  4.700000e+00  5.000000e+00  8.881784e-16
      vertex -4.700000e+00  5.000000e+00  8.881784e-16
    endloop
  endfacet
  facet normal  2.623982e-16  1.209682e-16 -1.000000e+00
    outer loop
      vertex -1.500000e+01  2.000000e+01  0.000000e+00
      vertex -4.700000e+00  5.000000e+00  8.881784e-16
      vertex -1.279082e+01  1.520796e+01  0.000000e+00
    endloop
  endfacet
  facet normal  0.000000e+00  0.000000e+00 -9.999999e-01
    outer loop
      vertex -1.500000e+01  2.000000e+01  0.000000e+00
      vertex -1.279082e+01  1.520796e+01  0.000000e+00
      vertex -1.296178e+01  1.552781e+01  0.000000e+00
    endloop
  endfacet
  facet normal  0.000000e+00  0.000000e+00 -1.000000e+00
    outer loop
      vertex -1.500000e+01  2.000000e+01  0.000000e+00
      vertex -1.296178e+01  1.552781e+01  0.000000e+00
      vertex -1.319185e+01  1.580815e+01  0.000000e+00
    endloop
  endfacet
  facet normal  0.000000e+00  0.000000e+00 -1.000000e+00
    outer loop
      vertex -1.500000e+01  2.000000e+01  0.000000e+00
      vertex -1.319185e+01  1.580815e+01  0.000000e+00
      vertex -1.347219e+01  1.603822e+01  0.000000e+00
    endloop
  endfacet
  facet normal  0.000000e+00  0.000000e+00 -1.000000e+00
    outer loop
      vertex -1.500000e+01  2.000000e+01  0.000000e+00
      vertex -1.347219e+01  1.603822e+01  0.000000e+00
      vertex -1.379204e+01  1.620918e+01  0.000000e+00
    endloop
  endfacet
  facet normal  0.000000e+00  0.000000e+00 -1.000000e+00
    outer loop
      vertex -1.500000e+01  2.000000e+01  0.000000e+00
      vertex -1.379204e+01  1.620918e+01  0.000000e+00
      vertex -1.413908e+01  1.631445e+01  0.000000e+00
    endloop
  endfacet
  facet normal  0.000000e+00  0.000000e+00 -1.000000e+00
    outer loop
      vertex -1.500000e+01  2.000000e+01  0.000000e+00
      vertex -1.413908e+01  1.631445e+01  0.000000e+00
      vertex -1.450000e+01  1.635000e+01  0.000000e+00
    endloop
  endfacet
  facet normal  0.000000e+00  0.000000e+00 -1.000000e+00
    outer loop
      vertex -1.500000e+01  2.000000e+01  0.000000e+00
      vertex -1.450000e+01  1.635000e+01  0.000000e+00
      vertex -1.560268e+01  1.996354e+01  0.000000e+00
    endloop
  endfacet
  facet normal  0.000000e+00  0.000000e+00 -1.000000e+00
    outer loop
      vertex  2.000000e+01  1.500000e+01  0.000000e+00
      vertex  2.000000e+01 -1.500000e+01  0.000000e+00
      vertex  1.635000e+01  1.450000e+01  0.000000e+00
    endloop
  endfacet
  facet normal  0.000000e+00  0.000000e+00 -1.000000e+00
    outer loop
      vertex  2.000000e+01  1.500000e+01  0.000000e+00
      vertex  1.635000e+01  1.450000e+01  0.000000e+00
      vertex  1.631445e+01  1.486092e+01  0.000000e+00
    endloop
  endfacet
  facet normal  0.000000e+00  0.000000e+00 -1.000000e+00
    outer loop
      vertex  2.000000e+01  1.500000e+01  0.000000e+00
      vertex  1.631445e+01  1.486092e+01  0.000000e+00
      vertex  1.620918e+01  1.520796e+01  0.000000e+00
    endloop
  endfacet
  facet normal  0.000000e+00  0.000000e+00 -1.000000e+00
    outer loop
      vertex  2.000000e+01  1.500000e+01  0.000000e+00
      vertex  1.620918e+01  1.520796e+01  0.000000e+00
      vertex  1.603822e+01  1.552781e+01  0.000000e+00
    endloop
  endfacet
  facet normal  0.000000e+00  0.000000e+00 -1.000000e+00
    outer loop
      vertex  2.000000e+01  1.500000e+01  0.000000e+00
      vertex  1.603822e+01  1.552781e+01  0.000000e+00
      vertex  1.996354e+01  1.560268e+01  0.000000e+00
    endloop
  endfacet
  facet normal  0.000000e+00  0.000000e+00 -1.000000e+00
    outer loop
      vertex -1.967508e+01 -1.677302e+01  0.000000e+00
      vertex -1.985471e+01 -1.619658e+01  0.000000e+00
      vertex -1.520796e+01 -1.620918e+01  0.000000e+00
    endloop
  endfacet
  facet normal  0.000000e+00  -0.000000e+00 -1.000000e+00
    outer loop
      vertex -1.967508e+01 -1.677302e+01  0.000000e+00
      vertex -1.520796e+01 -1.620918e+01  0.000000e+00
      vertex -1.486092e+01 -1.631445e+01  0.000000e+00
    endloop
  endfacet
  facet normal  0.000000e+00  -0.000000e+00 -1.000000e+00
    outer loop
      vertex -1.967508e+01 -1.677302e+01  0.000000e+00
      vertex -1.486092e+01 -1.631445e+01  0.000000e+00
      vertex -1.450000e+01 -1.635000e+01  0.000000e+00
    endloop
  endfacet
  facet normal  0.000000e+00  0.000000e+00 -1.000000e+00
    outer loop
      vertex -1.967508e+01 -1.677302e+01  0.000000e+00
      vertex -1.450000e+01 -1.635000e+01  0.000000e+00
      vertex -1.500000e+01 -2.000000e+01  0.000000e+00
    endloop
  endfacet
  facet normal  0.000000e+00  0.000000e+00 -9.999999e-01
    outer loop
      vertex -1.967508e+01 -1.677302e+01  0.000000e+00
      vertex -1.500000e+01 -2.000000e+01  0.000000e+00
      vertex -1.560268e+01 -1.996354e+01  0.000000e+00
    endloop
  endfacet
  facet normal  0.000000e+00  0.000000e+00 -1.000000e+00
    outer loop
      vertex -1.967508e+01 -1.677302e+01  0.000000e+00
      vertex -1.560268e+01 -1.996354e+01  0.000000e+00
      vertex -1.619658e+01 -1.985471e+01  0.000000e+00
    endloop
  endfacet
  facet normal  0.000000e+00  0.000000e+00 -1.000000e+00
    outer loop
      vertex -1.967508e+01 -1.677302e+01  0.000000e+00
      vertex -1.619658e+01 -1.985471e+01  0.000000e+00
      vertex -1.677302e+01 -1.967508e+01  0.000000e+00
    endloop
  endfacet
  facet normal  0.000000e+00  0.000000e+00 -1.000000e+00
    outer loop
      vertex -1.967508e+01 -1.677302e+01  0.000000e+00
      vertex -1.677302e+01 -1.967508e+01  0.000000e+00
      vertex -1.732362e+01 -1.942728e+01  0.000000e+00
    endloop
  endfacet
  facet normal  0.000000e+00  0.000000e+00 -1.000000e+00
    outer loop
      vertex -1.967508e+01 -1.677302e+01  0.000000e+00
      vertex -1.732362e+01 -1.942728e+01  0.000000e+00
      vertex -1.784032e+01 -1.911492e+01  0.000000e+00
    endloop
  endfacet
  facet normal  0.000000e+00  0.000000e+00 -9.999999e-01
    outer loop
      vertex -1.967508e+01 -1.677302e+01  0.000000e+00
      vertex -1.784032e+01 -1.911492e+01  0.000000e+00
      vertex -1.831561e+01 -1.874255e+01  0.000000e+00
    endloop
  endfacet
  facet normal  0.000000e+00  0.000000e+00 -1.000000e+00
    outer loop
      vertex -1.967508e+01 -1.677302e+01  0.000000e+00
      vertex -1.831561e+01 -1.874255e+01  0.000000e+00
      vertex -1.874255e+01 -1.831561e+01  0.000000e+00
    endloop
  endfacet
  facet normal  0.000000e+00  0.000000e+00 -1.000000e+00
    outer loop
      vertex -1.967508e+01 -1.677302e+01  0.000000e+00
      vertex -1.874255e+01 -1.831561e+01  0.000000e+00
      vertex -1.911492e+01 -1.784032e+01  0.000000e+00
    endloop
  endfacet
  facet normal  0.000000e+00  0.000000e+00 -1.000000e+00
    outer loop
      vertex -1.967508e+01 -1.677302e+01  0.000000e+00
      vertex -1.911492e+01 -1.784032e+01  0.000000e+00
      vertex -1.942728e+01 -1.732362e+01  0.000000e+00
    endloop
  endfacet
  facet normal  0.000000e+00  -0.000000e+00 -1.000000e+00
    outer loop
      vertex -1.500000e+01 -2.000000e+01  0.000000e+00
      vertex -1.450000e+01 -1.635000e+01  0.000000e+00
      vertex -1.413908e+01 -1.631445e+01  0.000000e+00
    endloop
  endfacet
  facet normal  0.000000e+00  -0.000000e+00 -1.000000e+00
    outer loop
      vertex -1.500000e+01 -2.000000e+01  0.000000e+00
      vertex -1.413908e+01 -1.631445e+01  0.000000e+00
      vertex -1.379204e+01 -1.620918e+01  0.000000e+00
    endloop
  endfacet
  facet normal  0.000000e+00  -0.000000e+00 -1.000000e+00
    outer loop
      vertex -1.500000e+01 -2.000000e+01  0.000000e+00
      vertex -1.379204e+01 -1.620918e+01  0.000000e+00
      vertex -1.347219e+01 -1.603822e+01  0.000000e+00
    endloop
  endfacet
  facet normal  0.000000e+00  -0.000000e+00 -1.000000e+00
    outer loop
      vertex -1.500000e+01 -2.000000e+01  0.000000e+00
      vertex -1.347219e+01 -1.603822e+01  0.000000e+00
      vertex -1.319185e+01 -1.580815e+01  0.000000e+00
    endloop
  endfacet
  facet normal  0.000000e+00  -0.000000e+00 -1.000000e+00
    outer loop
      vertex -1.500000e+01 -2.000000e+01  0.000000e+00
      vertex -1.319185e+01 -1.580815e+01  0.000000e+00
      vertex -1.296178e+01 -1.552781e+01  0.000000e+00
    endloop
  endfacet
  facet normal  0.000000e+00  -0.000000e+00 -9.999999e-01
    outer loop
      vertex -1.500000e+01 -2.000000e+01  0.000000e+00
      vertex -1.296178e+01 -1.552781e+01  0.000000e+00
      vertex -1.279082e+01 -1.520796e+01  0.000000e+00
    endloop
  endfacet
  facet normal  2.623983e-16 -1.209683e-16 -1.000000e+00
    outer loop
      vertex -1.500000e+01 -2.000000e+01  0.000000e+00
      vertex -1.279082e+01 -1.520796e+01  0.000000e+00
      vertex -4.700000e+00 -5.000000e+00  8.881784e-16
    endloop
  endfacet
  facet normal  0.000000e+00  5.921189e-17 -9.999999e-01
    outer loop
      vertex -1.500000e+01 -2.000000e+01  0.000000e+00
      vertex -4.700000e+00 -5.000000e+00  8.881784e-16
      vertex  4.700000e+00 -5.000000e+00  8.881784e-16
    endloop
  endfacet
  facet normal -5.942446e-17  1.372560e-16 -1.000000e+00
    outer loop
      vertex -1.500000e+01 -2.000000e+01  0.000000e+00
      vertex  4.700000e+00 -5.000000e+00  8.881784e-16
      vertex  1.265000e+01 -1.450000e+01 -8.881784e-16
    endloop
  endfacet
  facet normal  4.485977e-16 -2.416710e-15 -1.000000e+00
    outer loop
      vertex -1.500000e+01 -2.000000e+01  0.000000e+00
      vertex  1.265000e+01 -1.450000e+01 -8.881784e-16
      vertex  1.268555e+01 -1.486092e+01  0.000000e+00
    endloop
  endfacet
  facet normal  0.000000e+00  -0.000000e+00 -1.000000e+00
    outer loop
      vertex -1.500000e+01 -2.000000e+01  0.000000e+00
      vertex  1.268555e+01 -1.486092e+01  0.000000e+00
      vertex  1.279082e+01 -1.520796e+01  0.000000e+00
    endloop
  endfacet
  facet normal  0.000000e+00  -0.000000e+00 -1.000000e+00
    outer loop
      vertex -1.500000e+01 -2.000000e+01  0.000000e+00
      vertex  1.279082e+01 -1.520796e+01  0.000000e+00
      vertex  1.296178e+01 -1.552781e+01  0.000000e+00
    endloop
  endfacet
  facet normal  0.000000e+00  -0.000000e+00 -1.000000e+00
    outer loop
      vertex -1.500000e+01 -2.000000e+01  0.000000e+00
      vertex  1.296178e+01 -1.552781e+01  0.000000e+00
      vertex  1.319185e+01 -1.580815e+01  0.000000e+00
    endloop
  endfacet
  facet normal  0.000000e+00  -0.000000e+00 -1.000000e+00
    outer loop
      vertex -1.500000e+01 -2.000000e+01  0.000000e+00
      vertex  1.319185e+01 -1.580815e+01  0.000000e+00
      vertex  1.347219e+01 -1.603822e+01  0.000000e+00
    endloop
  endfacet
  facet normal  0.000000e+00  -0.000000e+00 -1.000000e+00
    outer loop
      vertex -1.500000e+01 -2.000000e+01  0.000000e+00
      vertex  1.347219e+01 -1.603822e+01  0.000000e+00
      vertex  1.379204e+01 -1.620918e+01  0.000000e+00
    endloop
  endfacet
  facet normal  0.000000e+00  -0.000000e+00 -1.000000e+00
    outer loop
      vertex -1.500000e+01 -2.000000e+01  0.000000e+00
      vertex  1.379204e+01 -1.620918e+01  0.000000e+00
      vertex  1.413908e+01 -1.631445e+01  0.000000e+00
    endloop
  endfacet
  facet normal  0.000000e+00  -0.000000e+00 -1.000000e+00
    outer loop
      vertex -1.500000e+01 -2.000000e+01  0.000000e+00
      vertex  1.413908e+01 -1.631445e+01  0.000000e+00
      vertex  1.450000e+01 -1.635000e+01  0.000000e+00
    endloop
  endfacet
  facet normal  0.000000e+00  -0.000000e+00 -1.000000e+00
    outer loop
      vertex -1.500000e+01 -2.000000e+01  0.000000e+00
      vertex  1.450000e+01 -1.635000e+01  0.000000e+00
      vertex  1.500000e+01 -2.000000e+01  0.000000e+00
    endloop
  endfacet
  facet normal  0.000000e+00  -0.000000e+00 -1.000000e+00
    outer loop
      vertex  1.450000e+01 -1.635000e+01  0.000000e+00
      vertex  1.486092e+01 -1.631445e+01  0.000000e+00
      vertex  1.967508e+01 -1.677302e+01  0.000000e+00
    endloop
  endfacet
  facet normal  -0.000000e+00  0.000000e+00 -1.000000e+00
    outer loop
      vertex  1.450000e+01 -1.635000e+01  0.000000e+00
      vertex  1.967508e+01 -1.677302e+01  0.000000e+00
      vertex  1.942728e+01 -1.732362e+01  0.000000e+00
    endloop
  endfacet
  facet normal  -0.000000e+00  0.000000e+00 -1.000000e+00
    outer loop
      vertex  1.450000e+01 -1.635000e+01  0.000000e+00
      vertex  1.942728e+01 -1.732362e+01  0.000000e+00
      vertex  1.911492e+01 -1.784032e+01  0.000000e+00
    endloop
  endfacet
  facet normal  -0.000000e+00  0.000000e+00 -1.000000e+00
    outer loop
      vertex  1.450000e+01 -1.635000e+01  0.000000e+00
      vertex  1.911492e+01 -1.784032e+01  0.000000e+00
      vertex  1.874255e+01 -1.831561e+01  0.000000e+00
    endloop
  endfacet
  facet normal  -0.000000e+00  0.000000e+00 -1.000000e+00
    outer loop
      vertex  1.450000e+01 -1.635000e+01  0.000000e+00
      vertex  1.874255e+01 -1.831561e+01  0.000000e+00
      vertex  1.831561e+01 -1.874255e+01  0.000000e+00
    endloop
  endfacet
  facet normal  -0.000000e+00  0.000000e+00 -1.000000e+00
    outer loop
      vertex  1.450000e+01 -1.635000e+01  0.000000e+00
      vertex  1.831561e+01 -1.874255e+01  0.000000e+00
      vertex  1.784032e+01 -1.911492e+01  0.000000e+00
    endloop
  endfacet
  facet normal  -0.000000e+00  0.000000e+00 -1.000000e+00
    outer loop
      vertex  1.450000e+01 -1.635000e+01  0.000000e+00
      vertex  1.784032e+01 -1.911492e+01  0.000000e+00
      vertex  1.732362e+01 -1.942728e+01  0.000000e+00
    endloop
  endfacet
  facet normal  -0.000000e+00  0.000000e+00 -1.000000e+00
    outer loop
      vertex  1.450000e+01 -1.635000e+01  0.000000e+00
      vertex  1.732362e+01 -1.942728e+01  0.000000e+00
      vertex  1.677302e+01 -1.967508e+01  0.000000e+00
    endloop
  endfacet
  facet normal  -0.000000e+00  0.000000e+00 -1.000000e+00
    outer loop
      vertex  1.450000e+01 -1.635000e+01  0.000000e+00
      vertex  1.677302e+01 -1.967508e+01  0.000000e+00
      vertex  1.619658e+01 -1.985471e+01  0.000000e+00
    endloop
  endfacet
  facet normal  -0.000000e+00  0.000000e+00 -1.000000e+00
    outer loop
      vertex  1.450000e+01 -1.635000e+01  0.000000e+00
      vertex  1.619658e+01 -1.985471e+01  0.000000e+00
      vertex  1.560268e+01 -1.996354e+01  0.000000e+00
    endloop
  endfacet
  facet normal  -0.000000e+00  0.000000e+00 -1.000000e+00
    outer loop
      vertex  1.450000e+01 -1.635000e+01  0.000000e+00
      vertex  1.560268e+01 -1.996354e+01  0.000000e+00
      vertex  1.500000e+01 -2.000000e+01  0.000000e+00
    endloop
  endfacet
  facet normal  2.431120e-15 -2.221449e-15 -1.000000e+00
    outer loop
      vertex  4.700000e+00  5.000000e+00  8.881784e-16
      vertex  1.265000e+01  1.450000e+01 -8.881784e-16
      vertex  1.268555e+01  1.413908e+01  0.000000e+00
    endloop
  endfacet
  facet normal -8.256078e-17 -2.504468e-17 -9.999999e-01
    outer loop
      vertex  4.700000e+00  5.000000e+00  8.881784e-16
      vertex  1.268555e+01  1.413908e+01  0.000000e+00
      vertex  1.279082e+01  1.379204e+01  0.000000e+00
    endloop
  endfacet
  facet normal -6.944179e-17 -3.711735e-17 -1.000000e+00
    outer loop
      vertex  4.700000e+00  5.000000e+00  8.881784e-16
      vertex  1.279082e+01  1.379204e+01  0.000000e+00
      vertex  1.296178e+01  1.347219e+01  0.000000e+00
    endloop
  endfacet
  facet normal -5.837618e-17 -4.790815e-17 -1.000000e+00
    outer loop
      vertex  4.700000e+00  5.000000e+00  8.881784e-16
      vertex  1.296178e+01  1.347219e+01  0.000000e+00
      vertex  1.319185e+01  1.319185e+01  0.000000e+00
    endloop
  endfacet
  facet normal -4.807814e-17 -5.858332e-17 -1.000000e+00
    outer loop
      vertex  4.700000e+00  5.000000e+00  8.881784e-16
      vertex  1.319185e+01  1.319185e+01  0.000000e+00
      vertex  1.347219e+01  1.296178e+01  0.000000e+00
    endloop
  endfacet
  facet normal -3.752709e-17 -7.020835e-17 -1.000000e+00
    outer loop
      vertex  4.700000e+00  5.000000e+00  8.881784e-16
      vertex  1.347219e+01  1.296178e+01  0.000000e+00
      vertex  1.379204e+01  1.279082e+01  0.000000e+00
    endloop
  endfacet
  facet normal -2.554087e-17 -8.419648e-17 -1.000000e+00
    outer loop
      vertex  4.700000e+00  5.000000e+00  8.881784e-16
      vertex  1.379204e+01  1.279082e+01  0.000000e+00
      vertex  1.413908e+01  1.268555e+01  0.000000e+00
    endloop
  endfacet
  facet normal -1.015390e-17 -1.030942e-16 -1.000000e+00
    outer loop
      vertex  4.700000e+00  5.000000e+00  8.881784e-16
      vertex  1.413908e+01  1.268555e+01  0.000000e+00
      vertex  1.450000e+01  1.265000e+01  0.000000e+00
    endloop
  endfacet
  facet normal  0.000000e+00  0.000000e+00 -1.000000e+00
    outer loop
      vertex -1.450000e+01  1.635000e+01  0.000000e+00
      vertex -1.967508e+01  1.677302e+01  0.000000e+00
      vertex -1.942728e+01  1.732362e+01  0.000000e+00
    endloop
  endfacet
  facet normal  0.000000e+00  0.000000e+00 -1.000000e+00
    outer loop
      vertex -1.450000e+01  1.635000e+01  0.000000e+00
      vertex -1.942728e+01  1.732362e+01  0.000000e+00
      vertex -1.911492e+01  1.784032e+01  0.000000e+00
    endloop
  endfacet
  facet normal  0.000000e+00  0.000000e+00 -1.000000e+00
    outer loop
      vertex -1.450000e+01  1.635000e+01  0.000000e+00
      vertex -1.911492e+01  1.784032e+01  0.000000e+00
      vertex -1.874255e+01  1.831561e+01  0.000000e+00
    endloop
  endfacet
  facet normal  0.000000e+00  0.000000e+00 -1.000000e+00
    outer loop
      vertex -1.450000e+01  1.635000e+01  0.000000e+00
      vertex -1.874255e+01  1.831561e+01  0.000000e+00
      vertex -1.831561e+01  1.874255e+01  0.000000e+00
    endloop
  endfacet
  facet normal  0.000000e+00  0.000000e+00 -1.000000e+00
    outer loop
      vertex -1.450000e+01  1.635000e+01  0.000000e+00
      vertex -1.831561e+01  1.874255e+01  0.000000e+00
      vertex -1.784032e+01  1.911492e+01  0.000000e+00
    endloop
  endfacet
  facet normal  0.000000e+00  0.000000e+00 -1.000000e+00
    outer loop
      vertex -1.450000e+01  1.635000e+01  0.000000e+00
      vertex -1.784032e+01  1.911492e+01  0.000000e+00
      vertex -1.732362e+01  1.942728e+01  0.000000e+00
    endloop
  endfacet
  facet normal  0.000000e+00  0.000000e+00 -1.000000e+00
    outer loop
      vertex -1.450000e+01  1.635000e+01  0.000000e+00
      vertex -1.732362e+01  1.942728e+01  0.000000e+00
      vertex -1.677302e+01  1.967508e+01  0.000000e+00
    endloop
  endfacet
  facet normal  0.000000e+00  0.000000e+00 -1.000000e+00
    outer loop
      vertex -1.450000e+01  1.635000e+01  0.000000e+00
      vertex -1.677302e+01  1.967508e+01  0.000000e+00
      vertex -1.619658e+01  1.985471e+01  0.000000e+00
    endloop
  endfacet
  facet normal  0.000000e+00  0.000000e+00 -1.000000e+00
    outer loop
      vertex -1.450000e+01  1.635000e+01  0.000000e+00
      vertex -1.619658e+01  1.985471e+01  0.000000e+00
      vertex -1.560268e+01  1.996354e+01  0.000000e+00
    endloop
  endfacet
  facet normal  0.000000e+00  -0.000000e+00 -1.000000e+00
    outer loop
      vertex -1.985471e+01  1.619658e+01  0.000000e+00
      vertex -1.967508e+01  1.677302e+01  0.000000e+00
      vertex -1.450000e+01  1.635000e+01  0.000000e+00
    endloop
  endfacet
  facet normal  0.000000e+00  0.000000e+00 -1.000000e+00
    outer loop
      vertex -1.985471e+01  1.619658e+01  0.000000e+00
      vertex -1.450000e+01  1.635000e+01  0.000000e+00
      vertex -1.486092e+01  1.631445e+01  0.000000e+00
    endloop
  endfacet
  facet normal  0.000000e+00  0.000000e+00 -1.000000e+00
    outer loop
      vertex -1.985471e+01  1.619658e+01  0.000000e+00
      vertex -1.486092e+01  1.631445e+01  0.000000e+00
      vertex -1.520796e+01  1.620918e+01  0.000000e+00
    endloop
  endfacet
  facet normal  0.000000e+00  0.000000e+00 -1.000000e+00
    outer loop
      vertex -1.985471e+01  1.619658e+01  0.000000e+00
      vertex -1.520796e+01  1.620918e+01  0.000000e+00
      vertex -1.552781e+01  1.603822e+01  0.000000e+00
    endloop
  endfacet
  facet normal  -0.000000e+00  0.000000e+00 -1.000000e+00
    outer loop
      vertex -1.985471e+01  1.619658e+01  0.000000e+00
      vertex -1.552781e+01  1.603822e+01  0.000000e+00
      vertex -1.996354e+01  1.560268e+01  0.000000e+00
    endloop
  endfacet
  facet normal  1.093863e-14 -1.383531e-15 -1.000000e+00
    outer loop
      vertex -2.000000e+01 -1.500000e+01  0.000000e+00
      vertex -1.635000e+01  1.450000e+01 -8.881784e-16
      vertex -1.631445e+01  1.413908e+01  0.000000e+00
    endloop
  endfacet
  facet normal  0.000000e+00  -0.000000e+00 -1.000000e+00
    outer loop
      vertex -2.000000e+01 -1.500000e+01  0.000000e+00
      vertex -1.631445e+01  1.413908e+01  0.000000e+00
      vertex -1.620918e+01  1.379204e+01  0.000000e+00
    endloop
  endfacet
  facet normal  0.000000e+00  -0.000000e+00 -1.000000e+00
    outer loop
      vertex -2.000000e+01 -1.500000e+01  0.000000e+00
      vertex -1.620918e+01  1.379204e+01  0.000000e+00
      vertex -1.603822e+01  1.347219e+01  0.000000e+00
    endloop
  endfacet
  facet normal  0.000000e+00  -0.000000e+00 -1.000000e+00
    outer loop
      vertex -2.000000e+01 -1.500000e+01  0.000000e+00
      vertex -1.603822e+01  1.347219e+01  0.000000e+00
      vertex -1.580815e+01  1.319185e+01  0.000000e+00
    endloop
  endfacet
  facet normal  0.000000e+00  -0.000000e+00 -1.000000e+00
    outer loop
      vertex -2.000000e+01 -1.500000e+01  0.000000e+00
      vertex -1.580815e+01  1.319185e+01  0.000000e+00
      vertex -1.552781e+01  1.296178e+01  0.000000e+00
    endloop
  endfacet
  facet normal  0.000000e+00  -0.000000e+00 -1.000000e+00
    outer loop
      vertex -2.000000e+01 -1.500000e+01  0.000000e+00
      vertex -1.552781e+01  1.296178e+01  0.000000e+00
      vertex -1.520796e+01  1.279082e+01  0.000000e+00
    endloop
  endfacet
  facet normal  0.000000e+00  -0.000000e+00 -1.000000e+00
    outer loop
      vertex -2.000000e+01 -1.500000e+01  0.000000e+00
      vertex -1.520796e+01  1.279082e+01  0.000000e+00
      vertex -1.486092e+01  1.268555e+01  0.000000e+00
    endloop
  endfacet
  facet normal  0.000000e+00  -0.000000e+00 -1.000000e+00
    outer loop
      vertex -2.000000e+01 -1.500000e+01  0.000000e+00
      vertex -1.486092e+01  1.268555e+01  0.000000e+00
      vertex -1.450000e+01  1.265000e+01  0.000000e+00
    endloop
  endfacet
  facet normal  0.000000e+00  0.000000e+00 -9.999999e-01
    outer loop
      vertex -2.000000e+01 -1.500000e+01  0.000000e+00
      vertex -1.450000e+01  1.265000e+01  0.000000e+00
      vertex -1.520796e+01 -1.279082e+01  0.000000e+00
    endloop
  endfacet
  facet normal  0.000000e+00  0.000000e+00 -9.999999e-01
    outer loop
      vertex -2.000000e+01 -1.500000e+01  0.000000e+00
      vertex -1.520796e+01 -1.279082e+01  0.000000e+00
      vertex -1.552781e+01 -1.296178e+01  0.000000e+00
    endloop
  endfacet
  facet normal  0.000000e+00  0.000000e+00 -1.000000e+00
    outer loop
      vertex -2.000000e+01 -1.500000e+01  0.000000e+00
      vertex -1.552781e+01 -1.296178e+01  0.000000e+00
      vertex -1.580815e+01 -1.319185e+01  0.000000e+00
    endloop
  endfacet
  facet normal  0.000000e+00  0.000000e+00 -1.000000e+00
    outer loop
      vertex -2.000000e+01 -1.500000e+01  0.000000e+00
      vertex -1.580815e+01 -1.319185e+01  0.000000e+00
      vertex -1.603822e+01 -1.347219e+01  0.000000e+00
    endloop
  endfacet
  facet normal  0.000000e+00  0.000000e+00 -1.000000e+00
    outer loop
      vertex -2.000000e+01 -1.500000e+01  0.000000e+00
      vertex -1.603822e+01 -1.347219e+01  0.000000e+00
      vertex -1.620918e+01 -1.379204e+01  0.000000e+00
    endloop
  endfacet
  facet normal  0.000000e+00  0.000000e+00 -1.000000e+00
    outer loop
      vertex -2.000000e+01 -1.500000e+01  0.000000e+00
      vertex -1.620918e+01 -1.379204e+01  0.000000e+00
      vertex -1.631445e+01 -1.413908e+01  0.000000e+00
    endloop
  endfacet
  facet normal -5.883838e-16  2.518844e-15 -1.000000e+00
    outer loop
      vertex -2.000000e+01 -1.500000e+01  0.000000e+00
      vertex -1.631445e+01 -1.413908e+01  0.000000e+00
      vertex -1.635000e+01 -1.450000e+01 -8.881784e-16
    endloop
  endfacet
  facet normal  9.252378e-17 -2.451780e-15 -1.000000e+00
    outer loop
      vertex -2.000000e+01 -1.500000e+01  0.000000e+00
      vertex -1.635000e+01 -1.450000e+01 -8.881784e-16
      vertex -1.631445e+01 -1.486092e+01  0.000000e+00
    endloop
  endfacet
  facet normal  0.000000e+00  -0.000000e+00 -1.000000e+00
    outer loop
      vertex -2.000000e+01 -1.500000e+01  0.000000e+00
      vertex -1.631445e+01 -1.486092e+01  0.000000e+00
      vertex -1.620918e+01 -1.520796e+01  0.000000e+00
    endloop
  endfacet
  facet normal  -0.000000e+00  0.000000e+00 -1.000000e+00
    outer loop
      vertex -2.000000e+01 -1.500000e+01  0.000000e+00
      vertex -1.620918e+01 -1.520796e+01  0.000000e+00
      vertex -1.996354e+01 -1.560268e+01  0.000000e+00
    endloop
  endfacet
  facet normal  0.000000e+00  -0.000000e+00 -1.000000e+00
    outer loop
      vertex  1.450000e+01  1.635000e+01  0.000000e+00
      vertex  1.500000e+01  2.000000e+01  0.000000e+00
      vertex  1.560268e+01  1.996354e+01  0.000000e+00
    endloop
  endfacet
  facet normal  0.000000e+00  -0.000000e+00 -1.000000e+00
    outer loop
      vertex  1.450000e+01  1.635000e+01  0.000000e+00
      vertex  1.560268e+01  1.996354e+01  0.000000e+00
      vertex  1.619658e+01  1.985471e+01  0.000000e+00
    endloop
  endfacet
  facet normal  0.000000e+00  -0.000000e+00 -1.000000e+00
    outer loop
      vertex  1.450000e+01  1.635000e+01  0.000000e+00
      vertex  1.619658e+01  1.985471e+01  0.000000e+00
      vertex  1.677302e+01  1.967508e+01  0.000000e+00
    endloop
  endfacet
  facet normal  0.000000e+00  -0.000000e+00 -1.000000e+00
    outer loop
      vertex  1.450000e+01  1.635000e+01  0.000000e+00
      vertex  1.677302e+01  1.967508e+01  0.000000e+00
      vertex  1.732362e+01  1.942728e+01  0.000000e+00
    endloop
  endfacet
  facet normal  0.000000e+00  -0.000000e+00 -1.000000e+00
    outer loop
      vertex  1.450000e+01  1.635000e+01  0.000000e+00
      vertex  1.732362e+01  1.942728e+01  0.000000e+00
      vertex  1.784032e+01  1.911492e+01  0.000000e+00
    endloop
  endfacet
  facet normal  0.000000e+00  -0.000000e+00 -1.000000e+00
    outer loop
      vertex  1.450000e+01  1.635000e+01  0.000000e+00
      vertex  1.784032e+01  1.911492e+01  0.000000e+00
      vertex  1.831561e+01  1.874255e+01  0.000000e+00
    endloop
  endfacet
  facet normal  0.000000e+00  -0.000000e+00 -1.000000e+00
    outer loop
      vertex  1.450000e+01  1.635000e+01  0.000000e+00
      vertex  1.831561e+01  1.874255e+01  0.000000e+00
      vertex  1.874255e+01  1.831561e+01  0.000000e+00
    endloop
  endfacet
  facet normal  0.000000e+00  -0.000000e+00 -1.000000e+00
    outer loop
      vertex  1.450000e+01  1.635000e+01  0.000000e+00
      vertex  1.874255e+01  1.831561e+01  0.000000e+00
      vertex  1.911492e+01  1.784032e+01  0.000000e+00
    endloop
  endfacet
  facet normal  0.000000e+00  -0.000000e+00 -1.000000e+00
    outer loop
      vertex  1.450000e+01  1.635000e+01  0.000000e+00
      vertex  1.911492e+01  1.784032e+01  0.000000e+00
      vertex  1.942728e+01  1.732362e+01  0.000000e+00
    endloop
  endfacet
  facet normal  0.000000e+00  -0.000000e+00 -1.000000e+00
    outer loop
      vertex  1.450000e+01  1.635000e+01  0.000000e+00
      vertex  1.942728e+01  1.732362e+01  0.000000e+00
      vertex  1.967508e+01  1.677302e+01  0.000000e+00
    endloop
  endfacet
  facet normal  0.000000e+00  -0.000000e+00 -1.000000e+00
    outer loop
      vertex  1.450000e+01  1.635000e+01  0.000000e+00
      vertex  1.967508e+01  1.677302e+01  0.000000e+00
      vertex  1.985471e+01  1.619658e+01  0.000000e+00
    endloop
  endfacet
  facet normal  0.000000e+00  0.000000e+00 -1.000000e+00
    outer loop
      vertex  1.450000e+01  1.635000e+01  0.000000e+00
      vertex  1.985471e+01  1.619658e+01  0.000000e+00
      vertex  1.486092e+01  1.631445e+01  0.000000e+00
    endloop
  endfacet
  facet normal  0.000000e+00  0.000000e+00 -1.000000e+00
    outer loop
      vertex  2.000000e+01 -1.500000e+01  0.000000e+00
      vertex  1.996354e+01 -1.560268e+01  0.000000e+00
      vertex  1.620918e+01 -1.520796e+01  0.000000e+00
    endloop
  endfacet
  facet normal  0.000000e+00  0.000000e+00 -9.999999e-01
    outer loop
      vertex  2.000000e+01 -1.500000e+01  0.000000e+00
      vertex  1.620918e+01 -1.520796e+01  0.000000e+00
      vertex  1.631445e+01 -1.486092e+01  0.000000e+00
    endloop
  endfacet
  facet normal  0.000000e+00  0.000000e+00 -1.000000e+00
    outer loop
      vertex  2.000000e+01 -1.500000e+01  0.000000e+00
      vertex  1.631445e+01 -1.486092e+01  0.000000e+00
      vertex  1.635000e+01 -1.450000e+01  0.000000e+00
    endloop
  endfacet
  facet normal  0.000000e+00  0.000000e+00 -1.000000e+00
    outer loop
      vertex  2.000000e+01 -1.500000e+01  0.000000e+00
      vertex  1.635000e+01 -1.450000e+01  0.000000e+00
      vertex  1.631445e+01 -1.413908e+01  0.000000e+00
    endloop
  endfacet
  facet normal  0.000000e+00  0.000000e+00 -1.000000e+00
    outer loop
      vertex  2.000000e+01 -1.500000e+01  0.000000e+00
      vertex  1.631445e+01 -1.413908e+01  0.000000e+00
      vertex  1.620918e+01 -1.379204e+01  0.000000e+00
    endloop
  endfacet
  facet normal  0.000000e+00  0.000000e+00 -1.000000e+00
    outer loop
      vertex  2.000000e+01 -1.500000e+01  0.000000e+00
      vertex  1.620918e+01 -1.379204e+01  0.000000e+00
      vertex  1.603822e+01 -1.347219e+01  0.000000e+00
    endloop
  endfacet
  facet normal  0.000000e+00  0.000000e+00 -1.000000e+00
    outer loop
      vertex  2.000000e+01 -1.500000e+01  0.000000e+00
      vertex  1.603822e+01 -1.347219e+01  0.000000e+00
      vertex  1.580815e+01 -1.319185e+01  0.000000e+00
    endloop
  endfacet
  facet normal  0.000000e+00  0.000000e+00 -1.000000e+00
    outer loop
      vertex  2.000000e+01 -1.500000e+01  0.000000e+00
      vertex  1.580815e+01 -1.319185e+01  0.000000e+00
      vertex  1.552781e+01 -1.296178e+01  0.000000e+00
    endloop
  endfacet
  facet normal  0.000000e+00  0.000000e+00 -9.999999e-01
    outer loop
      vertex  2.000000e+01 -1.500000e+01  0.000000e+00
      vertex  1.552781e+01 -1.296178e+01  0.000000e+00
      vertex  1.520796e+01 -1.279082e+01  0.000000e+00
    endloop
  endfacet
  facet normal  0.000000e+00  0.000000e+00 -1.000000e+00
    outer loop
      vertex  2.000000e+01 -1.500000e+01  0.000000e+00
      vertex  1.520796e+01 -1.279082e+01  0.000000e+00
      vertex  1.450000e+01  1.265000e+01  0.000000e+00
    endloop
  endfacet
  facet normal  0.000000e+00  0.000000e+00 -1.000000e+00
    outer loop
      vertex  2.000000e+01 -1.500000e+01  0.000000e+00
      vertex  1.450000e+01  1.265000e+01  0.000000e+00
      vertex  1.486092e+01  1.268555e+01  0.000000e+00
    endloop
  endfacet
  facet normal  0.000000e+00  0.000000e+00 -1.000000e+00
    outer loop
      vertex  2.000000e+01 -1.500000e+01  0.000000e+00
      vertex  1.486092e+01  1.268555e+01  0.000000e+00
      vertex  1.520796e+01  1.279082e+01  0.000000e+00
    endloop
  endfacet
  facet normal  0.000000e+00  0.000000e+00 -1.000000e+00
    outer loop
      vertex  2.000000e+01 -1.500000e+01  0.000000e+00
      vertex  1.520796e+01  1.279082e+01  0.000000e+00
      vertex  1.552781e+01  1.296178e+01  0.000000e+00
    endloop
  endfacet
  facet normal  0.000000e+00  0.000000e+00 -1.000000e+00
    outer loop
      vertex  2.000000e+01 -1.500000e+01  0.000000e+00
      vertex  1.552781e+01  1.296178e+01  0.000000e+00
      vertex  1.580815e+01  1.319185e+01  0.000000e+00
    endloop
  endfacet
  facet normal  0.000000e+00  0.000000e+00 -1.000000e+00
    outer loop
      vertex  2.000000e+01 -1.500000e+01  0.000000e+00
      vertex  1.580815e+01  1.319185e+01  0.000000e+00
      vertex  1.603822e+01  1.347219e+01  0.000000e+00
    endloop
  endfacet
  facet normal  0.000000e+00  0.000000e+00 -1.000000e+00
    outer loop
      vertex  2.000000e+01 -1.500000e+01  0.000000e+00
      vertex  1.603822e+01  1.347219e+01  0.000000e+00
      vertex  1.620918e+01  1.379204e+01  0.000000e+00
    endloop
  endfacet
  facet normal  0.000000e+00  0.000000e+00 -1.000000e+00
    outer loop
      vertex  2.000000e+01 -1.500000e+01  0.000000e+00
      vertex  1.620918e+01  1.379204e+01  0.000000e+00
      vertex  1.631445e+01  1.413908e+01  0.000000e+00
    endloop
  endfacet
  facet normal  0.000000e+00  0.000000e+00 -1.000000e+00
    outer loop
      vertex  2.000000e+01 -1.500000e+01  0.000000e+00
      vertex  1.631445e+01  1.413908e+01  0.000000e+00
      vertex  1.635000e+01  1.450000e+01  0.000000e+00
    endloop
  endfacet
  facet normal  -0.000000e+00  0.000000e+00 -1.000000e+00
    outer loop
      vertex -1.620918e+01 -1.520796e+01  0.000000e+00
      vertex -1.603822e+01 -1.552781e+01  0.000000e+00
      vertex -1.996354e+01 -1.560268e+01  0.000000e+00
    endloop
  endfacet
  facet normal  0.000000e+00  0.000000e+00 -1.000000e+00
    outer loop
      vertex -1.996354e+01 -1.560268e+01  0.000000e+00
      vertex -1.603822e+01 -1.552781e+01  0.000000e+00
      vertex -1.580815e+01 -1.580815e+01  0.000000e+00
    endloop
  endfacet
  facet normal  -0.000000e+00  0.000000e+00 -1.000000e+00
    outer loop
      vertex -1.996354e+01 -1.560268e+01  0.000000e+00
      vertex -1.580815e+01 -1.580815e+01  0.000000e+00
      vertex -1.985471e+01 -1.619658e+01  0.000000e+00
    endloop
  endfacet
  facet normal  0.000000e+00  0.000000e+00 -1.000000e+00
    outer loop
      vertex  1.486092e+01  1.631445e+01  0.000000e+00
      vertex  1.985471e+01  1.619658e+01  0.000000e+00
      vertex  1.520796e+01  1.620918e+01  0.000000e+00
    endloop
  endfacet
  facet normal  0.000000e+00  0.000000e+00 -1.000000e+00
    outer loop
      vertex  1.520796e+01  1.620918e+01  0.000000e+00
      vertex  1.985471e+01  1.619658e+01  0.000000e+00
      vertex  1.996354e+01  1.560268e+01  0.000000e+00
    endloop
  endfacet
  facet normal  0.000000e+00  0.000000e+00 -1.000000e+00
    outer loop
      vertex  1.520796e+01  1.620918e+01  0.000000e+00
      vertex  1.996354e+01  1.560268e+01  0.000000e+00
      vertex  1.552781e+01  1.603822e+01  0.000000e+00
    endloop
  endfacet
  facet normal  0.000000e+00  0.000000e+00 -1.000000e+00
    outer loop
      vertex  1.620918e+01 -1.520796e+01  0.000000e+00
      vertex  1.996354e+01 -1.560268e+01  0.000000e+00
      vertex  1.603822e+01 -1.552781e+01  0.000000e+00
    endloop
  endfacet
  facet normal  0.000000e+00  0.000000e+00 -1.000000e+00
    outer loop
      vertex  1.603822e+01 -1.552781e+01  0.000000e+00
      vertex  1.996354e+01 -1.560268e+01  0.000000e+00
      vertex  1.985471e+01 -1.619658e+01  0.000000e+00
    endloop
  endfacet
  facet normal  0.000000e+00  0.000000e+00 -1.000000e+00
    outer loop
      vertex  1.603822e+01 -1.552781e+01  0.000000e+00
      vertex  1.985471e+01 -1.619658e+01  0.000000e+00
      vertex  1.580815e+01 -1.580815e+01  0.000000e+00
    endloop
  endfacet
  facet normal  -0.000000e+00  0.000000e+00 -9.999999e-01
    outer loop
      vertex  1.552781e+01 -1.603822e+01  0.000000e+00
      vertex  1.985471e+01 -1.619658e+01  0.000000e+00
      vertex  1.520796e+01 -1.620918e+01  0.000000e+00
    endloop
  endfacet
  facet normal  0.000000e+00  0.000000e+00 -1.000000e+00
    outer loop
      vertex  1.520796e+01 -1.620918e+01  0.000000e+00
      vertex  1.985471e+01 -1.619658e+01  0.000000e+00
      vertex  1.967508e+01 -1.677302e+01  0.000000e+00
    endloop
  endfacet
  facet normal  0.000000e+00  0.000000e+00 -1.000000e+00
    outer loop
      vertex  1.520796e+01 -1.620918e+01  0.000000e+00
      vertex  1.967508e+01 -1.677302e+01  0.000000e+00
      vertex  1.486092e+01 -1.631445e+01  0.000000e+00
    endloop
  endfacet
  facet normal -9.868158e-01  1.617800e-01 -4.651572e-03
    outer loop
      vertex  6.615258e+00 -1.341964e+00  3.900000e+00
      vertex  6.592189e+00 -1.451051e+00  5.000000e+00
      vertex  6.710431e+00 -7.298034e-01  5.000000e+00
    endloop
  endfacet
  facet normal -9.688596e-01  2.475750e-01  4.233269e-03
    outer loop
      vertex  6.592189e+00 -1.451051e+00  5.000000e+00
      vertex  6.615258e+00 -1.341964e+00  3.900000e+00
      vertex  6.448093e+00 -1.996144e+00  3.900000e+00
    endloop
  endfacet
  facet normal -9.635305e-01  2.675231e-01 -6.349865e-03
    outer loop
      vertex  6.448093e+00 -1.996144e+00  3.900000e+00
      vertex  6.396659e+00 -2.155285e+00  5.000000e+00
      vertex  6.592189e+00 -1.451051e+00  5.000000e+00
    endloop
  endfacet
  facet normal -9.392715e-01  3.431274e-01  5.722402e-03
    outer loop
      vertex  6.396659e+00 -2.155285e+00  5.000000e+00
      vertex  6.448093e+00 -1.996144e+00  3.900000e+00
      vertex  6.216410e+00 -2.630352e+00  3.900000e+00
    endloop
  endfacet
  facet normal -9.289496e-01  3.701276e-01 -7.629781e-03
    outer loop
      vertex  6.216410e+00 -2.630352e+00  3.900000e+00
      vertex  6.126134e+00 -2.834251e+00  5.000000e+00
      vertex  6.396659e+00 -2.155285e+00  5.000000e+00
    endloop
  endfacet
  facet normal -9.002863e-01  4.352453e-01  6.793024e-03
    outer loop
      vertex  6.126134e+00 -2.834251e+00  5.000000e+00
      vertex  6.216410e+00 -2.630352e+00  3.900000e+00
      vertex  5.922525e+00 -3.238240e+00  3.900000e+00
    endloop
  endfacet
  facet normal -8.834803e-01  4.683915e-01 -8.491071e-03
    outer loop
      vertex  5.922525e+00 -3.238240e+00  3.900000e+00
      vertex  5.783786e+00 -3.479989e+00  5.000000e+00
      vertex  6.126134e+00 -2.834251e+00  5.000000e+00
    endloop
  endfacet
  facet normal -8.522953e-01  5.230079e-01  7.445310e-03
    outer loop
      vertex  5.783786e+00 -3.479989e+00  5.000000e+00
      vertex  5.922525e+00 -3.238240e+00  3.900000e+00
      vertex  5.569380e+00 -3.813726e+00  3.900000e+00
    endloop
  endfacet
  facet normal -8.276560e-01  5.611645e-01 -8.933878e-03
    outer loop
      vertex  5.569380e+00 -3.813726e+00  3.900000e+00
      vertex  5.373628e+00 -4.084926e+00  5.000000e+00
      vertex  5.783786e+00 -3.479989e+00  5.000000e+00
    endloop
  endfacet
  facet normal -7.957790e-01  6.055384e-01  7.679001e-03
    outer loop
      vertex  5.373628e+00 -4.084926e+00  5.000000e+00
      vertex  5.569380e+00 -3.813726e+00  3.900000e+00
      vertex  5.160508e+00 -4.351053e+00  3.900000e+00
    endloop
  endfacet
  facet normal -7.621315e-01  6.473604e-01 -8.958218e-03
    outer loop
      vertex  5.160508e+00 -4.351053e+00  3.900000e+00
      vertex  4.900470e+00 -4.641971e+00  5.000000e+00
      vertex  5.373628e+00 -4.084926e+00  5.000000e+00
    endloop
  endfacet
  facet normal -6.318877e-01  7.750261e-01  7.247084e-03
    outer loop
      vertex  3.984315e+00 -5.448645e+00  3.900000e+00
      vertex  4.369857e+00 -5.144594e+00  5.000000e+00
      vertex  4.534589e+00 -5.000000e+00  3.900000e+00
    endloop
  endfacet
  facet normal -6.051554e-01  7.960678e-01 -7.938536e-03
    outer loop
      vertex  3.984315e+00 -5.448645e+00  3.900000e+00
      vertex  3.788013e+00 -5.586901e+00  5.000000e+00
      vertex  4.369857e+00 -5.144594e+00  5.000000e+00
    endloop
  endfacet
  facet normal -5.469840e-01  8.371086e-01  7.600864e-03
    outer loop
      vertex  3.788013e+00 -5.586901e+00  5.000000e+00
      vertex  3.984315e+00 -5.448645e+00  3.900000e+00
      vertex  3.389961e+00 -5.837008e+00  3.900000e+00
    endloop
  endfacet
  facet normal -5.155365e-01  8.568279e-01 -8.262451e-03
    outer loop
      vertex  3.389961e+00 -5.837008e+00  3.900000e+00
      vertex  3.161757e+00 -5.963706e+00  5.000000e+00
      vertex  3.788013e+00 -5.586901e+00  5.000000e+00
    endloop
  endfacet
  facet normal -4.560289e-01  8.899299e-01  7.895592e-03
    outer loop
      vertex  3.161757e+00 -5.963706e+00  5.000000e+00
      vertex  3.389961e+00 -5.837008e+00  3.900000e+00
      vertex  2.758101e+00 -6.160793e+00  3.900000e+00
    endloop
  endfacet
  facet normal -4.198734e-01  9.075426e-01 -8.527666e-03
    outer loop
      vertex  2.758101e+00 -6.160793e+00  3.900000e+00
      vertex  2.498433e+00 -6.270593e+00  5.000000e+00
      vertex  3.161757e+00 -5.963706e+00  5.000000e+00
    endloop
  endfacet
  facet normal -3.600295e-01  9.329055e-01  8.130918e-03
    outer loop
      vertex  2.498433e+00 -6.270593e+00  5.000000e+00
      vertex  2.758101e+00 -6.160793e+00  3.900000e+00
      vertex  2.095727e+00 -6.416419e+00  3.900000e+00
    endloop
  endfacet
  facet normal -3.192896e-01  9.476169e-01 -8.734069e-03
    outer loop
      vertex  2.095727e+00 -6.416419e+00  3.900000e+00
      vertex  1.805816e+00 -6.503963e+00  5.000000e+00
      vertex  2.498433e+00 -6.270593e+00  5.000000e+00
    endloop
  endfacet
  facet normal -2.600469e-01  9.655603e-01  8.307716e-03
    outer loop
      vertex  1.805816e+00 -6.503963e+00  5.000000e+00
      vertex  2.095727e+00 -6.416419e+00  3.900000e+00
      vertex  1.410167e+00 -6.601055e+00  3.900000e+00
    endloop
  endfacet
  facet normal -2.149617e-01  9.765821e-01 -8.881390e-03
    outer loop
      vertex  1.410167e+00 -6.601055e+00  3.900000e+00
      vertex  1.092028e+00 -6.661079e+00  5.000000e+00
      vertex  1.805816e+00 -6.503963e+00  5.000000e+00
    endloop
  endfacet
  facet normal -1.571874e-01  9.875329e-01  8.425489e-03
    outer loop
      vertex  1.092028e+00 -6.661079e+00  5.000000e+00
      vertex  1.410167e+00 -6.601055e+00  3.900000e+00
      vertex  7.090058e-01 -6.712660e+00  3.900000e+00
    endloop
  endfacet
  facet normal -1.081146e-01  9.940979e-01 -8.969643e-03
    outer loop
      vertex  7.090058e-01 -6.712660e+00  3.900000e+00
      vertex  3.654376e-01 -6.740100e+00  5.000000e+00
      vertex  1.092028e+00 -6.661079e+00  5.000000e+00
    endloop
  endfacet
  facet normal -5.259008e-02  9.985801e-01  8.484394e-03
    outer loop
      vertex  3.654376e-01 -6.740100e+00  5.000000e+00
      vertex  7.090058e-01 -6.712660e+00  3.900000e+00
      vertex  4.755249e-15 -6.750000e+00  3.900000e+00
    endloop
  endfacet
  facet normal  0.000000e+00  9.999595e-01 -8.999288e-03
    outer loop
      vertex  4.755249e-15 -6.750000e+00  3.900000e+00
      vertex -3.654376e-01 -6.740100e+00  5.000000e+00
      vertex  3.654376e-01 -6.740100e+00  5.000000e+00
    endloop
  endfacet
  facet normal  5.259008e-02  9.985801e-01  8.484395e-03
    outer loop
      vertex -7.090058e-01 -6.712660e+00  3.900000e+00
      vertex -3.654376e-01 -6.740100e+00  5.000000e+00
      vertex  4.755249e-15 -6.750000e+00  3.900000e+00
    endloop
  endfacet
  facet normal  1.081146e-01  9.940979e-01 -8.969643e-03
    outer loop
      vertex -1.092028e+00 -6.661079e+00  5.000000e+00
      vertex -3.654376e-01 -6.740100e+00  5.000000e+00
      vertex -7.090058e-01 -6.712660e+00  3.900000e+00
    endloop
  endfacet
  facet normal  1.571874e-01  9.875329e-01  8.425492e-03
    outer loop
      vertex -1.410167e+00 -6.601055e+00  3.900000e+00
      vertex -1.092028e+00 -6.661079e+00  5.000000e+00
      vertex -7.090058e-01 -6.712660e+00  3.900000e+00
    endloop
  endfacet
  facet normal  2.149617e-01  9.765821e-01 -8.881390e-03
    outer loop
      vertex -1.805816e+00 -6.503963e+00  5.000000e+00
      vertex -1.092028e+00 -6.661079e+00  5.000000e+00
      vertex -1.410167e+00 -6.601055e+00  3.900000e+00
    endloop
  endfacet
  facet normal  2.600469e-01  9.655603e-01  8.307714e-03
    outer loop
      vertex -2.095727e+00 -6.416419e+00  3.900000e+00
      vertex -1.805816e+00 -6.503963e+00  5.000000e+00
      vertex -1.410167e+00 -6.601055e+00  3.900000e+00
    endloop
  endfacet
  facet normal  3.192896e-01  9.476169e-01 -8.734069e-03
    outer loop
      vertex -2.498433e+00 -6.270593e+00  5.000000e+00
      vertex -1.805816e+00 -6.503963e+00  5.000000e+00
      vertex -2.095727e+00 -6.416419e+00  3.900000e+00
    endloop
  endfacet
  facet normal  3.600295e-01  9.329055e-01  8.130914e-03
    outer loop
      vertex -2.758101e+00 -6.160793e+00  3.900000e+00
      vertex -2.498433e+00 -6.270593e+00  5.000000e+00
      vertex -2.095727e+00 -6.416419e+00  3.900000e+00
    endloop
  endfacet
  facet normal  4.198734e-01  9.075426e-01 -8.527666e-03
    outer loop
      vertex -3.161757e+00 -5.963706e+00  5.000000e+00
      vertex -2.498433e+00 -6.270593e+00  5.000000e+00
      vertex -2.758101e+00 -6.160793e+00  3.900000e+00
    endloop
  endfacet
  facet normal  4.560289e-01  8.899300e-01  7.895592e-03
    outer loop
      vertex -3.389961e+00 -5.837008e+00  3.900000e+00
      vertex -3.161757e+00 -5.963706e+00  5.000000e+00
      vertex -2.758101e+00 -6.160793e+00  3.900000e+00
    endloop
  endfacet
  facet normal  5.155365e-01  8.568279e-01 -8.262451e-03
    outer loop
      vertex -3.788013e+00 -5.586901e+00  5.000000e+00
      vertex -3.161757e+00 -5.963706e+00  5.000000e+00
      vertex -3.389961e+00 -5.837008e+00  3.900000e+00
    endloop
  endfacet
  facet normal  5.469840e-01  8.371086e-01  7.600859e-03
    outer loop
      vertex -3.984315e+00 -5.448645e+00  3.900000e+00
      vertex -3.788013e+00 -5.586901e+00  5.000000e+00
      vertex -3.389961e+00 -5.837008e+00  3.900000e+00
    endloop
  endfacet
  facet normal  6.051554e-01  7.960678e-01 -7.938536e-03
    outer loop
      vertex -4.369857e+00 -5.144594e+00  5.000000e+00
      vertex -3.788013e+00 -5.586901e+00  5.000000e+00
      vertex -3.984315e+00 -5.448645e+00  3.900000e+00
    endloop
  endfacet
  facet normal  7.313025e-01  6.820121e-01  7.494077e-03
    outer loop
      vertex -5.160508e+00 -4.351053e+00  3.900000e+00
      vertex -4.900470e+00 -4.641971e+00  5.000000e+00
      vertex -4.700000e+00 -4.844842e+00  3.900000e+00
    endloop
  endfacet
  facet normal  7.621315e-01  6.473604e-01 -8.958218e-03
    outer loop
      vertex -5.160508e+00 -4.351053e+00  3.900000e+00
      vertex -5.373628e+00 -4.084926e+00  5.000000e+00
      vertex -4.900470e+00 -4.641971e+00  5.000000e+00
    endloop
  endfacet
  facet normal  7.957790e-01  6.055384e-01  7.679001e-03
    outer loop
      vertex -5.569380e+00 -3.813726e+00  3.900000e+00
      vertex -5.373628e+00 -4.084926e+00  5.000000e+00
      vertex -5.160508e+00 -4.351053e+00  3.900000e+00
    endloop
  endfacet
  facet normal  8.276560e-01  5.611645e-01 -8.933878e-03
    outer loop
      vertex -5.783786e+00 -3.479989e+00  5.000000e+00
      vertex -5.373628e+00 -4.084926e+00  5.000000e+00
      vertex -5.569380e+00 -3.813726e+00  3.900000e+00
    endloop
  endfacet
  facet normal  8.522954e-01  5.230079e-01  7.445310e-03
    outer loop
      vertex -5.922525e+00 -3.238240e+00  3.900000e+00
      vertex -5.783786e+00 -3.479989e+00  5.000000e+00
      vertex -5.569380e+00 -3.813726e+00  3.900000e+00
    endloop
  endfacet
  facet normal  8.834803e-01  4.683915e-01 -8.491071e-03
    outer loop
      vertex -6.126134e+00 -2.834251e+00  5.000000e+00
      vertex -5.783786e+00 -3.479989e+00  5.000000e+00
      vertex -5.922525e+00 -3.238240e+00  3.900000e+00
    endloop
  endfacet
  facet normal  9.002863e-01  4.352453e-01  6.793029e-03
    outer loop
      vertex -6.216410e+00 -2.630352e+00  3.900000e+00
      vertex -6.126134e+00 -2.834251e+00  5.000000e+00
      vertex -5.922525e+00 -3.238240e+00  3.900000e+00
    endloop
  endfacet
  facet normal  9.289496e-01  3.701276e-01 -7.629781e-03
    outer loop
      vertex -6.396659e+00 -2.155285e+00  5.000000e+00
      vertex -6.126134e+00 -2.834251e+00  5.000000e+00
      vertex -6.216410e+00 -2.630352e+00  3.900000e+00
    endloop
  endfacet
  facet normal  9.392715e-01  3.431274e-01  5.722402e-03
    outer loop
      vertex -6.448093e+00 -1.996144e+00  3.900000e+00
      vertex -6.396659e+00 -2.155285e+00  5.000000e+00
      vertex -6.216410e+00 -2.630352e+00  3.900000e+00
    endloop
  endfacet
  facet normal  9.635305e-01  2.675231e-01 -6.349865e-03
    outer loop
      vertex -6.592189e+00 -1.451051e+00  5.000000e+00
      vertex -6.396659e+00 -2.155285e+00  5.000000e+00
      vertex -6.448093e+00 -1.996144e+00  3.900000e+00
    endloop
  endfacet
  facet normal  9.688596e-01  2.475750e-01  4.233270e-03
    outer loop
      vertex -6.615258e+00 -1.341964e+00  3.900000e+00
      vertex -6.592189e+00 -1.451051e+00  5.000000e+00
      vertex -6.448093e+00 -1.996144e+00  3.900000e+00
    endloop
  endfacet
  facet normal  9.868158e-01  1.617800e-01 -4.651572e-03
    outer loop
      vertex -6.710431e+00 -7.298034e-01  5.000000e+00
      vertex -6.592189e+00 -1.451051e+00  5.000000e+00
      vertex -6.615258e+00 -1.341964e+00  3.900000e+00
    endloop
  endfacet
  facet normal -9.887524e-01  1.495435e-01  2.325674e-03
    outer loop
      vertex  6.615258e+00 -1.341964e+00  3.900000e+00
      vertex  6.710431e+00 -7.298034e-01  5.000000e+00
      vertex  6.716230e+00 -6.743557e-01  3.900000e+00
    endloop
  endfacet
  facet normal -9.985302e-01  5.413889e-02 -2.534927e-03
    outer loop
      vertex  6.716230e+00 -6.743557e-01  3.900000e+00
      vertex  6.710431e+00 -7.298034e-01  5.000000e+00
      vertex  6.750000e+00  0.000000e+00  5.000000e+00
    endloop
  endfacet
  facet normal -9.987485e-01  5.001488e-02  0.000000e+00
    outer loop
      vertex  6.716230e+00 -6.743557e-01  3.900000e+00
      vertex  6.750000e+00  0.000000e+00  5.000000e+00
      vertex  6.750000e+00  0.000000e+00  3.900000e+00
    endloop
  endfacet
  facet normal -7.313025e-01  6.820121e-01  7.494072e-03
    outer loop
      vertex  5.160508e+00 -4.351053e+00  3.900000e+00
      vertex  4.700000e+00 -4.844842e+00  3.900000e+00
      vertex  4.900470e+00 -4.641971e+00  5.000000e+00
    endloop
  endfacet
  facet normal -6.841080e-01  7.293144e-01 -9.830808e-03
    outer loop
      vertex  4.900470e+00 -4.641971e+00  5.000000e+00
      vertex  4.700000e+00 -4.844842e+00  3.900000e+00
      vertex  4.534589e+00 -5.000000e+00  3.900000e+00
    endloop
  endfacet
  facet normal -6.876796e-01  7.259749e-01 -7.555836e-03
    outer loop
      vertex  4.900470e+00 -4.641971e+00  5.000000e+00
      vertex  4.534589e+00 -5.000000e+00  3.900000e+00
      vertex  4.369857e+00 -5.144594e+00  5.000000e+00
    endloop
  endfacet
  facet normal  6.318877e-01  7.750261e-01  7.247084e-03
    outer loop
      vertex -3.984315e+00 -5.448645e+00  3.900000e+00
      vertex -4.534589e+00 -5.000000e+00  3.900000e+00
      vertex -4.369857e+00 -5.144594e+00  5.000000e+00
    endloop
  endfacet
  facet normal  6.841263e-01  7.293339e-01 -6.582160e-03
    outer loop
      vertex -4.369857e+00 -5.144594e+00  5.000000e+00
      vertex -4.534589e+00 -5.000000e+00  3.900000e+00
      vertex -4.700000e+00 -4.844842e+00  3.900000e+00
    endloop
  endfacet
  facet normal  6.876740e-01  7.259690e-01 -8.563901e-03
    outer loop
      vertex -4.369857e+00 -5.144594e+00  5.000000e+00
      vertex -4.700000e+00 -4.844842e+00  3.900000e+00
      vertex -4.900470e+00 -4.641971e+00  5.000000e+00
    endloop
  endfacet
  facet normal  9.887524e-01  1.495435e-01  2.325674e-03
    outer loop
      vertex -6.615258e+00 -1.341964e+00  3.900000e+00
      vertex -6.716230e+00 -6.743557e-01  3.900000e+00
      vertex -6.710431e+00 -7.298034e-01  5.000000e+00
    endloop
  endfacet
  facet normal  9.987447e-01  5.001469e-02 -2.743947e-03
    outer loop
      vertex -6.710431e+00 -7.298034e-01  5.000000e+00
      vertex -6.716230e+00 -6.743557e-01  3.900000e+00
      vertex -6.750000e+00  8.266366e-16  3.900000e+00
    endloop
  endfacet
  facet normal  9.985334e-01  5.413906e-02  -0.000000e+00
    outer loop
      vertex -6.710431e+00 -7.298034e-01  5.000000e+00
      vertex -6.750000e+00  8.266366e-16  3.900000e+00
      vertex -6.750000e+00  8.266366e-16  5.000000e+00
    endloop
  endfacet
  facet normal  9.868158e-01 -1.617800e-01 -4.651572e-03
    outer loop
      vertex -6.615258e+00  1.341964e+00  3.900000e+00
      vertex -6.592189e+00  1.451051e+00  5.000000e+00
      vertex -6.710431e+00  7.298034e-01  5.000000e+00
    endloop
  endfacet
  facet normal  9.688596e-01 -2.475750e-01  4.233269e-03
    outer loop
      vertex -6.592189e+00  1.451051e+00  5.000000e+00
      vertex -6.615258e+00  1.341964e+00  3.900000e+00
      vertex -6.448093e+00  1.996144e+00  3.900000e+00
    endloop
  endfacet
  facet normal  9.635305e-01 -2.675231e-01 -6.349865e-03
    outer loop
      vertex -6.448093e+00  1.996144e+00  3.900000e+00
      vertex -6.396659e+00  2.155285e+00  5.000000e+00
      vertex -6.592189e+00  1.451051e+00  5.000000e+00
    endloop
  endfacet
  facet normal  9.392715e-01 -3.431274e-01  5.722402e-03
    outer loop
      vertex -6.396659e+00  2.155285e+00  5.000000e+00
      vertex -6.448093e+00  1.996144e+00  3.900000e+00
      vertex -6.216410e+00  2.630352e+00  3.900000e+00
    endloop
  endfacet
  facet normal  9.289496e-01 -3.701276e-01 -7.629781e-03
    outer loop
      vertex -6.216410e+00  2.630352e+00  3.900000e+00
      vertex -6.126134e+00  2.834251e+00  5.000000e+00
      vertex -6.396659e+00  2.155285e+00  5.000000e+00
    endloop
  endfacet
  facet normal  9.002863e-01 -4.352453e-01  6.793024e-03
    outer loop
      vertex -6.126134e+00  2.834251e+00  5.000000e+00
      vertex -6.216410e+00  2.630352e+00  3.900000e+00
      vertex -5.922525e+00  3.238240e+00  3.900000e+00
    endloop
  endfacet
  facet normal  8.834803e-01 -4.683915e-01 -8.491071e-03
    outer loop
      vertex -5.922525e+00  3.238240e+00  3.900000e+00
      vertex -5.783786e+00  3.479989e+00  5.000000e+00
      vertex -6.126134e+00  2.834251e+00  5.000000e+00
    endloop
  endfacet
  facet normal  8.522953e-01 -5.230079e-01  7.445310e-03
    outer loop
      vertex -5.783786e+00  3.479989e+00  5.000000e+00
      vertex -5.922525e+00  3.238240e+00  3.900000e+00
      vertex -5.569380e+00  3.813726e+00  3.900000e+00
    endloop
  endfacet
  facet normal  8.276560e-01 -5.611645e-01 -8.933878e-03
    outer loop
      vertex -5.569380e+00  3.813726e+00  3.900000e+00
      vertex -5.373628e+00  4.084926e+00  5.000000e+00
      vertex -5.783786e+00  3.479989e+00  5.000000e+00
    endloop
  endfacet
  facet normal  7.957790e-01 -6.055384e-01  7.679001e-03
    outer loop
      vertex -5.373628e+00  4.084926e+00  5.000000e+00
      vertex -5.569380e+00  3.813726e+00  3.900000e+00
      vertex -5.160508e+00  4.351053e+00  3.900000e+00
    endloop
  endfacet
  facet normal  7.621315e-01 -6.473604e-01 -8.958218e-03
    outer loop
      vertex -5.160508e+00  4.351053e+00  3.900000e+00
      vertex -4.900470e+00  4.641971e+00  5.000000e+00
      vertex -5.373628e+00  4.084926e+00  5.000000e+00
    endloop
  endfacet
  facet normal  6.318877e-01 -7.750261e-01  7.247084e-03
    outer loop
      vertex -3.984315e+00  5.448645e+00  3.900000e+00
      vertex -4.369857e+00  5.144594e+00  5.000000e+00
      vertex -4.534589e+00  5.000000e+00  3.900000e+00
    endloop
  endfacet
  facet normal  6.051554e-01 -7.960678e-01 -7.938536e-03
    outer loop
      vertex -3.984315e+00  5.448645e+00  3.900000e+00
      vertex -3.788013e+00  5.586901e+00  5.000000e+00
      vertex -4.369857e+00  5.144594e+00  5.000000e+00
    endloop
  endfacet
  facet normal  5.469840e-01 -8.371086e-01  7.600864e-03
    outer loop
      vertex -3.788013e+00  5.586901e+00  5.000000e+00
      vertex -3.984315e+00  5.448645e+00  3.900000e+00
      vertex -3.389961e+00  5.837008e+00  3.900000e+00
    endloop
  endfacet
  facet normal  5.155365e-01 -8.568279e-01 -8.262451e-03
    outer loop
      vertex -3.389961e+00  5.837008e+00  3.900000e+00
      vertex -3.161757e+00  5.963706e+00  5.000000e+00
      vertex -3.788013e+00  5.586901e+00  5.000000e+00
    endloop
  endfacet
  facet normal  4.560289e-01 -8.899299e-01  7.895592e-03
    outer loop
      vertex -3.161757e+00  5.963706e+00  5.000000e+00
      vertex -3.389961e+00  5.837008e+00  3.900000e+00
      vertex -2.758101e+00  6.160793e+00  3.900000e+00
    endloop
  endfacet
  facet normal  4.198734e-01 -9.075426e-01 -8.527666e-03
    outer loop
      vertex -2.758101e+00  6.160793e+00  3.900000e+00
      vertex -2.498433e+00  6.270593e+00  5.000000e+00
      vertex -3.161757e+00  5.963706e+00  5.000000e+00
    endloop
  endfacet
  facet normal  3.600295e-01 -9.329055e-01  8.130918e-03
    outer loop
      vertex -2.498433e+00  6.270593e+00  5.000000e+00
      vertex -2.758101e+00  6.160793e+00  3.900000e+00
      vertex -2.095727e+00  6.416419e+00  3.900000e+00
    endloop
  endfacet
  facet normal  3.192896e-01 -9.476169e-01 -8.734069e-03
    outer loop
      vertex -2.095727e+00  6.416419e+00  3.900000e+00
      vertex -1.805816e+00  6.503963e+00  5.000000e+00
      vertex -2.498433e+00  6.270593e+00  5.000000e+00
    endloop
  endfacet
  facet normal  2.600469e-01 -9.655603e-01  8.307716e-03
    outer loop
      vertex -1.805816e+00  6.503963e+00  5.000000e+00
      vertex -2.095727e+00  6.416419e+00  3.900000e+00
      vertex -1.410167e+00  6.601055e+00  3.900000e+00
    endloop
  endfacet
  facet normal  2.149617e-01 -9.765821e-01 -8.881390e-03
    outer loop
      vertex -1.410167e+00  6.601055e+00  3.900000e+00
      vertex -1.092028e+00  6.661079e+00  5.000000e+00
      vertex -1.805816e+00  6.503963e+00  5.000000e+00
    endloop
  endfacet
  facet normal  1.571874e-01 -9.875329e-01  8.425489e-03
    outer loop
      vertex -1.092028e+00  6.661079e+00  5.000000e+00
      vertex -1.410167e+00  6.601055e+00  3.900000e+00
      vertex -7.090058e-01  6.712660e+00  3.900000e+00
    endloop
  endfacet
  facet normal  1.081146e-01 -9.940979e-01 -8.969643e-03
    outer loop
      vertex -7.090058e-01  6.712660e+00  3.900000e+00
      vertex -3.654376e-01  6.740100e+00  5.000000e+00
      vertex -1.092028e+00  6.661079e+00  5.000000e+00
    endloop
  endfacet
  facet normal  5.259008e-02 -9.985801e-01  8.484394e-03
    outer loop
      vertex -3.654376e-01  6.740100e+00  5.000000e+00
      vertex -7.090058e-01  6.712660e+00  3.900000e+00
      vertex  4.133183e-16  6.750000e+00  3.900000e+00
    endloop
  endfacet
  facet normal  -0.000000e+00 -9.999595e-01 -8.999288e-03
    outer loop
      vertex  4.133183e-16  6.750000e+00  3.900000e+00
      vertex  3.654376e-01  6.740100e+00  5.000000e+00
      vertex -3.654376e-01  6.740100e+00  5.000000e+00
    endloop
  endfacet
  facet normal -5.259008e-02 -9.985801e-01  8.484395e-03
    outer loop
      vertex  7.090058e-01  6.712660e+00  3.900000e+00
      vertex  3.654376e-01  6.740100e+00  5.000000e+00
      vertex  4.133183e-16  6.750000e+00  3.900000e+00
    endloop
  endfacet
  facet normal -1.081146e-01 -9.940979e-01 -8.969643e-03
    outer loop
      vertex  1.092028e+00  6.661079e+00  5.000000e+00
      vertex  3.654376e-01  6.740100e+00  5.000000e+00
      vertex  7.090058e-01  6.712660e+00  3.900000e+00
    endloop
  endfacet
  facet normal -1.571874e-01 -9.875329e-01  8.425492e-03
    outer loop
      vertex  1.410167e+00  6.601055e+00  3.900000e+00
      vertex  1.092028e+00  6.661079e+00  5.000000e+00
      vertex  7.090058e-01  6.712660e+00  3.900000e+00
    endloop
  endfacet
  facet normal -2.149617e-01 -9.765821e-01 -8.881390e-03
    outer loop
      vertex  1.805816e+00  6.503963e+00  5.000000e+00
      vertex  1.092028e+00  6.661079e+00  5.000000e+00
      vertex  1.410167e+00  6.601055e+00  3.900000e+00
    endloop
  endfacet
  facet normal -2.600469e-01 -9.655603e-01  8.307714e-03
    outer loop
      vertex  2.095727e+00  6.416419e+00  3.900000e+00
      vertex  1.805816e+00  6.503963e+00  5.000000e+00
      vertex  1.410167e+00  6.601055e+00  3.900000e+00
    endloop
  endfacet
  facet normal -3.192896e-01 -9.476169e-01 -8.734069e-03
    outer loop
      vertex  2.498433e+00  6.270593e+00  5.000000e+00
      vertex  1.805816e+00  6.503963e+00  5.000000e+00
      vertex  2.095727e+00  6.416419e+00  3.900000e+00
    endloop
  endfacet
  facet normal -3.600295e-01 -9.329055e-01  8.130914e-03
    outer loop
      vertex  2.758101e+00  6.160793e+00  3.900000e+00
      vertex  2.498433e+00  6.270593e+00  5.000000e+00
      vertex  2.095727e+00  6.416419e+00  3.900000e+00
    endloop
  endfacet
  facet normal -4.198734e-01 -9.075426e-01 -8.527666e-03
    outer loop
      vertex  3.161757e+00  5.963706e+00  5.000000e+00
      vertex  2.498433e+00  6.270593e+00  5.000000e+00
      vertex  2.758101e+00  6.160793e+00  3.900000e+00
    endloop
  endfacet
  facet normal -4.560289e-01 -8.899300e-01  7.895592e-03
    outer loop
      vertex  3.389961e+00  5.837008e+00  3.900000e+00
      vertex  3.161757e+00  5.963706e+00  5.000000e+00
      vertex  2.758101e+00  6.160793e+00  3.900000e+00
    endloop
  endfacet
  facet normal -5.155365e-01 -8.568279e-01 -8.262451e-03
    outer loop
      vertex  3.788013e+00  5.586901e+00  5.000000e+00
      vertex  3.161757e+00  5.963706e+00  5.000000e+00
      vertex  3.389961e+00  5.837008e+00  3.900000e+00
    endloop
  endfacet
  facet normal -5.469840e-01 -8.371086e-01  7.600859e-03
    outer loop
      vertex  3.984315e+00  5.448645e+00  3.900000e+00
      vertex  3.788013e+00  5.586901e+00  5.000000e+00
      vertex  3.389961e+00  5.837008e+00  3.900000e+00
    endloop
  endfacet
  facet normal -6.051554e-01 -7.960678e-01 -7.938536e-03
    outer loop
      vertex  4.369857e+00  5.144594e+00  5.000000e+00
      vertex  3.788013e+00  5.586901e+00  5.000000e+00
      vertex  3.984315e+00  5.448645e+00  3.900000e+00
    endloop
  endfacet
  facet normal -7.313025e-01 -6.820121e-01  7.494077e-03
    outer loop
      vertex  5.160508e+00  4.351053e+00  3.900000e+00
      vertex  4.900470e+00  4.641971e+00  5.000000e+00
      vertex  4.700000e+00  4.844842e+00  3.900000e+00
    endloop
  endfacet
  facet normal -7.621315e-01 -6.473604e-01 -8.958218e-03
    outer loop
      vertex  5.160508e+00  4.351053e+00  3.900000e+00
      vertex  5.373628e+00  4.084926e+00  5.000000e+00
      vertex  4.900470e+00  4.641971e+00  5.000000e+00
    endloop
  endfacet
  facet normal -7.957790e-01 -6.055384e-01  7.679001e-03
    outer loop
      vertex  5.569380e+00  3.813726e+00  3.900000e+00
      vertex  5.373628e+00  4.084926e+00  5.000000e+00
      vertex  5.160508e+00  4.351053e+00  3.900000e+00
    endloop
  endfacet
  facet normal -8.276560e-01 -5.611645e-01 -8.933878e-03
    outer loop
      vertex  5.783786e+00  3.479989e+00  5.000000e+00
      vertex  5.373628e+00  4.084926e+00  5.000000e+00
      vertex  5.569380e+00  3.813726e+00  3.900000e+00
    endloop
  endfacet
  facet normal -8.522954e-01 -5.230079e-01  7.445310e-03
    outer loop
      vertex  5.922525e+00  3.238240e+00  3.900000e+00
      vertex  5.783786e+00  3.479989e+00  5.000000e+00
      vertex  5.569380e+00  3.813726e+00  3.900000e+00
    endloop
  endfacet
  facet normal -8.834803e-01 -4.683915e-01 -8.491071e-03
    outer loop
      vertex  6.126134e+00  2.834251e+00  5.000000e+00
      vertex  5.783786e+00  3.479989e+00  5.000000e+00
      vertex  5.922525e+00  3.238240e+00  3.900000e+00
    endloop
  endfacet
  facet normal -9.002863e-01 -4.352453e-01  6.793029e-03
    outer loop
      vertex  6.216410e+00  2.630352e+00  3.900000e+00
      vertex  6.126134e+00  2.834251e+00  5.000000e+00
      vertex  5.922525e+00  3.238240e+00  3.900000e+00
    endloop
  endfacet
  facet normal -9.289496e-01 -3.701276e-01 -7.629781e-03
    outer loop
      vertex  6.396659e+00  2.155285e+00  5.000000e+00
      vertex  6.126134e+00  2.834251e+00  5.000000e+00
      vertex  6.216410e+00  2.630352e+00  3.900000e+00
    endloop
  endfacet
  facet normal -9.392715e-01 -3.431274e-01  5.722402e-03
    outer loop
      vertex  6.448093e+00  1.996144e+00  3.900000e+00
      vertex  6.396659e+00  2.155285e+00  5.000000e+00
      vertex  6.216410e+00  2.630352e+00  3.900000e+00
    endloop
  endfacet
  facet normal -9.635305e-01 -2.675231e-01 -6.349865e-03
    outer loop
      vertex  6.592189e+00  1.451051e+00  5.000000e+00
      vertex  6.396659e+00  2.155285e+00  5.000000e+00
      vertex  6.448093e+00  1.996144e+00  3.900000e+00
    endloop
  endfacet
  facet normal -9.688596e-01 -2.475750e-01  4.233270e-03
    outer loop
      vertex  6.615258e+00  1.341964e+00  3.900000e+00
      vertex  6.592189e+00  1.451051e+00  5.000000e+00
      vertex  6.448093e+00  1.996144e+00  3.900000e+00
    endloop
  endfacet
  facet normal -9.868158e-01 -1.617800e-01 -4.651572e-03
    outer loop
      vertex  6.710431e+00  7.298034e-01  5.000000e+00
      vertex  6.592189e+00  1.451051e+00  5.000000e+00
      vertex  6.615258e+00  1.341964e+00  3.900000e+00
    endloop
  endfacet
  facet normal  9.887524e-01 -1.495435e-01  2.325674e-03
    outer loop
      vertex -6.615258e+00  1.341964e+00  3.900000e+00
      vertex -6.710431e+00  7.298034e-01  5.000000e+00
      vertex -6.716230e+00  6.743557e-01  3.900000e+00
    endloop
  endfacet
  facet normal  9.985302e-01 -5.413889e-02 -2.534927e-03
    outer loop
      vertex -6.716230e+00  6.743557e-01  3.900000e+00
      vertex -6.710431e+00  7.298034e-01  5.000000e+00
      vertex -6.750000e+00  8.266366e-16  5.000000e+00
    endloop
  endfacet
  facet normal  9.987485e-01 -5.001488e-02  0.000000e+00
    outer loop
      vertex -6.716230e+00  6.743557e-01  3.900000e+00
      vertex -6.750000e+00  8.266366e-16  5.000000e+00
      vertex -6.750000e+00  8.266366e-16  3.900000e+00
    endloop
  endfacet
  facet normal  7.313025e-01 -6.820121e-01  7.494072e-03
    outer loop
      vertex -5.160508e+00  4.351053e+00  3.900000e+00
      vertex -4.700000e+00  4.844842e+00  3.900000e+00
      vertex -4.900470e+00  4.641971e+00  5.000000e+00
    endloop
  endfacet
  facet normal  6.841080e-01 -7.293144e-01 -9.830808e-03
    outer loop
      vertex -4.900470e+00  4.641971e+00  5.000000e+00
      vertex -4.700000e+00  4.844842e+00  3.900000e+00
      vertex -4.534589e+00  5.000000e+00  3.900000e+00
    endloop
  endfacet
  facet normal  6.876796e-01 -7.259749e-01 -7.555836e-03
    outer loop
      vertex -4.900470e+00  4.641971e+00  5.000000e+00
      vertex -4.534589e+00  5.000000e+00  3.900000e+00
      vertex -4.369857e+00  5.144594e+00  5.000000e+00
    endloop
  endfacet
  facet normal -6.318877e-01 -7.750261e-01  7.247084e-03
    outer loop
      vertex  3.984315e+00  5.448645e+00  3.900000e+00
      vertex  4.534589e+00  5.000000e+00  3.900000e+00
      vertex  4.369857e+00  5.144594e+00  5.000000e+00
    endloop
  endfacet
  facet normal -6.841263e-01 -7.293339e-01 -6.582160e-03
    outer loop
      vertex  4.369857e+00  5.144594e+00  5.000000e+00
      vertex  4.534589e+00  5.000000e+00  3.900000e+00
      vertex  4.700000e+00  4.844842e+00  3.900000e+00
    endloop
  endfacet
  facet normal -6.876740e-01 -7.259690e-01 -8.563901e-03
    outer loop
      vertex  4.369857e+00  5.144594e+00  5.000000e+00
      vertex  4.700000e+00  4.844842e+00  3.900000e+00
      vertex  4.900470e+00  4.641971e+00  5.000000e+00
    endloop
  endfacet
  facet normal -9.887524e-01 -1.495435e-01  2.325674e-03
    outer loop
      vertex  6.615258e+00  1.341964e+00  3.900000e+00
      vertex  6.716230e+00  6.743557e-01  3.900000e+00
      vertex  6.710431e+00  7.298034e-01  5.000000e+00
    endloop
  endfacet
  facet normal -9.987447e-01 -5.001469e-02 -2.743947e-03
    outer loop
      vertex  6.710431e+00  7.298034e-01  5.000000e+00
      vertex  6.716230e+00  6.743557e-01  3.900000e+00
      vertex  6.750000e+00  0.000000e+00  3.900000e+00
    endloop
  endfacet
  facet normal -9.985334e-01 -5.413906e-02  0.000000e+00
    outer loop
      vertex  6.710431e+00  7.298034e-01  5.000000e+00
      vertex  6.750000e+00  0.000000e+00  3.900000e+00
      vertex  6.750000e+00  0.000000e+00  5.000000e+00
    endloop
  endfacet
  facet normal  1.000000e+00  0.000000e+00  0.000000e+00
    outer loop
      vertex -4.700000e+00  5.000000e+00  8.881784e-16
      vertex -4.700000e+00  5.000000e+00  3.900000e+00
      vertex -4.700000e+00  4.844842e+00  3.900000e+00
    endloop
  endfacet
  facet normal  1.000000e+00  0.000000e+00  0.000000e+00
    outer loop
      vertex -4.700000e+00  5.000000e+00  8.881784e-16
      vertex -4.700000e+00  4.844842e+00  3.900000e+00
      vertex -4.700000e+00 -4.844842e+00  3.900000e+00
    endloop
  endfacet
  facet normal  1.000000e+00  0.000000e+00  0.000000e+00
    outer loop
      vertex -4.700000e+00  5.000000e+00  8.881784e-16
      vertex -4.700000e+00 -4.844842e+00  3.900000e+00
      vertex -4.700000e+00 -5.000000e+00  3.900000e+00
    endloop
  endfacet
  facet normal  1.000000e+00  0.000000e+00  0.000000e+00
    outer loop
      vertex -4.700000e+00  5.000000e+00  8.881784e-16
      vertex -4.700000e+00 -5.000000e+00  3.900000e+00
      vertex -4.700000e+00 -5.000000e+00  8.881784e-16
    endloop
  endfacet
  facet normal  0.000000e+00  1.000000e+00  -0.000000e+00
    outer loop
      vertex  4.700000e+00 -5.000000e+00  3.900000e+00
      vertex  4.700000e+00 -5.000000e+00  8.881784e-16
      vertex  4.534589e+00 -5.000000e+00  3.900000e+00
    endloop
  endfacet
  facet normal  -0.000000e+00  1.000000e+00  0.000000e+00
    outer loop
      vertex  4.700000e+00 -5.000000e+00  8.881784e-16
      vertex -8.881784e-16 -5.000000e+00  3.900000e+00
      vertex  4.534589e+00 -5.000000e+00  3.900000e+00
    endloop
  endfacet
  facet normal  0.000000e+00  1.000000e+00  0.000000e+00
    outer loop
      vertex -8.881784e-16 -5.000000e+00  3.900000e+00
      vertex  4.700000e+00 -5.000000e+00  8.881784e-16
      vertex -4.534589e+00 -5.000000e+00  3.900000e+00
    endloop
  endfacet
  facet normal  0.000000e+00  1.000000e+00  0.000000e+00
    outer loop
      vertex -4.534589e+00 -5.000000e+00  3.900000e+00
      vertex  4.700000e+00 -5.000000e+00  8.881784e-16
      vertex -4.700000e+00 -5.000000e+00  8.881784e-16
    endloop
  endfacet
  facet normal  0.000000e+00  1.000000e+00  0.000000e+00
    outer loop
      vertex -4.534589e+00 -5.000000e+00  3.900000e+00
      vertex -4.700000e+00 -5.000000e+00  8.881784e-16
      vertex -4.700000e+00 -5.000000e+00  3.900000e+00
    endloop
  endfacet
  facet normal -1.000000e+00  0.000000e+00  0.000000e+00
    outer loop
      vertex  4.700000e+00 -5.000000e+00  8.881784e-16
      vertex  4.700000e+00 -5.000000e+00  3.900000e+00
      vertex  4.700000e+00 -4.844842e+00  3.900000e+00
    endloop
  endfacet
  facet normal -1.000000e+00  0.000000e+00  -0.000000e+00
    outer loop
      vertex  4.700000e+00 -5.000000e+00  8.881784e-16
      vertex  4.700000e+00 -4.844842e+00  3.900000e+00
      vertex  4.700000e+00  4.844842e+00  3.900000e+00
    endloop
  endfacet
  facet normal -1.000000e+00  0.000000e+00  -0.000000e+00
    outer loop
      vertex  4.700000e+00 -5.000000e+00  8.881784e-16
      vertex  4.700000e+00  4.844842e+00  3.900000e+00
      vertex  4.700000e+00  5.000000e+00  3.900000e+00
    endloop
  endfacet
  facet normal -1.000000e+00  0.000000e+00  -0.000000e+00
    outer loop
      vertex  4.700000e+00 -5.000000e+00  8.881784e-16
      vertex  4.700000e+00  5.000000e+00  3.900000e+00
      vertex  4.700000e+00  5.000000e+00  8.881784e-16
    endloop
  endfacet
  facet normal  0.000000e+00 -1.000000e+00  0.000000e+00
    outer loop
      vertex -4.700000e+00  5.000000e+00  8.881784e-16
      vertex  4.700000e+00  5.000000e+00  8.881784e-16
      vertex  4.700000e+00  5.000000e+00  3.900000e+00
    endloop
  endfacet
  facet normal  -0.000000e+00 -1.000000e+00  0.000000e+00
    outer loop
      vertex -4.700000e+00  5.000000e+00  8.881784e-16
      vertex  4.700000e+00  5.000000e+00  3.900000e+00
      vertex  4.534589e+00  5.000000e+00  3.900000e+00
    endloop
  endfacet
  facet normal  -0.000000e+00 -1.000000e+00  0.000000e+00
    outer loop
      vertex -4.700000e+00  5.000000e+00  8.881784e-16
      vertex  4.534589e+00  5.000000e+00  3.900000e+00
      vertex -8.881784e-16  5.000000e+00  3.900000e+00
    endloop
  endfacet
  facet normal  -0.000000e+00 -1.000000e+00  0.000000e+00
    outer loop
      vertex -4.700000e+00  5.000000e+00  8.881784e-16
      vertex -8.881784e-16  5.000000e+00  3.900000e+00
      vertex -4.534589e+00  5.000000e+00  3.900000e+00
    endloop
  endfacet
  facet normal  -0.000000e+00 -1.000000e+00  0.000000e+00
    outer loop
      vertex -4.700000e+00  5.000000e+00  8.881784e-16
      vertex -4.534589e+00  5.000000e+00  3.900000e+00
      vertex -4.700000e+00  5.000000e+00  3.900000e+00
    endloop
  endfacet
  facet normal  0.000000e+00  0.000000e+00 -1.000000e+00
    outer loop
      vertex  4.700000e+00 -4.844842e+00  3.900000e+00
      vertex  4.700000e+00 -5.000000e+00  3.900000e+00
      vertex  4.534589e+00 -5.000000e+00  3.900000e+00
    endloop
  endfacet
  facet normal  -0.000000e+00  -0.000000e+00 -1.000000e+00
    outer loop
      vertex  4.534589e+00  5.000000e+00  3.900000e+00
      vertex  4.700000e+00  5.000000e+00  3.900000e+00
      vertex  4.700000e+00  4.844842e+00  3.900000e+00
    endloop
  endfacet
  facet normal  0.000000e+00  0.000000e+00 -1.000000e+00
    outer loop
      vertex -4.700000e+00  4.844842e+00  3.900000e+00
      vertex -4.700000e+00  5.000000e+00  3.900000e+00
      vertex -4.534589e+00  5.000000e+00  3.900000e+00
    endloop
  endfacet
  facet normal  0.000000e+00  0.000000e+00 -1.000000e+00
    outer loop
      vertex -4.534589e+00 -5.000000e+00  3.900000e+00
      vertex -4.700000e+00 -5.000000e+00  3.900000e+00
      vertex -4.700000e+00 -4.844842e+00  3.900000e+00
    endloop
  endfacet
  facet normal  -0.000000e+00  0.000000e+00  1.000000e+00
    outer loop
      vertex -1.652634e+01  1.704095e+01  5.000000e+00
      vertex -1.967508e+01  1.677302e+01  5.000000e+00
      vertex -1.688242e+01  1.671056e+01  5.000000e+00
    endloop
  endfacet
  facet normal  0.000000e+00  0.000000e+00  1.000000e+00
    outer loop
      vertex -1.911492e+01 -1.784032e+01  5.000000e+00
      vertex -1.474287e+01 -1.774091e+01  5.000000e+00
      vertex -1.522319e+01 -1.766852e+01  5.000000e+00
    endloop
  endfacet
  facet normal  0.000000e+00  0.000000e+00  1.000000e+00
    outer loop
      vertex  1.942728e+01  1.732362e+01  5.000000e+00
      vertex  1.522319e+01  1.766852e+01  5.000000e+00
      vertex  1.568736e+01  1.752534e+01  5.000000e+00
    endloop
  endfacet
  facet normal  0.000000e+00  -0.000000e+00  1.000000e+00
    outer loop
      vertex  1.652634e+01  1.704095e+01  5.000000e+00
      vertex  1.688242e+01  1.671056e+01  5.000000e+00
      vertex  1.967508e+01  1.677302e+01  5.000000e+00
    endloop
  endfacet
  facet normal  0.000000e+00  0.000000e+00  1.000000e+00
    outer loop
      vertex -2.000000e+01  1.500000e+01  5.000000e+00
      vertex -2.000000e+01 -1.500000e+01  5.000000e+00
      vertex -1.775000e+01  1.450000e+01  5.000000e+00
    endloop
  endfacet
  facet normal  0.000000e+00  -0.000000e+00  1.000000e+00
    outer loop
      vertex -2.000000e+01  1.500000e+01  5.000000e+00
      vertex -1.775000e+01  1.450000e+01  5.000000e+00
      vertex -1.771370e+01  1.498439e+01  5.000000e+00
    endloop
  endfacet
  facet normal  0.000000e+00  -0.000000e+00  1.000000e+00
    outer loop
      vertex -2.000000e+01  1.500000e+01  5.000000e+00
      vertex -1.771370e+01  1.498439e+01  5.000000e+00
      vertex -1.760561e+01  1.545795e+01  5.000000e+00
    endloop
  endfacet
  facet normal  0.000000e+00  0.000000e+00  9.999999e-01
    outer loop
      vertex -2.000000e+01  1.500000e+01  5.000000e+00
      vertex -1.760561e+01  1.545795e+01  5.000000e+00
      vertex -1.996354e+01  1.560268e+01  5.000000e+00
    endloop
  endfacet
  facet normal  -0.000000e+00  0.000000e+00  9.999999e-01
    outer loop
      vertex -1.500000e+01  2.000000e+01  5.000000e+00
      vertex -1.911492e+01  1.784032e+01  5.000000e+00
      vertex -1.474287e+01  1.774091e+01  5.000000e+00
    endloop
  endfacet
  facet normal  0.000000e+00  -0.000000e+00  1.000000e+00
    outer loop
      vertex -1.500000e+01  2.000000e+01  5.000000e+00
      vertex -1.474287e+01  1.774091e+01  5.000000e+00
      vertex -1.425713e+01  1.774091e+01  5.000000e+00
    endloop
  endfacet
  facet normal  -0.000000e+00  -0.000000e+00  1.000000e+00
    outer loop
      vertex -1.500000e+01  2.000000e+01  5.000000e+00
      vertex -1.425713e+01  1.774091e+01  5.000000e+00
      vertex -1.377681e+01  1.766852e+01  5.000000e+00
    endloop
  endfacet
  facet normal  -0.000000e+00  -0.000000e+00  1.000000e+00
    outer loop
      vertex -1.500000e+01  2.000000e+01  5.000000e+00
      vertex -1.377681e+01  1.766852e+01  5.000000e+00
      vertex -1.331264e+01  1.752534e+01  5.000000e+00
    endloop
  endfacet
  facet normal  -0.000000e+00  -0.000000e+00  1.000000e+00
    outer loop
      vertex -1.500000e+01  2.000000e+01  5.000000e+00
      vertex -1.331264e+01  1.752534e+01  5.000000e+00
      vertex -1.287500e+01  1.731458e+01  5.000000e+00
    endloop
  endfacet
  facet normal  -0.000000e+00  -0.000000e+00  1.000000e+00
    outer loop
      vertex -1.500000e+01  2.000000e+01  5.000000e+00
      vertex -1.287500e+01  1.731458e+01  5.000000e+00
      vertex -1.247366e+01  1.704095e+01  5.000000e+00
    endloop
  endfacet
  facet normal  -0.000000e+00  -0.000000e+00  1.000000e+00
    outer loop
      vertex -1.500000e+01  2.000000e+01  5.000000e+00
      vertex -1.247366e+01  1.704095e+01  5.000000e+00
      vertex -1.211758e+01  1.671056e+01  5.000000e+00
    endloop
  endfacet
  facet normal  -0.000000e+00  -0.000000e+00  1.000000e+00
    outer loop
      vertex -1.500000e+01  2.000000e+01  5.000000e+00
      vertex -1.211758e+01  1.671056e+01  5.000000e+00
      vertex -3.654376e-01  6.740100e+00  5.000000e+00
    endloop
  endfacet
  facet normal  0.000000e+00  -0.000000e+00  1.000000e+00
    outer loop
      vertex -1.500000e+01  2.000000e+01  5.000000e+00
      vertex -3.654376e-01  6.740100e+00  5.000000e+00
      vertex  3.654376e-01  6.740100e+00  5.000000e+00
    endloop
  endfacet
  facet normal  0.000000e+00  -0.000000e+00  1.000000e+00
    outer loop
      vertex -1.500000e+01  2.000000e+01  5.000000e+00
      vertex  3.654376e-01  6.740100e+00  5.000000e+00
      vertex  1.125000e+01  1.450000e+01  5.000000e+00
    endloop
  endfacet
  facet normal  0.000000e+00  -0.000000e+00  9.999999e-01
    outer loop
      vertex -1.500000e+01  2.000000e+01  5.000000e+00
      vertex  1.125000e+01  1.450000e+01  5.000000e+00
      vertex  1.128630e+01  1.498439e+01  5.000000e+00
    endloop
  endfacet
  facet normal  0.000000e+00  -0.000000e+00  1.000000e+00
    outer loop
      vertex -1.500000e+01  2.000000e+01  5.000000e+00
      vertex  1.128630e+01  1.498439e+01  5.000000e+00
      vertex  1.139439e+01  1.545795e+01  5.000000e+00
    endloop
  endfacet
  facet normal  0.000000e+00  -0.000000e+00  1.000000e+00
    outer loop
      vertex -1.500000e+01  2.000000e+01  5.000000e+00
      vertex  1.139439e+01  1.545795e+01  5.000000e+00
      vertex  1.157185e+01  1.591012e+01  5.000000e+00
    endloop
  endfacet
  facet normal  0.000000e+00  -0.000000e+00  1.000000e+00
    outer loop
      vertex -1.500000e+01  2.000000e+01  5.000000e+00
      vertex  1.157185e+01  1.591012e+01  5.000000e+00
      vertex  1.181472e+01  1.633079e+01  5.000000e+00
    endloop
  endfacet
  facet normal  0.000000e+00  -0.000000e+00  1.000000e+00
    outer loop
      vertex -1.500000e+01  2.000000e+01  5.000000e+00
      vertex  1.181472e+01  1.633079e+01  5.000000e+00
      vertex  1.211758e+01  1.671056e+01  5.000000e+00
    endloop
  endfacet
  facet normal  0.000000e+00  -0.000000e+00  1.000000e+00
    outer loop
      vertex -1.500000e+01  2.000000e+01  5.000000e+00
      vertex  1.211758e+01  1.671056e+01  5.000000e+00
      vertex  1.247366e+01  1.704095e+01  5.000000e+00
    endloop
  endfacet
  facet normal  0.000000e+00  -0.000000e+00  1.000000e+00
    outer loop
      vertex -1.500000e+01  2.000000e+01  5.000000e+00
      vertex  1.247366e+01  1.704095e+01  5.000000e+00
      vertex  1.287500e+01  1.731458e+01  5.000000e+00
    endloop
  endfacet
  facet normal  0.000000e+00  -0.000000e+00  1.000000e+00
    outer loop
      vertex -1.500000e+01  2.000000e+01  5.000000e+00
      vertex  1.287500e+01  1.731458e+01  5.000000e+00
      vertex  1.331264e+01  1.752534e+01  5.000000e+00
    endloop
  endfacet
  facet normal  0.000000e+00  -0.000000e+00  1.000000e+00
    outer loop
      vertex -1.500000e+01  2.000000e+01  5.000000e+00
      vertex  1.331264e+01  1.752534e+01  5.000000e+00
      vertex  1.377681e+01  1.766852e+01  5.000000e+00
    endloop
  endfacet
  facet normal  0.000000e+00  -0.000000e+00  1.000000e+00
    outer loop
      vertex -1.500000e+01  2.000000e+01  5.000000e+00
      vertex  1.377681e+01  1.766852e+01  5.000000e+00
      vertex  1.425713e+01  1.774091e+01  5.000000e+00
    endloop
  endfacet
  facet normal  0.000000e+00  -0.000000e+00  1.000000e+00
    outer loop
      vertex -1.500000e+01  2.000000e+01  5.000000e+00
      vertex  1.425713e+01  1.774091e+01  5.000000e+00
      vertex  1.474287e+01  1.774091e+01  5.000000e+00
    endloop
  endfacet
  facet normal  0.000000e+00  -0.000000e+00  1.000000e+00
    outer loop
      vertex -1.500000e+01  2.000000e+01  5.000000e+00
      vertex  1.474287e+01  1.774091e+01  5.000000e+00
      vertex  1.500000e+01  2.000000e+01  5.000000e+00
    endloop
  endfacet
  facet normal  0.000000e+00  0.000000e+00  9.999999e-01
    outer loop
      vertex  2.000000e+01  1.500000e+01  5.000000e+00
      vertex  1.996354e+01  1.560268e+01  5.000000e+00
      vertex  1.760561e+01  1.545795e+01  5.000000e+00
    endloop
  endfacet
  facet normal  0.000000e+00  0.000000e+00  1.000000e+00
    outer loop
      vertex  2.000000e+01  1.500000e+01  5.000000e+00
      vertex  1.760561e+01  1.545795e+01  5.000000e+00
      vertex  1.771370e+01  1.498439e+01  5.000000e+00
    endloop
  endfacet
  facet normal  -0.000000e+00  0.000000e+00  1.000000e+00
    outer loop
      vertex  2.000000e+01  1.500000e+01  5.000000e+00
      vertex  1.771370e+01  1.498439e+01  5.000000e+00
      vertex  1.775000e+01  1.450000e+01  5.000000e+00
    endloop
  endfacet
  facet normal  -0.000000e+00  0.000000e+00  1.000000e+00
    outer loop
      vertex  2.000000e+01  1.500000e+01  5.000000e+00
      vertex  1.775000e+01  1.450000e+01  5.000000e+00
      vertex  2.000000e+01 -1.500000e+01  5.000000e+00
    endloop
  endfacet
  facet normal  0.000000e+00  0.000000e+00  1.000000e+00
    outer loop
      vertex -1.500000e+01 -2.000000e+01  5.000000e+00
      vertex  1.500000e+01 -2.000000e+01  5.000000e+00
      vertex  1.474287e+01 -1.774091e+01  5.000000e+00
    endloop
  endfacet
  facet normal  0.000000e+00  0.000000e+00  1.000000e+00
    outer loop
      vertex -1.500000e+01 -2.000000e+01  5.000000e+00
      vertex  1.474287e+01 -1.774091e+01  5.000000e+00
      vertex  1.425713e+01 -1.774091e+01  5.000000e+00
    endloop
  endfacet
  facet normal  0.000000e+00  0.000000e+00  1.000000e+00
    outer loop
      vertex -1.500000e+01 -2.000000e+01  5.000000e+00
      vertex  1.425713e+01 -1.774091e+01  5.000000e+00
      vertex  1.377681e+01 -1.766852e+01  5.000000e+00
    endloop
  endfacet
  facet normal  0.000000e+00  0.000000e+00  1.000000e+00
    outer loop
      vertex -1.500000e+01 -2.000000e+01  5.000000e+00
      vertex  1.377681e+01 -1.766852e+01  5.000000e+00
      vertex  1.331264e+01 -1.752534e+01  5.000000e+00
    endloop
  endfacet
  facet normal  0.000000e+00  0.000000e+00  1.000000e+00
    outer loop
      vertex -1.500000e+01 -2.000000e+01  5.000000e+00
      vertex  1.331264e+01 -1.752534e+01  5.000000e+00
      vertex  1.287500e+01 -1.731458e+01  5.000000e+00
    endloop
  endfacet
  facet normal  0.000000e+00  0.000000e+00  1.000000e+00
    outer loop
      vertex -1.500000e+01 -2.000000e+01  5.000000e+00
      vertex  1.287500e+01 -1.731458e+01  5.000000e+00
      vertex  1.247366e+01 -1.704095e+01  5.000000e+00
    endloop
  endfacet
  facet normal  0.000000e+00  0.000000e+00  1.000000e+00
    outer loop
      vertex -1.500000e+01 -2.000000e+01  5.000000e+00
      vertex  1.247366e+01 -1.704095e+01  5.000000e+00
      vertex  1.211758e+01 -1.671056e+01  5.000000e+00
    endloop
  endfacet
  facet normal  0.000000e+00  0.000000e+00  1.000000e+00
    outer loop
      vertex -1.500000e+01 -2.000000e+01  5.000000e+00
      vertex  1.211758e+01 -1.671056e+01  5.000000e+00
      vertex  1.181472e+01 -1.633079e+01  5.000000e+00
    endloop
  endfacet
  facet normal  0.000000e+00  0.000000e+00  1.000000e+00
    outer loop
      vertex -1.500000e+01 -2.000000e+01  5.000000e+00
      vertex  1.181472e+01 -1.633079e+01  5.000000e+00
      vertex  1.157185e+01 -1.591012e+01  5.000000e+00
    endloop
  endfacet
  facet normal  0.000000e+00  0.000000e+00  1.000000e+00
    outer loop
      vertex -1.500000e+01 -2.000000e+01  5.000000e+00
      vertex  1.157185e+01 -1.591012e+01  5.000000e+00
      vertex  1.139439e+01 -1.545795e+01  5.000000e+00
    endloop
  endfacet
  facet normal  0.000000e+00  0.000000e+00  1.000000e+00
    outer loop
      vertex -1.500000e+01 -2.000000e+01  5.000000e+00
      vertex  1.139439e+01 -1.545795e+01  5.000000e+00
      vertex  1.128630e+01 -1.498439e+01  5.000000e+00
    endloop
  endfacet
  facet normal  0.000000e+00  0.000000e+00  9.999999e-01
    outer loop
      vertex -1.500000e+01 -2.000000e+01  5.000000e+00
      vertex  1.128630e+01 -1.498439e+01  5.000000e+00
      vertex  1.125000e+01 -1.450000e+01  5.000000e+00
    endloop
  endfacet
  facet normal  0.000000e+00  0.000000e+00  1.000000e+00
    outer loop
      vertex -1.500000e+01 -2.000000e+01  5.000000e+00
      vertex  1.125000e+01 -1.450000e+01  5.000000e+00
      vertex  3.654376e-01 -6.740100e+00  5.000000e+00
    endloop
  endfacet
  facet normal  0.000000e+00  0.000000e+00  1.000000e+00
    outer loop
      vertex -1.500000e+01 -2.000000e+01  5.000000e+00
      vertex  3.654376e-01 -6.740100e+00  5.000000e+00
      vertex -3.654376e-01 -6.740100e+00  5.000000e+00
    endloop
  endfacet
  facet normal  0.000000e+00  0.000000e+00  1.000000e+00
    outer loop
      vertex -1.500000e+01 -2.000000e+01  5.000000e+00
      vertex -3.654376e-01 -6.740100e+00  5.000000e+00
      vertex -1.211758e+01 -1.671056e+01  5.000000e+00
    endloop
  endfacet
  facet normal  0.000000e+00  0.000000e+00  1.000000e+00
    outer loop
      vertex -1.500000e+01 -2.000000e+01  5.000000e+00
      vertex -1.211758e+01 -1.671056e+01  5.000000e+00
      vertex -1.247366e+01 -1.704095e+01  5.000000e+00
    endloop
  endfacet
  facet normal  0.000000e+00  0.000000e+00  9.999999e-01
    outer loop
      vertex -1.500000e+01 -2.000000e+01  5.000000e+00
      vertex -1.247366e+01 -1.704095e+01  5.000000e+00
      vertex -1.287500e+01 -1.731458e+01  5.000000e+00
    endloop
  endfacet
  facet normal  0.000000e+00  0.000000e+00  1.000000e+00
    outer loop
      vertex -1.500000e+01 -2.000000e+01  5.000000e+00
      vertex -1.287500e+01 -1.731458e+01  5.000000e+00
      vertex -1.331264e+01 -1.752534e+01  5.000000e+00
    endloop
  endfacet
  facet normal  0.000000e+00  0.000000e+00  1.000000e+00
    outer loop
      vertex -1.500000e+01 -2.000000e+01  5.000000e+00
      vertex -1.331264e+01 -1.752534e+01  5.000000e+00
      vertex -1.377681e+01 -1.766852e+01  5.000000e+00
    endloop
  endfacet
  facet normal  0.000000e+00  0.000000e+00  1.000000e+00
    outer loop
      vertex -1.500000e+01 -2.000000e+01  5.000000e+00
      vertex -1.377681e+01 -1.766852e+01  5.000000e+00
      vertex -1.425713e+01 -1.774091e+01  5.000000e+00
    endloop
  endfacet
  facet normal  0.000000e+00  0.000000e+00  1.000000e+00
    outer loop
      vertex -1.500000e+01 -2.000000e+01  5.000000e+00
      vertex -1.425713e+01 -1.774091e+01  5.000000e+00
      vertex -1.474287e+01 -1.774091e+01  5.000000e+00
    endloop
  endfacet
  facet normal  0.000000e+00  0.000000e+00  1.000000e+00
    outer loop
      vertex -1.500000e+01 -2.000000e+01  5.000000e+00
      vertex -1.474287e+01 -1.774091e+01  5.000000e+00
      vertex -1.911492e+01 -1.784032e+01  5.000000e+00
    endloop
  endfacet
  facet normal  0.000000e+00  0.000000e+00  1.000000e+00
    outer loop
      vertex -1.425713e+01 -1.125909e+01  5.000000e+00
      vertex -3.654376e-01 -6.740100e+00  5.000000e+00
      vertex -1.092028e+00 -6.661079e+00  5.000000e+00
    endloop
  endfacet
  facet normal  0.000000e+00  0.000000e+00  1.000000e+00
    outer loop
      vertex -1.425713e+01 -1.125909e+01  5.000000e+00
      vertex -1.092028e+00 -6.661079e+00  5.000000e+00
      vertex -1.805816e+00 -6.503963e+00  5.000000e+00
    endloop
  endfacet
  facet normal  0.000000e+00  0.000000e+00  1.000000e+00
    outer loop
      vertex -1.425713e+01 -1.125909e+01  5.000000e+00
      vertex -1.805816e+00 -6.503963e+00  5.000000e+00
      vertex -2.498433e+00 -6.270593e+00  5.000000e+00
    endloop
  endfacet
  facet normal  0.000000e+00  0.000000e+00  1.000000e+00
    outer loop
      vertex -1.425713e+01 -1.125909e+01  5.000000e+00
      vertex -2.498433e+00 -6.270593e+00  5.000000e+00
      vertex -3.161757e+00 -5.963706e+00  5.000000e+00
    endloop
  endfacet
  facet normal  0.000000e+00  0.000000e+00  1.000000e+00
    outer loop
      vertex -1.425713e+01 -1.125909e+01  5.000000e+00
      vertex -3.161757e+00 -5.963706e+00  5.000000e+00
      vertex -3.788013e+00 -5.586901e+00  5.000000e+00
    endloop
  endfacet
  facet normal  0.000000e+00  0.000000e+00  1.000000e+00
    outer loop
      vertex -1.425713e+01 -1.125909e+01  5.000000e+00
      vertex -3.788013e+00 -5.586901e+00  5.000000e+00
      vertex -4.369857e+00 -5.144594e+00  5.000000e+00
    endloop
  endfacet
  facet normal  0.000000e+00  0.000000e+00  1.000000e+00
    outer loop
      vertex -1.425713e+01 -1.125909e+01  5.000000e+00
      vertex -4.369857e+00 -5.144594e+00  5.000000e+00
      vertex -4.900470e+00 -4.641971e+00  5.000000e+00
    endloop
  endfacet
  facet normal  0.000000e+00  0.000000e+00  1.000000e+00
    outer loop
      vertex -1.425713e+01 -1.125909e+01  5.000000e+00
      vertex -4.900470e+00 -4.641971e+00  5.000000e+00
      vertex -5.373628e+00 -4.084926e+00  5.000000e+00
    endloop
  endfacet
  facet normal  0.000000e+00  0.000000e+00  1.000000e+00
    outer loop
      vertex -1.425713e+01 -1.125909e+01  5.000000e+00
      vertex -5.373628e+00 -4.084926e+00  5.000000e+00
      vertex -5.783786e+00 -3.479989e+00  5.000000e+00
    endloop
  endfacet
  facet normal  0.000000e+00  0.000000e+00  1.000000e+00
    outer loop
      vertex -1.425713e+01 -1.125909e+01  5.000000e+00
      vertex -5.783786e+00 -3.479989e+00  5.000000e+00
      vertex -6.126134e+00 -2.834251e+00  5.000000e+00
    endloop
  endfacet
  facet normal  0.000000e+00  0.000000e+00  1.000000e+00
    outer loop
      vertex -1.425713e+01 -1.125909e+01  5.000000e+00
      vertex -6.126134e+00 -2.834251e+00  5.000000e+00
      vertex -6.396659e+00 -2.155285e+00  5.000000e+00
    endloop
  endfacet
  facet normal  0.000000e+00  0.000000e+00  1.000000e+00
    outer loop
      vertex -1.425713e+01 -1.125909e+01  5.000000e+00
      vertex -6.396659e+00 -2.155285e+00  5.000000e+00
      vertex -6.592189e+00 -1.451051e+00  5.000000e+00
    endloop
  endfacet
  facet normal  0.000000e+00  0.000000e+00  1.000000e+00
    outer loop
      vertex -1.425713e+01 -1.125909e+01  5.000000e+00
      vertex -6.592189e+00 -1.451051e+00  5.000000e+00
      vertex -6.710431e+00 -7.298034e-01  5.000000e+00
    endloop
  endfacet
  facet normal  0.000000e+00  0.000000e+00  1.000000e+00
    outer loop
      vertex -1.425713e+01 -1.125909e+01  5.000000e+00
      vertex -6.710431e+00 -7.298034e-01  5.000000e+00
      vertex -6.750000e+00  8.266366e-16  5.000000e+00
    endloop
  endfacet
  facet normal  0.000000e+00  0.000000e+00  1.000000e+00
    outer loop
      vertex -1.425713e+01 -1.125909e+01  5.000000e+00
      vertex -6.750000e+00  8.266366e-16  5.000000e+00
      vertex -1.425713e+01  1.125909e+01  5.000000e+00
    endloop
  endfacet
  facet normal  0.000000e+00  0.000000e+00  1.000000e+00
    outer loop
      vertex -1.425713e+01 -1.125909e+01  5.000000e+00
      vertex -1.425713e+01  1.125909e+01  5.000000e+00
      vertex -1.474287e+01  1.125909e+01  5.000000e+00
    endloop
  endfacet
  facet normal  0.000000e+00  0.000000e+00  1.000000e+00
    outer loop
      vertex -1.425713e+01 -1.125909e+01  5.000000e+00
      vertex -1.474287e+01  1.125909e+01  5.000000e+00
      vertex -1.474287e+01 -1.125909e+01  5.000000e+00
    endloop
  endfacet
  facet normal  0.000000e+00  -0.000000e+00  1.000000e+00
    outer loop
      vertex -1.425713e+01  1.125909e+01  5.000000e+00
      vertex -6.750000e+00  8.266366e-16  5.000000e+00
      vertex -6.710431e+00  7.298034e-01  5.000000e+00
    endloop
  endfacet
  facet normal  0.000000e+00  -0.000000e+00  1.000000e+00
    outer loop
      vertex -1.425713e+01  1.125909e+01  5.000000e+00
      vertex -6.710431e+00  7.298034e-01  5.000000e+00
      vertex -6.592189e+00  1.451051e+00  5.000000e+00
    endloop
  endfacet
  facet normal  0.000000e+00  -0.000000e+00  1.000000e+00
    outer loop
      vertex -1.425713e+01  1.125909e+01  5.000000e+00
      vertex -6.592189e+00  1.451051e+00  5.000000e+00
      vertex -6.396659e+00  2.155285e+00  5.000000e+00
    endloop
  endfacet
  facet normal  0.000000e+00  -0.000000e+00  1.000000e+00
    outer loop
      vertex -1.425713e+01  1.125909e+01  5.000000e+00
      vertex -6.396659e+00  2.155285e+00  5.000000e+00
      vertex -6.126134e+00  2.834251e+00  5.000000e+00
    endloop
  endfacet
  facet normal  0.000000e+00  -0.000000e+00  1.000000e+00
    outer loop
      vertex -1.425713e+01  1.125909e+01  5.000000e+00
      vertex -6.126134e+00  2.834251e+00  5.000000e+00
      vertex -5.783786e+00  3.479989e+00  5.000000e+00
    endloop
  endfacet
  facet normal  0.000000e+00  -0.000000e+00  1.000000e+00
    outer loop
      vertex -1.425713e+01  1.125909e+01  5.000000e+00
      vertex -5.783786e+00  3.479989e+00  5.000000e+00
      vertex -5.373628e+00  4.084926e+00  5.000000e+00
    endloop
  endfacet
  facet normal  0.000000e+00  -0.000000e+00  1.000000e+00
    outer loop
      vertex -1.425713e+01  1.125909e+01  5.000000e+00
      vertex -5.373628e+00  4.084926e+00  5.000000e+00
      vertex -4.900470e+00  4.641971e+00  5.000000e+00
    endloop
  endfacet
  facet normal  0.000000e+00  -0.000000e+00  1.000000e+00
    outer loop
      vertex -1.425713e+01  1.125909e+01  5.000000e+00
      vertex -4.900470e+00  4.641971e+00  5.000000e+00
      vertex -4.369857e+00  5.144594e+00  5.000000e+00
    endloop
  endfacet
  facet normal  0.000000e+00  -0.000000e+00  9.999999e-01
    outer loop
      vertex -1.425713e+01  1.125909e+01  5.000000e+00
      vertex -4.369857e+00  5.144594e+00  5.000000e+00
      vertex -3.788013e+00  5.586901e+00  5.000000e+00
    endloop
  endfacet
  facet normal  0.000000e+00  -0.000000e+00  1.000000e+00
    outer loop
      vertex -1.425713e+01  1.125909e+01  5.000000e+00
      vertex -3.788013e+00  5.586901e+00  5.000000e+00
      vertex -3.161757e+00  5.963706e+00  5.000000e+00
    endloop
  endfacet
  facet normal  0.000000e+00  -0.000000e+00  1.000000e+00
    outer loop
      vertex -1.425713e+01  1.125909e+01  5.000000e+00
      vertex -3.161757e+00  5.963706e+00  5.000000e+00
      vertex -2.498433e+00  6.270593e+00  5.000000e+00
    endloop
  endfacet
  facet normal  0.000000e+00  -0.000000e+00  1.000000e+00
    outer loop
      vertex -1.425713e+01  1.125909e+01  5.000000e+00
      vertex -2.498433e+00  6.270593e+00  5.000000e+00
      vertex -1.805816e+00  6.503963e+00  5.000000e+00
    endloop
  endfacet
  facet normal  0.000000e+00  -0.000000e+00  1.000000e+00
    outer loop
      vertex -1.425713e+01  1.125909e+01  5.000000e+00
      vertex -1.805816e+00  6.503963e+00  5.000000e+00
      vertex -1.092028e+00  6.661079e+00  5.000000e+00
    endloop
  endfacet
  facet normal  0.000000e+00  -0.000000e+00  1.000000e+00
    outer loop
      vertex -1.425713e+01  1.125909e+01  5.000000e+00
      vertex -1.092028e+00  6.661079e+00  5.000000e+00
      vertex -3.654376e-01  6.740100e+00  5.000000e+00
    endloop
  endfacet
  facet normal  0.000000e+00  0.000000e+00  1.000000e+00
    outer loop
      vertex -1.474287e+01  1.125909e+01  5.000000e+00
      vertex -2.000000e+01 -1.500000e+01  5.000000e+00
      vertex -1.652634e+01 -1.195905e+01  5.000000e+00
    endloop
  endfacet
  facet normal  0.000000e+00  0.000000e+00  1.000000e+00
    outer loop
      vertex -1.474287e+01  1.125909e+01  5.000000e+00
      vertex -1.652634e+01 -1.195905e+01  5.000000e+00
      vertex -1.612500e+01 -1.168542e+01  5.000000e+00
    endloop
  endfacet
  facet normal  0.000000e+00  0.000000e+00  1.000000e+00
    outer loop
      vertex -1.474287e+01  1.125909e+01  5.000000e+00
      vertex -1.612500e+01 -1.168542e+01  5.000000e+00
      vertex -1.568736e+01 -1.147466e+01  5.000000e+00
    endloop
  endfacet
  facet normal  0.000000e+00  0.000000e+00  1.000000e+00
    outer loop
      vertex -1.474287e+01  1.125909e+01  5.000000e+00
      vertex -1.568736e+01 -1.147466e+01  5.000000e+00
      vertex -1.522319e+01 -1.133148e+01  5.000000e+00
    endloop
  endfacet
  facet normal  0.000000e+00  0.000000e+00  9.999999e-01
    outer loop
      vertex -1.474287e+01  1.125909e+01  5.000000e+00
      vertex -1.522319e+01 -1.133148e+01  5.000000e+00
      vertex -1.474287e+01 -1.125909e+01  5.000000e+00
    endloop
  endfacet
  facet normal  0.000000e+00  0.000000e+00  1.000000e+00
    outer loop
      vertex -2.000000e+01 -1.500000e+01  5.000000e+00
      vertex -1.474287e+01  1.125909e+01  5.000000e+00
      vertex -1.522319e+01  1.133148e+01  5.000000e+00
    endloop
  endfacet
  facet normal  0.000000e+00  0.000000e+00  1.000000e+00
    outer loop
      vertex -2.000000e+01 -1.500000e+01  5.000000e+00
      vertex -1.522319e+01  1.133148e+01  5.000000e+00
      vertex -1.568736e+01  1.147466e+01  5.000000e+00
    endloop
  endfacet
  facet normal  0.000000e+00  0.000000e+00  1.000000e+00
    outer loop
      vertex -2.000000e+01 -1.500000e+01  5.000000e+00
      vertex -1.568736e+01  1.147466e+01  5.000000e+00
      vertex -1.612500e+01  1.168542e+01  5.000000e+00
    endloop
  endfacet
  facet normal  0.000000e+00  0.000000e+00  1.000000e+00
    outer loop
      vertex -2.000000e+01 -1.500000e+01  5.000000e+00
      vertex -1.612500e+01  1.168542e+01  5.000000e+00
      vertex -1.652634e+01  1.195905e+01  5.000000e+00
    endloop
  endfacet
  facet normal  0.000000e+00  0.000000e+00  1.000000e+00
    outer loop
      vertex -2.000000e+01 -1.500000e+01  5.000000e+00
      vertex -1.652634e+01  1.195905e+01  5.000000e+00
      vertex -1.688242e+01  1.228944e+01  5.000000e+00
    endloop
  endfacet
  facet normal  0.000000e+00  0.000000e+00  1.000000e+00
    outer loop
      vertex -2.000000e+01 -1.500000e+01  5.000000e+00
      vertex -1.688242e+01  1.228944e+01  5.000000e+00
      vertex -1.718528e+01  1.266921e+01  5.000000e+00
    endloop
  endfacet
  facet normal  0.000000e+00  0.000000e+00  9.999999e-01
    outer loop
      vertex -2.000000e+01 -1.500000e+01  5.000000e+00
      vertex -1.718528e+01  1.266921e+01  5.000000e+00
      vertex -1.742815e+01  1.308988e+01  5.000000e+00
    endloop
  endfacet
  facet normal  0.000000e+00  0.000000e+00  1.000000e+00
    outer loop
      vertex -2.000000e+01 -1.500000e+01  5.000000e+00
      vertex -1.742815e+01  1.308988e+01  5.000000e+00
      vertex -1.760561e+01  1.354205e+01  5.000000e+00
    endloop
  endfacet
  facet normal  0.000000e+00  0.000000e+00  1.000000e+00
    outer loop
      vertex -2.000000e+01 -1.500000e+01  5.000000e+00
      vertex -1.760561e+01  1.354205e+01  5.000000e+00
      vertex -1.771370e+01  1.401561e+01  5.000000e+00
    endloop
  endfacet
  facet normal  0.000000e+00  0.000000e+00  1.000000e+00
    outer loop
      vertex -2.000000e+01 -1.500000e+01  5.000000e+00
      vertex -1.771370e+01  1.401561e+01  5.000000e+00
      vertex -1.775000e+01  1.450000e+01  5.000000e+00
    endloop
  endfacet
  facet normal  0.000000e+00  0.000000e+00  1.000000e+00
    outer loop
      vertex -1.911492e+01  1.784032e+01  5.000000e+00
      vertex -1.500000e+01  2.000000e+01  5.000000e+00
      vertex -1.560268e+01  1.996354e+01  5.000000e+00
    endloop
  endfacet
  facet normal  0.000000e+00  0.000000e+00  1.000000e+00
    outer loop
      vertex -1.911492e+01  1.784032e+01  5.000000e+00
      vertex -1.560268e+01  1.996354e+01  5.000000e+00
      vertex -1.619658e+01  1.985471e+01  5.000000e+00
    endloop
  endfacet
  facet normal  0.000000e+00  0.000000e+00  1.000000e+00
    outer loop
      vertex -1.911492e+01  1.784032e+01  5.000000e+00
      vertex -1.619658e+01  1.985471e+01  5.000000e+00
      vertex -1.677302e+01  1.967508e+01  5.000000e+00
    endloop
  endfacet
  facet normal  0.000000e+00  0.000000e+00  1.000000e+00
    outer loop
      vertex -1.911492e+01  1.784032e+01  5.000000e+00
      vertex -1.677302e+01  1.967508e+01  5.000000e+00
      vertex -1.732362e+01  1.942728e+01  5.000000e+00
    endloop
  endfacet
  facet normal  0.000000e+00  0.000000e+00  1.000000e+00
    outer loop
      vertex -1.911492e+01  1.784032e+01  5.000000e+00
      vertex -1.732362e+01  1.942728e+01  5.000000e+00
      vertex -1.784032e+01  1.911492e+01  5.000000e+00
    endloop
  endfacet
  facet normal  0.000000e+00  0.000000e+00  1.000000e+00
    outer loop
      vertex -1.911492e+01  1.784032e+01  5.000000e+00
      vertex -1.784032e+01  1.911492e+01  5.000000e+00
      vertex -1.831561e+01  1.874255e+01  5.000000e+00
    endloop
  endfacet
  facet normal  0.000000e+00  0.000000e+00  9.999999e-01
    outer loop
      vertex -1.911492e+01  1.784032e+01  5.000000e+00
      vertex -1.831561e+01  1.874255e+01  5.000000e+00
      vertex -1.874255e+01  1.831561e+01  5.000000e+00
    endloop
  endfacet
  facet normal  0.000000e+00  -0.000000e+00  1.000000e+00
    outer loop
      vertex  1.474287e+01 -1.774091e+01  5.000000e+00
      vertex  1.500000e+01 -2.000000e+01  5.000000e+00
      vertex  1.560268e+01 -1.996354e+01  5.000000e+00
    endloop
  endfacet
  facet normal  0.000000e+00  -0.000000e+00  1.000000e+00
    outer loop
      vertex  1.474287e+01 -1.774091e+01  5.000000e+00
      vertex  1.560268e+01 -1.996354e+01  5.000000e+00
      vertex  1.619658e+01 -1.985471e+01  5.000000e+00
    endloop
  endfacet
  facet normal  0.000000e+00  -0.000000e+00  1.000000e+00
    outer loop
      vertex  1.474287e+01 -1.774091e+01  5.000000e+00
      vertex  1.619658e+01 -1.985471e+01  5.000000e+00
      vertex  1.677302e+01 -1.967508e+01  5.000000e+00
    endloop
  endfacet
  facet normal  0.000000e+00  -0.000000e+00  1.000000e+00
    outer loop
      vertex  1.474287e+01 -1.774091e+01  5.000000e+00
      vertex  1.677302e+01 -1.967508e+01  5.000000e+00
      vertex  1.732362e+01 -1.942728e+01  5.000000e+00
    endloop
  endfacet
  facet normal  0.000000e+00  -0.000000e+00  1.000000e+00
    outer loop
      vertex  1.474287e+01 -1.774091e+01  5.000000e+00
      vertex  1.732362e+01 -1.942728e+01  5.000000e+00
      vertex  1.784032e+01 -1.911492e+01  5.000000e+00
    endloop
  endfacet
  facet normal  0.000000e+00  -0.000000e+00  1.000000e+00
    outer loop
      vertex  1.474287e+01 -1.774091e+01  5.000000e+00
      vertex  1.784032e+01 -1.911492e+01  5.000000e+00
      vertex  1.831561e+01 -1.874255e+01  5.000000e+00
    endloop
  endfacet
  facet normal  0.000000e+00  -0.000000e+00  1.000000e+00
    outer loop
      vertex  1.474287e+01 -1.774091e+01  5.000000e+00
      vertex  1.831561e+01 -1.874255e+01  5.000000e+00
      vertex  1.874255e+01 -1.831561e+01  5.000000e+00
    endloop
  endfacet
  facet normal  0.000000e+00  -0.000000e+00  1.000000e+00
    outer loop
      vertex  1.474287e+01 -1.774091e+01  5.000000e+00
      vertex  1.874255e+01 -1.831561e+01  5.000000e+00
      vertex  1.911492e+01 -1.784032e+01  5.000000e+00
    endloop
  endfacet
  facet normal  0.000000e+00  0.000000e+00  1.000000e+00
    outer loop
      vertex  1.474287e+01 -1.774091e+01  5.000000e+00
      vertex  1.911492e+01 -1.784032e+01  5.000000e+00
      vertex  1.522319e+01 -1.766852e+01  5.000000e+00
    endloop
  endfacet
  facet normal  -0.000000e+00  0.000000e+00  1.000000e+00
    outer loop
      vertex  1.425713e+01  1.125909e+01  5.000000e+00
      vertex  3.654376e-01  6.740100e+00  5.000000e+00
      vertex  1.092028e+00  6.661079e+00  5.000000e+00
    endloop
  endfacet
  facet normal  -0.000000e+00  0.000000e+00  1.000000e+00
    outer loop
      vertex  1.425713e+01  1.125909e+01  5.000000e+00
      vertex  1.092028e+00  6.661079e+00  5.000000e+00
      vertex  1.805816e+00  6.503963e+00  5.000000e+00
    endloop
  endfacet
  facet normal  -0.000000e+00  0.000000e+00  1.000000e+00
    outer loop
      vertex  1.425713e+01  1.125909e+01  5.000000e+00
      vertex  1.805816e+00  6.503963e+00  5.000000e+00
      vertex  2.498433e+00  6.270593e+00  5.000000e+00
    endloop
  endfacet
  facet normal  -0.000000e+00  0.000000e+00  1.000000e+00
    outer loop
      vertex  1.425713e+01  1.125909e+01  5.000000e+00
      vertex  2.498433e+00  6.270593e+00  5.000000e+00
      vertex  3.161757e+00  5.963706e+00  5.000000e+00
    endloop
  endfacet
  facet normal  -0.000000e+00  0.000000e+00  1.000000e+00
    outer loop
      vertex  1.425713e+01  1.125909e+01  5.000000e+00
      vertex  3.161757e+00  5.963706e+00  5.000000e+00
      vertex  3.788013e+00  5.586901e+00  5.000000e+00
    endloop
  endfacet
  facet normal  -0.000000e+00  0.000000e+00  1.000000e+00
    outer loop
      vertex  1.425713e+01  1.125909e+01  5.000000e+00
      vertex  3.788013e+00  5.586901e+00  5.000000e+00
      vertex  4.369857e+00  5.144594e+00  5.000000e+00
    endloop
  endfacet
  facet normal  -0.000000e+00  0.000000e+00  1.000000e+00
    outer loop
      vertex  1.425713e+01  1.125909e+01  5.000000e+00
      vertex  4.369857e+00  5.144594e+00  5.000000e+00
      vertex  4.900470e+00  4.641971e+00  5.000000e+00
    endloop
  endfacet
  facet normal  -0.000000e+00  0.000000e+00  1.000000e+00
    outer loop
      vertex  1.425713e+01  1.125909e+01  5.000000e+00
      vertex  4.900470e+00  4.641971e+00  5.000000e+00
      vertex  5.373628e+00  4.084926e+00  5.000000e+00
    endloop
  endfacet
  facet normal  -0.000000e+00  0.000000e+00  1.000000e+00
    outer loop
      vertex  1.425713e+01  1.125909e+01  5.000000e+00
      vertex  5.373628e+00  4.084926e+00  5.000000e+00
      vertex  5.783786e+00  3.479989e+00  5.000000e+00
    endloop
  endfacet
  facet normal  -0.000000e+00  0.000000e+00  1.000000e+00
    outer loop
      vertex  1.425713e+01  1.125909e+01  5.000000e+00
      vertex  5.783786e+00  3.479989e+00  5.000000e+00
      vertex  6.126134e+00  2.834251e+00  5.000000e+00
    endloop
  endfacet
  facet normal  -0.000000e+00  0.000000e+00  1.000000e+00
    outer loop
      vertex  1.425713e+01  1.125909e+01  5.000000e+00
      vertex  6.126134e+00  2.834251e+00  5.000000e+00
      vertex  6.396659e+00  2.155285e+00  5.000000e+00
    endloop
  endfacet
  facet normal  -0.000000e+00  0.000000e+00  1.000000e+00
    outer loop
      vertex  1.425713e+01  1.125909e+01  5.000000e+00
      vertex  6.396659e+00  2.155285e+00  5.000000e+00
      vertex  6.592189e+00  1.451051e+00  5.000000e+00
    endloop
  endfacet
  facet normal  -0.000000e+00  0.000000e+00  1.000000e+00
    outer loop
      vertex  1.425713e+01  1.125909e+01  5.000000e+00
      vertex  6.592189e+00  1.451051e+00  5.000000e+00
      vertex  6.710431e+00  7.298034e-01  5.000000e+00
    endloop
  endfacet
  facet normal  -0.000000e+00  0.000000e+00  1.000000e+00
    outer loop
      vertex  1.425713e+01  1.125909e+01  5.000000e+00
      vertex  6.710431e+00  7.298034e-01  5.000000e+00
      vertex  6.750000e+00  0.000000e+00  5.000000e+00
    endloop
  endfacet
  facet normal  -0.000000e+00  0.000000e+00  1.000000e+00
    outer loop
      vertex  1.425713e+01  1.125909e+01  5.000000e+00
      vertex  6.750000e+00  0.000000e+00  5.000000e+00
      vertex  1.425713e+01 -1.125909e+01  5.000000e+00
    endloop
  endfacet
  facet normal  0.000000e+00  0.000000e+00  1.000000e+00
    outer loop
      vertex  1.425713e+01  1.125909e+01  5.000000e+00
      vertex  1.425713e+01 -1.125909e+01  5.000000e+00
      vertex  1.474287e+01 -1.125909e+01  5.000000e+00
    endloop
  endfacet
  facet normal  0.000000e+00  -0.000000e+00  1.000000e+00
    outer loop
      vertex  1.425713e+01  1.125909e+01  5.000000e+00
      vertex  1.474287e+01 -1.125909e+01  5.000000e+00
      vertex  1.474287e+01  1.125909e+01  5.000000e+00
    endloop
  endfacet
  facet normal  0.000000e+00  0.000000e+00  1.000000e+00
    outer loop
      vertex  1.425713e+01 -1.125909e+01  5.000000e+00
      vertex  6.750000e+00  0.000000e+00  5.000000e+00
      vertex  6.710431e+00 -7.298034e-01  5.000000e+00
    endloop
  endfacet
  facet normal  0.000000e+00  0.000000e+00  1.000000e+00
    outer loop
      vertex  1.425713e+01 -1.125909e+01  5.000000e+00
      vertex  6.710431e+00 -7.298034e-01  5.000000e+00
      vertex  6.592189e+00 -1.451051e+00  5.000000e+00
    endloop
  endfacet
  facet normal  0.000000e+00  0.000000e+00  1.000000e+00
    outer loop
      vertex  1.425713e+01 -1.125909e+01  5.000000e+00
      vertex  6.592189e+00 -1.451051e+00  5.000000e+00
      vertex  6.396659e+00 -2.155285e+00  5.000000e+00
    endloop
  endfacet
  facet normal  0.000000e+00  0.000000e+00  1.000000e+00
    outer loop
      vertex  1.425713e+01 -1.125909e+01  5.000000e+00
      vertex  6.396659e+00 -2.155285e+00  5.000000e+00
      vertex  6.126134e+00 -2.834251e+00  5.000000e+00
    endloop
  endfacet
  facet normal  0.000000e+00  0.000000e+00  1.000000e+00
    outer loop
      vertex  1.425713e+01 -1.125909e+01  5.000000e+00
      vertex  6.126134e+00 -2.834251e+00  5.000000e+00
      vertex  5.783786e+00 -3.479989e+00  5.000000e+00
    endloop
  endfacet
  facet normal  0.000000e+00  0.000000e+00  1.000000e+00
    outer loop
      vertex  1.425713e+01 -1.125909e+01  5.000000e+00
      vertex  5.783786e+00 -3.479989e+00  5.000000e+00
      vertex  5.373628e+00 -4.084926e+00  5.000000e+00
    endloop
  endfacet
  facet normal  0.000000e+00  0.000000e+00  1.000000e+00
    outer loop
      vertex  1.425713e+01 -1.125909e+01  5.000000e+00
      vertex  5.373628e+00 -4.084926e+00  5.000000e+00
      vertex  4.900470e+00 -4.641971e+00  5.000000e+00
    endloop
  endfacet
  facet normal  0.000000e+00  0.000000e+00  1.000000e+00
    outer loop
      vertex  1.425713e+01 -1.125909e+01  5.000000e+00
      vertex  4.900470e+00 -4.641971e+00  5.000000e+00
      vertex  4.369857e+00 -5.144594e+00  5.000000e+00
    endloop
  endfacet
  facet normal  0.000000e+00  0.000000e+00  9.999999e-01
    outer loop
      vertex  1.425713e+01 -1.125909e+01  5.000000e+00
      vertex  4.369857e+00 -5.144594e+00  5.000000e+00
      vertex  3.788013e+00 -5.586901e+00  5.000000e+00
    endloop
  endfacet
  facet normal  0.000000e+00  0.000000e+00  1.000000e+00
    outer loop
      vertex  1.425713e+01 -1.125909e+01  5.000000e+00
      vertex  3.788013e+00 -5.586901e+00  5.000000e+00
      vertex  3.161757e+00 -5.963706e+00  5.000000e+00
    endloop
  endfacet
  facet normal  0.000000e+00  0.000000e+00  1.000000e+00
    outer loop
      vertex  1.425713e+01 -1.125909e+01  5.000000e+00
      vertex  3.161757e+00 -5.963706e+00  5.000000e+00
      vertex  2.498433e+00 -6.270593e+00  5.000000e+00
    endloop
  endfacet
  facet normal  0.000000e+00  0.000000e+00  1.000000e+00
    outer loop
      vertex  1.425713e+01 -1.125909e+01  5.000000e+00
      vertex  2.498433e+00 -6.270593e+00  5.000000e+00
      vertex  1.805816e+00 -6.503963e+00  5.000000e+00
    endloop
  endfacet
  facet normal  0.000000e+00  0.000000e+00  1.000000e+00
    outer loop
      vertex  1.425713e+01 -1.125909e+01  5.000000e+00
      vertex  1.805816e+00 -6.503963e+00  5.000000e+00
      vertex  1.092028e+00 -6.661079e+00  5.000000e+00
    endloop
  endfacet
  facet normal  0.000000e+00  0.000000e+00  1.000000e+00
    outer loop
      vertex  1.425713e+01 -1.125909e+01  5.000000e+00
      vertex  1.092028e+00 -6.661079e+00  5.000000e+00
      vertex  3.654376e-01 -6.740100e+00  5.000000e+00
    endloop
  endfacet
  facet normal  -0.000000e+00  0.000000e+00  9.999999e-01
    outer loop
      vertex  1.474287e+01  1.125909e+01  5.000000e+00
      vertex  1.474287e+01 -1.125909e+01  5.000000e+00
      vertex  1.522319e+01 -1.133148e+01  5.000000e+00
    endloop
  endfacet
  facet normal  -0.000000e+00  -0.000000e+00  1.000000e+00
    outer loop
      vertex  1.474287e+01  1.125909e+01  5.000000e+00
      vertex  1.522319e+01 -1.133148e+01  5.000000e+00
      vertex  1.568736e+01 -1.147466e+01  5.000000e+00
    endloop
  endfacet
  facet normal  -0.000000e+00  -0.000000e+00  1.000000e+00
    outer loop
      vertex  1.474287e+01  1.125909e+01  5.000000e+00
      vertex  1.568736e+01 -1.147466e+01  5.000000e+00
      vertex  1.612500e+01 -1.168542e+01  5.000000e+00
    endloop
  endfacet
  facet normal  -0.000000e+00  -0.000000e+00  1.000000e+00
    outer loop
      vertex  1.474287e+01  1.125909e+01  5.000000e+00
      vertex  1.612500e+01 -1.168542e+01  5.000000e+00
      vertex  1.652634e+01 -1.195905e+01  5.000000e+00
    endloop
  endfacet
  facet normal  -0.000000e+00  -0.000000e+00  1.000000e+00
    outer loop
      vertex  1.474287e+01  1.125909e+01  5.000000e+00
      vertex  1.652634e+01 -1.195905e+01  5.000000e+00
      vertex  2.000000e+01 -1.500000e+01  5.000000e+00
    endloop
  endfacet
  facet normal  -0.000000e+00  -0.000000e+00  1.000000e+00
    outer loop
      vertex  1.474287e+01  1.774091e+01  5.000000e+00
      vertex  1.522319e+01  1.766852e+01  5.000000e+00
      vertex  1.942728e+01  1.732362e+01  5.000000e+00
    endloop
  endfacet
  facet normal  0.000000e+00  0.000000e+00  1.000000e+00
    outer loop
      vertex  1.474287e+01  1.774091e+01  5.000000e+00
      vertex  1.942728e+01  1.732362e+01  5.000000e+00
      vertex  1.911492e+01  1.784032e+01  5.000000e+00
    endloop
  endfacet
  facet normal  0.000000e+00  0.000000e+00  1.000000e+00
    outer loop
      vertex  1.474287e+01  1.774091e+01  5.000000e+00
      vertex  1.911492e+01  1.784032e+01  5.000000e+00
      vertex  1.874255e+01  1.831561e+01  5.000000e+00
    endloop
  endfacet
  facet normal  0.000000e+00  0.000000e+00  1.000000e+00
    outer loop
      vertex  1.474287e+01  1.774091e+01  5.000000e+00
      vertex  1.874255e+01  1.831561e+01  5.000000e+00
      vertex  1.831561e+01  1.874255e+01  5.000000e+00
    endloop
  endfacet
  facet normal  0.000000e+00  0.000000e+00  1.000000e+00
    outer loop
      vertex  1.474287e+01  1.774091e+01  5.000000e+00
      vertex  1.831561e+01  1.874255e+01  5.000000e+00
      vertex  1.784032e+01  1.911492e+01  5.000000e+00
    endloop
  endfacet
  facet normal  0.000000e+00  0.000000e+00  1.000000e+00
    outer loop
      vertex  1.474287e+01  1.774091e+01  5.000000e+00
      vertex  1.784032e+01  1.911492e+01  5.000000e+00
      vertex  1.732362e+01  1.942728e+01  5.000000e+00
    endloop
  endfacet
  facet normal  0.000000e+00  0.000000e+00  1.000000e+00
    outer loop
      vertex  1.474287e+01  1.774091e+01  5.000000e+00
      vertex  1.732362e+01  1.942728e+01  5.000000e+00
      vertex  1.677302e+01  1.967508e+01  5.000000e+00
    endloop
  endfacet
  facet normal  0.000000e+00  0.000000e+00  1.000000e+00
    outer loop
      vertex  1.474287e+01  1.774091e+01  5.000000e+00
      vertex  1.677302e+01  1.967508e+01  5.000000e+00
      vertex  1.619658e+01  1.985471e+01  5.000000e+00
    endloop
  endfacet
  facet normal  0.000000e+00  0.000000e+00  1.000000e+00
    outer loop
      vertex  1.474287e+01  1.774091e+01  5.000000e+00
      vertex  1.619658e+01  1.985471e+01  5.000000e+00
      vertex  1.560268e+01  1.996354e+01  5.000000e+00
    endloop
  endfacet
  facet normal  0.000000e+00  0.000000e+00  1.000000e+00
    outer loop
      vertex  1.474287e+01  1.774091e+01  5.000000e+00
      vertex  1.560268e+01  1.996354e+01  5.000000e+00
      vertex  1.500000e+01  2.000000e+01  5.000000e+00
    endloop
  endfacet
  facet normal  -0.000000e+00  0.000000e+00  1.000000e+00
    outer loop
      vertex -3.654376e-01 -6.740100e+00  5.000000e+00
      vertex -1.425713e+01 -1.125909e+01  5.000000e+00
      vertex -1.377681e+01 -1.133148e+01  5.000000e+00
    endloop
  endfacet
  facet normal  -0.000000e+00  0.000000e+00  1.000000e+00
    outer loop
      vertex -3.654376e-01 -6.740100e+00  5.000000e+00
      vertex -1.377681e+01 -1.133148e+01  5.000000e+00
      vertex -1.331264e+01 -1.147466e+01  5.000000e+00
    endloop
  endfacet
  facet normal  -0.000000e+00  0.000000e+00  1.000000e+00
    outer loop
      vertex -3.654376e-01 -6.740100e+00  5.000000e+00
      vertex -1.331264e+01 -1.147466e+01  5.000000e+00
      vertex -1.287500e+01 -1.168542e+01  5.000000e+00
    endloop
  endfacet
  facet normal  -0.000000e+00  0.000000e+00  1.000000e+00
    outer loop
      vertex -3.654376e-01 -6.740100e+00  5.000000e+00
      vertex -1.287500e+01 -1.168542e+01  5.000000e+00
      vertex -1.247366e+01 -1.195905e+01  5.000000e+00
    endloop
  endfacet
  facet normal  -0.000000e+00  0.000000e+00  9.999999e-01
    outer loop
      vertex -3.654376e-01 -6.740100e+00  5.000000e+00
      vertex -1.247366e+01 -1.195905e+01  5.000000e+00
      vertex -1.211758e+01 -1.228944e+01  5.000000e+00
    endloop
  endfacet
  facet normal  -0.000000e+00  0.000000e+00  1.000000e+00
    outer loop
      vertex -3.654376e-01 -6.740100e+00  5.000000e+00
      vertex -1.211758e+01 -1.228944e+01  5.000000e+00
      vertex -1.181472e+01 -1.266921e+01  5.000000e+00
    endloop
  endfacet
  facet normal  -0.000000e+00  0.000000e+00  1.000000e+00
    outer loop
      vertex -3.654376e-01 -6.740100e+00  5.000000e+00
      vertex -1.181472e+01 -1.266921e+01  5.000000e+00
      vertex -1.157185e+01 -1.308988e+01  5.000000e+00
    endloop
  endfacet
  facet normal  -0.000000e+00  0.000000e+00  1.000000e+00
    outer loop
      vertex -3.654376e-01 -6.740100e+00  5.000000e+00
      vertex -1.157185e+01 -1.308988e+01  5.000000e+00
      vertex -1.139439e+01 -1.354205e+01  5.000000e+00
    endloop
  endfacet
  facet normal  -0.000000e+00  0.000000e+00  1.000000e+00
    outer loop
      vertex -3.654376e-01 -6.740100e+00  5.000000e+00
      vertex -1.139439e+01 -1.354205e+01  5.000000e+00
      vertex -1.128630e+01 -1.401561e+01  5.000000e+00
    endloop
  endfacet
  facet normal  -0.000000e+00  0.000000e+00  1.000000e+00
    outer loop
      vertex -3.654376e-01 -6.740100e+00  5.000000e+00
      vertex -1.128630e+01 -1.401561e+01  5.000000e+00
      vertex -1.125000e+01 -1.450000e+01  5.000000e+00
    endloop
  endfacet
  facet normal  -0.000000e+00  0.000000e+00  1.000000e+00
    outer loop
      vertex -3.654376e-01 -6.740100e+00  5.000000e+00
      vertex -1.125000e+01 -1.450000e+01  5.000000e+00
      vertex -1.128630e+01 -1.498439e+01  5.000000e+00
    endloop
  endfacet
  facet normal  -0.000000e+00  0.000000e+00  1.000000e+00
    outer loop
      vertex -3.654376e-01 -6.740100e+00  5.000000e+00
      vertex -1.128630e+01 -1.498439e+01  5.000000e+00
      vertex -1.139439e+01 -1.545795e+01  5.000000e+00
    endloop
  endfacet
  facet normal  -0.000000e+00  0.000000e+00  1.000000e+00
    outer loop
      vertex -3.654376e-01 -6.740100e+00  5.000000e+00
      vertex -1.139439e+01 -1.545795e+01  5.000000e+00
      vertex -1.157185e+01 -1.591012e+01  5.000000e+00
    endloop
  endfacet
  facet normal  -0.000000e+00  0.000000e+00  1.000000e+00
    outer loop
      vertex -3.654376e-01 -6.740100e+00  5.000000e+00
      vertex -1.157185e+01 -1.591012e+01  5.000000e+00
      vertex -1.181472e+01 -1.633079e+01  5.000000e+00
    endloop
  endfacet
  facet normal  -0.000000e+00  0.000000e+00  1.000000e+00
    outer loop
      vertex -3.654376e-01 -6.740100e+00  5.000000e+00
      vertex -1.181472e+01 -1.633079e+01  5.000000e+00
      vertex -1.211758e+01 -1.671056e+01  5.000000e+00
    endloop
  endfacet
  facet normal  -0.000000e+00  -0.000000e+00  1.000000e+00
    outer loop
      vertex -1.911492e+01 -1.784032e+01  5.000000e+00
      vertex -1.874255e+01 -1.831561e+01  5.000000e+00
      vertex -1.831561e+01 -1.874255e+01  5.000000e+00
    endloop
  endfacet
  facet normal  -0.000000e+00  -0.000000e+00  1.000000e+00
    outer loop
      vertex -1.911492e+01 -1.784032e+01  5.000000e+00
      vertex -1.831561e+01 -1.874255e+01  5.000000e+00
      vertex -1.784032e+01 -1.911492e+01  5.000000e+00
    endloop
  endfacet
  facet normal  -0.000000e+00  -0.000000e+00  1.000000e+00
    outer loop
      vertex -1.911492e+01 -1.784032e+01  5.000000e+00
      vertex -1.784032e+01 -1.911492e+01  5.000000e+00
      vertex -1.732362e+01 -1.942728e+01  5.000000e+00
    endloop
  endfacet
  facet normal  -0.000000e+00  -0.000000e+00  1.000000e+00
    outer loop
      vertex -1.911492e+01 -1.784032e+01  5.000000e+00
      vertex -1.732362e+01 -1.942728e+01  5.000000e+00
      vertex -1.677302e+01 -1.967508e+01  5.000000e+00
    endloop
  endfacet
  facet normal  -0.000000e+00  -0.000000e+00  1.000000e+00
    outer loop
      vertex -1.911492e+01 -1.784032e+01  5.000000e+00
      vertex -1.677302e+01 -1.967508e+01  5.000000e+00
      vertex -1.619658e+01 -1.985471e+01  5.000000e+00
    endloop
  endfacet
  facet normal  -0.000000e+00  -0.000000e+00  1.000000e+00
    outer loop
      vertex -1.911492e+01 -1.784032e+01  5.000000e+00
      vertex -1.619658e+01 -1.985471e+01  5.000000e+00
      vertex -1.560268e+01 -1.996354e+01  5.000000e+00
    endloop
  endfacet
  facet normal  -0.000000e+00  -0.000000e+00  1.000000e+00
    outer loop
      vertex -1.911492e+01 -1.784032e+01  5.000000e+00
      vertex -1.560268e+01 -1.996354e+01  5.000000e+00
      vertex -1.500000e+01 -2.000000e+01  5.000000e+00
    endloop
  endfacet
  facet normal  0.000000e+00  -0.000000e+00  1.000000e+00
    outer loop
      vertex  3.654376e-01 -6.740100e+00  5.000000e+00
      vertex  1.125000e+01 -1.450000e+01  5.000000e+00
      vertex  1.128630e+01 -1.401561e+01  5.000000e+00
    endloop
  endfacet
  facet normal  0.000000e+00  -0.000000e+00  1.000000e+00
    outer loop
      vertex  3.654376e-01 -6.740100e+00  5.000000e+00
      vertex  1.128630e+01 -1.401561e+01  5.000000e+00
      vertex  1.139439e+01 -1.354205e+01  5.000000e+00
    endloop
  endfacet
  facet normal  0.000000e+00  -0.000000e+00  1.000000e+00
    outer loop
      vertex  3.654376e-01 -6.740100e+00  5.000000e+00
      vertex  1.139439e+01 -1.354205e+01  5.000000e+00
      vertex  1.157185e+01 -1.308988e+01  5.000000e+00
    endloop
  endfacet
  facet normal  0.000000e+00  -0.000000e+00  9.999999e-01
    outer loop
      vertex  3.654376e-01 -6.740100e+00  5.000000e+00
      vertex  1.157185e+01 -1.308988e+01  5.000000e+00
      vertex  1.181472e+01 -1.266921e+01  5.000000e+00
    endloop
  endfacet
  facet normal  0.000000e+00  -0.000000e+00  1.000000e+00
    outer loop
      vertex  3.654376e-01 -6.740100e+00  5.000000e+00
      vertex  1.181472e+01 -1.266921e+01  5.000000e+00
      vertex  1.211758e+01 -1.228944e+01  5.000000e+00
    endloop
  endfacet
  facet normal  0.000000e+00  -0.000000e+00  9.999999e-01
    outer loop
      vertex  3.654376e-01 -6.740100e+00  5.000000e+00
      vertex  1.211758e+01 -1.228944e+01  5.000000e+00
      vertex  1.247366e+01 -1.195905e+01  5.000000e+00
    endloop
  endfacet
  facet normal  0.000000e+00  -0.000000e+00  1.000000e+00
    outer loop
      vertex  3.654376e-01 -6.740100e+00  5.000000e+00
      vertex  1.247366e+01 -1.195905e+01  5.000000e+00
      vertex  1.287500e+01 -1.168542e+01  5.000000e+00
    endloop
  endfacet
  facet normal  0.000000e+00  -0.000000e+00  1.000000e+00
    outer loop
      vertex  3.654376e-01 -6.740100e+00  5.000000e+00
      vertex  1.287500e+01 -1.168542e+01  5.000000e+00
      vertex  1.331264e+01 -1.147466e+01  5.000000e+00
    endloop
  endfacet
  facet normal  0.000000e+00  -0.000000e+00  1.000000e+00
    outer loop
      vertex  3.654376e-01 -6.740100e+00  5.000000e+00
      vertex  1.331264e+01 -1.147466e+01  5.000000e+00
      vertex  1.377681e+01 -1.133148e+01  5.000000e+00
    endloop
  endfacet
  facet normal  0.000000e+00  -0.000000e+00  1.000000e+00
    outer loop
      vertex  3.654376e-01 -6.740100e+00  5.000000e+00
      vertex  1.377681e+01 -1.133148e+01  5.000000e+00
      vertex  1.425713e+01 -1.125909e+01  5.000000e+00
    endloop
  endfacet
  facet normal  0.000000e+00  0.000000e+00  1.000000e+00
    outer loop
      vertex  3.654376e-01  6.740100e+00  5.000000e+00
      vertex  1.425713e+01  1.125909e+01  5.000000e+00
      vertex  1.377681e+01  1.133148e+01  5.000000e+00
    endloop
  endfacet
  facet normal  0.000000e+00  0.000000e+00  1.000000e+00
    outer loop
      vertex  3.654376e-01  6.740100e+00  5.000000e+00
      vertex  1.377681e+01  1.133148e+01  5.000000e+00
      vertex  1.331264e+01  1.147466e+01  5.000000e+00
    endloop
  endfacet
  facet normal  0.000000e+00  0.000000e+00  1.000000e+00
    outer loop
      vertex  3.654376e-01  6.740100e+00  5.000000e+00
      vertex  1.331264e+01  1.147466e+01  5.000000e+00
      vertex  1.287500e+01  1.168542e+01  5.000000e+00
    endloop
  endfacet
  facet normal  0.000000e+00  0.000000e+00  1.000000e+00
    outer loop
      vertex  3.654376e-01  6.740100e+00  5.000000e+00
      vertex  1.287500e+01  1.168542e+01  5.000000e+00
      vertex  1.247366e+01  1.195905e+01  5.000000e+00
    endloop
  endfacet
  facet normal  0.000000e+00  0.000000e+00  9.999999e-01
    outer loop
      vertex  3.654376e-01  6.740100e+00  5.000000e+00
      vertex  1.247366e+01  1.195905e+01  5.000000e+00
      vertex  1.211758e+01  1.228944e+01  5.000000e+00
    endloop
  endfacet
  facet normal  0.000000e+00  0.000000e+00  1.000000e+00
    outer loop
      vertex  3.654376e-01  6.740100e+00  5.000000e+00
      vertex  1.211758e+01  1.228944e+01  5.000000e+00
      vertex  1.181472e+01  1.266921e+01  5.000000e+00
    endloop
  endfacet
  facet normal  0.000000e+00  0.000000e+00  1.000000e+00
    outer loop
      vertex  3.654376e-01  6.740100e+00  5.000000e+00
      vertex  1.181472e+01  1.266921e+01  5.000000e+00
      vertex  1.157185e+01  1.308988e+01  5.000000e+00
    endloop
  endfacet
  facet normal  0.000000e+00  0.000000e+00  1.000000e+00
    outer loop
      vertex  3.654376e-01  6.740100e+00  5.000000e+00
      vertex  1.157185e+01  1.308988e+01  5.000000e+00
      vertex  1.139439e+01  1.354205e+01  5.000000e+00
    endloop
  endfacet
  facet normal  0.000000e+00  0.000000e+00  1.000000e+00
    outer loop
      vertex  3.654376e-01  6.740100e+00  5.000000e+00
      vertex  1.139439e+01  1.354205e+01  5.000000e+00
      vertex  1.128630e+01  1.401561e+01  5.000000e+00
    endloop
  endfacet
  facet normal  0.000000e+00  0.000000e+00  1.000000e+00
    outer loop
      vertex  3.654376e-01  6.740100e+00  5.000000e+00
      vertex  1.128630e+01  1.401561e+01  5.000000e+00
      vertex  1.125000e+01  1.450000e+01  5.000000e+00
    endloop
  endfacet
  facet normal  0.000000e+00  0.000000e+00  1.000000e+00
    outer loop
      vertex -3.654376e-01  6.740100e+00  5.000000e+00
      vertex -1.211758e+01  1.671056e+01  5.000000e+00
      vertex -1.181472e+01  1.633079e+01  5.000000e+00
    endloop
  endfacet
  facet normal  0.000000e+00  0.000000e+00  9.999999e-01
    outer loop
      vertex -3.654376e-01  6.740100e+00  5.000000e+00
      vertex -1.181472e+01  1.633079e+01  5.000000e+00
      vertex -1.157185e+01  1.591012e+01  5.000000e+00
    endloop
  endfacet
  facet normal  0.000000e+00  0.000000e+00  1.000000e+00
    outer loop
      vertex -3.654376e-01  6.740100e+00  5.000000e+00
      vertex -1.157185e+01  1.591012e+01  5.000000e+00
      vertex -1.139439e+01  1.545795e+01  5.000000e+00
    endloop
  endfacet
  facet normal  0.000000e+00  0.000000e+00  1.000000e+00
    outer loop
      vertex -3.654376e-01  6.740100e+00  5.000000e+00
      vertex -1.139439e+01  1.545795e+01  5.000000e+00
      vertex -1.128630e+01  1.498439e+01  5.000000e+00
    endloop
  endfacet
  facet normal  0.000000e+00  0.000000e+00  1.000000e+00
    outer loop
      vertex -3.654376e-01  6.740100e+00  5.000000e+00
      vertex -1.128630e+01  1.498439e+01  5.000000e+00
      vertex -1.125000e+01  1.450000e+01  5.000000e+00
    endloop
  endfacet
  facet normal  0.000000e+00  0.000000e+00  1.000000e+00
    outer loop
      vertex -3.654376e-01  6.740100e+00  5.000000e+00
      vertex -1.125000e+01  1.450000e+01  5.000000e+00
      vertex -1.128630e+01  1.401561e+01  5.000000e+00
    endloop
  endfacet
  facet normal  0.000000e+00  0.000000e+00  1.000000e+00
    outer loop
      vertex -3.654376e-01  6.740100e+00  5.000000e+00
      vertex -1.128630e+01  1.401561e+01  5.000000e+00
      vertex -1.139439e+01  1.354205e+01  5.000000e+00
    endloop
  endfacet
  facet normal  0.000000e+00  0.000000e+00  1.000000e+00
    outer loop
      vertex -3.654376e-01  6.740100e+00  5.000000e+00
      vertex -1.139439e+01  1.354205e+01  5.000000e+00
      vertex -1.157185e+01  1.308988e+01  5.000000e+00
    endloop
  endfacet
  facet normal  0.000000e+00  0.000000e+00  9.999999e-01
    outer loop
      vertex -3.654376e-01  6.740100e+00  5.000000e+00
      vertex -1.157185e+01  1.308988e+01  5.000000e+00
      vertex -1.181472e+01  1.266921e+01  5.000000e+00
    endloop
  endfacet
  facet normal  0.000000e+00  0.000000e+00  1.000000e+00
    outer loop
      vertex -3.654376e-01  6.740100e+00  5.000000e+00
      vertex -1.181472e+01  1.266921e+01  5.000000e+00
      vertex -1.211758e+01  1.228944e+01  5.000000e+00
    endloop
  endfacet
  facet normal  0.000000e+00  0.000000e+00  9.999999e-01
    outer loop
      vertex -3.654376e-01  6.740100e+00  5.000000e+00
      vertex -1.211758e+01  1.228944e+01  5.000000e+00
      vertex -1.247366e+01  1.195905e+01  5.000000e+00
    endloop
  endfacet
  facet normal  0.000000e+00  0.000000e+00  1.000000e+00
    outer loop
      vertex -3.654376e-01  6.740100e+00  5.000000e+00
      vertex -1.247366e+01  1.195905e+01  5.000000e+00
      vertex -1.287500e+01  1.168542e+01  5.000000e+00
    endloop
  endfacet
  facet normal  0.000000e+00  0.000000e+00  1.000000e+00
    outer loop
      vertex -3.654376e-01  6.740100e+00  5.000000e+00
      vertex -1.287500e+01  1.168542e+01  5.000000e+00
      vertex -1.331264e+01  1.147466e+01  5.000000e+00
    endloop
  endfacet
  facet normal  0.000000e+00  0.000000e+00  1.000000e+00
    outer loop
      vertex -3.654376e-01  6.740100e+00  5.000000e+00
      vertex -1.331264e+01  1.147466e+01  5.000000e+00
      vertex -1.377681e+01  1.133148e+01  5.000000e+00
    endloop
  endfacet
  facet normal  0.000000e+00  0.000000e+00  1.000000e+00
    outer loop
      vertex -3.654376e-01  6.740100e+00  5.000000e+00
      vertex -1.377681e+01  1.133148e+01  5.000000e+00
      vertex -1.425713e+01  1.125909e+01  5.000000e+00
    endloop
  endfacet
  facet normal  0.000000e+00  -0.000000e+00  9.999999e-01
    outer loop
      vertex -2.000000e+01 -1.500000e+01  5.000000e+00
      vertex -1.996354e+01 -1.560268e+01  5.000000e+00
      vertex -1.760561e+01 -1.545795e+01  5.000000e+00
    endloop
  endfacet
  facet normal  0.000000e+00  0.000000e+00  1.000000e+00
    outer loop
      vertex -2.000000e+01 -1.500000e+01  5.000000e+00
      vertex -1.760561e+01 -1.545795e+01  5.000000e+00
      vertex -1.771370e+01 -1.498439e+01  5.000000e+00
    endloop
  endfacet
  facet normal  0.000000e+00  0.000000e+00  1.000000e+00
    outer loop
      vertex -2.000000e+01 -1.500000e+01  5.000000e+00
      vertex -1.771370e+01 -1.498439e+01  5.000000e+00
      vertex -1.775000e+01 -1.450000e+01  5.000000e+00
    endloop
  endfacet
  facet normal  0.000000e+00  -0.000000e+00  1.000000e+00
    outer loop
      vertex -2.000000e+01 -1.500000e+01  5.000000e+00
      vertex -1.775000e+01 -1.450000e+01  5.000000e+00
      vertex -1.771370e+01 -1.401561e+01  5.000000e+00
    endloop
  endfacet
  facet normal  0.000000e+00  -0.000000e+00  9.999999e-01
    outer loop
      vertex -2.000000e+01 -1.500000e+01  5.000000e+00
      vertex -1.771370e+01 -1.401561e+01  5.000000e+00
      vertex -1.760561e+01 -1.354205e+01  5.000000e+00
    endloop
  endfacet
  facet normal  0.000000e+00  -0.000000e+00  1.000000e+00
    outer loop
      vertex -2.000000e+01 -1.500000e+01  5.000000e+00
      vertex -1.760561e+01 -1.354205e+01  5.000000e+00
      vertex -1.742815e+01 -1.308988e+01  5.000000e+00
    endloop
  endfacet
  facet normal  0.000000e+00  -0.000000e+00  1.000000e+00
    outer loop
      vertex -2.000000e+01 -1.500000e+01  5.000000e+00
      vertex -1.742815e+01 -1.308988e+01  5.000000e+00
      vertex -1.718528e+01 -1.266921e+01  5.000000e+00
    endloop
  endfacet
  facet normal  0.000000e+00  -0.000000e+00  1.000000e+00
    outer loop
      vertex -2.000000e+01 -1.500000e+01  5.000000e+00
      vertex -1.718528e+01 -1.266921e+01  5.000000e+00
      vertex -1.688242e+01 -1.228944e+01  5.000000e+00
    endloop
  endfacet
  facet normal  0.000000e+00  -0.000000e+00  1.000000e+00
    outer loop
      vertex -2.000000e+01 -1.500000e+01  5.000000e+00
      vertex -1.688242e+01 -1.228944e+01  5.000000e+00
      vertex -1.652634e+01 -1.195905e+01  5.000000e+00
    endloop
  endfacet
  facet normal  0.000000e+00  0.000000e+00  1.000000e+00
    outer loop
      vertex  2.000000e+01 -1.500000e+01  5.000000e+00
      vertex  1.652634e+01 -1.195905e+01  5.000000e+00
      vertex  1.688242e+01 -1.228944e+01  5.000000e+00
    endloop
  endfacet
  facet normal  0.000000e+00  0.000000e+00  1.000000e+00
    outer loop
      vertex  2.000000e+01 -1.500000e+01  5.000000e+00
      vertex  1.688242e+01 -1.228944e+01  5.000000e+00
      vertex  1.718528e+01 -1.266921e+01  5.000000e+00
    endloop
  endfacet
  facet normal  0.000000e+00  0.000000e+00  1.000000e+00
    outer loop
      vertex  2.000000e+01 -1.500000e+01  5.000000e+00
      vertex  1.718528e+01 -1.266921e+01  5.000000e+00
      vertex  1.742815e+01 -1.308988e+01  5.000000e+00
    endloop
  endfacet
  facet normal  0.000000e+00  0.000000e+00  1.000000e+00
    outer loop
      vertex  2.000000e+01 -1.500000e+01  5.000000e+00
      vertex  1.742815e+01 -1.308988e+01  5.000000e+00
      vertex  1.760561e+01 -1.354205e+01  5.000000e+00
    endloop
  endfacet
  facet normal  0.000000e+00  0.000000e+00  9.999999e-01
    outer loop
      vertex  2.000000e+01 -1.500000e+01  5.000000e+00
      vertex  1.760561e+01 -1.354205e+01  5.000000e+00
      vertex  1.771370e+01 -1.401561e+01  5.000000e+00
    endloop
  endfacet
  facet normal  0.000000e+00  0.000000e+00  1.000000e+00
    outer loop
      vertex  2.000000e+01 -1.500000e+01  5.000000e+00
      vertex  1.771370e+01 -1.401561e+01  5.000000e+00
      vertex  1.775000e+01 -1.450000e+01  5.000000e+00
    endloop
  endfacet
  facet normal  0.000000e+00  0.000000e+00  1.000000e+00
    outer loop
      vertex  2.000000e+01 -1.500000e+01  5.000000e+00
      vertex  1.775000e+01 -1.450000e+01  5.000000e+00
      vertex  1.771370e+01 -1.498439e+01  5.000000e+00
    endloop
  endfacet
  facet normal  0.000000e+00  0.000000e+00  1.000000e+00
    outer loop
      vertex  2.000000e+01 -1.500000e+01  5.000000e+00
      vertex  1.771370e+01 -1.498439e+01  5.000000e+00
      vertex  1.760561e+01 -1.545795e+01  5.000000e+00
    endloop
  endfacet
  facet normal  -0.000000e+00  0.000000e+00  9.999999e-01
    outer loop
      vertex  2.000000e+01 -1.500000e+01  5.000000e+00
      vertex  1.760561e+01 -1.545795e+01  5.000000e+00
      vertex  1.996354e+01 -1.560268e+01  5.000000e+00
    endloop
  endfacet
  facet normal  0.000000e+00  0.000000e+00  1.000000e+00
    outer loop
      vertex  2.000000e+01 -1.500000e+01  5.000000e+00
      vertex  1.775000e+01  1.450000e+01  5.000000e+00
      vertex  1.771370e+01  1.401561e+01  5.000000e+00
    endloop
  endfacet
  facet normal  0.000000e+00  0.000000e+00  1.000000e+00
    outer loop
      vertex  2.000000e+01 -1.500000e+01  5.000000e+00
      vertex  1.771370e+01  1.401561e+01  5.000000e+00
      vertex  1.760561e+01  1.354205e+01  5.000000e+00
    endloop
  endfacet
  facet normal  0.000000e+00  0.000000e+00  1.000000e+00
    outer loop
      vertex  2.000000e+01 -1.500000e+01  5.000000e+00
      vertex  1.760561e+01  1.354205e+01  5.000000e+00
      vertex  1.742815e+01  1.308988e+01  5.000000e+00
    endloop
  endfacet
  facet normal  0.000000e+00  0.000000e+00  1.000000e+00
    outer loop
      vertex  2.000000e+01 -1.500000e+01  5.000000e+00
      vertex  1.742815e+01  1.308988e+01  5.000000e+00
      vertex  1.718528e+01  1.266921e+01  5.000000e+00
    endloop
  endfacet
  facet normal  0.000000e+00  0.000000e+00  1.000000e+00
    outer loop
      vertex  2.000000e+01 -1.500000e+01  5.000000e+00
      vertex  1.718528e+01  1.266921e+01  5.000000e+00
      vertex  1.688242e+01  1.228944e+01  5.000000e+00
    endloop
  endfacet
  facet normal  0.000000e+00  0.000000e+00  1.000000e+00
    outer loop
      vertex  2.000000e+01 -1.500000e+01  5.000000e+00
      vertex  1.688242e+01  1.228944e+01  5.000000e+00
      vertex  1.652634e+01  1.195905e+01  5.000000e+00
    endloop
  endfacet
  facet normal  0.000000e+00  0.000000e+00  1.000000e+00
    outer loop
      vertex  2.000000e+01 -1.500000e+01  5.000000e+00
      vertex  1.652634e+01  1.195905e+01  5.000000e+00
      vertex  1.612500e+01  1.168542e+01  5.000000e+00
    endloop
  endfacet
  facet normal  0.000000e+00  0.000000e+00  1.000000e+00
    outer loop
      vertex  2.000000e+01 -1.500000e+01  5.000000e+00
      vertex  1.612500e+01  1.168542e+01  5.000000e+00
      vertex  1.568736e+01  1.147466e+01  5.000000e+00
    endloop
  endfacet
  facet normal  0.000000e+00  0.000000e+00  1.000000e+00
    outer loop
      vertex  2.000000e+01 -1.500000e+01  5.000000e+00
      vertex  1.568736e+01  1.147466e+01  5.000000e+00
      vertex  1.522319e+01  1.133148e+01  5.000000e+00
    endloop
  endfacet
  facet normal  0.000000e+00  0.000000e+00  1.000000e+00
    outer loop
      vertex  2.000000e+01 -1.500000e+01  5.000000e+00
      vertex  1.522319e+01  1.133148e+01  5.000000e+00
      vertex  1.474287e+01  1.125909e+01  5.000000e+00
    endloop
  endfacet
  facet normal  0.000000e+00  0.000000e+00  1.000000e+00
    outer loop
      vertex -1.474287e+01  1.774091e+01  5.000000e+00
      vertex -1.911492e+01  1.784032e+01  5.000000e+00
      vertex -1.522319e+01  1.766852e+01  5.000000e+00
    endloop
  endfacet
  facet normal  0.000000e+00  0.000000e+00  1.000000e+00
    outer loop
      vertex -1.522319e+01  1.766852e+01  5.000000e+00
      vertex -1.911492e+01  1.784032e+01  5.000000e+00
      vertex -1.942728e+01  1.732362e+01  5.000000e+00
    endloop
  endfacet
  facet normal  0.000000e+00  0.000000e+00  1.000000e+00
    outer loop
      vertex -1.522319e+01  1.766852e+01  5.000000e+00
      vertex -1.942728e+01  1.732362e+01  5.000000e+00
      vertex -1.568736e+01  1.752534e+01  5.000000e+00
    endloop
  endfacet
  facet normal  0.000000e+00  0.000000e+00  1.000000e+00
    outer loop
      vertex -1.967508e+01  1.677302e+01  5.000000e+00
      vertex -1.652634e+01  1.704095e+01  5.000000e+00
      vertex -1.942728e+01  1.732362e+01  5.000000e+00
    endloop
  endfacet
  facet normal  0.000000e+00  0.000000e+00  1.000000e+00
    outer loop
      vertex -1.942728e+01  1.732362e+01  5.000000e+00
      vertex -1.652634e+01  1.704095e+01  5.000000e+00
      vertex -1.612500e+01  1.731458e+01  5.000000e+00
    endloop
  endfacet
  facet normal  0.000000e+00  -0.000000e+00  1.000000e+00
    outer loop
      vertex -1.942728e+01  1.732362e+01  5.000000e+00
      vertex -1.612500e+01  1.731458e+01  5.000000e+00
      vertex -1.568736e+01  1.752534e+01  5.000000e+00
    endloop
  endfacet
  facet normal  0.000000e+00  0.000000e+00  1.000000e+00
    outer loop
      vertex -1.688242e+01  1.671056e+01  5.000000e+00
      vertex -1.967508e+01  1.677302e+01  5.000000e+00
      vertex -1.718528e+01  1.633079e+01  5.000000e+00
    endloop
  endfacet
  facet normal  0.000000e+00  0.000000e+00  9.999999e-01
    outer loop
      vertex -1.718528e+01  1.633079e+01  5.000000e+00
      vertex -1.967508e+01  1.677302e+01  5.000000e+00
      vertex -1.985471e+01  1.619658e+01  5.000000e+00
    endloop
  endfacet
  facet normal  -0.000000e+00  0.000000e+00  1.000000e+00
    outer loop
      vertex -1.718528e+01  1.633079e+01  5.000000e+00
      vertex -1.985471e+01  1.619658e+01  5.000000e+00
      vertex -1.742815e+01  1.591012e+01  5.000000e+00
    endloop
  endfacet
  facet normal  0.000000e+00  0.000000e+00  1.000000e+00
    outer loop
      vertex -1.742815e+01  1.591012e+01  5.000000e+00
      vertex -1.985471e+01  1.619658e+01  5.000000e+00
      vertex -1.996354e+01  1.560268e+01  5.000000e+00
    endloop
  endfacet
  facet normal  -0.000000e+00  0.000000e+00  1.000000e+00
    outer loop
      vertex -1.742815e+01  1.591012e+01  5.000000e+00
      vertex -1.996354e+01  1.560268e+01  5.000000e+00
      vertex -1.760561e+01  1.545795e+01  5.000000e+00
    endloop
  endfacet
  facet normal  -0.000000e+00  0.000000e+00  1.000000e+00
    outer loop
      vertex -1.760561e+01 -1.545795e+01  5.000000e+00
      vertex -1.996354e+01 -1.560268e+01  5.000000e+00
      vertex -1.742815e+01 -1.591012e+01  5.000000e+00
    endloop
  endfacet
  facet normal  0.000000e+00  0.000000e+00  1.000000e+00
    outer loop
      vertex -1.742815e+01 -1.591012e+01  5.000000e+00
      vertex -1.996354e+01 -1.560268e+01  5.000000e+00
      vertex -1.985471e+01 -1.619658e+01  5.000000e+00
    endloop
  endfacet
  facet normal  -0.000000e+00  0.000000e+00  1.000000e+00
    outer loop
      vertex -1.742815e+01 -1.591012e+01  5.000000e+00
      vertex -1.985471e+01 -1.619658e+01  5.000000e+00
      vertex -1.718528e+01 -1.633079e+01  5.000000e+00
    endloop
  endfacet
  facet normal  0.000000e+00  0.000000e+00  1.000000e+00
    outer loop
      vertex -1.718528e+01 -1.633079e+01  5.000000e+00
      vertex -1.985471e+01 -1.619658e+01  5.000000e+00
      vertex -1.688242e+01 -1.671056e+01  5.000000e+00
    endloop
  endfacet
  facet normal  0.000000e+00  0.000000e+00  1.000000e+00
    outer loop
      vertex -1.688242e+01 -1.671056e+01  5.000000e+00
      vertex -1.985471e+01 -1.619658e+01  5.000000e+00
      vertex -1.967508e+01 -1.677302e+01  5.000000e+00
    endloop
  endfacet
  facet normal  -0.000000e+00  0.000000e+00  1.000000e+00
    outer loop
      vertex -1.688242e+01 -1.671056e+01  5.000000e+00
      vertex -1.967508e+01 -1.677302e+01  5.000000e+00
      vertex -1.652634e+01 -1.704095e+01  5.000000e+00
    endloop
  endfacet
  facet normal  0.000000e+00  0.000000e+00  1.000000e+00
    outer loop
      vertex -1.652634e+01 -1.704095e+01  5.000000e+00
      vertex -1.967508e+01 -1.677302e+01  5.000000e+00
      vertex -1.942728e+01 -1.732362e+01  5.000000e+00
    endloop
  endfacet
  facet normal  0.000000e+00  0.000000e+00  1.000000e+00
    outer loop
      vertex -1.652634e+01 -1.704095e+01  5.000000e+00
      vertex -1.942728e+01 -1.732362e+01  5.000000e+00
      vertex -1.612500e+01 -1.731458e+01  5.000000e+00
    endloop
  endfacet
  facet normal  -0.000000e+00  0.000000e+00  1.000000e+00
    outer loop
      vertex -1.612500e+01 -1.731458e+01  5.000000e+00
      vertex -1.942728e+01 -1.732362e+01  5.000000e+00
      vertex -1.568736e+01 -1.752534e+01  5.000000e+00
    endloop
  endfacet
  facet normal  0.000000e+00  0.000000e+00  1.000000e+00
    outer loop
      vertex -1.568736e+01 -1.752534e+01  5.000000e+00
      vertex -1.942728e+01 -1.732362e+01  5.000000e+00
      vertex -1.911492e+01 -1.784032e+01  5.000000e+00
    endloop
  endfacet
  facet normal  0.000000e+00  0.000000e+00  9.999999e-01
    outer loop
      vertex -1.568736e+01 -1.752534e+01  5.000000e+00
      vertex -1.911492e+01 -1.784032e+01  5.000000e+00
      vertex -1.522319e+01 -1.766852e+01  5.000000e+00
    endloop
  endfacet
  facet normal  0.000000e+00  0.000000e+00  1.000000e+00
    outer loop
      vertex  1.652634e+01  1.704095e+01  5.000000e+00
      vertex  1.967508e+01  1.677302e+01  5.000000e+00
      vertex  1.612500e+01  1.731458e+01  5.000000e+00
    endloop
  endfacet
  facet normal  -0.000000e+00  0.000000e+00  1.000000e+00
    outer loop
      vertex  1.612500e+01  1.731458e+01  5.000000e+00
      vertex  1.967508e+01  1.677302e+01  5.000000e+00
      vertex  1.942728e+01  1.732362e+01  5.000000e+00
    endloop
  endfacet
  facet normal  0.000000e+00  0.000000e+00  1.000000e+00
    outer loop
      vertex  1.612500e+01  1.731458e+01  5.000000e+00
      vertex  1.942728e+01  1.732362e+01  5.000000e+00
      vertex  1.568736e+01  1.752534e+01  5.000000e+00
    endloop
  endfacet
  facet normal  -0.000000e+00  0.000000e+00  1.000000e+00
    outer loop
      vertex  1.967508e+01  1.677302e+01  5.000000e+00
      vertex  1.688242e+01  1.671056e+01  5.000000e+00
      vertex  1.985471e+01  1.619658e+01  5.000000e+00
    endloop
  endfacet
  facet normal  0.000000e+00  0.000000e+00  1.000000e+00
    outer loop
      vertex  1.985471e+01  1.619658e+01  5.000000e+00
      vertex  1.688242e+01  1.671056e+01  5.000000e+00
      vertex  1.718528e+01  1.633079e+01  5.000000e+00
    endloop
  endfacet
  facet normal  0.000000e+00  0.000000e+00  1.000000e+00
    outer loop
      vertex  1.985471e+01  1.619658e+01  5.000000e+00
      vertex  1.718528e+01  1.633079e+01  5.000000e+00
      vertex  1.996354e+01  1.560268e+01  5.000000e+00
    endloop
  endfacet
  facet normal  0.000000e+00  0.000000e+00  1.000000e+00
    outer loop
      vertex  1.996354e+01  1.560268e+01  5.000000e+00
      vertex  1.718528e+01  1.633079e+01  5.000000e+00
      vertex  1.742815e+01  1.591012e+01  5.000000e+00
    endloop
  endfacet
  facet normal  0.000000e+00  0.000000e+00  1.000000e+00
    outer loop
      vertex  1.996354e+01  1.560268e+01  5.000000e+00
      vertex  1.742815e+01  1.591012e+01  5.000000e+00
      vertex  1.760561e+01  1.545795e+01  5.000000e+00
    endloop
  endfacet
  facet normal  0.000000e+00  0.000000e+00  1.000000e+00
    outer loop
      vertex  1.996354e+01 -1.560268e+01  5.000000e+00
      vertex  1.760561e+01 -1.545795e+01  5.000000e+00
      vertex  1.985471e+01 -1.619658e+01  5.000000e+00
    endloop
  endfacet
  facet normal  0.000000e+00  0.000000e+00  1.000000e+00
    outer loop
      vertex  1.985471e+01 -1.619658e+01  5.000000e+00
      vertex  1.760561e+01 -1.545795e+01  5.000000e+00
      vertex  1.742815e+01 -1.591012e+01  5.000000e+00
    endloop
  endfacet
  facet normal  0.000000e+00  0.000000e+00  1.000000e+00
    outer loop
      vertex  1.985471e+01 -1.619658e+01  5.000000e+00
      vertex  1.742815e+01 -1.591012e+01  5.000000e+00
      vertex  1.718528e+01 -1.633079e+01  5.000000e+00
    endloop
  endfacet
  facet normal  -0.000000e+00  0.000000e+00  9.999999e-01
    outer loop
      vertex  1.985471e+01 -1.619658e+01  5.000000e+00
      vertex  1.718528e+01 -1.633079e+01  5.000000e+00
      vertex  1.967508e+01 -1.677302e+01  5.000000e+00
    endloop
  endfacet
  facet normal  0.000000e+00  0.000000e+00  1.000000e+00
    outer loop
      vertex  1.967508e+01 -1.677302e+01  5.000000e+00
      vertex  1.718528e+01 -1.633079e+01  5.000000e+00
      vertex  1.688242e+01 -1.671056e+01  5.000000e+00
    endloop
  endfacet
  facet normal  0.000000e+00  0.000000e+00  1.000000e+00
    outer loop
      vertex  1.967508e+01 -1.677302e+01  5.000000e+00
      vertex  1.688242e+01 -1.671056e+01  5.000000e+00
      vertex  1.942728e+01 -1.732362e+01  5.000000e+00
    endloop
  endfacet
  facet normal  0.000000e+00  0.000000e+00  1.000000e+00
    outer loop
      vertex  1.942728e+01 -1.732362e+01  5.000000e+00
      vertex  1.688242e+01 -1.671056e+01  5.000000e+00
      vertex  1.652634e+01 -1.704095e+01  5.000000e+00
    endloop
  endfacet
  facet normal  0.000000e+00  0.000000e+00  1.000000e+00
    outer loop
      vertex  1.942728e+01 -1.732362e+01  5.000000e+00
      vertex  1.652634e+01 -1.704095e+01  5.000000e+00
      vertex  1.612500e+01 -1.731458e+01  5.000000e+00
    endloop
  endfacet
  facet normal  0.000000e+00  0.000000e+00  1.000000e+00
    outer loop
      vertex  1.942728e+01 -1.732362e+01  5.000000e+00
      vertex  1.612500e+01 -1.731458e+01  5.000000e+00
      vertex  1.911492e+01 -1.784032e+01  5.000000e+00
    endloop
  endfacet
  facet normal  0.000000e+00  0.000000e+00  1.000000e+00
    outer loop
      vertex  1.911492e+01 -1.784032e+01  5.000000e+00
      vertex  1.612500e+01 -1.731458e+01  5.000000e+00
      vertex  1.568736e+01 -1.752534e+01  5.000000e+00
    endloop
  endfacet
  facet normal  0.000000e+00  0.000000e+00  9.999999e-01
    outer loop
      vertex  1.911492e+01 -1.784032e+01  5.000000e+00
      vertex  1.568736e+01 -1.752534e+01  5.000000e+00
      vertex  1.522319e+01 -1.766852e+01  5.000000e+00
    endloop
  endfacet
  facet normal -1.000000e+00  0.000000e+00  0.000000e+00
    outer loop
      vertex -2.000000e+01  1.500000e+01  5.000000e+00
      vertex -2.000000e+01  1.500000e+01  0.000000e+00
      vertex -2.000000e+01 -1.500000e+01  5.000000e+00
    endloop
  endfacet
  facet normal -1.000000e+00  0.000000e+00  0.000000e+00
    outer loop
      vertex -2.000000e+01 -1.500000e+01  5.000000e+00
      vertex -2.000000e+01  1.500000e+01  0.000000e+00
      vertex -2.000000e+01 -1.500000e+01  0.000000e+00
    endloop
  endfacet
  facet normal  0.000000e+00  1.000000e+00  0.000000e+00
    outer loop
      vertex -1.500000e+01  2.000000e+01  5.000000e+00
      vertex  1.500000e+01  2.000000e+01  5.000000e+00
      vertex -1.500000e+01  2.000000e+01  0.000000e+00
    endloop
  endfacet
  facet normal  0.000000e+00  1.000000e+00  0.000000e+00
    outer loop
      vertex -1.500000e+01  2.000000e+01  0.000000e+00
      vertex  1.500000e+01  2.000000e+01  5.000000e+00
      vertex  1.500000e+01  2.000000e+01  0.000000e+00
    endloop
  endfacet
  facet normal -9.981756e-01  6.037775e-02  0.000000e+00
    outer loop
      vertex -2.000000e+01  1.500000e+01  0.000000e+00
      vertex -2.000000e+01  1.500000e+01  5.000000e+00
      vertex -1.996354e+01  1.560268e+01  0.000000e+00
    endloop
  endfacet
  facet normal -9.981756e-01  6.037775e-02  0.000000e+00
    outer loop
      vertex -1.996354e+01  1.560268e+01  0.000000e+00
      vertex -2.000000e+01  1.500000e+01  5.000000e+00
      vertex -1.996354e+01  1.560268e+01  5.000000e+00
    endloop
  endfacet
  facet normal -9.836200e-01  1.802546e-01  0.000000e+00
    outer loop
      vertex -1.996354e+01  1.560268e+01  0.000000e+00
      vertex -1.996354e+01  1.560268e+01  5.000000e+00
      vertex -1.985471e+01  1.619658e+01  0.000000e+00
    endloop
  endfacet
  facet normal -9.836200e-01  1.802546e-01  0.000000e+00
    outer loop
      vertex -1.985471e+01  1.619658e+01  0.000000e+00
      vertex -1.996354e+01  1.560268e+01  5.000000e+00
      vertex -1.985471e+01  1.619658e+01  5.000000e+00
    endloop
  endfacet
  facet normal -9.547204e-01  2.975045e-01  0.000000e+00
    outer loop
      vertex -1.985471e+01  1.619658e+01  0.000000e+00
      vertex -1.985471e+01  1.619658e+01  5.000000e+00
      vertex -1.967508e+01  1.677302e+01  0.000000e+00
    endloop
  endfacet
  facet normal -9.547204e-01  2.975045e-01  0.000000e+00
    outer loop
      vertex -1.967508e+01  1.677302e+01  0.000000e+00
      vertex -1.985471e+01  1.619658e+01  5.000000e+00
      vertex -1.967508e+01  1.677302e+01  5.000000e+00
    endloop
  endfacet
  facet normal -9.119003e-01  4.104118e-01  0.000000e+00
    outer loop
      vertex -1.967508e+01  1.677302e+01  0.000000e+00
      vertex -1.967508e+01  1.677302e+01  5.000000e+00
      vertex -1.942728e+01  1.732362e+01  0.000000e+00
    endloop
  endfacet
  facet normal -9.119003e-01  4.104118e-01  0.000000e+00
    outer loop
      vertex -1.942728e+01  1.732362e+01  0.000000e+00
      vertex -1.967508e+01  1.677302e+01  5.000000e+00
      vertex -1.942728e+01  1.732362e+01  5.000000e+00
    endloop
  endfacet
  facet normal -8.557815e-01  5.173374e-01  0.000000e+00
    outer loop
      vertex -1.942728e+01  1.732362e+01  0.000000e+00
      vertex -1.942728e+01  1.732362e+01  5.000000e+00
      vertex -1.911492e+01  1.784032e+01  0.000000e+00
    endloop
  endfacet
  facet normal -8.557815e-01  5.173374e-01  0.000000e+00
    outer loop
      vertex -1.911492e+01  1.784032e+01  0.000000e+00
      vertex -1.942728e+01  1.732362e+01  5.000000e+00
      vertex -1.911492e+01  1.784032e+01  5.000000e+00
    endloop
  endfacet
  facet normal -7.871825e-01  6.167202e-01  0.000000e+00
    outer loop
      vertex -1.911492e+01  1.784032e+01  0.000000e+00
      vertex -1.911492e+01  1.784032e+01  5.000000e+00
      vertex -1.874255e+01  1.831561e+01  0.000000e+00
    endloop
  endfacet
  facet normal -7.871825e-01  6.167202e-01  0.000000e+00
    outer loop
      vertex -1.874255e+01  1.831561e+01  0.000000e+00
      vertex -1.911492e+01  1.784032e+01  5.000000e+00
      vertex -1.874255e+01  1.831561e+01  5.000000e+00
    endloop
  endfacet
  facet normal -7.071067e-01  7.071067e-01  0.000000e+00
    outer loop
      vertex -1.874255e+01  1.831561e+01  0.000000e+00
      vertex -1.874255e+01  1.831561e+01  5.000000e+00
      vertex -1.831561e+01  1.874255e+01  0.000000e+00
    endloop
  endfacet
  facet normal -7.071067e-01  7.071067e-01  0.000000e+00
    outer loop
      vertex -1.831561e+01  1.874255e+01  0.000000e+00
      vertex -1.874255e+01  1.831561e+01  5.000000e+00
      vertex -1.831561e+01  1.874255e+01  5.000000e+00
    endloop
  endfacet
  facet normal -6.167202e-01  7.871825e-01  0.000000e+00
    outer loop
      vertex -1.831561e+01  1.874255e+01  0.000000e+00
      vertex -1.831561e+01  1.874255e+01  5.000000e+00
      vertex -1.784032e+01  1.911492e+01  0.000000e+00
    endloop
  endfacet
  facet normal -6.167202e-01  7.871825e-01  0.000000e+00
    outer loop
      vertex -1.784032e+01  1.911492e+01  0.000000e+00
      vertex -1.831561e+01  1.874255e+01  5.000000e+00
      vertex -1.784032e+01  1.911492e+01  5.000000e+00
    endloop
  endfacet
  facet normal -5.173374e-01  8.557815e-01  0.000000e+00
    outer loop
      vertex -1.784032e+01  1.911492e+01  0.000000e+00
      vertex -1.784032e+01  1.911492e+01  5.000000e+00
      vertex -1.732362e+01  1.942728e+01  0.000000e+00
    endloop
  endfacet
  facet normal -5.173374e-01  8.557815e-01  0.000000e+00
    outer loop
      vertex -1.732362e+01  1.942728e+01  0.000000e+00
      vertex -1.784032e+01  1.911492e+01  5.000000e+00
      vertex -1.732362e+01  1.942728e+01  5.000000e+00
    endloop
  endfacet
  facet normal -4.104118e-01  9.119003e-01  0.000000e+00
    outer loop
      vertex -1.732362e+01  1.942728e+01  0.000000e+00
      vertex -1.732362e+01  1.942728e+01  5.000000e+00
      vertex -1.677302e+01  1.967508e+01  0.000000e+00
    endloop
  endfacet
  facet normal -4.104118e-01  9.119003e-01  0.000000e+00
    outer loop
      vertex -1.677302e+01  1.967508e+01  0.000000e+00
      vertex -1.732362e+01  1.942728e+01  5.000000e+00
      vertex -1.677302e+01  1.967508e+01  5.000000e+00
    endloop
  endfacet
  facet normal -2.975045e-01  9.547204e-01  0.000000e+00
    outer loop
      vertex -1.677302e+01  1.967508e+01  0.000000e+00
      vertex -1.677302e+01  1.967508e+01  5.000000e+00
      vertex -1.619658e+01  1.985471e+01  0.000000e+00
    endloop
  endfacet
  facet normal -2.975045e-01  9.547204e-01  0.000000e+00
    outer loop
      vertex -1.619658e+01  1.985471e+01  0.000000e+00
      vertex -1.677302e+01  1.967508e+01  5.000000e+00
      vertex -1.619658e+01  1.985471e+01  5.000000e+00
    endloop
  endfacet
  facet normal -1.802546e-01  9.836200e-01  0.000000e+00
    outer loop
      vertex -1.619658e+01  1.985471e+01  0.000000e+00
      vertex -1.619658e+01  1.985471e+01  5.000000e+00
      vertex -1.560268e+01  1.996354e+01  0.000000e+00
    endloop
  endfacet
  facet normal -1.802546e-01  9.836200e-01  0.000000e+00
    outer loop
      vertex -1.560268e+01  1.996354e+01  0.000000e+00
      vertex -1.619658e+01  1.985471e+01  5.000000e+00
      vertex -1.560268e+01  1.996354e+01  5.000000e+00
    endloop
  endfacet
  facet normal -6.037775e-02  9.981756e-01  0.000000e+00
    outer loop
      vertex -1.560268e+01  1.996354e+01  0.000000e+00
      vertex -1.560268e+01  1.996354e+01  5.000000e+00
      vertex -1.500000e+01  2.000000e+01  0.000000e+00
    endloop
  endfacet
  facet normal -6.037775e-02  9.981756e-01  0.000000e+00
    outer loop
      vertex -1.500000e+01  2.000000e+01  0.000000e+00
      vertex -1.560268e+01  1.996354e+01  5.000000e+00
      vertex -1.500000e+01  2.000000e+01  5.000000e+00
    endloop
  endfacet
  facet normal  0.000000e+00 -1.000000e+00  0.000000e+00
    outer loop
      vertex  1.500000e+01 -2.000000e+01  5.000000e+00
      vertex -1.500000e+01 -2.000000e+01  5.000000e+00
      vertex  1.500000e+01 -2.000000e+01  0.000000e+00
    endloop
  endfacet
  facet normal  0.000000e+00 -1.000000e+00  0.000000e+00
    outer loop
      vertex  1.500000e+01 -2.000000e+01  0.000000e+00
      vertex -1.500000e+01 -2.000000e+01  5.000000e+00
      vertex -1.500000e+01 -2.000000e+01  0.000000e+00
    endloop
  endfacet
  facet normal -6.037775e-02 -9.981756e-01  -0.000000e+00
    outer loop
      vertex -1.500000e+01 -2.000000e+01  0.000000e+00
      vertex -1.500000e+01 -2.000000e+01  5.000000e+00
      vertex -1.560268e+01 -1.996354e+01  0.000000e+00
    endloop
  endfacet
  facet normal -6.037775e-02 -9.981756e-01  0.000000e+00
    outer loop
      vertex -1.560268e+01 -1.996354e+01  0.000000e+00
      vertex -1.500000e+01 -2.000000e+01  5.000000e+00
      vertex -1.560268e+01 -1.996354e+01  5.000000e+00
    endloop
  endfacet
  facet normal -1.802546e-01 -9.836200e-01  -0.000000e+00
    outer loop
      vertex -1.560268e+01 -1.996354e+01  0.000000e+00
      vertex -1.560268e+01 -1.996354e+01  5.000000e+00
      vertex -1.619658e+01 -1.985471e+01  0.000000e+00
    endloop
  endfacet
  facet normal -1.802546e-01 -9.836200e-01  0.000000e+00
    outer loop
      vertex -1.619658e+01 -1.985471e+01  0.000000e+00
      vertex -1.560268e+01 -1.996354e+01  5.000000e+00
      vertex -1.619658e+01 -1.985471e+01  5.000000e+00
    endloop
  endfacet
  facet normal -2.975045e-01 -9.547204e-01  -0.000000e+00
    outer loop
      vertex -1.619658e+01 -1.985471e+01  0.000000e+00
      vertex -1.619658e+01 -1.985471e+01  5.000000e+00
      vertex -1.677302e+01 -1.967508e+01  0.000000e+00
    endloop
  endfacet
  facet normal -2.975045e-01 -9.547204e-01  0.000000e+00
    outer loop
      vertex -1.677302e+01 -1.967508e+01  0.000000e+00
      vertex -1.619658e+01 -1.985471e+01  5.000000e+00
      vertex -1.677302e+01 -1.967508e+01  5.000000e+00
    endloop
  endfacet
  facet normal -4.104118e-01 -9.119003e-01  -0.000000e+00
    outer loop
      vertex -1.677302e+01 -1.967508e+01  0.000000e+00
      vertex -1.677302e+01 -1.967508e+01  5.000000e+00
      vertex -1.732362e+01 -1.942728e+01  0.000000e+00
    endloop
  endfacet
  facet normal -4.104118e-01 -9.119003e-01  0.000000e+00
    outer loop
      vertex -1.732362e+01 -1.942728e+01  0.000000e+00
      vertex -1.677302e+01 -1.967508e+01  5.000000e+00
      vertex -1.732362e+01 -1.942728e+01  5.000000e+00
    endloop
  endfacet
  facet normal -5.173374e-01 -8.557815e-01  -0.000000e+00
    outer loop
      vertex -1.732362e+01 -1.942728e+01  0.000000e+00
      vertex -1.732362e+01 -1.942728e+01  5.000000e+00
      vertex -1.784032e+01 -1.911492e+01  0.000000e+00
    endloop
  endfacet
  facet normal -5.173374e-01 -8.557815e-01  0.000000e+00
    outer loop
      vertex -1.784032e+01 -1.911492e+01  0.000000e+00
      vertex -1.732362e+01 -1.942728e+01  5.000000e+00
      vertex -1.784032e+01 -1.911492e+01  5.000000e+00
    endloop
  endfacet
  facet normal -6.167202e-01 -7.871825e-01  -0.000000e+00
    outer loop
      vertex -1.784032e+01 -1.911492e+01  0.000000e+00
      vertex -1.784032e+01 -1.911492e+01  5.000000e+00
      vertex -1.831561e+01 -1.874255e+01  0.000000e+00
    endloop
  endfacet
  facet normal -6.167202e-01 -7.871825e-01  0.000000e+00
    outer loop
      vertex -1.831561e+01 -1.874255e+01  0.000000e+00
      vertex -1.784032e+01 -1.911492e+01  5.000000e+00
      vertex -1.831561e+01 -1.874255e+01  5.000000e+00
    endloop
  endfacet
  facet normal -7.071067e-01 -7.071067e-01  -0.000000e+00
    outer loop
      vertex -1.831561e+01 -1.874255e+01  0.000000e+00
      vertex -1.831561e+01 -1.874255e+01  5.000000e+00
      vertex -1.874255e+01 -1.831561e+01  0.000000e+00
    endloop
  endfacet
  facet normal -7.071067e-01 -7.071067e-01  0.000000e+00
    outer loop
      vertex -1.874255e+01 -1.831561e+01  0.000000e+00
      vertex -1.831561e+01 -1.874255e+01  5.000000e+00
      vertex -1.874255e+01 -1.831561e+01  5.000000e+00
    endloop
  endfacet
  facet normal -7.871825e-01 -6.167202e-01  -0.000000e+00
    outer loop
      vertex -1.874255e+01 -1.831561e+01  0.000000e+00
      vertex -1.874255e+01 -1.831561e+01  5.000000e+00
      vertex -1.911492e+01 -1.784032e+01  0.000000e+00
    endloop
  endfacet
  facet normal -7.871825e-01 -6.167202e-01  0.000000e+00
    outer loop
      vertex -1.911492e+01 -1.784032e+01  0.000000e+00
      vertex -1.874255e+01 -1.831561e+01  5.000000e+00
      vertex -1.911492e+01 -1.784032e+01  5.000000e+00
    endloop
  endfacet
  facet normal -8.557815e-01 -5.173374e-01  -0.000000e+00
    outer loop
      vertex -1.911492e+01 -1.784032e+01  0.000000e+00
      vertex -1.911492e+01 -1.784032e+01  5.000000e+00
      vertex -1.942728e+01 -1.732362e+01  0.000000e+00
    endloop
  endfacet
  facet normal -8.557815e-01 -5.173374e-01  0.000000e+00
    outer loop
      vertex -1.942728e+01 -1.732362e+01  0.000000e+00
      vertex -1.911492e+01 -1.784032e+01  5.000000e+00
      vertex -1.942728e+01 -1.732362e+01  5.000000e+00
    endloop
  endfacet
  facet normal -9.119003e-01 -4.104118e-01  -0.000000e+00
    outer loop
      vertex -1.942728e+01 -1.732362e+01  0.000000e+00
      vertex -1.942728e+01 -1.732362e+01  5.000000e+00
      vertex -1.967508e+01 -1.677302e+01  0.000000e+00
    endloop
  endfacet
  facet normal -9.119003e-01 -4.104118e-01  0.000000e+00
    outer loop
      vertex -1.967508e+01 -1.677302e+01  0.000000e+00
      vertex -1.942728e+01 -1.732362e+01  5.000000e+00
      vertex -1.967508e+01 -1.677302e+01  5.000000e+00
    endloop
  endfacet
  facet normal -9.547204e-01 -2.975045e-01  -0.000000e+00
    outer loop
      vertex -1.967508e+01 -1.677302e+01  0.000000e+00
      vertex -1.967508e+01 -1.677302e+01  5.000000e+00
      vertex -1.985471e+01 -1.619658e+01  0.000000e+00
    endloop
  endfacet
  facet normal -9.547204e-01 -2.975045e-01  0.000000e+00
    outer loop
      vertex -1.985471e+01 -1.619658e+01  0.000000e+00
      vertex -1.967508e+01 -1.677302e+01  5.000000e+00
      vertex -1.985471e+01 -1.619658e+01  5.000000e+00
    endloop
  endfacet
  facet normal -9.836200e-01 -1.802546e-01  -0.000000e+00
    outer loop
      vertex -1.985471e+01 -1.619658e+01  0.000000e+00
      vertex -1.985471e+01 -1.619658e+01  5.000000e+00
      vertex -1.996354e+01 -1.560268e+01  0.000000e+00
    endloop
  endfacet
  facet normal -9.836200e-01 -1.802546e-01  0.000000e+00
    outer loop
      vertex -1.996354e+01 -1.560268e+01  0.000000e+00
      vertex -1.985471e+01 -1.619658e+01  5.000000e+00
      vertex -1.996354e+01 -1.560268e+01  5.000000e+00
    endloop
  endfacet
  facet normal -9.981756e-01 -6.037775e-02  -0.000000e+00
    outer loop
      vertex -1.996354e+01 -1.560268e+01  0.000000e+00
      vertex -1.996354e+01 -1.560268e+01  5.000000e+00
      vertex -2.000000e+01 -1.500000e+01  0.000000e+00
    endloop
  endfacet
  facet normal -9.981756e-01 -6.037775e-02  0.000000e+00
    outer loop
      vertex -2.000000e+01 -1.500000e+01  0.000000e+00
      vertex -1.996354e+01 -1.560268e+01  5.000000e+00
      vertex -2.000000e+01 -1.500000e+01  5.000000e+00
    endloop
  endfacet
  facet normal  1.000000e+00  0.000000e+00  0.000000e+00
    outer loop
      vertex  2.000000e+01 -1.500000e+01  5.000000e+00
      vertex  2.000000e+01 -1.500000e+01  0.000000e+00
      vertex  2.000000e+01  1.500000e+01  5.000000e+00
    endloop
  endfacet
  facet normal  1.000000e+00  0.000000e+00  0.000000e+00
    outer loop
      vertex  2.000000e+01  1.500000e+01  5.000000e+00
      vertex  2.000000e+01 -1.500000e+01  0.000000e+00
      vertex  2.000000e+01  1.500000e+01  0.000000e+00
    endloop
  endfacet
  facet normal  9.981756e-01 -6.037775e-02  0.000000e+00
    outer loop
      vertex  2.000000e+01 -1.500000e+01  0.000000e+00
      vertex  2.000000e+01 -1.500000e+01  5.000000e+00
      vertex  1.996354e+01 -1.560268e+01  0.000000e+00
    endloop
  endfacet
  facet normal  9.981756e-01 -6.037775e-02  0.000000e+00
    outer loop
      vertex  1.996354e+01 -1.560268e+01  0.000000e+00
      vertex  2.000000e+01 -1.500000e+01  5.000000e+00
      vertex  1.996354e+01 -1.560268e+01  5.000000e+00
    endloop
  endfacet
  facet normal  9.836200e-01 -1.802546e-01  0.000000e+00
    outer loop
      vertex  1.996354e+01 -1.560268e+01  0.000000e+00
      vertex  1.996354e+01 -1.560268e+01  5.000000e+00
      vertex  1.985471e+01 -1.619658e+01  0.000000e+00
    endloop
  endfacet
  facet normal  9.836200e-01 -1.802546e-01  0.000000e+00
    outer loop
      vertex  1.985471e+01 -1.619658e+01  0.000000e+00
      vertex  1.996354e+01 -1.560268e+01  5.000000e+00
      vertex  1.985471e+01 -1.619658e+01  5.000000e+00
    endloop
  endfacet
  facet normal  9.547204e-01 -2.975045e-01  0.000000e+00
    outer loop
      vertex  1.985471e+01 -1.619658e+01  0.000000e+00
      vertex  1.985471e+01 -1.619658e+01  5.000000e+00
      vertex  1.967508e+01 -1.677302e+01  0.000000e+00
    endloop
  endfacet
  facet normal  9.547204e-01 -2.975045e-01  0.000000e+00
    outer loop
      vertex  1.967508e+01 -1.677302e+01  0.000000e+00
      vertex  1.985471e+01 -1.619658e+01  5.000000e+00
      vertex  1.967508e+01 -1.677302e+01  5.000000e+00
    endloop
  endfacet
  facet normal  9.119003e-01 -4.104118e-01  0.000000e+00
    outer loop
      vertex  1.967508e+01 -1.677302e+01  0.000000e+00
      vertex  1.967508e+01 -1.677302e+01  5.000000e+00
      vertex  1.942728e+01 -1.732362e+01  0.000000e+00
    endloop
  endfacet
  facet normal  9.119003e-01 -4.104118e-01  0.000000e+00
    outer loop
      vertex  1.942728e+01 -1.732362e+01  0.000000e+00
      vertex  1.967508e+01 -1.677302e+01  5.000000e+00
      vertex  1.942728e+01 -1.732362e+01  5.000000e+00
    endloop
  endfacet
  facet normal  8.557815e-01 -5.173374e-01  0.000000e+00
    outer loop
      vertex  1.942728e+01 -1.732362e+01  0.000000e+00
      vertex  1.942728e+01 -1.732362e+01  5.000000e+00
      vertex  1.911492e+01 -1.784032e+01  0.000000e+00
    endloop
  endfacet
  facet normal  8.557815e-01 -5.173374e-01  0.000000e+00
    outer loop
      vertex  1.911492e+01 -1.784032e+01  0.000000e+00
      vertex  1.942728e+01 -1.732362e+01  5.000000e+00
      vertex  1.911492e+01 -1.784032e+01  5.000000e+00
    endloop
  endfacet
  facet normal  7.871825e-01 -6.167202e-01  0.000000e+00
    outer loop
      vertex  1.911492e+01 -1.784032e+01  0.000000e+00
      vertex  1.911492e+01 -1.784032e+01  5.000000e+00
      vertex  1.874255e+01 -1.831561e+01  0.000000e+00
    endloop
  endfacet
  facet normal  7.871825e-01 -6.167202e-01  0.000000e+00
    outer loop
      vertex  1.874255e+01 -1.831561e+01  0.000000e+00
      vertex  1.911492e+01 -1.784032e+01  5.000000e+00
      vertex  1.874255e+01 -1.831561e+01  5.000000e+00
    endloop
  endfacet
  facet normal  7.071067e-01 -7.071067e-01  0.000000e+00
    outer loop
      vertex  1.874255e+01 -1.831561e+01  0.000000e+00
      vertex  1.874255e+01 -1.831561e+01  5.000000e+00
      vertex  1.831561e+01 -1.874255e+01  0.000000e+00
    endloop
  endfacet
  facet normal  7.071067e-01 -7.071067e-01  0.000000e+00
    outer loop
      vertex  1.831561e+01 -1.874255e+01  0.000000e+00
      vertex  1.874255e+01 -1.831561e+01  5.000000e+00
      vertex  1.831561e+01 -1.874255e+01  5.000000e+00
    endloop
  endfacet
  facet normal  6.167202e-01 -7.871825e-01  0.000000e+00
    outer loop
      vertex  1.831561e+01 -1.874255e+01  0.000000e+00
      vertex  1.831561e+01 -1.874255e+01  5.000000e+00
      vertex  1.784032e+01 -1.911492e+01  0.000000e+00
    endloop
  endfacet
  facet normal  6.167202e-01 -7.871825e-01  0.000000e+00
    outer loop
      vertex  1.784032e+01 -1.911492e+01  0.000000e+00
      vertex  1.831561e+01 -1.874255e+01  5.000000e+00
      vertex  1.784032e+01 -1.911492e+01  5.000000e+00
    endloop
  endfacet
  facet normal  5.173374e-01 -8.557815e-01  0.000000e+00
    outer loop
      vertex  1.784032e+01 -1.911492e+01  0.000000e+00
      vertex  1.784032e+01 -1.911492e+01  5.000000e+00
      vertex  1.732362e+01 -1.942728e+01  0.000000e+00
    endloop
  endfacet
  facet normal  5.173374e-01 -8.557815e-01  0.000000e+00
    outer loop
      vertex  1.732362e+01 -1.942728e+01  0.000000e+00
      vertex  1.784032e+01 -1.911492e+01  5.000000e+00
      vertex  1.732362e+01 -1.942728e+01  5.000000e+00
    endloop
  endfacet
  facet normal  4.104118e-01 -9.119003e-01  0.000000e+00
    outer loop
      vertex  1.732362e+01 -1.942728e+01  0.000000e+00
      vertex  1.732362e+01 -1.942728e+01  5.000000e+00
      vertex  1.677302e+01 -1.967508e+01  0.000000e+00
    endloop
  endfacet
  facet normal  4.104118e-01 -9.119003e-01  0.000000e+00
    outer loop
      vertex  1.677302e+01 -1.967508e+01  0.000000e+00
      vertex  1.732362e+01 -1.942728e+01  5.000000e+00
      vertex  1.677302e+01 -1.967508e+01  5.000000e+00
    endloop
  endfacet
  facet normal  2.975045e-01 -9.547204e-01  0.000000e+00
    outer loop
      vertex  1.677302e+01 -1.967508e+01  0.000000e+00
      vertex  1.677302e+01 -1.967508e+01  5.000000e+00
      vertex  1.619658e+01 -1.985471e+01  0.000000e+00
    endloop
  endfacet
  facet normal  2.975045e-01 -9.547204e-01  0.000000e+00
    outer loop
      vertex  1.619658e+01 -1.985471e+01  0.000000e+00
      vertex  1.677302e+01 -1.967508e+01  5.000000e+00
      vertex  1.619658e+01 -1.985471e+01  5.000000e+00
    endloop
  endfacet
  facet normal  1.802546e-01 -9.836200e-01  0.000000e+00
    outer loop
      vertex  1.619658e+01 -1.985471e+01  0.000000e+00
      vertex  1.619658e+01 -1.985471e+01  5.000000e+00
      vertex  1.560268e+01 -1.996354e+01  0.000000e+00
    endloop
  endfacet
  facet normal  1.802546e-01 -9.836200e-01  0.000000e+00
    outer loop
      vertex  1.560268e+01 -1.996354e+01  0.000000e+00
      vertex  1.619658e+01 -1.985471e+01  5.000000e+00
      vertex  1.560268e+01 -1.996354e+01  5.000000e+00
    endloop
  endfacet
  facet normal  6.037775e-02 -9.981756e-01  0.000000e+00
    outer loop
      vertex  1.560268e+01 -1.996354e+01  0.000000e+00
      vertex  1.560268e+01 -1.996354e+01  5.000000e+00
      vertex  1.500000e+01 -2.000000e+01  0.000000e+00
    endloop
  endfacet
  facet normal  6.037775e-02 -9.981756e-01  0.000000e+00
    outer loop
      vertex  1.500000e+01 -2.000000e+01  0.000000e+00
      vertex  1.560268e+01 -1.996354e+01  5.000000e+00
      vertex  1.500000e+01 -2.000000e+01  5.000000e+00
    endloop
  endfacet
  facet normal  6.037775e-02  9.981756e-01  0.000000e+00
    outer loop
      vertex  1.500000e+01  2.000000e+01  0.000000e+00
      vertex  1.500000e+01  2.000000e+01  5.000000e+00
      vertex  1.560268e+01  1.996354e+01  0.000000e+00
    endloop
  endfacet
  facet normal  6.037775e-02  9.981756e-01  -0.000000e+00
    outer loop
      vertex  1.560268e+01  1.996354e+01  0.000000e+00
      vertex  1.500000e+01  2.000000e+01  5.000000e+00
      vertex  1.560268e+01  1.996354e+01  5.000000e+00
    endloop
  endfacet
  facet normal  1.802546e-01  9.836200e-01  0.000000e+00
    outer loop
      vertex  1.560268e+01  1.996354e+01  0.000000e+00
      vertex  1.560268e+01  1.996354e+01  5.000000e+00
      vertex  1.619658e+01  1.985471e+01  0.000000e+00
    endloop
  endfacet
  facet normal  1.802546e-01  9.836200e-01  -0.000000e+00
    outer loop
      vertex  1.619658e+01  1.985471e+01  0.000000e+00
      vertex  1.560268e+01  1.996354e+01  5.000000e+00
      vertex  1.619658e+01  1.985471e+01  5.000000e+00
    endloop
  endfacet
  facet normal  2.975045e-01  9.547204e-01  0.000000e+00
    outer loop
      vertex  1.619658e+01  1.985471e+01  0.000000e+00
      vertex  1.619658e+01  1.985471e+01  5.000000e+00
      vertex  1.677302e+01  1.967508e+01  0.000000e+00
    endloop
  endfacet
  facet normal  2.975045e-01  9.547204e-01  -0.000000e+00
    outer loop
      vertex  1.677302e+01  1.967508e+01  0.000000e+00
      vertex  1.619658e+01  1.985471e+01  5.000000e+00
      vertex  1.677302e+01  1.967508e+01  5.000000e+00
    endloop
  endfacet
  facet normal  4.104118e-01  9.119003e-01  0.000000e+00
    outer loop
      vertex  1.677302e+01  1.967508e+01  0.000000e+00
      vertex  1.677302e+01  1.967508e+01  5.000000e+00
      vertex  1.732362e+01  1.942728e+01  0.000000e+00
    endloop
  endfacet
  facet normal  4.104118e-01  9.119003e-01  -0.000000e+00
    outer loop
      vertex  1.732362e+01  1.942728e+01  0.000000e+00
      vertex  1.677302e+01  1.967508e+01  5.000000e+00
      vertex  1.732362e+01  1.942728e+01  5.000000e+00
    endloop
  endfacet
  facet normal  5.173374e-01  8.557815e-01  0.000000e+00
    outer loop
      vertex  1.732362e+01  1.942728e+01  0.000000e+00
      vertex  1.732362e+01  1.942728e+01  5.000000e+00
      vertex  1.784032e+01  1.911492e+01  0.000000e+00
    endloop
  endfacet
  facet normal  5.173374e-01  8.557815e-01  -0.000000e+00
    outer loop
      vertex  1.784032e+01  1.911492e+01  0.000000e+00
      vertex  1.732362e+01  1.942728e+01  5.000000e+00
      vertex  1.784032e+01  1.911492e+01  5.000000e+00
    endloop
  endfacet
  facet normal  6.167202e-01  7.871825e-01  0.000000e+00
    outer loop
      vertex  1.784032e+01  1.911492e+01  0.000000e+00
      vertex  1.784032e+01  1.911492e+01  5.000000e+00
      vertex  1.831561e+01  1.874255e+01  0.000000e+00
    endloop
  endfacet
  facet normal  6.167202e-01  7.871825e-01  -0.000000e+00
    outer loop
      vertex  1.831561e+01  1.874255e+01  0.000000e+00
      vertex  1.784032e+01  1.911492e+01  5.000000e+00
      vertex  1.831561e+01  1.874255e+01  5.000000e+00
    endloop
  endfacet
  facet normal  7.071067e-01  7.071067e-01  0.000000e+00
    outer loop
      vertex  1.831561e+01  1.874255e+01  0.000000e+00
      vertex  1.831561e+01  1.874255e+01  5.000000e+00
      vertex  1.874255e+01  1.831561e+01  0.000000e+00
    endloop
  endfacet
  facet normal  7.071067e-01  7.071067e-01  -0.000000e+00
    outer loop
      vertex  1.874255e+01  1.831561e+01  0.000000e+00
      vertex  1.831561e+01  1.874255e+01  5.000000e+00
      vertex  1.874255e+01  1.831561e+01  5.000000e+00
    endloop
  endfacet
  facet normal  7.871825e-01  6.167202e-01  0.000000e+00
    outer loop
      vertex  1.874255e+01  1.831561e+01  0.000000e+00
      vertex  1.874255e+01  1.831561e+01  5.000000e+00
      vertex  1.911492e+01  1.784032e+01  0.000000e+00
    endloop
  endfacet
  facet normal  7.871825e-01  6.167202e-01  -0.000000e+00
    outer loop
      vertex  1.911492e+01  1.784032e+01  0.000000e+00
      vertex  1.874255e+01  1.831561e+01  5.000000e+00
      vertex  1.911492e+01  1.784032e+01  5.000000e+00
    endloop
  endfacet
  facet normal  8.557815e-01  5.173374e-01  0.000000e+00
    outer loop
      vertex  1.911492e+01  1.784032e+01  0.000000e+00
      vertex  1.911492e+01  1.784032e+01  5.000000e+00
      vertex  1.942728e+01  1.732362e+01  0.000000e+00
    endloop
  endfacet
  facet normal  8.557815e-01  5.173374e-01  -0.000000e+00
    outer loop
      vertex  1.942728e+01  1.732362e+01  0.000000e+00
      vertex  1.911492e+01  1.784032e+01  5.000000e+00
      vertex  1.942728e+01  1.732362e+01  5.000000e+00
    endloop
  endfacet
  facet normal  9.119003e-01  4.104118e-01  0.000000e+00
    outer loop
      vertex  1.942728e+01  1.732362e+01  0.000000e+00
      vertex  1.942728e+01  1.732362e+01  5.000000e+00
      vertex  1.967508e+01  1.677302e+01  0.000000e+00
    endloop
  endfacet
  facet normal  9.119003e-01  4.104118e-01  -0.000000e+00
    outer loop
      vertex  1.967508e+01  1.677302e+01  0.000000e+00
      vertex  1.942728e+01  1.732362e+01  5.000000e+00
      vertex  1.967508e+01  1.677302e+01  5.000000e+00
    endloop
  endfacet
  facet normal  9.547204e-01  2.975045e-01  0.000000e+00
    outer loop
      vertex  1.967508e+01  1.677302e+01  0.000000e+00
      vertex  1.967508e+01  1.677302e+01  5.000000e+00
      vertex  1.985471e+01  1.619658e+01  0.000000e+00
    endloop
  endfacet
  facet normal  9.547204e-01  2.975045e-01  -0.000000e+00
    outer loop
      vertex  1.985471e+01  1.619658e+01  0.000000e+00
      vertex  1.967508e+01  1.677302e+01  5.000000e+00
      vertex  1.985471e+01  1.619658e+01  5.000000e+00
    endloop
  endfacet
  facet normal  9.836200e-01  1.802546e-01  0.000000e+00
    outer loop
      vertex  1.985471e+01  1.619658e+01  0.000000e+00
      vertex  1.985471e+01  1.619658e+01  5.000000e+00
      vertex  1.996354e+01  1.560268e+01  0.000000e+00
    endloop
  endfacet
  facet normal  9.836200e-01  1.802546e-01  -0.000000e+00
    outer loop
      vertex  1.996354e+01  1.560268e+01  0.000000e+00
      vertex  1.985471e+01  1.619658e+01  5.000000e+00
      vertex  1.996354e+01  1.560268e+01  5.000000e+00
    endloop
  endfacet
  facet normal  9.981756e-01  6.037775e-02  0.000000e+00
    outer loop
      vertex  1.996354e+01  1.560268e+01  0.000000e+00
      vertex  1.996354e+01  1.560268e+01  5.000000e+00
      vertex  2.000000e+01  1.500000e+01  0.000000e+00
    endloop
  endfacet
  facet normal  9.981756e-01  6.037775e-02  -0.000000e+00
    outer loop
      vertex  2.000000e+01  1.500000e+01  0.000000e+00
      vertex  1.996354e+01  1.560268e+01  5.000000e+00
      vertex  2.000000e+01  1.500000e+01  5.000000e+00
    endloop
  endfacet
  facet normal  9.801721e-02  9.951847e-01  -0.000000e+00
    outer loop
      vertex  1.450000e+01 -1.635000e+01  2.000000e+00
      vertex  1.413908e+01 -1.631445e+01  0.000000e+00
      vertex  1.413908e+01 -1.631445e+01  2.000000e+00
    endloop
  endfacet
  facet normal  2.902862e-01  9.569399e-01  0.000000e+00
    outer loop
      vertex  1.413908e+01 -1.631445e+01  2.000000e+00
      vertex  1.413908e+01 -1.631445e+01  0.000000e+00
      vertex  1.379204e+01 -1.620918e+01  0.000000e+00
    endloop
  endfacet
  facet normal  2.902862e-01  9.569399e-01  -0.000000e+00
    outer loop
      vertex  1.413908e+01 -1.631445e+01  2.000000e+00
      vertex  1.379204e+01 -1.620918e+01  0.000000e+00
      vertex  1.379204e+01 -1.620918e+01  2.000000e+00
    endloop
  endfacet
  facet normal  4.713941e-01  8.819227e-01  0.000000e+00
    outer loop
      vertex  1.379204e+01 -1.620918e+01  2.000000e+00
      vertex  1.379204e+01 -1.620918e+01  0.000000e+00
      vertex  1.347219e+01 -1.603822e+01  0.000000e+00
    endloop
  endfacet
  facet normal  4.713941e-01  8.819227e-01  -0.000000e+00
    outer loop
      vertex  1.379204e+01 -1.620918e+01  2.000000e+00
      vertex  1.347219e+01 -1.603822e+01  0.000000e+00
      vertex  1.347219e+01 -1.603822e+01  2.000000e+00
    endloop
  endfacet
  facet normal  6.343952e-01  7.730088e-01  0.000000e+00
    outer loop
      vertex  1.347219e+01 -1.603822e+01  2.000000e+00
      vertex  1.347219e+01 -1.603822e+01  0.000000e+00
      vertex  1.319185e+01 -1.580815e+01  0.000000e+00
    endloop
  endfacet
  facet normal  6.343952e-01  7.730088e-01  -0.000000e+00
    outer loop
      vertex  1.347219e+01 -1.603822e+01  2.000000e+00
      vertex  1.319185e+01 -1.580815e+01  0.000000e+00
      vertex  1.319185e+01 -1.580815e+01  2.000000e+00
    endloop
  endfacet
  facet normal  7.730101e-01  6.343937e-01  0.000000e+00
    outer loop
      vertex  1.319185e+01 -1.580815e+01  2.000000e+00
      vertex  1.319185e+01 -1.580815e+01  0.000000e+00
      vertex  1.296178e+01 -1.552781e+01  0.000000e+00
    endloop
  endfacet
  facet normal  7.730101e-01  6.343937e-01  -0.000000e+00
    outer loop
      vertex  1.319185e+01 -1.580815e+01  2.000000e+00
      vertex  1.296178e+01 -1.552781e+01  0.000000e+00
      vertex  1.296178e+01 -1.552781e+01  2.000000e+00
    endloop
  endfacet
  facet normal  8.819216e-01  4.713962e-01  0.000000e+00
    outer loop
      vertex  1.296178e+01 -1.552781e+01  2.000000e+00
      vertex  1.296178e+01 -1.552781e+01  0.000000e+00
      vertex  1.279082e+01 -1.520796e+01  0.000000e+00
    endloop
  endfacet
  facet normal  8.819216e-01  4.713962e-01  -0.000000e+00
    outer loop
      vertex  1.296178e+01 -1.552781e+01  2.000000e+00
      vertex  1.279082e+01 -1.520796e+01  0.000000e+00
      vertex  1.279082e+01 -1.520796e+01  2.000000e+00
    endloop
  endfacet
  facet normal  9.569399e-01  2.902862e-01  0.000000e+00
    outer loop
      vertex  1.279082e+01 -1.520796e+01  2.000000e+00
      vertex  1.279082e+01 -1.520796e+01  0.000000e+00
      vertex  1.268555e+01 -1.486092e+01  0.000000e+00
    endloop
  endfacet
  facet normal  9.569399e-01  2.902862e-01  -0.000000e+00
    outer loop
      vertex  1.279082e+01 -1.520796e+01  2.000000e+00
      vertex  1.268555e+01 -1.486092e+01  0.000000e+00
      vertex  1.268555e+01 -1.486092e+01  2.000000e+00
    endloop
  endfacet
  facet normal  9.951847e-01  9.801721e-02  0.000000e+00
    outer loop
      vertex  1.268555e+01 -1.486092e+01  2.000000e+00
      vertex  1.268555e+01 -1.486092e+01  0.000000e+00
      vertex  1.265000e+01 -1.450000e+01 -8.881784e-16
    endloop
  endfacet
  facet normal  9.951847e-01  9.801721e-02  -0.000000e+00
    outer loop
      vertex  1.268555e+01 -1.486092e+01  2.000000e+00
      vertex  1.265000e+01 -1.450000e+01 -8.881784e-16
      vertex  1.265000e+01 -1.450000e+01  2.000000e+00
    endloop
  endfacet
  facet normal  9.801721e-02  9.951847e-01  0.000000e+00
    outer loop
      vertex  1.413908e+01 -1.631445e+01  0.000000e+00
      vertex  1.450000e+01 -1.635000e+01  2.000000e+00
      vertex  1.450000e+01 -1.635000e+01  0.000000e+00
    endloop
  endfacet
  facet normal -9.801721e-02  9.951847e-01  0.000000e+00
    outer loop
      vertex  1.450000e+01 -1.635000e+01  0.000000e+00
      vertex  1.450000e+01 -1.635000e+01  2.000000e+00
      vertex  1.486092e+01 -1.631445e+01  2.000000e+00
    endloop
  endfacet
  facet normal -9.801721e-02  9.951847e-01  0.000000e+00
    outer loop
      vertex  1.450000e+01 -1.635000e+01  0.000000e+00
      vertex  1.486092e+01 -1.631445e+01  2.000000e+00
      vertex  1.486092e+01 -1.631445e+01  0.000000e+00
    endloop
  endfacet
  facet normal -2.902862e-01  9.569399e-01  0.000000e+00
    outer loop
      vertex  1.486092e+01 -1.631445e+01  0.000000e+00
      vertex  1.486092e+01 -1.631445e+01  2.000000e+00
      vertex  1.520796e+01 -1.620918e+01  2.000000e+00
    endloop
  endfacet
  facet normal -2.902862e-01  9.569399e-01  0.000000e+00
    outer loop
      vertex  1.486092e+01 -1.631445e+01  0.000000e+00
      vertex  1.520796e+01 -1.620918e+01  2.000000e+00
      vertex  1.520796e+01 -1.620918e+01  0.000000e+00
    endloop
  endfacet
  facet normal -4.713941e-01  8.819227e-01  0.000000e+00
    outer loop
      vertex  1.520796e+01 -1.620918e+01  0.000000e+00
      vertex  1.520796e+01 -1.620918e+01  2.000000e+00
      vertex  1.552781e+01 -1.603822e+01  2.000000e+00
    endloop
  endfacet
  facet normal -4.713941e-01  8.819227e-01  0.000000e+00
    outer loop
      vertex  1.520796e+01 -1.620918e+01  0.000000e+00
      vertex  1.552781e+01 -1.603822e+01  2.000000e+00
      vertex  1.552781e+01 -1.603822e+01  0.000000e+00
    endloop
  endfacet
  facet normal -6.343952e-01  7.730088e-01  0.000000e+00
    outer loop
      vertex  1.552781e+01 -1.603822e+01  0.000000e+00
      vertex  1.552781e+01 -1.603822e+01  2.000000e+00
      vertex  1.580815e+01 -1.580815e+01  2.000000e+00
    endloop
  endfacet
  facet normal -6.343952e-01  7.730088e-01  0.000000e+00
    outer loop
      vertex  1.552781e+01 -1.603822e+01  0.000000e+00
      vertex  1.580815e+01 -1.580815e+01  2.000000e+00
      vertex  1.580815e+01 -1.580815e+01  0.000000e+00
    endloop
  endfacet
  facet normal -7.730088e-01  6.343952e-01  0.000000e+00
    outer loop
      vertex  1.580815e+01 -1.580815e+01  0.000000e+00
      vertex  1.580815e+01 -1.580815e+01  2.000000e+00
      vertex  1.603822e+01 -1.552781e+01  2.000000e+00
    endloop
  endfacet
  facet normal -7.730088e-01  6.343952e-01  0.000000e+00
    outer loop
      vertex  1.580815e+01 -1.580815e+01  0.000000e+00
      vertex  1.603822e+01 -1.552781e+01  2.000000e+00
      vertex  1.603822e+01 -1.552781e+01  0.000000e+00
    endloop
  endfacet
  facet normal -8.819227e-01  4.713941e-01  0.000000e+00
    outer loop
      vertex  1.603822e+01 -1.552781e+01  0.000000e+00
      vertex  1.603822e+01 -1.552781e+01  2.000000e+00
      vertex  1.620918e+01 -1.520796e+01  2.000000e+00
    endloop
  endfacet
  facet normal -8.819227e-01  4.713941e-01  0.000000e+00
    outer loop
      vertex  1.603822e+01 -1.552781e+01  0.000000e+00
      vertex  1.620918e+01 -1.520796e+01  2.000000e+00
      vertex  1.620918e+01 -1.520796e+01  0.000000e+00
    endloop
  endfacet
  facet normal -9.569399e-01  2.902862e-01  0.000000e+00
    outer loop
      vertex  1.620918e+01 -1.520796e+01  0.000000e+00
      vertex  1.620918e+01 -1.520796e+01  2.000000e+00
      vertex  1.631445e+01 -1.486092e+01  2.000000e+00
    endloop
  endfacet
  facet normal -9.569399e-01  2.902862e-01  0.000000e+00
    outer loop
      vertex  1.620918e+01 -1.520796e+01  0.000000e+00
      vertex  1.631445e+01 -1.486092e+01  2.000000e+00
      vertex  1.631445e+01 -1.486092e+01  0.000000e+00
    endloop
  endfacet
  facet normal -9.951847e-01  9.801721e-02  0.000000e+00
    outer loop
      vertex  1.631445e+01 -1.486092e+01  0.000000e+00
      vertex  1.631445e+01 -1.486092e+01  2.000000e+00
      vertex  1.635000e+01 -1.450000e+01  2.000000e+00
    endloop
  endfacet
  facet normal -9.951847e-01  9.801721e-02  0.000000e+00
    outer loop
      vertex  1.631445e+01 -1.486092e+01  0.000000e+00
      vertex  1.635000e+01 -1.450000e+01  2.000000e+00
      vertex  1.635000e+01 -1.450000e+01  0.000000e+00
    endloop
  endfacet
  facet normal -9.801721e-02 -9.951847e-01  0.000000e+00
    outer loop
      vertex  1.450000e+01 -1.265000e+01  2.000000e+00
      vertex  1.486092e+01 -1.268555e+01  0.000000e+00
      vertex  1.486092e+01 -1.268555e+01  2.000000e+00
    endloop
  endfacet
  facet normal -2.902862e-01 -9.569399e-01  -0.000000e+00
    outer loop
      vertex  1.486092e+01 -1.268555e+01  2.000000e+00
      vertex  1.486092e+01 -1.268555e+01  0.000000e+00
      vertex  1.520796e+01 -1.279082e+01  0.000000e+00
    endloop
  endfacet
  facet normal -2.902862e-01 -9.569399e-01  0.000000e+00
    outer loop
      vertex  1.486092e+01 -1.268555e+01  2.000000e+00
      vertex  1.520796e+01 -1.279082e+01  0.000000e+00
      vertex  1.520796e+01 -1.279082e+01  2.000000e+00
    endloop
  endfacet
  facet normal -4.713962e-01 -8.819216e-01  -0.000000e+00
    outer loop
      vertex  1.520796e+01 -1.279082e+01  2.000000e+00
      vertex  1.520796e+01 -1.279082e+01  0.000000e+00
      vertex  1.552781e+01 -1.296178e+01  0.000000e+00
    endloop
  endfacet
  facet normal -4.713962e-01 -8.819216e-01  0.000000e+00
    outer loop
      vertex  1.520796e+01 -1.279082e+01  2.000000e+00
      vertex  1.552781e+01 -1.296178e+01  0.000000e+00
      vertex  1.552781e+01 -1.296178e+01  2.000000e+00
    endloop
  endfacet
  facet normal -6.343937e-01 -7.730101e-01  -0.000000e+00
    outer loop
      vertex  1.552781e+01 -1.296178e+01  2.000000e+00
      vertex  1.552781e+01 -1.296178e+01  0.000000e+00
      vertex  1.580815e+01 -1.319185e+01  0.000000e+00
    endloop
  endfacet
  facet normal -6.343937e-01 -7.730101e-01  0.000000e+00
    outer loop
      vertex  1.552781e+01 -1.296178e+01  2.000000e+00
      vertex  1.580815e+01 -1.319185e+01  0.000000e+00
      vertex  1.580815e+01 -1.319185e+01  2.000000e+00
    endloop
  endfacet
  facet normal -7.730088e-01 -6.343952e-01  -0.000000e+00
    outer loop
      vertex  1.580815e+01 -1.319185e+01  2.000000e+00
      vertex  1.580815e+01 -1.319185e+01  0.000000e+00
      vertex  1.603822e+01 -1.347219e+01  0.000000e+00
    endloop
  endfacet
  facet normal -7.730088e-01 -6.343952e-01  0.000000e+00
    outer loop
      vertex  1.580815e+01 -1.319185e+01  2.000000e+00
      vertex  1.603822e+01 -1.347219e+01  0.000000e+00
      vertex  1.603822e+01 -1.347219e+01  2.000000e+00
    endloop
  endfacet
  facet normal -8.819227e-01 -4.713941e-01  -0.000000e+00
    outer loop
      vertex  1.603822e+01 -1.347219e+01  2.000000e+00
      vertex  1.603822e+01 -1.347219e+01  0.000000e+00
      vertex  1.620918e+01 -1.379204e+01  0.000000e+00
    endloop
  endfacet
  facet normal -8.819227e-01 -4.713941e-01  0.000000e+00
    outer loop
      vertex  1.603822e+01 -1.347219e+01  2.000000e+00
      vertex  1.620918e+01 -1.379204e+01  0.000000e+00
      vertex  1.620918e+01 -1.379204e+01  2.000000e+00
    endloop
  endfacet
  facet normal -9.569399e-01 -2.902862e-01  -0.000000e+00
    outer loop
      vertex  1.620918e+01 -1.379204e+01  2.000000e+00
      vertex  1.620918e+01 -1.379204e+01  0.000000e+00
      vertex  1.631445e+01 -1.413908e+01  0.000000e+00
    endloop
  endfacet
  facet normal -9.569399e-01 -2.902862e-01  0.000000e+00
    outer loop
      vertex  1.620918e+01 -1.379204e+01  2.000000e+00
      vertex  1.631445e+01 -1.413908e+01  0.000000e+00
      vertex  1.631445e+01 -1.413908e+01  2.000000e+00
    endloop
  endfacet
  facet normal -9.951847e-01 -9.801721e-02  -0.000000e+00
    outer loop
      vertex  1.631445e+01 -1.413908e+01  2.000000e+00
      vertex  1.631445e+01 -1.413908e+01  0.000000e+00
      vertex  1.635000e+01 -1.450000e+01  0.000000e+00
    endloop
  endfacet
  facet normal -9.951847e-01 -9.801721e-02  0.000000e+00
    outer loop
      vertex  1.631445e+01 -1.413908e+01  2.000000e+00
      vertex  1.635000e+01 -1.450000e+01  0.000000e+00
      vertex  1.635000e+01 -1.450000e+01  2.000000e+00
    endloop
  endfacet
  facet normal -9.801721e-02 -9.951847e-01  -0.000000e+00
    outer loop
      vertex  1.486092e+01 -1.268555e+01  0.000000e+00
      vertex  1.450000e+01 -1.265000e+01  2.000000e+00
      vertex  1.450000e+01 -1.265000e+01  0.000000e+00
    endloop
  endfacet
  facet normal  9.801721e-02 -9.951847e-01  0.000000e+00
    outer loop
      vertex  1.450000e+01 -1.265000e+01  0.000000e+00
      vertex  1.450000e+01 -1.265000e+01  2.000000e+00
      vertex  1.413908e+01 -1.268555e+01  2.000000e+00
    endloop
  endfacet
  facet normal  9.801721e-02 -9.951847e-01  0.000000e+00
    outer loop
      vertex  1.450000e+01 -1.265000e+01  0.000000e+00
      vertex  1.413908e+01 -1.268555e+01  2.000000e+00
      vertex  1.413908e+01 -1.268555e+01  0.000000e+00
    endloop
  endfacet
  facet normal  2.902862e-01 -9.569399e-01  0.000000e+00
    outer loop
      vertex  1.413908e+01 -1.268555e+01  0.000000e+00
      vertex  1.413908e+01 -1.268555e+01  2.000000e+00
      vertex  1.379204e+01 -1.279082e+01  2.000000e+00
    endloop
  endfacet
  facet normal  2.902862e-01 -9.569399e-01  0.000000e+00
    outer loop
      vertex  1.413908e+01 -1.268555e+01  0.000000e+00
      vertex  1.379204e+01 -1.279082e+01  2.000000e+00
      vertex  1.379204e+01 -1.279082e+01  0.000000e+00
    endloop
  endfacet
  facet normal  4.713962e-01 -8.819216e-01  0.000000e+00
    outer loop
      vertex  1.379204e+01 -1.279082e+01  0.000000e+00
      vertex  1.379204e+01 -1.279082e+01  2.000000e+00
      vertex  1.347219e+01 -1.296178e+01  2.000000e+00
    endloop
  endfacet
  facet normal  4.713962e-01 -8.819216e-01  0.000000e+00
    outer loop
      vertex  1.379204e+01 -1.279082e+01  0.000000e+00
      vertex  1.347219e+01 -1.296178e+01  2.000000e+00
      vertex  1.347219e+01 -1.296178e+01  0.000000e+00
    endloop
  endfacet
  facet normal  6.343937e-01 -7.730101e-01  0.000000e+00
    outer loop
      vertex  1.347219e+01 -1.296178e+01  0.000000e+00
      vertex  1.347219e+01 -1.296178e+01  2.000000e+00
      vertex  1.319185e+01 -1.319185e+01  2.000000e+00
    endloop
  endfacet
  facet normal  6.343937e-01 -7.730101e-01  0.000000e+00
    outer loop
      vertex  1.347219e+01 -1.296178e+01  0.000000e+00
      vertex  1.319185e+01 -1.319185e+01  2.000000e+00
      vertex  1.319185e+01 -1.319185e+01  0.000000e+00
    endloop
  endfacet
  facet normal  7.730101e-01 -6.343937e-01  0.000000e+00
    outer loop
      vertex  1.319185e+01 -1.319185e+01  0.000000e+00
      vertex  1.319185e+01 -1.319185e+01  2.000000e+00
      vertex  1.296178e+01 -1.347219e+01  2.000000e+00
    endloop
  endfacet
  facet normal  7.730101e-01 -6.343937e-01  0.000000e+00
    outer loop
      vertex  1.319185e+01 -1.319185e+01  0.000000e+00
      vertex  1.296178e+01 -1.347219e+01  2.000000e+00
      vertex  1.296178e+01 -1.347219e+01  0.000000e+00
    endloop
  endfacet
  facet normal  8.819216e-01 -4.713962e-01  0.000000e+00
    outer loop
      vertex  1.296178e+01 -1.347219e+01  0.000000e+00
      vertex  1.296178e+01 -1.347219e+01  2.000000e+00
      vertex  1.279082e+01 -1.379204e+01  2.000000e+00
    endloop
  endfacet
  facet normal  8.819216e-01 -4.713962e-01  0.000000e+00
    outer loop
      vertex  1.296178e+01 -1.347219e+01  0.000000e+00
      vertex  1.279082e+01 -1.379204e+01  2.000000e+00
      vertex  1.279082e+01 -1.379204e+01  0.000000e+00
    endloop
  endfacet
  facet normal  9.569399e-01 -2.902862e-01  0.000000e+00
    outer loop
      vertex  1.279082e+01 -1.379204e+01  0.000000e+00
      vertex  1.279082e+01 -1.379204e+01  2.000000e+00
      vertex  1.268555e+01 -1.413908e+01  2.000000e+00
    endloop
  endfacet
  facet normal  9.569399e-01 -2.902862e-01  0.000000e+00
    outer loop
      vertex  1.279082e+01 -1.379204e+01  0.000000e+00
      vertex  1.268555e+01 -1.413908e+01  2.000000e+00
      vertex  1.268555e+01 -1.413908e+01  0.000000e+00
    endloop
  endfacet
  facet normal  9.951847e-01 -9.801721e-02  0.000000e+00
    outer loop
      vertex  1.268555e+01 -1.413908e+01  0.000000e+00
      vertex  1.268555e+01 -1.413908e+01  2.000000e+00
      vertex  1.265000e+01 -1.450000e+01  2.000000e+00
    endloop
  endfacet
  facet normal  9.951847e-01 -9.801721e-02  0.000000e+00
    outer loop
      vertex  1.268555e+01 -1.413908e+01  0.000000e+00
      vertex  1.265000e+01 -1.450000e+01  2.000000e+00
      vertex  1.265000e+01 -1.450000e+01 -8.881784e-16
    endloop
  endfacet
  facet normal  1.490397e-01  9.888312e-01  -0.000000e+00
    outer loop
      vertex  1.425713e+01 -1.774091e+01  5.000000e+00
      vertex  1.377681e+01 -1.766852e+01  2.000000e+00
      vertex  1.377681e+01 -1.766852e+01  5.000000e+00
    endloop
  endfacet
  facet normal  2.947574e-01  9.555721e-01  0.000000e+00
    outer loop
      vertex  1.377681e+01 -1.766852e+01  5.000000e+00
      vertex  1.377681e+01 -1.766852e+01  2.000000e+00
      vertex  1.331264e+01 -1.752534e+01  2.000000e+00
    endloop
  endfacet
  facet normal  2.947574e-01  9.555721e-01  -0.000000e+00
    outer loop
      vertex  1.377681e+01 -1.766852e+01  5.000000e+00
      vertex  1.331264e+01 -1.752534e+01  2.000000e+00
      vertex  1.331264e+01 -1.752534e+01  5.000000e+00
    endloop
  endfacet
  facet normal  4.338821e-01  9.009697e-01  0.000000e+00
    outer loop
      vertex  1.331264e+01 -1.752534e+01  5.000000e+00
      vertex  1.331264e+01 -1.752534e+01  2.000000e+00
      vertex  1.287500e+01 -1.731458e+01  2.000000e+00
    endloop
  endfacet
  facet normal  4.338821e-01  9.009697e-01  -0.000000e+00
    outer loop
      vertex  1.331264e+01 -1.752534e+01  5.000000e+00
      vertex  1.287500e+01 -1.731458e+01  2.000000e+00
      vertex  1.287500e+01 -1.731458e+01  5.000000e+00
    endloop
  endfacet
  facet normal  5.633203e-01  8.262386e-01  0.000000e+00
    outer loop
      vertex  1.287500e+01 -1.731458e+01  5.000000e+00
      vertex  1.287500e+01 -1.731458e+01  2.000000e+00
      vertex  1.247366e+01 -1.704095e+01  2.000000e+00
    endloop
  endfacet
  facet normal  5.633203e-01  8.262386e-01  -0.000000e+00
    outer loop
      vertex  1.287500e+01 -1.731458e+01  5.000000e+00
      vertex  1.247366e+01 -1.704095e+01  2.000000e+00
      vertex  1.247366e+01 -1.704095e+01  5.000000e+00
    endloop
  endfacet
  facet normal  6.801722e-01  7.330523e-01  0.000000e+00
    outer loop
      vertex  1.247366e+01 -1.704095e+01  5.000000e+00
      vertex  1.247366e+01 -1.704095e+01  2.000000e+00
      vertex  1.211758e+01 -1.671056e+01  2.000000e+00
    endloop
  endfacet
  facet normal  6.801722e-01  7.330523e-01  -0.000000e+00
    outer loop
      vertex  1.247366e+01 -1.704095e+01  5.000000e+00
      vertex  1.211758e+01 -1.671056e+01  2.000000e+00
      vertex  1.211758e+01 -1.671056e+01  5.000000e+00
    endloop
  endfacet
  facet normal  7.818323e-01  6.234888e-01  0.000000e+00
    outer loop
      vertex  1.211758e+01 -1.671056e+01  5.000000e+00
      vertex  1.211758e+01 -1.671056e+01  2.000000e+00
      vertex  1.181472e+01 -1.633079e+01  2.000000e+00
    endloop
  endfacet
  facet normal  7.818323e-01  6.234888e-01  -0.000000e+00
    outer loop
      vertex  1.211758e+01 -1.671056e+01  5.000000e+00
      vertex  1.181472e+01 -1.633079e+01  2.000000e+00
      vertex  1.181472e+01 -1.633079e+01  5.000000e+00
    endloop
  endfacet
  facet normal  8.660249e-01  5.000010e-01  0.000000e+00
    outer loop
      vertex  1.181472e+01 -1.633079e+01  5.000000e+00
      vertex  1.181472e+01 -1.633079e+01  2.000000e+00
      vertex  1.157185e+01 -1.591012e+01  2.000000e+00
    endloop
  endfacet
  facet normal  8.660249e-01  5.000010e-01  -0.000000e+00
    outer loop
      vertex  1.181472e+01 -1.633079e+01  5.000000e+00
      vertex  1.157185e+01 -1.591012e+01  2.000000e+00
      vertex  1.157185e+01 -1.591012e+01  5.000000e+00
    endloop
  endfacet
  facet normal  9.308738e-01  3.653409e-01  0.000000e+00
    outer loop
      vertex  1.157185e+01 -1.591012e+01  5.000000e+00
      vertex  1.157185e+01 -1.591012e+01  2.000000e+00
      vertex  1.139439e+01 -1.545795e+01  2.000000e+00
    endloop
  endfacet
  facet normal  9.308738e-01  3.653409e-01  -0.000000e+00
    outer loop
      vertex  1.157185e+01 -1.591012e+01  5.000000e+00
      vertex  1.139439e+01 -1.545795e+01  2.000000e+00
      vertex  1.139439e+01 -1.545795e+01  5.000000e+00
    endloop
  endfacet
  facet normal  9.749280e-01  2.225208e-01  0.000000e+00
    outer loop
      vertex  1.139439e+01 -1.545795e+01  5.000000e+00
      vertex  1.139439e+01 -1.545795e+01  2.000000e+00
      vertex  1.128630e+01 -1.498439e+01  2.000000e+00
    endloop
  endfacet
  facet normal  9.749280e-01  2.225208e-01  -0.000000e+00
    outer loop
      vertex  1.139439e+01 -1.545795e+01  5.000000e+00
      vertex  1.128630e+01 -1.498439e+01  2.000000e+00
      vertex  1.128630e+01 -1.498439e+01  5.000000e+00
    endloop
  endfacet
  facet normal  9.972038e-01  7.472987e-02  0.000000e+00
    outer loop
      vertex  1.128630e+01 -1.498439e+01  5.000000e+00
      vertex  1.128630e+01 -1.498439e+01  2.000000e+00
      vertex  1.125000e+01 -1.450000e+01  2.000000e+00
    endloop
  endfacet
  facet normal  9.972038e-01  7.472987e-02  -0.000000e+00
    outer loop
      vertex  1.128630e+01 -1.498439e+01  5.000000e+00
      vertex  1.125000e+01 -1.450000e+01  2.000000e+00
      vertex  1.125000e+01 -1.450000e+01  5.000000e+00
    endloop
  endfacet
  facet normal  1.490397e-01  9.888312e-01  0.000000e+00
    outer loop
      vertex  1.377681e+01 -1.766852e+01  2.000000e+00
      vertex  1.425713e+01 -1.774091e+01  5.000000e+00
      vertex  1.425713e+01 -1.774091e+01  2.000000e+00
    endloop
  endfacet
  facet normal  0.000000e+00  1.000000e+00  0.000000e+00
    outer loop
      vertex  1.425713e+01 -1.774091e+01  2.000000e+00
      vertex  1.425713e+01 -1.774091e+01  5.000000e+00
      vertex  1.474287e+01 -1.774091e+01  5.000000e+00
    endloop
  endfacet
  facet normal  0.000000e+00  1.000000e+00  0.000000e+00
    outer loop
      vertex  1.425713e+01 -1.774091e+01  2.000000e+00
      vertex  1.474287e+01 -1.774091e+01  5.000000e+00
      vertex  1.474287e+01 -1.774091e+01  2.000000e+00
    endloop
  endfacet
  facet normal -1.490397e-01  9.888312e-01  0.000000e+00
    outer loop
      vertex  1.474287e+01 -1.774091e+01  2.000000e+00
      vertex  1.474287e+01 -1.774091e+01  5.000000e+00
      vertex  1.522319e+01 -1.766852e+01  5.000000e+00
    endloop
  endfacet
  facet normal -1.490397e-01  9.888312e-01  0.000000e+00
    outer loop
      vertex  1.474287e+01 -1.774091e+01  2.000000e+00
      vertex  1.522319e+01 -1.766852e+01  5.000000e+00
      vertex  1.522319e+01 -1.766852e+01  2.000000e+00
    endloop
  endfacet
  facet normal -2.947574e-01  9.555721e-01  0.000000e+00
    outer loop
      vertex  1.522319e+01 -1.766852e+01  2.000000e+00
      vertex  1.522319e+01 -1.766852e+01  5.000000e+00
      vertex  1.568736e+01 -1.752534e+01  5.000000e+00
    endloop
  endfacet
  facet normal -2.947574e-01  9.555721e-01  0.000000e+00
    outer loop
      vertex  1.522319e+01 -1.766852e+01  2.000000e+00
      vertex  1.568736e+01 -1.752534e+01  5.000000e+00
      vertex  1.568736e+01 -1.752534e+01  2.000000e+00
    endloop
  endfacet
  facet normal -4.338821e-01  9.009697e-01  0.000000e+00
    outer loop
      vertex  1.568736e+01 -1.752534e+01  2.000000e+00
      vertex  1.568736e+01 -1.752534e+01  5.000000e+00
      vertex  1.612500e+01 -1.731458e+01  5.000000e+00
    endloop
  endfacet
  facet normal -4.338821e-01  9.009697e-01  0.000000e+00
    outer loop
      vertex  1.568736e+01 -1.752534e+01  2.000000e+00
      vertex  1.612500e+01 -1.731458e+01  5.000000e+00
      vertex  1.612500e+01 -1.731458e+01  2.000000e+00
    endloop
  endfacet
  facet normal -5.633194e-01  8.262392e-01  0.000000e+00
    outer loop
      vertex  1.612500e+01 -1.731458e+01  2.000000e+00
      vertex  1.612500e+01 -1.731458e+01  5.000000e+00
      vertex  1.652634e+01 -1.704095e+01  5.000000e+00
    endloop
  endfacet
  facet normal -5.633194e-01  8.262392e-01  0.000000e+00
    outer loop
      vertex  1.612500e+01 -1.731458e+01  2.000000e+00
      vertex  1.652634e+01 -1.704095e+01  5.000000e+00
      vertex  1.652634e+01 -1.704095e+01  2.000000e+00
    endloop
  endfacet
  facet normal -6.801742e-01  7.330505e-01  0.000000e+00
    outer loop
      vertex  1.652634e+01 -1.704095e+01  2.000000e+00
      vertex  1.652634e+01 -1.704095e+01  5.000000e+00
      vertex  1.688242e+01 -1.671056e+01  5.000000e+00
    endloop
  endfacet
  facet normal -6.801742e-01  7.330505e-01  0.000000e+00
    outer loop
      vertex  1.652634e+01 -1.704095e+01  2.000000e+00
      vertex  1.688242e+01 -1.671056e+01  5.000000e+00
      vertex  1.688242e+01 -1.671056e+01  2.000000e+00
    endloop
  endfacet
  facet normal -7.818314e-01  6.234900e-01  0.000000e+00
    outer loop
      vertex  1.688242e+01 -1.671056e+01  2.000000e+00
      vertex  1.688242e+01 -1.671056e+01  5.000000e+00
      vertex  1.718528e+01 -1.633079e+01  5.000000e+00
    endloop
  endfacet
  facet normal -7.818314e-01  6.234900e-01  0.000000e+00
    outer loop
      vertex  1.688242e+01 -1.671056e+01  2.000000e+00
      vertex  1.718528e+01 -1.633079e+01  5.000000e+00
      vertex  1.718528e+01 -1.633079e+01  2.000000e+00
    endloop
  endfacet
  facet normal -8.660257e-01  4.999995e-01  0.000000e+00
    outer loop
      vertex  1.718528e+01 -1.633079e+01  2.000000e+00
      vertex  1.718528e+01 -1.633079e+01  5.000000e+00
      vertex  1.742815e+01 -1.591012e+01  5.000000e+00
    endloop
  endfacet
  facet normal -8.660257e-01  4.999995e-01  0.000000e+00
    outer loop
      vertex  1.718528e+01 -1.633079e+01  2.000000e+00
      vertex  1.742815e+01 -1.591012e+01  5.000000e+00
      vertex  1.742815e+01 -1.591012e+01  2.000000e+00
    endloop
  endfacet
  facet normal -9.308732e-01  3.653426e-01  0.000000e+00
    outer loop
      vertex  1.742815e+01 -1.591012e+01  2.000000e+00
      vertex  1.742815e+01 -1.591012e+01  5.000000e+00
      vertex  1.760561e+01 -1.545795e+01  5.000000e+00
    endloop
  endfacet
  facet normal -9.308732e-01  3.653426e-01  0.000000e+00
    outer loop
      vertex  1.742815e+01 -1.591012e+01  2.000000e+00
      vertex  1.760561e+01 -1.545795e+01  5.000000e+00
      vertex  1.760561e+01 -1.545795e+01  2.000000e+00
    endloop
  endfacet
  facet normal -9.749283e-01  2.225189e-01  0.000000e+00
    outer loop
      vertex  1.760561e+01 -1.545795e+01  2.000000e+00
      vertex  1.760561e+01 -1.545795e+01  5.000000e+00
      vertex  1.771370e+01 -1.498439e+01  5.000000e+00
    endloop
  endfacet
  facet normal -9.749283e-01  2.225189e-01  0.000000e+00
    outer loop
      vertex  1.760561e+01 -1.545795e+01  2.000000e+00
      vertex  1.771370e+01 -1.498439e+01  5.000000e+00
      vertex  1.771370e+01 -1.498439e+01  2.000000e+00
    endloop
  endfacet
  facet normal -9.972036e-01  7.473182e-02  0.000000e+00
    outer loop
      vertex  1.771370e+01 -1.498439e+01  2.000000e+00
      vertex  1.771370e+01 -1.498439e+01  5.000000e+00
      vertex  1.775000e+01 -1.450000e+01  5.000000e+00
    endloop
  endfacet
  facet normal -9.972036e-01  7.473182e-02  0.000000e+00
    outer loop
      vertex  1.771370e+01 -1.498439e+01  2.000000e+00
      vertex  1.775000e+01 -1.450000e+01  5.000000e+00
      vertex  1.775000e+01 -1.450000e+01  2.000000e+00
    endloop
  endfacet
  facet normal -1.490417e-01 -9.888310e-01  0.000000e+00
    outer loop
      vertex  1.474287e+01 -1.125909e+01  5.000000e+00
      vertex  1.522319e+01 -1.133148e+01  2.000000e+00
      vertex  1.522319e+01 -1.133148e+01  5.000000e+00
    endloop
  endfacet
  facet normal -2.947556e-01 -9.555726e-01  -0.000000e+00
    outer loop
      vertex  1.522319e+01 -1.133148e+01  5.000000e+00
      vertex  1.522319e+01 -1.133148e+01  2.000000e+00
      vertex  1.568736e+01 -1.147466e+01  2.000000e+00
    endloop
  endfacet
  facet normal -2.947556e-01 -9.555726e-01  0.000000e+00
    outer loop
      vertex  1.522319e+01 -1.133148e+01  5.000000e+00
      vertex  1.568736e+01 -1.147466e+01  2.000000e+00
      vertex  1.568736e+01 -1.147466e+01  5.000000e+00
    endloop
  endfacet
  facet normal -4.338836e-01 -9.009688e-01  -0.000000e+00
    outer loop
      vertex  1.568736e+01 -1.147466e+01  5.000000e+00
      vertex  1.568736e+01 -1.147466e+01  2.000000e+00
      vertex  1.612500e+01 -1.168542e+01  2.000000e+00
    endloop
  endfacet
  facet normal -4.338836e-01 -9.009688e-01  0.000000e+00
    outer loop
      vertex  1.568736e+01 -1.147466e+01  5.000000e+00
      vertex  1.612500e+01 -1.168542e+01  2.000000e+00
      vertex  1.612500e+01 -1.168542e+01  5.000000e+00
    endloop
  endfacet
  facet normal -5.633194e-01 -8.262392e-01  -0.000000e+00
    outer loop
      vertex  1.612500e+01 -1.168542e+01  5.000000e+00
      vertex  1.612500e+01 -1.168542e+01  2.000000e+00
      vertex  1.652634e+01 -1.195905e+01  2.000000e+00
    endloop
  endfacet
  facet normal -5.633194e-01 -8.262392e-01  0.000000e+00
    outer loop
      vertex  1.612500e+01 -1.168542e+01  5.000000e+00
      vertex  1.652634e+01 -1.195905e+01  2.000000e+00
      vertex  1.652634e+01 -1.195905e+01  5.000000e+00
    endloop
  endfacet
  facet normal -6.801742e-01 -7.330505e-01  -0.000000e+00
    outer loop
      vertex  1.652634e+01 -1.195905e+01  5.000000e+00
      vertex  1.652634e+01 -1.195905e+01  2.000000e+00
      vertex  1.688242e+01 -1.228944e+01  2.000000e+00
    endloop
  endfacet
  facet normal -6.801742e-01 -7.330505e-01  0.000000e+00
    outer loop
      vertex  1.652634e+01 -1.195905e+01  5.000000e+00
      vertex  1.688242e+01 -1.228944e+01  2.000000e+00
      vertex  1.688242e+01 -1.228944e+01  5.000000e+00
    endloop
  endfacet
  facet normal -7.818305e-01 -6.234909e-01  -0.000000e+00
    outer loop
      vertex  1.688242e+01 -1.228944e+01  5.000000e+00
      vertex  1.688242e+01 -1.228944e+01  2.000000e+00
      vertex  1.718528e+01 -1.266921e+01  2.000000e+00
    endloop
  endfacet
  facet normal -7.818305e-01 -6.234909e-01  0.000000e+00
    outer loop
      vertex  1.688242e+01 -1.228944e+01  5.000000e+00
      vertex  1.718528e+01 -1.266921e+01  2.000000e+00
      vertex  1.718528e+01 -1.266921e+01  5.000000e+00
    endloop
  endfacet
  facet normal -8.660262e-01 -4.999987e-01  -0.000000e+00
    outer loop
      vertex  1.718528e+01 -1.266921e+01  5.000000e+00
      vertex  1.718528e+01 -1.266921e+01  2.000000e+00
      vertex  1.742815e+01 -1.308988e+01  2.000000e+00
    endloop
  endfacet
  facet normal -8.660262e-01 -4.999987e-01  0.000000e+00
    outer loop
      vertex  1.718528e+01 -1.266921e+01  5.000000e+00
      vertex  1.742815e+01 -1.308988e+01  2.000000e+00
      vertex  1.742815e+01 -1.308988e+01  5.000000e+00
    endloop
  endfacet
  facet normal -9.308732e-01 -3.653426e-01  -0.000000e+00
    outer loop
      vertex  1.742815e+01 -1.308988e+01  5.000000e+00
      vertex  1.742815e+01 -1.308988e+01  2.000000e+00
      vertex  1.760561e+01 -1.354205e+01  2.000000e+00
    endloop
  endfacet
  facet normal -9.308732e-01 -3.653426e-01  0.000000e+00
    outer loop
      vertex  1.742815e+01 -1.308988e+01  5.000000e+00
      vertex  1.760561e+01 -1.354205e+01  2.000000e+00
      vertex  1.760561e+01 -1.354205e+01  5.000000e+00
    endloop
  endfacet
  facet normal -9.749283e-01 -2.225189e-01  -0.000000e+00
    outer loop
      vertex  1.760561e+01 -1.354205e+01  5.000000e+00
      vertex  1.760561e+01 -1.354205e+01  2.000000e+00
      vertex  1.771370e+01 -1.401561e+01  2.000000e+00
    endloop
  endfacet
  facet normal -9.749283e-01 -2.225189e-01  0.000000e+00
    outer loop
      vertex  1.760561e+01 -1.354205e+01  5.000000e+00
      vertex  1.771370e+01 -1.401561e+01  2.000000e+00
      vertex  1.771370e+01 -1.401561e+01  5.000000e+00
    endloop
  endfacet
  facet normal -9.972036e-01 -7.473182e-02  -0.000000e+00
    outer loop
      vertex  1.771370e+01 -1.401561e+01  5.000000e+00
      vertex  1.771370e+01 -1.401561e+01  2.000000e+00
      vertex  1.775000e+01 -1.450000e+01  2.000000e+00
    endloop
  endfacet
  facet normal -9.972036e-01 -7.473182e-02  0.000000e+00
    outer loop
      vertex  1.771370e+01 -1.401561e+01  5.000000e+00
      vertex  1.775000e+01 -1.450000e+01  2.000000e+00
      vertex  1.775000e+01 -1.450000e+01  5.000000e+00
    endloop
  endfacet
  facet normal -1.490417e-01 -9.888310e-01  -0.000000e+00
    outer loop
      vertex  1.522319e+01 -1.133148e+01  2.000000e+00
      vertex  1.474287e+01 -1.125909e+01  5.000000e+00
      vertex  1.474287e+01 -1.125909e+01  2.000000e+00
    endloop
  endfacet
  facet normal  0.000000e+00 -1.000000e+00  0.000000e+00
    outer loop
      vertex  1.474287e+01 -1.125909e+01  2.000000e+00
      vertex  1.474287e+01 -1.125909e+01  5.000000e+00
      vertex  1.425713e+01 -1.125909e+01  5.000000e+00
    endloop
  endfacet
  facet normal  0.000000e+00 -1.000000e+00  0.000000e+00
    outer loop
      vertex  1.474287e+01 -1.125909e+01  2.000000e+00
      vertex  1.425713e+01 -1.125909e+01  5.000000e+00
      vertex  1.425713e+01 -1.125909e+01  2.000000e+00
    endloop
  endfacet
  facet normal  1.490417e-01 -9.888310e-01  0.000000e+00
    outer loop
      vertex  1.425713e+01 -1.125909e+01  2.000000e+00
      vertex  1.425713e+01 -1.125909e+01  5.000000e+00
      vertex  1.377681e+01 -1.133148e+01  5.000000e+00
    endloop
  endfacet
  facet normal  1.490417e-01 -9.888310e-01  0.000000e+00
    outer loop
      vertex  1.425713e+01 -1.125909e+01  2.000000e+00
      vertex  1.377681e+01 -1.133148e+01  5.000000e+00
      vertex  1.377681e+01 -1.133148e+01  2.000000e+00
    endloop
  endfacet
  facet normal  2.947556e-01 -9.555726e-01  0.000000e+00
    outer loop
      vertex  1.377681e+01 -1.133148e+01  2.000000e+00
      vertex  1.377681e+01 -1.133148e+01  5.000000e+00
      vertex  1.331264e+01 -1.147466e+01  5.000000e+00
    endloop
  endfacet
  facet normal  2.947556e-01 -9.555726e-01  0.000000e+00
    outer loop
      vertex  1.377681e+01 -1.133148e+01  2.000000e+00
      vertex  1.331264e+01 -1.147466e+01  5.000000e+00
      vertex  1.331264e+01 -1.147466e+01  2.000000e+00
    endloop
  endfacet
  facet normal  4.338836e-01 -9.009688e-01  0.000000e+00
    outer loop
      vertex  1.331264e+01 -1.147466e+01  2.000000e+00
      vertex  1.331264e+01 -1.147466e+01  5.000000e+00
      vertex  1.287500e+01 -1.168542e+01  5.000000e+00
    endloop
  endfacet
  facet normal  4.338836e-01 -9.009688e-01  0.000000e+00
    outer loop
      vertex  1.331264e+01 -1.147466e+01  2.000000e+00
      vertex  1.287500e+01 -1.168542e+01  5.000000e+00
      vertex  1.287500e+01 -1.168542e+01  2.000000e+00
    endloop
  endfacet
  facet normal  5.633203e-01 -8.262386e-01  0.000000e+00
    outer loop
      vertex  1.287500e+01 -1.168542e+01  2.000000e+00
      vertex  1.287500e+01 -1.168542e+01  5.000000e+00
      vertex  1.247366e+01 -1.195905e+01  5.000000e+00
    endloop
  endfacet
  facet normal  5.633203e-01 -8.262386e-01  0.000000e+00
    outer loop
      vertex  1.287500e+01 -1.168542e+01  2.000000e+00
      vertex  1.247366e+01 -1.195905e+01  5.000000e+00
      vertex  1.247366e+01 -1.195905e+01  2.000000e+00
    endloop
  endfacet
  facet normal  6.801722e-01 -7.330523e-01  0.000000e+00
    outer loop
      vertex  1.247366e+01 -1.195905e+01  2.000000e+00
      vertex  1.247366e+01 -1.195905e+01  5.000000e+00
      vertex  1.211758e+01 -1.228944e+01  5.000000e+00
    endloop
  endfacet
  facet normal  6.801722e-01 -7.330523e-01  0.000000e+00
    outer loop
      vertex  1.247366e+01 -1.195905e+01  2.000000e+00
      vertex  1.211758e+01 -1.228944e+01  5.000000e+00
      vertex  1.211758e+01 -1.228944e+01  2.000000e+00
    endloop
  endfacet
  facet normal  7.818315e-01 -6.234897e-01  0.000000e+00
    outer loop
      vertex  1.211758e+01 -1.228944e+01  2.000000e+00
      vertex  1.211758e+01 -1.228944e+01  5.000000e+00
      vertex  1.181472e+01 -1.266921e+01  5.000000e+00
    endloop
  endfacet
  facet normal  7.818315e-01 -6.234897e-01  0.000000e+00
    outer loop
      vertex  1.211758e+01 -1.228944e+01  2.000000e+00
      vertex  1.181472e+01 -1.266921e+01  5.000000e+00
      vertex  1.181472e+01 -1.266921e+01  2.000000e+00
    endloop
  endfacet
  facet normal  8.660253e-01 -5.000001e-01  0.000000e+00
    outer loop
      vertex  1.181472e+01 -1.266921e+01  2.000000e+00
      vertex  1.181472e+01 -1.266921e+01  5.000000e+00
      vertex  1.157185e+01 -1.308988e+01  5.000000e+00
    endloop
  endfacet
  facet normal  8.660253e-01 -5.000001e-01  0.000000e+00
    outer loop
      vertex  1.181472e+01 -1.266921e+01  2.000000e+00
      vertex  1.157185e+01 -1.308988e+01  5.000000e+00
      vertex  1.157185e+01 -1.308988e+01  2.000000e+00
    endloop
  endfacet
  facet normal  9.308738e-01 -3.653409e-01  0.000000e+00
    outer loop
      vertex  1.157185e+01 -1.308988e+01  2.000000e+00
      vertex  1.157185e+01 -1.308988e+01  5.000000e+00
      vertex  1.139439e+01 -1.354205e+01  5.000000e+00
    endloop
  endfacet
  facet normal  9.308738e-01 -3.653409e-01  0.000000e+00
    outer loop
      vertex  1.157185e+01 -1.308988e+01  2.000000e+00
      vertex  1.139439e+01 -1.354205e+01  5.000000e+00
      vertex  1.139439e+01 -1.354205e+01  2.000000e+00
    endloop
  endfacet
  facet normal  9.749280e-01 -2.225208e-01  0.000000e+00
    outer loop
      vertex  1.139439e+01 -1.354205e+01  2.000000e+00
      vertex  1.139439e+01 -1.354205e+01  5.000000e+00
      vertex  1.128630e+01 -1.401561e+01  5.000000e+00
    endloop
  endfacet
  facet normal  9.749280e-01 -2.225208e-01  0.000000e+00
    outer loop
      vertex  1.139439e+01 -1.354205e+01  2.000000e+00
      vertex  1.128630e+01 -1.401561e+01  5.000000e+00
      vertex  1.128630e+01 -1.401561e+01  2.000000e+00
    endloop
  endfacet
  facet normal  9.972038e-01 -7.472987e-02  0.000000e+00
    outer loop
      vertex  1.128630e+01 -1.401561e+01  2.000000e+00
      vertex  1.128630e+01 -1.401561e+01  5.000000e+00
      vertex  1.125000e+01 -1.450000e+01  5.000000e+00
    endloop
  endfacet
  facet normal  9.972038e-01 -7.472987e-02  0.000000e+00
    outer loop
      vertex  1.128630e+01 -1.401561e+01  2.000000e+00
      vertex  1.125000e+01 -1.450000e+01  5.000000e+00
      vertex  1.125000e+01 -1.450000e+01  2.000000e+00
    endloop
  endfacet
  facet normal  0.000000e+00  0.000000e+00  1.000000e+00
    outer loop
      vertex  1.379204e+01 -1.279082e+01  2.000000e+00
      vertex  1.413908e+01 -1.268555e+01  2.000000e+00
      vertex  1.181472e+01 -1.266921e+01  2.000000e+00
    endloop
  endfacet
  facet normal  0.000000e+00  0.000000e+00  1.000000e+00
    outer loop
      vertex  1.742815e+01 -1.591012e+01  2.000000e+00
      vertex  1.580815e+01 -1.580815e+01  2.000000e+00
      vertex  1.552781e+01 -1.603822e+01  2.000000e+00
    endloop
  endfacet
  facet normal  0.000000e+00  -0.000000e+00  1.000000e+00
    outer loop
      vertex  1.486092e+01 -1.268555e+01  2.000000e+00
      vertex  1.520796e+01 -1.279082e+01  2.000000e+00
      vertex  1.718528e+01 -1.266921e+01  2.000000e+00
    endloop
  endfacet
  facet normal  -0.000000e+00  0.000000e+00  9.999999e-01
    outer loop
      vertex  1.211758e+01 -1.228944e+01  2.000000e+00
      vertex  1.181472e+01 -1.266921e+01  2.000000e+00
      vertex  1.413908e+01 -1.268555e+01  2.000000e+00
    endloop
  endfacet
  facet normal  0.000000e+00  -0.000000e+00  9.999999e-01
    outer loop
      vertex  1.211758e+01 -1.228944e+01  2.000000e+00
      vertex  1.413908e+01 -1.268555e+01  2.000000e+00
      vertex  1.450000e+01 -1.265000e+01  2.000000e+00
    endloop
  endfacet
  facet normal  0.000000e+00  -0.000000e+00  1.000000e+00
    outer loop
      vertex  1.211758e+01 -1.228944e+01  2.000000e+00
      vertex  1.450000e+01 -1.265000e+01  2.000000e+00
      vertex  1.474287e+01 -1.125909e+01  2.000000e+00
    endloop
  endfacet
  facet normal  0.000000e+00  0.000000e+00  1.000000e+00
    outer loop
      vertex  1.211758e+01 -1.228944e+01  2.000000e+00
      vertex  1.474287e+01 -1.125909e+01  2.000000e+00
      vertex  1.425713e+01 -1.125909e+01  2.000000e+00
    endloop
  endfacet
  facet normal  0.000000e+00  0.000000e+00  1.000000e+00
    outer loop
      vertex  1.211758e+01 -1.228944e+01  2.000000e+00
      vertex  1.425713e+01 -1.125909e+01  2.000000e+00
      vertex  1.377681e+01 -1.133148e+01  2.000000e+00
    endloop
  endfacet
  facet normal  0.000000e+00  0.000000e+00  1.000000e+00
    outer loop
      vertex  1.211758e+01 -1.228944e+01  2.000000e+00
      vertex  1.377681e+01 -1.133148e+01  2.000000e+00
      vertex  1.331264e+01 -1.147466e+01  2.000000e+00
    endloop
  endfacet
  facet normal  0.000000e+00  0.000000e+00  1.000000e+00
    outer loop
      vertex  1.211758e+01 -1.228944e+01  2.000000e+00
      vertex  1.331264e+01 -1.147466e+01  2.000000e+00
      vertex  1.287500e+01 -1.168542e+01  2.000000e+00
    endloop
  endfacet
  facet normal  0.000000e+00  0.000000e+00  1.000000e+00
    outer loop
      vertex  1.211758e+01 -1.228944e+01  2.000000e+00
      vertex  1.287500e+01 -1.168542e+01  2.000000e+00
      vertex  1.247366e+01 -1.195905e+01  2.000000e+00
    endloop
  endfacet
  facet normal  0.000000e+00  -0.000000e+00  1.000000e+00
    outer loop
      vertex  1.450000e+01 -1.265000e+01  2.000000e+00
      vertex  1.486092e+01 -1.268555e+01  2.000000e+00
      vertex  1.718528e+01 -1.266921e+01  2.000000e+00
    endloop
  endfacet
  facet normal  0.000000e+00  0.000000e+00  1.000000e+00
    outer loop
      vertex  1.450000e+01 -1.265000e+01  2.000000e+00
      vertex  1.718528e+01 -1.266921e+01  2.000000e+00
      vertex  1.688242e+01 -1.228944e+01  2.000000e+00
    endloop
  endfacet
  facet normal  0.000000e+00  0.000000e+00  1.000000e+00
    outer loop
      vertex  1.450000e+01 -1.265000e+01  2.000000e+00
      vertex  1.688242e+01 -1.228944e+01  2.000000e+00
      vertex  1.652634e+01 -1.195905e+01  2.000000e+00
    endloop
  endfacet
  facet normal  0.000000e+00  0.000000e+00  1.000000e+00
    outer loop
      vertex  1.450000e+01 -1.265000e+01  2.000000e+00
      vertex  1.652634e+01 -1.195905e+01  2.000000e+00
      vertex  1.612500e+01 -1.168542e+01  2.000000e+00
    endloop
  endfacet
  facet normal  0.000000e+00  0.000000e+00  1.000000e+00
    outer loop
      vertex  1.450000e+01 -1.265000e+01  2.000000e+00
      vertex  1.612500e+01 -1.168542e+01  2.000000e+00
      vertex  1.568736e+01 -1.147466e+01  2.000000e+00
    endloop
  endfacet
  facet normal  0.000000e+00  0.000000e+00  1.000000e+00
    outer loop
      vertex  1.450000e+01 -1.265000e+01  2.000000e+00
      vertex  1.568736e+01 -1.147466e+01  2.000000e+00
      vertex  1.522319e+01 -1.133148e+01  2.000000e+00
    endloop
  endfacet
  facet normal  0.000000e+00  0.000000e+00  1.000000e+00
    outer loop
      vertex  1.450000e+01 -1.265000e+01  2.000000e+00
      vertex  1.522319e+01 -1.133148e+01  2.000000e+00
      vertex  1.474287e+01 -1.125909e+01  2.000000e+00
    endloop
  endfacet
  facet normal  0.000000e+00  0.000000e+00  1.000000e+00
    outer loop
      vertex  1.450000e+01 -1.635000e+01  2.000000e+00
      vertex  1.413908e+01 -1.631445e+01  2.000000e+00
      vertex  1.181472e+01 -1.633079e+01  2.000000e+00
    endloop
  endfacet
  facet normal  0.000000e+00  0.000000e+00  1.000000e+00
    outer loop
      vertex  1.450000e+01 -1.635000e+01  2.000000e+00
      vertex  1.181472e+01 -1.633079e+01  2.000000e+00
      vertex  1.211758e+01 -1.671056e+01  2.000000e+00
    endloop
  endfacet
  facet normal  -0.000000e+00  0.000000e+00  9.999999e-01
    outer loop
      vertex  1.450000e+01 -1.635000e+01  2.000000e+00
      vertex  1.211758e+01 -1.671056e+01  2.000000e+00
      vertex  1.247366e+01 -1.704095e+01  2.000000e+00
    endloop
  endfacet
  facet normal  -0.000000e+00  0.000000e+00  1.000000e+00
    outer loop
      vertex  1.450000e+01 -1.635000e+01  2.000000e+00
      vertex  1.247366e+01 -1.704095e+01  2.000000e+00
      vertex  1.287500e+01 -1.731458e+01  2.000000e+00
    endloop
  endfacet
  facet normal  -0.000000e+00  0.000000e+00  9.999999e-01
    outer loop
      vertex  1.450000e+01 -1.635000e+01  2.000000e+00
      vertex  1.287500e+01 -1.731458e+01  2.000000e+00
      vertex  1.331264e+01 -1.752534e+01  2.000000e+00
    endloop
  endfacet
  facet normal  -0.000000e+00  0.000000e+00  1.000000e+00
    outer loop
      vertex  1.450000e+01 -1.635000e+01  2.000000e+00
      vertex  1.331264e+01 -1.752534e+01  2.000000e+00
      vertex  1.377681e+01 -1.766852e+01  2.000000e+00
    endloop
  endfacet
  facet normal  -0.000000e+00  0.000000e+00  9.999999e-01
    outer loop
      vertex  1.450000e+01 -1.635000e+01  2.000000e+00
      vertex  1.377681e+01 -1.766852e+01  2.000000e+00
      vertex  1.425713e+01 -1.774091e+01  2.000000e+00
    endloop
  endfacet
  facet normal  0.000000e+00  0.000000e+00  1.000000e+00
    outer loop
      vertex  1.450000e+01 -1.635000e+01  2.000000e+00
      vertex  1.425713e+01 -1.774091e+01  2.000000e+00
      vertex  1.474287e+01 -1.774091e+01  2.000000e+00
    endloop
  endfacet
  facet normal  0.000000e+00  -0.000000e+00  9.999999e-01
    outer loop
      vertex  1.450000e+01 -1.635000e+01  2.000000e+00
      vertex  1.474287e+01 -1.774091e+01  2.000000e+00
      vertex  1.522319e+01 -1.766852e+01  2.000000e+00
    endloop
  endfacet
  facet normal  0.000000e+00  -0.000000e+00  1.000000e+00
    outer loop
      vertex  1.450000e+01 -1.635000e+01  2.000000e+00
      vertex  1.522319e+01 -1.766852e+01  2.000000e+00
      vertex  1.568736e+01 -1.752534e+01  2.000000e+00
    endloop
  endfacet
  facet normal  0.000000e+00  -0.000000e+00  9.999999e-01
    outer loop
      vertex  1.450000e+01 -1.635000e+01  2.000000e+00
      vertex  1.568736e+01 -1.752534e+01  2.000000e+00
      vertex  1.612500e+01 -1.731458e+01  2.000000e+00
    endloop
  endfacet
  facet normal  0.000000e+00  -0.000000e+00  1.000000e+00
    outer loop
      vertex  1.450000e+01 -1.635000e+01  2.000000e+00
      vertex  1.612500e+01 -1.731458e+01  2.000000e+00
      vertex  1.652634e+01 -1.704095e+01  2.000000e+00
    endloop
  endfacet
  facet normal  0.000000e+00  -0.000000e+00  9.999999e-01
    outer loop
      vertex  1.450000e+01 -1.635000e+01  2.000000e+00
      vertex  1.652634e+01 -1.704095e+01  2.000000e+00
      vertex  1.688242e+01 -1.671056e+01  2.000000e+00
    endloop
  endfacet
  facet normal  0.000000e+00  -0.000000e+00  1.000000e+00
    outer loop
      vertex  1.450000e+01 -1.635000e+01  2.000000e+00
      vertex  1.688242e+01 -1.671056e+01  2.000000e+00
      vertex  1.718528e+01 -1.633079e+01  2.000000e+00
    endloop
  endfacet
  facet normal  0.000000e+00  0.000000e+00  1.000000e+00
    outer loop
      vertex  1.450000e+01 -1.635000e+01  2.000000e+00
      vertex  1.718528e+01 -1.633079e+01  2.000000e+00
      vertex  1.486092e+01 -1.631445e+01  2.000000e+00
    endloop
  endfacet
  facet normal  0.000000e+00  -0.000000e+00  9.999999e-01
    outer loop
      vertex  1.157185e+01 -1.591012e+01  2.000000e+00
      vertex  1.181472e+01 -1.633079e+01  2.000000e+00
      vertex  1.413908e+01 -1.631445e+01  2.000000e+00
    endloop
  endfacet
  facet normal  0.000000e+00  0.000000e+00  1.000000e+00
    outer loop
      vertex  1.157185e+01 -1.591012e+01  2.000000e+00
      vertex  1.413908e+01 -1.631445e+01  2.000000e+00
      vertex  1.379204e+01 -1.620918e+01  2.000000e+00
    endloop
  endfacet
  facet normal  0.000000e+00  0.000000e+00  1.000000e+00
    outer loop
      vertex  1.157185e+01 -1.591012e+01  2.000000e+00
      vertex  1.379204e+01 -1.620918e+01  2.000000e+00
      vertex  1.347219e+01 -1.603822e+01  2.000000e+00
    endloop
  endfacet
  facet normal  0.000000e+00  0.000000e+00  9.999999e-01
    outer loop
      vertex  1.157185e+01 -1.591012e+01  2.000000e+00
      vertex  1.347219e+01 -1.603822e+01  2.000000e+00
      vertex  1.319185e+01 -1.580815e+01  2.000000e+00
    endloop
  endfacet
  facet normal  0.000000e+00  0.000000e+00  1.000000e+00
    outer loop
      vertex  1.157185e+01 -1.591012e+01  2.000000e+00
      vertex  1.319185e+01 -1.580815e+01  2.000000e+00
      vertex  1.296178e+01 -1.552781e+01  2.000000e+00
    endloop
  endfacet
  facet normal  0.000000e+00  0.000000e+00  9.999999e-01
    outer loop
      vertex  1.157185e+01 -1.591012e+01  2.000000e+00
      vertex  1.296178e+01 -1.552781e+01  2.000000e+00
      vertex  1.139439e+01 -1.545795e+01  2.000000e+00
    endloop
  endfacet
  facet normal  -0.000000e+00  0.000000e+00  1.000000e+00
    outer loop
      vertex  1.268555e+01 -1.486092e+01  2.000000e+00
      vertex  1.128630e+01 -1.498439e+01  2.000000e+00
      vertex  1.279082e+01 -1.520796e+01  2.000000e+00
    endloop
  endfacet
  facet normal  0.000000e+00  0.000000e+00  1.000000e+00
    outer loop
      vertex  1.279082e+01 -1.520796e+01  2.000000e+00
      vertex  1.128630e+01 -1.498439e+01  2.000000e+00
      vertex  1.139439e+01 -1.545795e+01  2.000000e+00
    endloop
  endfacet
  facet normal  -0.000000e+00  0.000000e+00  9.999999e-01
    outer loop
      vertex  1.279082e+01 -1.520796e+01  2.000000e+00
      vertex  1.139439e+01 -1.545795e+01  2.000000e+00
      vertex  1.296178e+01 -1.552781e+01  2.000000e+00
    endloop
  endfacet
  facet normal  -0.000000e+00  0.000000e+00  9.999999e-01
    outer loop
      vertex  1.296178e+01 -1.347219e+01  2.000000e+00
      vertex  1.139439e+01 -1.354205e+01  2.000000e+00
      vertex  1.279082e+01 -1.379204e+01  2.000000e+00
    endloop
  endfacet
  facet normal  0.000000e+00  0.000000e+00  1.000000e+00
    outer loop
      vertex  1.279082e+01 -1.379204e+01  2.000000e+00
      vertex  1.139439e+01 -1.354205e+01  2.000000e+00
      vertex  1.128630e+01 -1.401561e+01  2.000000e+00
    endloop
  endfacet
  facet normal  -0.000000e+00  0.000000e+00  1.000000e+00
    outer loop
      vertex  1.279082e+01 -1.379204e+01  2.000000e+00
      vertex  1.128630e+01 -1.401561e+01  2.000000e+00
      vertex  1.268555e+01 -1.413908e+01  2.000000e+00
    endloop
  endfacet
  facet normal  0.000000e+00  0.000000e+00  1.000000e+00
    outer loop
      vertex  1.268555e+01 -1.413908e+01  2.000000e+00
      vertex  1.128630e+01 -1.401561e+01  2.000000e+00
      vertex  1.125000e+01 -1.450000e+01  2.000000e+00
    endloop
  endfacet
  facet normal  0.000000e+00  0.000000e+00  1.000000e+00
    outer loop
      vertex  1.268555e+01 -1.413908e+01  2.000000e+00
      vertex  1.125000e+01 -1.450000e+01  2.000000e+00
      vertex  1.265000e+01 -1.450000e+01  2.000000e+00
    endloop
  endfacet
  facet normal  0.000000e+00  0.000000e+00  1.000000e+00
    outer loop
      vertex  1.265000e+01 -1.450000e+01  2.000000e+00
      vertex  1.125000e+01 -1.450000e+01  2.000000e+00
      vertex  1.128630e+01 -1.498439e+01  2.000000e+00
    endloop
  endfacet
  facet normal  0.000000e+00  0.000000e+00  1.000000e+00
    outer loop
      vertex  1.265000e+01 -1.450000e+01  2.000000e+00
      vertex  1.128630e+01 -1.498439e+01  2.000000e+00
      vertex  1.268555e+01 -1.486092e+01  2.000000e+00
    endloop
  endfacet
  facet normal  0.000000e+00  0.000000e+00  1.000000e+00
    outer loop
      vertex  1.379204e+01 -1.279082e+01  2.000000e+00
      vertex  1.181472e+01 -1.266921e+01  2.000000e+00
      vertex  1.347219e+01 -1.296178e+01  2.000000e+00
    endloop
  endfacet
  facet normal  0.000000e+00  0.000000e+00  9.999999e-01
    outer loop
      vertex  1.347219e+01 -1.296178e+01  2.000000e+00
      vertex  1.181472e+01 -1.266921e+01  2.000000e+00
      vertex  1.157185e+01 -1.308988e+01  2.000000e+00
    endloop
  endfacet
  facet normal  -0.000000e+00  0.000000e+00  1.000000e+00
    outer loop
      vertex  1.347219e+01 -1.296178e+01  2.000000e+00
      vertex  1.157185e+01 -1.308988e+01  2.000000e+00
      vertex  1.319185e+01 -1.319185e+01  2.000000e+00
    endloop
  endfacet
  facet normal  0.000000e+00  0.000000e+00  1.000000e+00
    outer loop
      vertex  1.319185e+01 -1.319185e+01  2.000000e+00
      vertex  1.157185e+01 -1.308988e+01  2.000000e+00
      vertex  1.139439e+01 -1.354205e+01  2.000000e+00
    endloop
  endfacet
  facet normal  0.000000e+00  0.000000e+00  9.999999e-01
    outer loop
      vertex  1.319185e+01 -1.319185e+01  2.000000e+00
      vertex  1.139439e+01 -1.354205e+01  2.000000e+00
      vertex  1.296178e+01 -1.347219e+01  2.000000e+00
    endloop
  endfacet
  facet normal  0.000000e+00  0.000000e+00  1.000000e+00
    outer loop
      vertex  1.552781e+01 -1.603822e+01  2.000000e+00
      vertex  1.520796e+01 -1.620918e+01  2.000000e+00
      vertex  1.742815e+01 -1.591012e+01  2.000000e+00
    endloop
  endfacet
  facet normal  0.000000e+00  0.000000e+00  1.000000e+00
    outer loop
      vertex  1.742815e+01 -1.591012e+01  2.000000e+00
      vertex  1.520796e+01 -1.620918e+01  2.000000e+00
      vertex  1.486092e+01 -1.631445e+01  2.000000e+00
    endloop
  endfacet
  facet normal  -0.000000e+00  0.000000e+00  9.999999e-01
    outer loop
      vertex  1.742815e+01 -1.591012e+01  2.000000e+00
      vertex  1.486092e+01 -1.631445e+01  2.000000e+00
      vertex  1.718528e+01 -1.633079e+01  2.000000e+00
    endloop
  endfacet
  facet normal  0.000000e+00  0.000000e+00  1.000000e+00
    outer loop
      vertex  1.631445e+01 -1.486092e+01  2.000000e+00
      vertex  1.620918e+01 -1.520796e+01  2.000000e+00
      vertex  1.771370e+01 -1.498439e+01  2.000000e+00
    endloop
  endfacet
  facet normal  0.000000e+00  0.000000e+00  1.000000e+00
    outer loop
      vertex  1.771370e+01 -1.498439e+01  2.000000e+00
      vertex  1.620918e+01 -1.520796e+01  2.000000e+00
      vertex  1.603822e+01 -1.552781e+01  2.000000e+00
    endloop
  endfacet
  facet normal  0.000000e+00  0.000000e+00  1.000000e+00
    outer loop
      vertex  1.771370e+01 -1.498439e+01  2.000000e+00
      vertex  1.603822e+01 -1.552781e+01  2.000000e+00
      vertex  1.760561e+01 -1.545795e+01  2.000000e+00
    endloop
  endfacet
  facet normal  0.000000e+00  0.000000e+00  9.999999e-01
    outer loop
      vertex  1.760561e+01 -1.545795e+01  2.000000e+00
      vertex  1.603822e+01 -1.552781e+01  2.000000e+00
      vertex  1.580815e+01 -1.580815e+01  2.000000e+00
    endloop
  endfacet
  facet normal  -0.000000e+00  0.000000e+00  9.999999e-01
    outer loop
      vertex  1.760561e+01 -1.545795e+01  2.000000e+00
      vertex  1.580815e+01 -1.580815e+01  2.000000e+00
      vertex  1.742815e+01 -1.591012e+01  2.000000e+00
    endloop
  endfacet
  facet normal  0.000000e+00  -0.000000e+00  9.999999e-01
    outer loop
      vertex  1.603822e+01 -1.347219e+01  2.000000e+00
      vertex  1.620918e+01 -1.379204e+01  2.000000e+00
      vertex  1.760561e+01 -1.354205e+01  2.000000e+00
    endloop
  endfacet
  facet normal  0.000000e+00  0.000000e+00  1.000000e+00
    outer loop
      vertex  1.760561e+01 -1.354205e+01  2.000000e+00
      vertex  1.620918e+01 -1.379204e+01  2.000000e+00
      vertex  1.631445e+01 -1.413908e+01  2.000000e+00
    endloop
  endfacet
  facet normal  0.000000e+00  0.000000e+00  1.000000e+00
    outer loop
      vertex  1.760561e+01 -1.354205e+01  2.000000e+00
      vertex  1.631445e+01 -1.413908e+01  2.000000e+00
      vertex  1.771370e+01 -1.401561e+01  2.000000e+00
    endloop
  endfacet
  facet normal  0.000000e+00  0.000000e+00  1.000000e+00
    outer loop
      vertex  1.771370e+01 -1.401561e+01  2.000000e+00
      vertex  1.631445e+01 -1.413908e+01  2.000000e+00
      vertex  1.635000e+01 -1.450000e+01  2.000000e+00
    endloop
  endfacet
  facet normal  0.000000e+00  0.000000e+00  1.000000e+00
    outer loop
      vertex  1.771370e+01 -1.401561e+01  2.000000e+00
      vertex  1.635000e+01 -1.450000e+01  2.000000e+00
      vertex  1.775000e+01 -1.450000e+01  2.000000e+00
    endloop
  endfacet
  facet normal  0.000000e+00  0.000000e+00  1.000000e+00
    outer loop
      vertex  1.775000e+01 -1.450000e+01  2.000000e+00
      vertex  1.635000e+01 -1.450000e+01  2.000000e+00
      vertex  1.631445e+01 -1.486092e+01  2.000000e+00
    endloop
  endfacet
  facet normal  -0.000000e+00  0.000000e+00  1.000000e+00
    outer loop
      vertex  1.775000e+01 -1.450000e+01  2.000000e+00
      vertex  1.631445e+01 -1.486092e+01  2.000000e+00
      vertex  1.771370e+01 -1.498439e+01  2.000000e+00
    endloop
  endfacet
  facet normal  0.000000e+00  -0.000000e+00  1.000000e+00
    outer loop
      vertex  1.520796e+01 -1.279082e+01  2.000000e+00
      vertex  1.552781e+01 -1.296178e+01  2.000000e+00
      vertex  1.718528e+01 -1.266921e+01  2.000000e+00
    endloop
  endfacet
  facet normal  0.000000e+00  0.000000e+00  1.000000e+00
    outer loop
      vertex  1.718528e+01 -1.266921e+01  2.000000e+00
      vertex  1.552781e+01 -1.296178e+01  2.000000e+00
      vertex  1.580815e+01 -1.319185e+01  2.000000e+00
    endloop
  endfacet
  facet normal  0.000000e+00  0.000000e+00  1.000000e+00
    outer loop
      vertex  1.718528e+01 -1.266921e+01  2.000000e+00
      vertex  1.580815e+01 -1.319185e+01  2.000000e+00
      vertex  1.742815e+01 -1.308988e+01  2.000000e+00
    endloop
  endfacet
  facet normal  0.000000e+00  0.000000e+00  9.999999e-01
    outer loop
      vertex  1.742815e+01 -1.308988e+01  2.000000e+00
      vertex  1.580815e+01 -1.319185e+01  2.000000e+00
      vertex  1.603822e+01 -1.347219e+01  2.000000e+00
    endloop
  endfacet
  facet normal  -0.000000e+00  0.000000e+00  1.000000e+00
    outer loop
      vertex  1.742815e+01 -1.308988e+01  2.000000e+00
      vertex  1.603822e+01 -1.347219e+01  2.000000e+00
      vertex  1.760561e+01 -1.354205e+01  2.000000e+00
    endloop
  endfacet
  facet normal  9.801721e-02  9.951847e-01  -0.000000e+00
    outer loop
      vertex  1.450000e+01  1.265000e+01  2.000000e+00
      vertex  1.413908e+01  1.268555e+01  0.000000e+00
      vertex  1.413908e+01  1.268555e+01  2.000000e+00
    endloop
  endfacet
  facet normal  2.902862e-01  9.569399e-01  0.000000e+00
    outer loop
      vertex  1.413908e+01  1.268555e+01  2.000000e+00
      vertex  1.413908e+01  1.268555e+01  0.000000e+00
      vertex  1.379204e+01  1.279082e+01  0.000000e+00
    endloop
  endfacet
  facet normal  2.902862e-01  9.569399e-01  -0.000000e+00
    outer loop
      vertex  1.413908e+01  1.268555e+01  2.000000e+00
      vertex  1.379204e+01  1.279082e+01  0.000000e+00
      vertex  1.379204e+01  1.279082e+01  2.000000e+00
    endloop
  endfacet
  facet normal  4.713962e-01  8.819216e-01  0.000000e+00
    outer loop
      vertex  1.379204e+01  1.279082e+01  2.000000e+00
      vertex  1.379204e+01  1.279082e+01  0.000000e+00
      vertex  1.347219e+01  1.296178e+01  0.000000e+00
    endloop
  endfacet
  facet normal  4.713962e-01  8.819216e-01  -0.000000e+00
    outer loop
      vertex  1.379204e+01  1.279082e+01  2.000000e+00
      vertex  1.347219e+01  1.296178e+01  0.000000e+00
      vertex  1.347219e+01  1.296178e+01  2.000000e+00
    endloop
  endfacet
  facet normal  6.343937e-01  7.730101e-01  0.000000e+00
    outer loop
      vertex  1.347219e+01  1.296178e+01  2.000000e+00
      vertex  1.347219e+01  1.296178e+01  0.000000e+00
      vertex  1.319185e+01  1.319185e+01  0.000000e+00
    endloop
  endfacet
  facet normal  6.343937e-01  7.730101e-01  -0.000000e+00
    outer loop
      vertex  1.347219e+01  1.296178e+01  2.000000e+00
      vertex  1.319185e+01  1.319185e+01  0.000000e+00
      vertex  1.319185e+01  1.319185e+01  2.000000e+00
    endloop
  endfacet
  facet normal  7.730101e-01  6.343937e-01  0.000000e+00
    outer loop
      vertex  1.319185e+01  1.319185e+01  2.000000e+00
      vertex  1.319185e+01  1.319185e+01  0.000000e+00
      vertex  1.296178e+01  1.347219e+01  0.000000e+00
    endloop
  endfacet
  facet normal  7.730101e-01  6.343937e-01  -0.000000e+00
    outer loop
      vertex  1.319185e+01  1.319185e+01  2.000000e+00
      vertex  1.296178e+01  1.347219e+01  0.000000e+00
      vertex  1.296178e+01  1.347219e+01  2.000000e+00
    endloop
  endfacet
  facet normal  8.819216e-01  4.713962e-01  0.000000e+00
    outer loop
      vertex  1.296178e+01  1.347219e+01  2.000000e+00
      vertex  1.296178e+01  1.347219e+01  0.000000e+00
      vertex  1.279082e+01  1.379204e+01  0.000000e+00
    endloop
  endfacet
  facet normal  8.819216e-01  4.713962e-01  -0.000000e+00
    outer loop
      vertex  1.296178e+01  1.347219e+01  2.000000e+00
      vertex  1.279082e+01  1.379204e+01  0.000000e+00
      vertex  1.279082e+01  1.379204e+01  2.000000e+00
    endloop
  endfacet
  facet normal  9.569399e-01  2.902862e-01  0.000000e+00
    outer loop
      vertex  1.279082e+01  1.379204e+01  2.000000e+00
      vertex  1.279082e+01  1.379204e+01  0.000000e+00
      vertex  1.268555e+01  1.413908e+01  0.000000e+00
    endloop
  endfacet
  facet normal  9.569399e-01  2.902862e-01  -0.000000e+00
    outer loop
      vertex  1.279082e+01  1.379204e+01  2.000000e+00
      vertex  1.268555e+01  1.413908e+01  0.000000e+00
      vertex  1.268555e+01  1.413908e+01  2.000000e+00
    endloop
  endfacet
  facet normal  9.951847e-01  9.801721e-02  0.000000e+00
    outer loop
      vertex  1.268555e+01  1.413908e+01  2.000000e+00
      vertex  1.268555e+01  1.413908e+01  0.000000e+00
      vertex  1.265000e+01  1.450000e+01 -8.881784e-16
    endloop
  endfacet
  facet normal  9.951847e-01  9.801721e-02  -0.000000e+00
    outer loop
      vertex  1.268555e+01  1.413908e+01  2.000000e+00
      vertex  1.265000e+01  1.450000e+01 -8.881784e-16
      vertex  1.265000e+01  1.450000e+01  2.000000e+00
    endloop
  endfacet
  facet normal  9.801721e-02  9.951847e-01  0.000000e+00
    outer loop
      vertex  1.413908e+01  1.268555e+01  0.000000e+00
      vertex  1.450000e+01  1.265000e+01  2.000000e+00
      vertex  1.450000e+01  1.265000e+01  0.000000e+00
    endloop
  endfacet
  facet normal -9.801721e-02  9.951847e-01  0.000000e+00
    outer loop
      vertex  1.450000e+01  1.265000e+01  0.000000e+00
      vertex  1.450000e+01  1.265000e+01  2.000000e+00
      vertex  1.486092e+01  1.268555e+01  2.000000e+00
    endloop
  endfacet
  facet normal -9.801721e-02  9.951847e-01  0.000000e+00
    outer loop
      vertex  1.450000e+01  1.265000e+01  0.000000e+00
      vertex  1.486092e+01  1.268555e+01  2.000000e+00
      vertex  1.486092e+01  1.268555e+01  0.000000e+00
    endloop
  endfacet
  facet normal -2.902862e-01  9.569399e-01  0.000000e+00
    outer loop
      vertex  1.486092e+01  1.268555e+01  0.000000e+00
      vertex  1.486092e+01  1.268555e+01  2.000000e+00
      vertex  1.520796e+01  1.279082e+01  2.000000e+00
    endloop
  endfacet
  facet normal -2.902862e-01  9.569399e-01  0.000000e+00
    outer loop
      vertex  1.486092e+01  1.268555e+01  0.000000e+00
      vertex  1.520796e+01  1.279082e+01  2.000000e+00
      vertex  1.520796e+01  1.279082e+01  0.000000e+00
    endloop
  endfacet
  facet normal -4.713962e-01  8.819216e-01  0.000000e+00
    outer loop
      vertex  1.520796e+01  1.279082e+01  0.000000e+00
      vertex  1.520796e+01  1.279082e+01  2.000000e+00
      vertex  1.552781e+01  1.296178e+01  2.000000e+00
    endloop
  endfacet
  facet normal -4.713962e-01  8.819216e-01  0.000000e+00
    outer loop
      vertex  1.520796e+01  1.279082e+01  0.000000e+00
      vertex  1.552781e+01  1.296178e+01  2.000000e+00
      vertex  1.552781e+01  1.296178e+01  0.000000e+00
    endloop
  endfacet
  facet normal -6.343937e-01  7.730101e-01  0.000000e+00
    outer loop
      vertex  1.552781e+01  1.296178e+01  0.000000e+00
      vertex  1.552781e+01  1.296178e+01  2.000000e+00
      vertex  1.580815e+01  1.319185e+01  2.000000e+00
    endloop
  endfacet
  facet normal -6.343937e-01  7.730101e-01  0.000000e+00
    outer loop
      vertex  1.552781e+01  1.296178e+01  0.000000e+00
      vertex  1.580815e+01  1.319185e+01  2.000000e+00
      vertex  1.580815e+01  1.319185e+01  0.000000e+00
    endloop
  endfacet
  facet normal -7.730088e-01  6.343952e-01  0.000000e+00
    outer loop
      vertex  1.580815e+01  1.319185e+01  0.000000e+00
      vertex  1.580815e+01  1.319185e+01  2.000000e+00
      vertex  1.603822e+01  1.347219e+01  2.000000e+00
    endloop
  endfacet
  facet normal -7.730088e-01  6.343952e-01  0.000000e+00
    outer loop
      vertex  1.580815e+01  1.319185e+01  0.000000e+00
      vertex  1.603822e+01  1.347219e+01  2.000000e+00
      vertex  1.603822e+01  1.347219e+01  0.000000e+00
    endloop
  endfacet
  facet normal -8.819227e-01  4.713941e-01  0.000000e+00
    outer loop
      vertex  1.603822e+01  1.347219e+01  0.000000e+00
      vertex  1.603822e+01  1.347219e+01  2.000000e+00
      vertex  1.620918e+01  1.379204e+01  2.000000e+00
    endloop
  endfacet
  facet normal -8.819227e-01  4.713941e-01  0.000000e+00
    outer loop
      vertex  1.603822e+01  1.347219e+01  0.000000e+00
      vertex  1.620918e+01  1.379204e+01  2.000000e+00
      vertex  1.620918e+01  1.379204e+01  0.000000e+00
    endloop
  endfacet
  facet normal -9.569399e-01  2.902862e-01  0.000000e+00
    outer loop
      vertex  1.620918e+01  1.379204e+01  0.000000e+00
      vertex  1.620918e+01  1.379204e+01  2.000000e+00
      vertex  1.631445e+01  1.413908e+01  2.000000e+00
    endloop
  endfacet
  facet normal -9.569399e-01  2.902862e-01  0.000000e+00
    outer loop
      vertex  1.620918e+01  1.379204e+01  0.000000e+00
      vertex  1.631445e+01  1.413908e+01  2.000000e+00
      vertex  1.631445e+01  1.413908e+01  0.000000e+00
    endloop
  endfacet
  facet normal -9.951847e-01  9.801721e-02  0.000000e+00
    outer loop
      vertex  1.631445e+01  1.413908e+01  0.000000e+00
      vertex  1.631445e+01  1.413908e+01  2.000000e+00
      vertex  1.635000e+01  1.450000e+01  2.000000e+00
    endloop
  endfacet
  facet normal -9.951847e-01  9.801721e-02  0.000000e+00
    outer loop
      vertex  1.631445e+01  1.413908e+01  0.000000e+00
      vertex  1.635000e+01  1.450000e+01  2.000000e+00
      vertex  1.635000e+01  1.450000e+01  0.000000e+00
    endloop
  endfacet
  facet normal -9.801721e-02 -9.951847e-01  0.000000e+00
    outer loop
      vertex  1.450000e+01  1.635000e+01  2.000000e+00
      vertex  1.486092e+01  1.631445e+01  0.000000e+00
      vertex  1.486092e+01  1.631445e+01  2.000000e+00
    endloop
  endfacet
  facet normal -2.902862e-01 -9.569399e-01  -0.000000e+00
    outer loop
      vertex  1.486092e+01  1.631445e+01  2.000000e+00
      vertex  1.486092e+01  1.631445e+01  0.000000e+00
      vertex  1.520796e+01  1.620918e+01  0.000000e+00
    endloop
  endfacet
  facet normal -2.902862e-01 -9.569399e-01  0.000000e+00
    outer loop
      vertex  1.486092e+01  1.631445e+01  2.000000e+00
      vertex  1.520796e+01  1.620918e+01  0.000000e+00
      vertex  1.520796e+01  1.620918e+01  2.000000e+00
    endloop
  endfacet
  facet normal -4.713941e-01 -8.819227e-01  -0.000000e+00
    outer loop
      vertex  1.520796e+01  1.620918e+01  2.000000e+00
      vertex  1.520796e+01  1.620918e+01  0.000000e+00
      vertex  1.552781e+01  1.603822e+01  0.000000e+00
    endloop
  endfacet
  facet normal -4.713941e-01 -8.819227e-01  0.000000e+00
    outer loop
      vertex  1.520796e+01  1.620918e+01  2.000000e+00
      vertex  1.552781e+01  1.603822e+01  0.000000e+00
      vertex  1.552781e+01  1.603822e+01  2.000000e+00
    endloop
  endfacet
  facet normal -6.343952e-01 -7.730088e-01  -0.000000e+00
    outer loop
      vertex  1.552781e+01  1.603822e+01  2.000000e+00
      vertex  1.552781e+01  1.603822e+01  0.000000e+00
      vertex  1.580815e+01  1.580815e+01  0.000000e+00
    endloop
  endfacet
  facet normal -6.343952e-01 -7.730088e-01  0.000000e+00
    outer loop
      vertex  1.552781e+01  1.603822e+01  2.000000e+00
      vertex  1.580815e+01  1.580815e+01  0.000000e+00
      vertex  1.580815e+01  1.580815e+01  2.000000e+00
    endloop
  endfacet
  facet normal -7.730088e-01 -6.343952e-01  -0.000000e+00
    outer loop
      vertex  1.580815e+01  1.580815e+01  2.000000e+00
      vertex  1.580815e+01  1.580815e+01  0.000000e+00
      vertex  1.603822e+01  1.552781e+01  0.000000e+00
    endloop
  endfacet
  facet normal -7.730088e-01 -6.343952e-01  0.000000e+00
    outer loop
      vertex  1.580815e+01  1.580815e+01  2.000000e+00
      vertex  1.603822e+01  1.552781e+01  0.000000e+00
      vertex  1.603822e+01  1.552781e+01  2.000000e+00
    endloop
  endfacet
  facet normal -8.819227e-01 -4.713941e-01  -0.000000e+00
    outer loop
      vertex  1.603822e+01  1.552781e+01  2.000000e+00
      vertex  1.603822e+01  1.552781e+01  0.000000e+00
      vertex  1.620918e+01  1.520796e+01  0.000000e+00
    endloop
  endfacet
  facet normal -8.819227e-01 -4.713941e-01  0.000000e+00
    outer loop
      vertex  1.603822e+01  1.552781e+01  2.000000e+00
      vertex  1.620918e+01  1.520796e+01  0.000000e+00
      vertex  1.620918e+01  1.520796e+01  2.000000e+00
    endloop
  endfacet
  facet normal -9.569399e-01 -2.902862e-01  -0.000000e+00
    outer loop
      vertex  1.620918e+01  1.520796e+01  2.000000e+00
      vertex  1.620918e+01  1.520796e+01  0.000000e+00
      vertex  1.631445e+01  1.486092e+01  0.000000e+00
    endloop
  endfacet
  facet normal -9.569399e-01 -2.902862e-01  0.000000e+00
    outer loop
      vertex  1.620918e+01  1.520796e+01  2.000000e+00
      vertex  1.631445e+01  1.486092e+01  0.000000e+00
      vertex  1.631445e+01  1.486092e+01  2.000000e+00
    endloop
  endfacet
  facet normal -9.951847e-01 -9.801721e-02  -0.000000e+00
    outer loop
      vertex  1.631445e+01  1.486092e+01  2.000000e+00
      vertex  1.631445e+01  1.486092e+01  0.000000e+00
      vertex  1.635000e+01  1.450000e+01  0.000000e+00
    endloop
  endfacet
  facet normal -9.951847e-01 -9.801721e-02  0.000000e+00
    outer loop
      vertex  1.631445e+01  1.486092e+01  2.000000e+00
      vertex  1.635000e+01  1.450000e+01  0.000000e+00
      vertex  1.635000e+01  1.450000e+01  2.000000e+00
    endloop
  endfacet
  facet normal -9.801721e-02 -9.951847e-01  -0.000000e+00
    outer loop
      vertex  1.486092e+01  1.631445e+01  0.000000e+00
      vertex  1.450000e+01  1.635000e+01  2.000000e+00
      vertex  1.450000e+01  1.635000e+01  0.000000e+00
    endloop
  endfacet
  facet normal  9.801721e-02 -9.951847e-01  0.000000e+00
    outer loop
      vertex  1.450000e+01  1.635000e+01  0.000000e+00
      vertex  1.450000e+01  1.635000e+01  2.000000e+00
      vertex  1.413908e+01  1.631445e+01  2.000000e+00
    endloop
  endfacet
  facet normal  9.801721e-02 -9.951847e-01  0.000000e+00
    outer loop
      vertex  1.450000e+01  1.635000e+01  0.000000e+00
      vertex  1.413908e+01  1.631445e+01  2.000000e+00
      vertex  1.413908e+01  1.631445e+01  0.000000e+00
    endloop
  endfacet
  facet normal  2.902862e-01 -9.569399e-01  0.000000e+00
    outer loop
      vertex  1.413908e+01  1.631445e+01  0.000000e+00
      vertex  1.413908e+01  1.631445e+01  2.000000e+00
      vertex  1.379204e+01  1.620918e+01  2.000000e+00
    endloop
  endfacet
  facet normal  2.902862e-01 -9.569399e-01  0.000000e+00
    outer loop
      vertex  1.413908e+01  1.631445e+01  0.000000e+00
      vertex  1.379204e+01  1.620918e+01  2.000000e+00
      vertex  1.379204e+01  1.620918e+01  0.000000e+00
    endloop
  endfacet
  facet normal  4.713941e-01 -8.819227e-01  0.000000e+00
    outer loop
      vertex  1.379204e+01  1.620918e+01  0.000000e+00
      vertex  1.379204e+01  1.620918e+01  2.000000e+00
      vertex  1.347219e+01  1.603822e+01  2.000000e+00
    endloop
  endfacet
  facet normal  4.713941e-01 -8.819227e-01  0.000000e+00
    outer loop
      vertex  1.379204e+01  1.620918e+01  0.000000e+00
      vertex  1.347219e+01  1.603822e+01  2.000000e+00
      vertex  1.347219e+01  1.603822e+01  0.000000e+00
    endloop
  endfacet
  facet normal  6.343952e-01 -7.730088e-01  0.000000e+00
    outer loop
      vertex  1.347219e+01  1.603822e+01  0.000000e+00
      vertex  1.347219e+01  1.603822e+01  2.000000e+00
      vertex  1.319185e+01  1.580815e+01  2.000000e+00
    endloop
  endfacet
  facet normal  6.343952e-01 -7.730088e-01  0.000000e+00
    outer loop
      vertex  1.347219e+01  1.603822e+01  0.000000e+00
      vertex  1.319185e+01  1.580815e+01  2.000000e+00
      vertex  1.319185e+01  1.580815e+01  0.000000e+00
    endloop
  endfacet
  facet normal  7.730101e-01 -6.343937e-01  0.000000e+00
    outer loop
      vertex  1.319185e+01  1.580815e+01  0.000000e+00
      vertex  1.319185e+01  1.580815e+01  2.000000e+00
      vertex  1.296178e+01  1.552781e+01  2.000000e+00
    endloop
  endfacet
  facet normal  7.730101e-01 -6.343937e-01  0.000000e+00
    outer loop
      vertex  1.319185e+01  1.580815e+01  0.000000e+00
      vertex  1.296178e+01  1.552781e+01  2.000000e+00
      vertex  1.296178e+01  1.552781e+01  0.000000e+00
    endloop
  endfacet
  facet normal  8.819216e-01 -4.713962e-01  0.000000e+00
    outer loop
      vertex  1.296178e+01  1.552781e+01  0.000000e+00
      vertex  1.296178e+01  1.552781e+01  2.000000e+00
      vertex  1.279082e+01  1.520796e+01  2.000000e+00
    endloop
  endfacet
  facet normal  8.819216e-01 -4.713962e-01  0.000000e+00
    outer loop
      vertex  1.296178e+01  1.552781e+01  0.000000e+00
      vertex  1.279082e+01  1.520796e+01  2.000000e+00
      vertex  1.279082e+01  1.520796e+01  0.000000e+00
    endloop
  endfacet
  facet normal  9.569399e-01 -2.902862e-01  0.000000e+00
    outer loop
      vertex  1.279082e+01  1.520796e+01  0.000000e+00
      vertex  1.279082e+01  1.520796e+01  2.000000e+00
      vertex  1.268555e+01  1.486092e+01  2.000000e+00
    endloop
  endfacet
  facet normal  9.569399e-01 -2.902862e-01  0.000000e+00
    outer loop
      vertex  1.279082e+01  1.520796e+01  0.000000e+00
      vertex  1.268555e+01  1.486092e+01  2.000000e+00
      vertex  1.268555e+01  1.486092e+01  0.000000e+00
    endloop
  endfacet
  facet normal  9.951847e-01 -9.801721e-02  0.000000e+00
    outer loop
      vertex  1.268555e+01  1.486092e+01  0.000000e+00
      vertex  1.268555e+01  1.486092e+01  2.000000e+00
      vertex  1.265000e+01  1.450000e+01  2.000000e+00
    endloop
  endfacet
  facet normal  9.951847e-01 -9.801721e-02  0.000000e+00
    outer loop
      vertex  1.268555e+01  1.486092e+01  0.000000e+00
      vertex  1.265000e+01  1.450000e+01  2.000000e+00
      vertex  1.265000e+01  1.450000e+01 -8.881784e-16
    endloop
  endfacet
  facet normal  1.490417e-01  9.888310e-01  -0.000000e+00
    outer loop
      vertex  1.425713e+01  1.125909e+01  5.000000e+00
      vertex  1.377681e+01  1.133148e+01  2.000000e+00
      vertex  1.377681e+01  1.133148e+01  5.000000e+00
    endloop
  endfacet
  facet normal  2.947556e-01  9.555726e-01  0.000000e+00
    outer loop
      vertex  1.377681e+01  1.133148e+01  5.000000e+00
      vertex  1.377681e+01  1.133148e+01  2.000000e+00
      vertex  1.331264e+01  1.147466e+01  2.000000e+00
    endloop
  endfacet
  facet normal  2.947556e-01  9.555726e-01  -0.000000e+00
    outer loop
      vertex  1.377681e+01  1.133148e+01  5.000000e+00
      vertex  1.331264e+01  1.147466e+01  2.000000e+00
      vertex  1.331264e+01  1.147466e+01  5.000000e+00
    endloop
  endfacet
  facet normal  4.338836e-01  9.009688e-01  0.000000e+00
    outer loop
      vertex  1.331264e+01  1.147466e+01  5.000000e+00
      vertex  1.331264e+01  1.147466e+01  2.000000e+00
      vertex  1.287500e+01  1.168542e+01  2.000000e+00
    endloop
  endfacet
  facet normal  4.338836e-01  9.009688e-01  -0.000000e+00
    outer loop
      vertex  1.331264e+01  1.147466e+01  5.000000e+00
      vertex  1.287500e+01  1.168542e+01  2.000000e+00
      vertex  1.287500e+01  1.168542e+01  5.000000e+00
    endloop
  endfacet
  facet normal  5.633203e-01  8.262386e-01  0.000000e+00
    outer loop
      vertex  1.287500e+01  1.168542e+01  5.000000e+00
      vertex  1.287500e+01  1.168542e+01  2.000000e+00
      vertex  1.247366e+01  1.195905e+01  2.000000e+00
    endloop
  endfacet
  facet normal  5.633203e-01  8.262386e-01  -0.000000e+00
    outer loop
      vertex  1.287500e+01  1.168542e+01  5.000000e+00
      vertex  1.247366e+01  1.195905e+01  2.000000e+00
      vertex  1.247366e+01  1.195905e+01  5.000000e+00
    endloop
  endfacet
  facet normal  6.801722e-01  7.330523e-01  0.000000e+00
    outer loop
      vertex  1.247366e+01  1.195905e+01  5.000000e+00
      vertex  1.247366e+01  1.195905e+01  2.000000e+00
      vertex  1.211758e+01  1.228944e+01  2.000000e+00
    endloop
  endfacet
  facet normal  6.801722e-01  7.330523e-01  -0.000000e+00
    outer loop
      vertex  1.247366e+01  1.195905e+01  5.000000e+00
      vertex  1.211758e+01  1.228944e+01  2.000000e+00
      vertex  1.211758e+01  1.228944e+01  5.000000e+00
    endloop
  endfacet
  facet normal  7.818315e-01  6.234897e-01  0.000000e+00
    outer loop
      vertex  1.211758e+01  1.228944e+01  5.000000e+00
      vertex  1.211758e+01  1.228944e+01  2.000000e+00
      vertex  1.181472e+01  1.266921e+01  2.000000e+00
    endloop
  endfacet
  facet normal  7.818315e-01  6.234897e-01  -0.000000e+00
    outer loop
      vertex  1.211758e+01  1.228944e+01  5.000000e+00
      vertex  1.181472e+01  1.266921e+01  2.000000e+00
      vertex  1.181472e+01  1.266921e+01  5.000000e+00
    endloop
  endfacet
  facet normal  8.660253e-01  5.000001e-01  0.000000e+00
    outer loop
      vertex  1.181472e+01  1.266921e+01  5.000000e+00
      vertex  1.181472e+01  1.266921e+01  2.000000e+00
      vertex  1.157185e+01  1.308988e+01  2.000000e+00
    endloop
  endfacet
  facet normal  8.660253e-01  5.000001e-01  -0.000000e+00
    outer loop
      vertex  1.181472e+01  1.266921e+01  5.000000e+00
      vertex  1.157185e+01  1.308988e+01  2.000000e+00
      vertex  1.157185e+01  1.308988e+01  5.000000e+00
    endloop
  endfacet
  facet normal  9.308738e-01  3.653409e-01  0.000000e+00
    outer loop
      vertex  1.157185e+01  1.308988e+01  5.000000e+00
      vertex  1.157185e+01  1.308988e+01  2.000000e+00
      vertex  1.139439e+01  1.354205e+01  2.000000e+00
    endloop
  endfacet
  facet normal  9.308738e-01  3.653409e-01  -0.000000e+00
    outer loop
      vertex  1.157185e+01  1.308988e+01  5.000000e+00
      vertex  1.139439e+01  1.354205e+01  2.000000e+00
      vertex  1.139439e+01  1.354205e+01  5.000000e+00
    endloop
  endfacet
  facet normal  9.749280e-01  2.225208e-01  0.000000e+00
    outer loop
      vertex  1.139439e+01  1.354205e+01  5.000000e+00
      vertex  1.139439e+01  1.354205e+01  2.000000e+00
      vertex  1.128630e+01  1.401561e+01  2.000000e+00
    endloop
  endfacet
  facet normal  9.749280e-01  2.225208e-01  -0.000000e+00
    outer loop
      vertex  1.139439e+01  1.354205e+01  5.000000e+00
      vertex  1.128630e+01  1.401561e+01  2.000000e+00
      vertex  1.128630e+01  1.401561e+01  5.000000e+00
    endloop
  endfacet
  facet normal  9.972038e-01  7.472987e-02  0.000000e+00
    outer loop
      vertex  1.128630e+01  1.401561e+01  5.000000e+00
      vertex  1.128630e+01  1.401561e+01  2.000000e+00
      vertex  1.125000e+01  1.450000e+01  2.000000e+00
    endloop
  endfacet
  facet normal  9.972038e-01  7.472987e-02  -0.000000e+00
    outer loop
      vertex  1.128630e+01  1.401561e+01  5.000000e+00
      vertex  1.125000e+01  1.450000e+01  2.000000e+00
      vertex  1.125000e+01  1.450000e+01  5.000000e+00
    endloop
  endfacet
  facet normal  1.490417e-01  9.888310e-01  0.000000e+00
    outer loop
      vertex  1.377681e+01  1.133148e+01  2.000000e+00
      vertex  1.425713e+01  1.125909e+01  5.000000e+00
      vertex  1.425713e+01  1.125909e+01  2.000000e+00
    endloop
  endfacet
  facet normal  0.000000e+00  1.000000e+00  0.000000e+00
    outer loop
      vertex  1.425713e+01  1.125909e+01  2.000000e+00
      vertex  1.425713e+01  1.125909e+01  5.000000e+00
      vertex  1.474287e+01  1.125909e+01  5.000000e+00
    endloop
  endfacet
  facet normal  0.000000e+00  1.000000e+00  0.000000e+00
    outer loop
      vertex  1.425713e+01  1.125909e+01  2.000000e+00
      vertex  1.474287e+01  1.125909e+01  5.000000e+00
      vertex  1.474287e+01  1.125909e+01  2.000000e+00
    endloop
  endfacet
  facet normal -1.490417e-01  9.888310e-01  0.000000e+00
    outer loop
      vertex  1.474287e+01  1.125909e+01  2.000000e+00
      vertex  1.474287e+01  1.125909e+01  5.000000e+00
      vertex  1.522319e+01  1.133148e+01  5.000000e+00
    endloop
  endfacet
  facet normal -1.490417e-01  9.888310e-01  0.000000e+00
    outer loop
      vertex  1.474287e+01  1.125909e+01  2.000000e+00
      vertex  1.522319e+01  1.133148e+01  5.000000e+00
      vertex  1.522319e+01  1.133148e+01  2.000000e+00
    endloop
  endfacet
  facet normal -2.947556e-01  9.555726e-01  0.000000e+00
    outer loop
      vertex  1.522319e+01  1.133148e+01  2.000000e+00
      vertex  1.522319e+01  1.133148e+01  5.000000e+00
      vertex  1.568736e+01  1.147466e+01  5.000000e+00
    endloop
  endfacet
  facet normal -2.947556e-01  9.555726e-01  0.000000e+00
    outer loop
      vertex  1.522319e+01  1.133148e+01  2.000000e+00
      vertex  1.568736e+01  1.147466e+01  5.000000e+00
      vertex  1.568736e+01  1.147466e+01  2.000000e+00
    endloop
  endfacet
  facet normal -4.338836e-01  9.009688e-01  0.000000e+00
    outer loop
      vertex  1.568736e+01  1.147466e+01  2.000000e+00
      vertex  1.568736e+01  1.147466e+01  5.000000e+00
      vertex  1.612500e+01  1.168542e+01  5.000000e+00
    endloop
  endfacet
  facet normal -4.338836e-01  9.009688e-01  0.000000e+00
    outer loop
      vertex  1.568736e+01  1.147466e+01  2.000000e+00
      vertex  1.612500e+01  1.168542e+01  5.000000e+00
      vertex  1.612500e+01  1.168542e+01  2.000000e+00
    endloop
  endfacet
  facet normal -5.633194e-01  8.262392e-01  0.000000e+00
    outer loop
      vertex  1.612500e+01  1.168542e+01  2.000000e+00
      vertex  1.612500e+01  1.168542e+01  5.000000e+00
      vertex  1.652634e+01  1.195905e+01  5.000000e+00
    endloop
  endfacet
  facet normal -5.633194e-01  8.262392e-01  0.000000e+00
    outer loop
      vertex  1.612500e+01  1.168542e+01  2.000000e+00
      vertex  1.652634e+01  1.195905e+01  5.000000e+00
      vertex  1.652634e+01  1.195905e+01  2.000000e+00
    endloop
  endfacet
  facet normal -6.801742e-01  7.330505e-01  0.000000e+00
    outer loop
      vertex  1.652634e+01  1.195905e+01  2.000000e+00
      vertex  1.652634e+01  1.195905e+01  5.000000e+00
      vertex  1.688242e+01  1.228944e+01  5.000000e+00
    endloop
  endfacet
  facet normal -6.801742e-01  7.330505e-01  0.000000e+00
    outer loop
      vertex  1.652634e+01  1.195905e+01  2.000000e+00
      vertex  1.688242e+01  1.228944e+01  5.000000e+00
      vertex  1.688242e+01  1.228944e+01  2.000000e+00
    endloop
  endfacet
  facet normal -7.818305e-01  6.234909e-01  0.000000e+00
    outer loop
      vertex  1.688242e+01  1.228944e+01  2.000000e+00
      vertex  1.688242e+01  1.228944e+01  5.000000e+00
      vertex  1.718528e+01  1.266921e+01  5.000000e+00
    endloop
  endfacet
  facet normal -7.818305e-01  6.234909e-01  0.000000e+00
    outer loop
      vertex  1.688242e+01  1.228944e+01  2.000000e+00
      vertex  1.718528e+01  1.266921e+01  5.000000e+00
      vertex  1.718528e+01  1.266921e+01  2.000000e+00
    endloop
  endfacet
  facet normal -8.660262e-01  4.999987e-01  0.000000e+00
    outer loop
      vertex  1.718528e+01  1.266921e+01  2.000000e+00
      vertex  1.718528e+01  1.266921e+01  5.000000e+00
      vertex  1.742815e+01  1.308988e+01  5.000000e+00
    endloop
  endfacet
  facet normal -8.660262e-01  4.999987e-01  0.000000e+00
    outer loop
      vertex  1.718528e+01  1.266921e+01  2.000000e+00
      vertex  1.742815e+01  1.308988e+01  5.000000e+00
      vertex  1.742815e+01  1.308988e+01  2.000000e+00
    endloop
  endfacet
  facet normal -9.308732e-01  3.653426e-01  0.000000e+00
    outer loop
      vertex  1.742815e+01  1.308988e+01  2.000000e+00
      vertex  1.742815e+01  1.308988e+01  5.000000e+00
      vertex  1.760561e+01  1.354205e+01  5.000000e+00
    endloop
  endfacet
  facet normal -9.308732e-01  3.653426e-01  0.000000e+00
    outer loop
      vertex  1.742815e+01  1.308988e+01  2.000000e+00
      vertex  1.760561e+01  1.354205e+01  5.000000e+00
      vertex  1.760561e+01  1.354205e+01  2.000000e+00
    endloop
  endfacet
  facet normal -9.749283e-01  2.225189e-01  0.000000e+00
    outer loop
      vertex  1.760561e+01  1.354205e+01  2.000000e+00
      vertex  1.760561e+01  1.354205e+01  5.000000e+00
      vertex  1.771370e+01  1.401561e+01  5.000000e+00
    endloop
  endfacet
  facet normal -9.749283e-01  2.225189e-01  0.000000e+00
    outer loop
      vertex  1.760561e+01  1.354205e+01  2.000000e+00
      vertex  1.771370e+01  1.401561e+01  5.000000e+00
      vertex  1.771370e+01  1.401561e+01  2.000000e+00
    endloop
  endfacet
  facet normal -9.972036e-01  7.473182e-02  0.000000e+00
    outer loop
      vertex  1.771370e+01  1.401561e+01  2.000000e+00
      vertex  1.771370e+01  1.401561e+01  5.000000e+00
      vertex  1.775000e+01  1.450000e+01  5.000000e+00
    endloop
  endfacet
  facet normal -9.972036e-01  7.473182e-02  0.000000e+00
    outer loop
      vertex  1.771370e+01  1.401561e+01  2.000000e+00
      vertex  1.775000e+01  1.450000e+01  5.000000e+00
      vertex  1.775000e+01  1.450000e+01  2.000000e+00
    endloop
  endfacet
  facet normal -1.490397e-01 -9.888312e-01  0.000000e+00
    outer loop
      vertex  1.474287e+01  1.774091e+01  5.000000e+00
      vertex  1.522319e+01  1.766852e+01  2.000000e+00
      vertex  1.522319e+01  1.766852e+01  5.000000e+00
    endloop
  endfacet
  facet normal -2.947574e-01 -9.555721e-01  -0.000000e+00
    outer loop
      vertex  1.522319e+01  1.766852e+01  5.000000e+00
      vertex  1.522319e+01  1.766852e+01  2.000000e+00
      vertex  1.568736e+01  1.752534e+01  2.000000e+00
    endloop
  endfacet
  facet normal -2.947574e-01 -9.555721e-01  0.000000e+00
    outer loop
      vertex  1.522319e+01  1.766852e+01  5.000000e+00
      vertex  1.568736e+01  1.752534e+01  2.000000e+00
      vertex  1.568736e+01  1.752534e+01  5.000000e+00
    endloop
  endfacet
  facet normal -4.338821e-01 -9.009697e-01  -0.000000e+00
    outer loop
      vertex  1.568736e+01  1.752534e+01  5.000000e+00
      vertex  1.568736e+01  1.752534e+01  2.000000e+00
      vertex  1.612500e+01  1.731458e+01  2.000000e+00
    endloop
  endfacet
  facet normal -4.338821e-01 -9.009697e-01  0.000000e+00
    outer loop
      vertex  1.568736e+01  1.752534e+01  5.000000e+00
      vertex  1.612500e+01  1.731458e+01  2.000000e+00
      vertex  1.612500e+01  1.731458e+01  5.000000e+00
    endloop
  endfacet
  facet normal -5.633194e-01 -8.262392e-01  -0.000000e+00
    outer loop
      vertex  1.612500e+01  1.731458e+01  5.000000e+00
      vertex  1.612500e+01  1.731458e+01  2.000000e+00
      vertex  1.652634e+01  1.704095e+01  2.000000e+00
    endloop
  endfacet
  facet normal -5.633194e-01 -8.262392e-01  0.000000e+00
    outer loop
      vertex  1.612500e+01  1.731458e+01  5.000000e+00
      vertex  1.652634e+01  1.704095e+01  2.000000e+00
      vertex  1.652634e+01  1.704095e+01  5.000000e+00
    endloop
  endfacet
  facet normal -6.801742e-01 -7.330505e-01  -0.000000e+00
    outer loop
      vertex  1.652634e+01  1.704095e+01  5.000000e+00
      vertex  1.652634e+01  1.704095e+01  2.000000e+00
      vertex  1.688242e+01  1.671056e+01  2.000000e+00
    endloop
  endfacet
  facet normal -6.801742e-01 -7.330505e-01  0.000000e+00
    outer loop
      vertex  1.652634e+01  1.704095e+01  5.000000e+00
      vertex  1.688242e+01  1.671056e+01  2.000000e+00
      vertex  1.688242e+01  1.671056e+01  5.000000e+00
    endloop
  endfacet
  facet normal -7.818314e-01 -6.234900e-01  -0.000000e+00
    outer loop
      vertex  1.688242e+01  1.671056e+01  5.000000e+00
      vertex  1.688242e+01  1.671056e+01  2.000000e+00
      vertex  1.718528e+01  1.633079e+01  2.000000e+00
    endloop
  endfacet
  facet normal -7.818314e-01 -6.234900e-01  0.000000e+00
    outer loop
      vertex  1.688242e+01  1.671056e+01  5.000000e+00
      vertex  1.718528e+01  1.633079e+01  2.000000e+00
      vertex  1.718528e+01  1.633079e+01  5.000000e+00
    endloop
  endfacet
  facet normal -8.660257e-01 -4.999995e-01  -0.000000e+00
    outer loop
      vertex  1.718528e+01  1.633079e+01  5.000000e+00
      vertex  1.718528e+01  1.633079e+01  2.000000e+00
      vertex  1.742815e+01  1.591012e+01  2.000000e+00
    endloop
  endfacet
  facet normal -8.660257e-01 -4.999995e-01  0.000000e+00
    outer loop
      vertex  1.718528e+01  1.633079e+01  5.000000e+00
      vertex  1.742815e+01  1.591012e+01  2.000000e+00
      vertex  1.742815e+01  1.591012e+01  5.000000e+00
    endloop
  endfacet
  facet normal -9.308732e-01 -3.653426e-01  -0.000000e+00
    outer loop
      vertex  1.742815e+01  1.591012e+01  5.000000e+00
      vertex  1.742815e+01  1.591012e+01  2.000000e+00
      vertex  1.760561e+01  1.545795e+01  2.000000e+00
    endloop
  endfacet
  facet normal -9.308732e-01 -3.653426e-01  0.000000e+00
    outer loop
      vertex  1.742815e+01  1.591012e+01  5.000000e+00
      vertex  1.760561e+01  1.545795e+01  2.000000e+00
      vertex  1.760561e+01  1.545795e+01  5.000000e+00
    endloop
  endfacet
  facet normal -9.749283e-01 -2.225189e-01  -0.000000e+00
    outer loop
      vertex  1.760561e+01  1.545795e+01  5.000000e+00
      vertex  1.760561e+01  1.545795e+01  2.000000e+00
      vertex  1.771370e+01  1.498439e+01  2.000000e+00
    endloop
  endfacet
  facet normal -9.749283e-01 -2.225189e-01  0.000000e+00
    outer loop
      vertex  1.760561e+01  1.545795e+01  5.000000e+00
      vertex  1.771370e+01  1.498439e+01  2.000000e+00
      vertex  1.771370e+01  1.498439e+01  5.000000e+00
    endloop
  endfacet
  facet normal -9.972036e-01 -7.473182e-02  -0.000000e+00
    outer loop
      vertex  1.771370e+01  1.498439e+01  5.000000e+00
      vertex  1.771370e+01  1.498439e+01  2.000000e+00
      vertex  1.775000e+01  1.450000e+01  2.000000e+00
    endloop
  endfacet
  facet normal -9.972036e-01 -7.473182e-02  0.000000e+00
    outer loop
      vertex  1.771370e+01  1.498439e+01  5.000000e+00
      vertex  1.775000e+01  1.450000e+01  2.000000e+00
      vertex  1.775000e+01  1.450000e+01  5.000000e+00
    endloop
  endfacet
  facet normal -1.490397e-01 -9.888312e-01  -0.000000e+00
    outer loop
      vertex  1.522319e+01  1.766852e+01  2.000000e+00
      vertex  1.474287e+01  1.774091e+01  5.000000e+00
      vertex  1.474287e+01  1.774091e+01  2.000000e+00
    endloop
  endfacet
  facet normal  0.000000e+00 -1.000000e+00  0.000000e+00
    outer loop
      vertex  1.474287e+01  1.774091e+01  2.000000e+00
      vertex  1.474287e+01  1.774091e+01  5.000000e+00
      vertex  1.425713e+01  1.774091e+01  5.000000e+00
    endloop
  endfacet
  facet normal  0.000000e+00 -1.000000e+00  0.000000e+00
    outer loop
      vertex  1.474287e+01  1.774091e+01  2.000000e+00
      vertex  1.425713e+01  1.774091e+01  5.000000e+00
      vertex  1.425713e+01  1.774091e+01  2.000000e+00
    endloop
  endfacet
  facet normal  1.490397e-01 -9.888312e-01  0.000000e+00
    outer loop
      vertex  1.425713e+01  1.774091e+01  2.000000e+00
      vertex  1.425713e+01  1.774091e+01  5.000000e+00
      vertex  1.377681e+01  1.766852e+01  5.000000e+00
    endloop
  endfacet
  facet normal  1.490397e-01 -9.888312e-01  0.000000e+00
    outer loop
      vertex  1.425713e+01  1.774091e+01  2.000000e+00
      vertex  1.377681e+01  1.766852e+01  5.000000e+00
      vertex  1.377681e+01  1.766852e+01  2.000000e+00
    endloop
  endfacet
  facet normal  2.947574e-01 -9.555721e-01  0.000000e+00
    outer loop
      vertex  1.377681e+01  1.766852e+01  2.000000e+00
      vertex  1.377681e+01  1.766852e+01  5.000000e+00
      vertex  1.331264e+01  1.752534e+01  5.000000e+00
    endloop
  endfacet
  facet normal  2.947574e-01 -9.555721e-01  0.000000e+00
    outer loop
      vertex  1.377681e+01  1.766852e+01  2.000000e+00
      vertex  1.331264e+01  1.752534e+01  5.000000e+00
      vertex  1.331264e+01  1.752534e+01  2.000000e+00
    endloop
  endfacet
  facet normal  4.338821e-01 -9.009697e-01  0.000000e+00
    outer loop
      vertex  1.331264e+01  1.752534e+01  2.000000e+00
      vertex  1.331264e+01  1.752534e+01  5.000000e+00
      vertex  1.287500e+01  1.731458e+01  5.000000e+00
    endloop
  endfacet
  facet normal  4.338821e-01 -9.009697e-01  0.000000e+00
    outer loop
      vertex  1.331264e+01  1.752534e+01  2.000000e+00
      vertex  1.287500e+01  1.731458e+01  5.000000e+00
      vertex  1.287500e+01  1.731458e+01  2.000000e+00
    endloop
  endfacet
  facet normal  5.633203e-01 -8.262386e-01  0.000000e+00
    outer loop
      vertex  1.287500e+01  1.731458e+01  2.000000e+00
      vertex  1.287500e+01  1.731458e+01  5.000000e+00
      vertex  1.247366e+01  1.704095e+01  5.000000e+00
    endloop
  endfacet
  facet normal  5.633203e-01 -8.262386e-01  0.000000e+00
    outer loop
      vertex  1.287500e+01  1.731458e+01  2.000000e+00
      vertex  1.247366e+01  1.704095e+01  5.000000e+00
      vertex  1.247366e+01  1.704095e+01  2.000000e+00
    endloop
  endfacet
  facet normal  6.801722e-01 -7.330523e-01  0.000000e+00
    outer loop
      vertex  1.247366e+01  1.704095e+01  2.000000e+00
      vertex  1.247366e+01  1.704095e+01  5.000000e+00
      vertex  1.211758e+01  1.671056e+01  5.000000e+00
    endloop
  endfacet
  facet normal  6.801722e-01 -7.330523e-01  0.000000e+00
    outer loop
      vertex  1.247366e+01  1.704095e+01  2.000000e+00
      vertex  1.211758e+01  1.671056e+01  5.000000e+00
      vertex  1.211758e+01  1.671056e+01  2.000000e+00
    endloop
  endfacet
  facet normal  7.818323e-01 -6.234888e-01  0.000000e+00
    outer loop
      vertex  1.211758e+01  1.671056e+01  2.000000e+00
      vertex  1.211758e+01  1.671056e+01  5.000000e+00
      vertex  1.181472e+01  1.633079e+01  5.000000e+00
    endloop
  endfacet
  facet normal  7.818323e-01 -6.234888e-01  0.000000e+00
    outer loop
      vertex  1.211758e+01  1.671056e+01  2.000000e+00
      vertex  1.181472e+01  1.633079e+01  5.000000e+00
      vertex  1.181472e+01  1.633079e+01  2.000000e+00
    endloop
  endfacet
  facet normal  8.660249e-01 -5.000010e-01  0.000000e+00
    outer loop
      vertex  1.181472e+01  1.633079e+01  2.000000e+00
      vertex  1.181472e+01  1.633079e+01  5.000000e+00
      vertex  1.157185e+01  1.591012e+01  5.000000e+00
    endloop
  endfacet
  facet normal  8.660249e-01 -5.000010e-01  0.000000e+00
    outer loop
      vertex  1.181472e+01  1.633079e+01  2.000000e+00
      vertex  1.157185e+01  1.591012e+01  5.000000e+00
      vertex  1.157185e+01  1.591012e+01  2.000000e+00
    endloop
  endfacet
  facet normal  9.308738e-01 -3.653409e-01  0.000000e+00
    outer loop
      vertex  1.157185e+01  1.591012e+01  2.000000e+00
      vertex  1.157185e+01  1.591012e+01  5.000000e+00
      vertex  1.139439e+01  1.545795e+01  5.000000e+00
    endloop
  endfacet
  facet normal  9.308738e-01 -3.653409e-01  0.000000e+00
    outer loop
      vertex  1.157185e+01  1.591012e+01  2.000000e+00
      vertex  1.139439e+01  1.545795e+01  5.000000e+00
      vertex  1.139439e+01  1.545795e+01  2.000000e+00
    endloop
  endfacet
  facet normal  9.749280e-01 -2.225208e-01  0.000000e+00
    outer loop
      vertex  1.139439e+01  1.545795e+01  2.000000e+00
      vertex  1.139439e+01  1.545795e+01  5.000000e+00
      vertex  1.128630e+01  1.498439e+01  5.000000e+00
    endloop
  endfacet
  facet normal  9.749280e-01 -2.225208e-01  0.000000e+00
    outer loop
      vertex  1.139439e+01  1.545795e+01  2.000000e+00
      vertex  1.128630e+01  1.498439e+01  5.000000e+00
      vertex  1.128630e+01  1.498439e+01  2.000000e+00
    endloop
  endfacet
  facet normal  9.972038e-01 -7.472987e-02  0.000000e+00
    outer loop
      vertex  1.128630e+01  1.498439e+01  2.000000e+00
      vertex  1.128630e+01  1.498439e+01  5.000000e+00
      vertex  1.125000e+01  1.450000e+01  5.000000e+00
    endloop
  endfacet
  facet normal  9.972038e-01 -7.472987e-02  0.000000e+00
    outer loop
      vertex  1.128630e+01  1.498439e+01  2.000000e+00
      vertex  1.125000e+01  1.450000e+01  5.000000e+00
      vertex  1.125000e+01  1.450000e+01  2.000000e+00
    endloop
  endfacet
  facet normal  0.000000e+00  0.000000e+00  1.000000e+00
    outer loop
      vertex  1.379204e+01  1.620918e+01  2.000000e+00
      vertex  1.413908e+01  1.631445e+01  2.000000e+00
      vertex  1.181472e+01  1.633079e+01  2.000000e+00
    endloop
  endfacet
  facet normal  0.000000e+00  0.000000e+00  1.000000e+00
    outer loop
      vertex  1.742815e+01  1.308988e+01  2.000000e+00
      vertex  1.580815e+01  1.319185e+01  2.000000e+00
      vertex  1.552781e+01  1.296178e+01  2.000000e+00
    endloop
  endfacet
  facet normal  0.000000e+00  -0.000000e+00  1.000000e+00
    outer loop
      vertex  1.486092e+01  1.631445e+01  2.000000e+00
      vertex  1.520796e+01  1.620918e+01  2.000000e+00
      vertex  1.718528e+01  1.633079e+01  2.000000e+00
    endloop
  endfacet
  facet normal  -0.000000e+00  0.000000e+00  1.000000e+00
    outer loop
      vertex  1.211758e+01  1.671056e+01  2.000000e+00
      vertex  1.181472e+01  1.633079e+01  2.000000e+00
      vertex  1.413908e+01  1.631445e+01  2.000000e+00
    endloop
  endfacet
  facet normal  0.000000e+00  -0.000000e+00  9.999999e-01
    outer loop
      vertex  1.211758e+01  1.671056e+01  2.000000e+00
      vertex  1.413908e+01  1.631445e+01  2.000000e+00
      vertex  1.450000e+01  1.635000e+01  2.000000e+00
    endloop
  endfacet
  facet normal  0.000000e+00  -0.000000e+00  1.000000e+00
    outer loop
      vertex  1.211758e+01  1.671056e+01  2.000000e+00
      vertex  1.450000e+01  1.635000e+01  2.000000e+00
      vertex  1.474287e+01  1.774091e+01  2.000000e+00
    endloop
  endfacet
  facet normal  0.000000e+00  0.000000e+00  1.000000e+00
    outer loop
      vertex  1.211758e+01  1.671056e+01  2.000000e+00
      vertex  1.474287e+01  1.774091e+01  2.000000e+00
      vertex  1.425713e+01  1.774091e+01  2.000000e+00
    endloop
  endfacet
  facet normal  0.000000e+00  0.000000e+00  1.000000e+00
    outer loop
      vertex  1.211758e+01  1.671056e+01  2.000000e+00
      vertex  1.425713e+01  1.774091e+01  2.000000e+00
      vertex  1.377681e+01  1.766852e+01  2.000000e+00
    endloop
  endfacet
  facet normal  0.000000e+00  0.000000e+00  1.000000e+00
    outer loop
      vertex  1.211758e+01  1.671056e+01  2.000000e+00
      vertex  1.377681e+01  1.766852e+01  2.000000e+00
      vertex  1.331264e+01  1.752534e+01  2.000000e+00
    endloop
  endfacet
  facet normal  0.000000e+00  0.000000e+00  9.999999e-01
    outer loop
      vertex  1.211758e+01  1.671056e+01  2.000000e+00
      vertex  1.331264e+01  1.752534e+01  2.000000e+00
      vertex  1.287500e+01  1.731458e+01  2.000000e+00
    endloop
  endfacet
  facet normal  0.000000e+00  0.000000e+00  1.000000e+00
    outer loop
      vertex  1.211758e+01  1.671056e+01  2.000000e+00
      vertex  1.287500e+01  1.731458e+01  2.000000e+00
      vertex  1.247366e+01  1.704095e+01  2.000000e+00
    endloop
  endfacet
  facet normal  0.000000e+00  -0.000000e+00  1.000000e+00
    outer loop
      vertex  1.450000e+01  1.635000e+01  2.000000e+00
      vertex  1.486092e+01  1.631445e+01  2.000000e+00
      vertex  1.718528e+01  1.633079e+01  2.000000e+00
    endloop
  endfacet
  facet normal  0.000000e+00  0.000000e+00  1.000000e+00
    outer loop
      vertex  1.450000e+01  1.635000e+01  2.000000e+00
      vertex  1.718528e+01  1.633079e+01  2.000000e+00
      vertex  1.688242e+01  1.671056e+01  2.000000e+00
    endloop
  endfacet
  facet normal  0.000000e+00  0.000000e+00  1.000000e+00
    outer loop
      vertex  1.450000e+01  1.635000e+01  2.000000e+00
      vertex  1.688242e+01  1.671056e+01  2.000000e+00
      vertex  1.652634e+01  1.704095e+01  2.000000e+00
    endloop
  endfacet
  facet normal  0.000000e+00  0.000000e+00  1.000000e+00
    outer loop
      vertex  1.450000e+01  1.635000e+01  2.000000e+00
      vertex  1.652634e+01  1.704095e+01  2.000000e+00
      vertex  1.612500e+01  1.731458e+01  2.000000e+00
    endloop
  endfacet
  facet normal  0.000000e+00  0.000000e+00  9.999999e-01
    outer loop
      vertex  1.450000e+01  1.635000e+01  2.000000e+00
      vertex  1.612500e+01  1.731458e+01  2.000000e+00
      vertex  1.568736e+01  1.752534e+01  2.000000e+00
    endloop
  endfacet
  facet normal  0.000000e+00  0.000000e+00  1.000000e+00
    outer loop
      vertex  1.450000e+01  1.635000e+01  2.000000e+00
      vertex  1.568736e+01  1.752534e+01  2.000000e+00
      vertex  1.522319e+01  1.766852e+01  2.000000e+00
    endloop
  endfacet
  facet normal  0.000000e+00  0.000000e+00  9.999999e-01
    outer loop
      vertex  1.450000e+01  1.635000e+01  2.000000e+00
      vertex  1.522319e+01  1.766852e+01  2.000000e+00
      vertex  1.474287e+01  1.774091e+01  2.000000e+00
    endloop
  endfacet
  facet normal  0.000000e+00  0.000000e+00  1.000000e+00
    outer loop
      vertex  1.450000e+01  1.265000e+01  2.000000e+00
      vertex  1.413908e+01  1.268555e+01  2.000000e+00
      vertex  1.181472e+01  1.266921e+01  2.000000e+00
    endloop
  endfacet
  facet normal  0.000000e+00  0.000000e+00  1.000000e+00
    outer loop
      vertex  1.450000e+01  1.265000e+01  2.000000e+00
      vertex  1.181472e+01  1.266921e+01  2.000000e+00
      vertex  1.211758e+01  1.228944e+01  2.000000e+00
    endloop
  endfacet
  facet normal  -0.000000e+00  0.000000e+00  9.999999e-01
    outer loop
      vertex  1.450000e+01  1.265000e+01  2.000000e+00
      vertex  1.211758e+01  1.228944e+01  2.000000e+00
      vertex  1.247366e+01  1.195905e+01  2.000000e+00
    endloop
  endfacet
  facet normal  -0.000000e+00  0.000000e+00  1.000000e+00
    outer loop
      vertex  1.450000e+01  1.265000e+01  2.000000e+00
      vertex  1.247366e+01  1.195905e+01  2.000000e+00
      vertex  1.287500e+01  1.168542e+01  2.000000e+00
    endloop
  endfacet
  facet normal  -0.000000e+00  0.000000e+00  1.000000e+00
    outer loop
      vertex  1.450000e+01  1.265000e+01  2.000000e+00
      vertex  1.287500e+01  1.168542e+01  2.000000e+00
      vertex  1.331264e+01  1.147466e+01  2.000000e+00
    endloop
  endfacet
  facet normal  -0.000000e+00  0.000000e+00  1.000000e+00
    outer loop
      vertex  1.450000e+01  1.265000e+01  2.000000e+00
      vertex  1.331264e+01  1.147466e+01  2.000000e+00
      vertex  1.377681e+01  1.133148e+01  2.000000e+00
    endloop
  endfacet
  facet normal  -0.000000e+00  0.000000e+00  1.000000e+00
    outer loop
      vertex  1.450000e+01  1.265000e+01  2.000000e+00
      vertex  1.377681e+01  1.133148e+01  2.000000e+00
      vertex  1.425713e+01  1.125909e+01  2.000000e+00
    endloop
  endfacet
  facet normal  0.000000e+00  0.000000e+00  1.000000e+00
    outer loop
      vertex  1.450000e+01  1.265000e+01  2.000000e+00
      vertex  1.425713e+01  1.125909e+01  2.000000e+00
      vertex  1.474287e+01  1.125909e+01  2.000000e+00
    endloop
  endfacet
  facet normal  0.000000e+00  -0.000000e+00  1.000000e+00
    outer loop
      vertex  1.450000e+01  1.265000e+01  2.000000e+00
      vertex  1.474287e+01  1.125909e+01  2.000000e+00
      vertex  1.522319e+01  1.133148e+01  2.000000e+00
    endloop
  endfacet
  facet normal  0.000000e+00  -0.000000e+00  1.000000e+00
    outer loop
      vertex  1.450000e+01  1.265000e+01  2.000000e+00
      vertex  1.522319e+01  1.133148e+01  2.000000e+00
      vertex  1.568736e+01  1.147466e+01  2.000000e+00
    endloop
  endfacet
  facet normal  0.000000e+00  -0.000000e+00  1.000000e+00
    outer loop
      vertex  1.450000e+01  1.265000e+01  2.000000e+00
      vertex  1.568736e+01  1.147466e+01  2.000000e+00
      vertex  1.612500e+01  1.168542e+01  2.000000e+00
    endloop
  endfacet
  facet normal  0.000000e+00  -0.000000e+00  1.000000e+00
    outer loop
      vertex  1.450000e+01  1.265000e+01  2.000000e+00
      vertex  1.612500e+01  1.168542e+01  2.000000e+00
      vertex  1.652634e+01  1.195905e+01  2.000000e+00
    endloop
  endfacet
  facet normal  0.000000e+00  -0.000000e+00  9.999999e-01
    outer loop
      vertex  1.450000e+01  1.265000e+01  2.000000e+00
      vertex  1.652634e+01  1.195905e+01  2.000000e+00
      vertex  1.688242e+01  1.228944e+01  2.000000e+00
    endloop
  endfacet
  facet normal  0.000000e+00  -0.000000e+00  1.000000e+00
    outer loop
      vertex  1.450000e+01  1.265000e+01  2.000000e+00
      vertex  1.688242e+01  1.228944e+01  2.000000e+00
      vertex  1.718528e+01  1.266921e+01  2.000000e+00
    endloop
  endfacet
  facet normal  0.000000e+00  0.000000e+00  1.000000e+00
    outer loop
      vertex  1.450000e+01  1.265000e+01  2.000000e+00
      vertex  1.718528e+01  1.266921e+01  2.000000e+00
      vertex  1.486092e+01  1.268555e+01  2.000000e+00
    endloop
  endfacet
  facet normal  0.000000e+00  -0.000000e+00  1.000000e+00
    outer loop
      vertex  1.157185e+01  1.308988e+01  2.000000e+00
      vertex  1.181472e+01  1.266921e+01  2.000000e+00
      vertex  1.413908e+01  1.268555e+01  2.000000e+00
    endloop
  endfacet
  facet normal  0.000000e+00  0.000000e+00  1.000000e+00
    outer loop
      vertex  1.157185e+01  1.308988e+01  2.000000e+00
      vertex  1.413908e+01  1.268555e+01  2.000000e+00
      vertex  1.379204e+01  1.279082e+01  2.000000e+00
    endloop
  endfacet
  facet normal  0.000000e+00  0.000000e+00  1.000000e+00
    outer loop
      vertex  1.157185e+01  1.308988e+01  2.000000e+00
      vertex  1.379204e+01  1.279082e+01  2.000000e+00
      vertex  1.347219e+01  1.296178e+01  2.000000e+00
    endloop
  endfacet
  facet normal  0.000000e+00  0.000000e+00  1.000000e+00
    outer loop
      vertex  1.157185e+01  1.308988e+01  2.000000e+00
      vertex  1.347219e+01  1.296178e+01  2.000000e+00
      vertex  1.319185e+01  1.319185e+01  2.000000e+00
    endloop
  endfacet
  facet normal  0.000000e+00  0.000000e+00  1.000000e+00
    outer loop
      vertex  1.157185e+01  1.308988e+01  2.000000e+00
      vertex  1.319185e+01  1.319185e+01  2.000000e+00
      vertex  1.296178e+01  1.347219e+01  2.000000e+00
    endloop
  endfacet
  facet normal  0.000000e+00  0.000000e+00  9.999999e-01
    outer loop
      vertex  1.157185e+01  1.308988e+01  2.000000e+00
      vertex  1.296178e+01  1.347219e+01  2.000000e+00
      vertex  1.139439e+01  1.354205e+01  2.000000e+00
    endloop
  endfacet
  facet normal  -0.000000e+00  0.000000e+00  1.000000e+00
    outer loop
      vertex  1.268555e+01  1.413908e+01  2.000000e+00
      vertex  1.128630e+01  1.401561e+01  2.000000e+00
      vertex  1.279082e+01  1.379204e+01  2.000000e+00
    endloop
  endfacet
  facet normal  0.000000e+00  0.000000e+00  1.000000e+00
    outer loop
      vertex  1.279082e+01  1.379204e+01  2.000000e+00
      vertex  1.128630e+01  1.401561e+01  2.000000e+00
      vertex  1.139439e+01  1.354205e+01  2.000000e+00
    endloop
  endfacet
  facet normal  -0.000000e+00  0.000000e+00  9.999999e-01
    outer loop
      vertex  1.279082e+01  1.379204e+01  2.000000e+00
      vertex  1.139439e+01  1.354205e+01  2.000000e+00
      vertex  1.296178e+01  1.347219e+01  2.000000e+00
    endloop
  endfacet
  facet normal  -0.000000e+00  0.000000e+00  9.999999e-01
    outer loop
      vertex  1.296178e+01  1.552781e+01  2.000000e+00
      vertex  1.139439e+01  1.545795e+01  2.000000e+00
      vertex  1.279082e+01  1.520796e+01  2.000000e+00
    endloop
  endfacet
  facet normal  0.000000e+00  0.000000e+00  1.000000e+00
    outer loop
      vertex  1.279082e+01  1.520796e+01  2.000000e+00
      vertex  1.139439e+01  1.545795e+01  2.000000e+00
      vertex  1.128630e+01  1.498439e+01  2.000000e+00
    endloop
  endfacet
  facet normal  -0.000000e+00  0.000000e+00  1.000000e+00
    outer loop
      vertex  1.279082e+01  1.520796e+01  2.000000e+00
      vertex  1.128630e+01  1.498439e+01  2.000000e+00
      vertex  1.268555e+01  1.486092e+01  2.000000e+00
    endloop
  endfacet
  facet normal  0.000000e+00  0.000000e+00  1.000000e+00
    outer loop
      vertex  1.268555e+01  1.486092e+01  2.000000e+00
      vertex  1.128630e+01  1.498439e+01  2.000000e+00
      vertex  1.125000e+01  1.450000e+01  2.000000e+00
    endloop
  endfacet
  facet normal  0.000000e+00  0.000000e+00  1.000000e+00
    outer loop
      vertex  1.268555e+01  1.486092e+01  2.000000e+00
      vertex  1.125000e+01  1.450000e+01  2.000000e+00
      vertex  1.265000e+01  1.450000e+01  2.000000e+00
    endloop
  endfacet
  facet normal  0.000000e+00  0.000000e+00  1.000000e+00
    outer loop
      vertex  1.265000e+01  1.450000e+01  2.000000e+00
      vertex  1.125000e+01  1.450000e+01  2.000000e+00
      vertex  1.128630e+01  1.401561e+01  2.000000e+00
    endloop
  endfacet
  facet normal  0.000000e+00  0.000000e+00  1.000000e+00
    outer loop
      vertex  1.265000e+01  1.450000e+01  2.000000e+00
      vertex  1.128630e+01  1.401561e+01  2.000000e+00
      vertex  1.268555e+01  1.413908e+01  2.000000e+00
    endloop
  endfacet
  facet normal  0.000000e+00  0.000000e+00  1.000000e+00
    outer loop
      vertex  1.379204e+01  1.620918e+01  2.000000e+00
      vertex  1.181472e+01  1.633079e+01  2.000000e+00
      vertex  1.347219e+01  1.603822e+01  2.000000e+00
    endloop
  endfacet
  facet normal  0.000000e+00  0.000000e+00  1.000000e+00
    outer loop
      vertex  1.347219e+01  1.603822e+01  2.000000e+00
      vertex  1.181472e+01  1.633079e+01  2.000000e+00
      vertex  1.157185e+01  1.591012e+01  2.000000e+00
    endloop
  endfacet
  facet normal  -0.000000e+00  0.000000e+00  1.000000e+00
    outer loop
      vertex  1.347219e+01  1.603822e+01  2.000000e+00
      vertex  1.157185e+01  1.591012e+01  2.000000e+00
      vertex  1.319185e+01  1.580815e+01  2.000000e+00
    endloop
  endfacet
  facet normal  0.000000e+00  0.000000e+00  1.000000e+00
    outer loop
      vertex  1.319185e+01  1.580815e+01  2.000000e+00
      vertex  1.157185e+01  1.591012e+01  2.000000e+00
      vertex  1.139439e+01  1.545795e+01  2.000000e+00
    endloop
  endfacet
  facet normal  0.000000e+00  0.000000e+00  9.999999e-01
    outer loop
      vertex  1.319185e+01  1.580815e+01  2.000000e+00
      vertex  1.139439e+01  1.545795e+01  2.000000e+00
      vertex  1.296178e+01  1.552781e+01  2.000000e+00
    endloop
  endfacet
  facet normal  0.000000e+00  0.000000e+00  1.000000e+00
    outer loop
      vertex  1.552781e+01  1.296178e+01  2.000000e+00
      vertex  1.520796e+01  1.279082e+01  2.000000e+00
      vertex  1.742815e+01  1.308988e+01  2.000000e+00
    endloop
  endfacet
  facet normal  0.000000e+00  0.000000e+00  1.000000e+00
    outer loop
      vertex  1.742815e+01  1.308988e+01  2.000000e+00
      vertex  1.520796e+01  1.279082e+01  2.000000e+00
      vertex  1.486092e+01  1.268555e+01  2.000000e+00
    endloop
  endfacet
  facet normal  -0.000000e+00  0.000000e+00  1.000000e+00
    outer loop
      vertex  1.742815e+01  1.308988e+01  2.000000e+00
      vertex  1.486092e+01  1.268555e+01  2.000000e+00
      vertex  1.718528e+01  1.266921e+01  2.000000e+00
    endloop
  endfacet
  facet normal  0.000000e+00  0.000000e+00  1.000000e+00
    outer loop
      vertex  1.631445e+01  1.413908e+01  2.000000e+00
      vertex  1.620918e+01  1.379204e+01  2.000000e+00
      vertex  1.771370e+01  1.401561e+01  2.000000e+00
    endloop
  endfacet
  facet normal  0.000000e+00  0.000000e+00  1.000000e+00
    outer loop
      vertex  1.771370e+01  1.401561e+01  2.000000e+00
      vertex  1.620918e+01  1.379204e+01  2.000000e+00
      vertex  1.603822e+01  1.347219e+01  2.000000e+00
    endloop
  endfacet
  facet normal  0.000000e+00  0.000000e+00  1.000000e+00
    outer loop
      vertex  1.771370e+01  1.401561e+01  2.000000e+00
      vertex  1.603822e+01  1.347219e+01  2.000000e+00
      vertex  1.760561e+01  1.354205e+01  2.000000e+00
    endloop
  endfacet
  facet normal  0.000000e+00  0.000000e+00  9.999999e-01
    outer loop
      vertex  1.760561e+01  1.354205e+01  2.000000e+00
      vertex  1.603822e+01  1.347219e+01  2.000000e+00
      vertex  1.580815e+01  1.319185e+01  2.000000e+00
    endloop
  endfacet
  facet normal  -0.000000e+00  0.000000e+00  9.999999e-01
    outer loop
      vertex  1.760561e+01  1.354205e+01  2.000000e+00
      vertex  1.580815e+01  1.319185e+01  2.000000e+00
      vertex  1.742815e+01  1.308988e+01  2.000000e+00
    endloop
  endfacet
  facet normal  0.000000e+00  -0.000000e+00  9.999999e-01
    outer loop
      vertex  1.603822e+01  1.552781e+01  2.000000e+00
      vertex  1.620918e+01  1.520796e+01  2.000000e+00
      vertex  1.760561e+01  1.545795e+01  2.000000e+00
    endloop
  endfacet
  facet normal  0.000000e+00  0.000000e+00  1.000000e+00
    outer loop
      vertex  1.760561e+01  1.545795e+01  2.000000e+00
      vertex  1.620918e+01  1.520796e+01  2.000000e+00
      vertex  1.631445e+01  1.486092e+01  2.000000e+00
    endloop
  endfacet
  facet normal  0.000000e+00  0.000000e+00  1.000000e+00
    outer loop
      vertex  1.760561e+01  1.545795e+01  2.000000e+00
      vertex  1.631445e+01  1.486092e+01  2.000000e+00
      vertex  1.771370e+01  1.498439e+01  2.000000e+00
    endloop
  endfacet
  facet normal  0.000000e+00  0.000000e+00  1.000000e+00
    outer loop
      vertex  1.771370e+01  1.498439e+01  2.000000e+00
      vertex  1.631445e+01  1.486092e+01  2.000000e+00
      vertex  1.635000e+01  1.450000e+01  2.000000e+00
    endloop
  endfacet
  facet normal  0.000000e+00  0.000000e+00  1.000000e+00
    outer loop
      vertex  1.771370e+01  1.498439e+01  2.000000e+00
      vertex  1.635000e+01  1.450000e+01  2.000000e+00
      vertex  1.775000e+01  1.450000e+01  2.000000e+00
    endloop
  endfacet
  facet normal  0.000000e+00  0.000000e+00  1.000000e+00
    outer loop
      vertex  1.775000e+01  1.450000e+01  2.000000e+00
      vertex  1.635000e+01  1.450000e+01  2.000000e+00
      vertex  1.631445e+01  1.413908e+01  2.000000e+00
    endloop
  endfacet
  facet normal  -0.000000e+00  0.000000e+00  1.000000e+00
    outer loop
      vertex  1.775000e+01  1.450000e+01  2.000000e+00
      vertex  1.631445e+01  1.413908e+01  2.000000e+00
      vertex  1.771370e+01  1.401561e+01  2.000000e+00
    endloop
  endfacet
  facet normal  0.000000e+00  -0.000000e+00  1.000000e+00
    outer loop
      vertex  1.520796e+01  1.620918e+01  2.000000e+00
      vertex  1.552781e+01  1.603822e+01  2.000000e+00
      vertex  1.718528e+01  1.633079e+01  2.000000e+00
    endloop
  endfacet
  facet normal  0.000000e+00  0.000000e+00  9.999999e-01
    outer loop
      vertex  1.718528e+01  1.633079e+01  2.000000e+00
      vertex  1.552781e+01  1.603822e+01  2.000000e+00
      vertex  1.580815e+01  1.580815e+01  2.000000e+00
    endloop
  endfacet
  facet normal  0.000000e+00  0.000000e+00  1.000000e+00
    outer loop
      vertex  1.718528e+01  1.633079e+01  2.000000e+00
      vertex  1.580815e+01  1.580815e+01  2.000000e+00
      vertex  1.742815e+01  1.591012e+01  2.000000e+00
    endloop
  endfacet
  facet normal  0.000000e+00  0.000000e+00  9.999999e-01
    outer loop
      vertex  1.742815e+01  1.591012e+01  2.000000e+00
      vertex  1.580815e+01  1.580815e+01  2.000000e+00
      vertex  1.603822e+01  1.552781e+01  2.000000e+00
    endloop
  endfacet
  facet normal  -0.000000e+00  0.000000e+00  1.000000e+00
    outer loop
      vertex  1.742815e+01  1.591012e+01  2.000000e+00
      vertex  1.603822e+01  1.552781e+01  2.000000e+00
      vertex  1.760561e+01  1.545795e+01  2.000000e+00
    endloop
  endfacet
  facet normal  9.801721e-02  9.951847e-01  -0.000000e+00
    outer loop
      vertex -1.450000e+01 -1.635000e+01  2.000000e+00
      vertex -1.486092e+01 -1.631445e+01  0.000000e+00
      vertex -1.486092e+01 -1.631445e+01  2.000000e+00
    endloop
  endfacet
  facet normal  2.902862e-01  9.569399e-01  0.000000e+00
    outer loop
      vertex -1.486092e+01 -1.631445e+01  2.000000e+00
      vertex -1.486092e+01 -1.631445e+01  0.000000e+00
      vertex -1.520796e+01 -1.620918e+01  0.000000e+00
    endloop
  endfacet
  facet normal  2.902862e-01  9.569399e-01  -0.000000e+00
    outer loop
      vertex -1.486092e+01 -1.631445e+01  2.000000e+00
      vertex -1.520796e+01 -1.620918e+01  0.000000e+00
      vertex -1.520796e+01 -1.620918e+01  2.000000e+00
    endloop
  endfacet
  facet normal  4.713941e-01  8.819227e-01  0.000000e+00
    outer loop
      vertex -1.520796e+01 -1.620918e+01  2.000000e+00
      vertex -1.520796e+01 -1.620918e+01  0.000000e+00
      vertex -1.552781e+01 -1.603822e+01  0.000000e+00
    endloop
  endfacet
  facet normal  4.713941e-01  8.819227e-01  -0.000000e+00
    outer loop
      vertex -1.520796e+01 -1.620918e+01  2.000000e+00
      vertex -1.552781e+01 -1.603822e+01  0.000000e+00
      vertex -1.552781e+01 -1.603822e+01  2.000000e+00
    endloop
  endfacet
  facet normal  6.343952e-01  7.730088e-01  0.000000e+00
    outer loop
      vertex -1.552781e+01 -1.603822e+01  2.000000e+00
      vertex -1.552781e+01 -1.603822e+01  0.000000e+00
      vertex -1.580815e+01 -1.580815e+01  0.000000e+00
    endloop
  endfacet
  facet normal  6.343952e-01  7.730088e-01  -0.000000e+00
    outer loop
      vertex -1.552781e+01 -1.603822e+01  2.000000e+00
      vertex -1.580815e+01 -1.580815e+01  0.000000e+00
      vertex -1.580815e+01 -1.580815e+01  2.000000e+00
    endloop
  endfacet
  facet normal  7.730088e-01  6.343952e-01  0.000000e+00
    outer loop
      vertex -1.580815e+01 -1.580815e+01  2.000000e+00
      vertex -1.580815e+01 -1.580815e+01  0.000000e+00
      vertex -1.603822e+01 -1.552781e+01  0.000000e+00
    endloop
  endfacet
  facet normal  7.730088e-01  6.343952e-01  -0.000000e+00
    outer loop
      vertex -1.580815e+01 -1.580815e+01  2.000000e+00
      vertex -1.603822e+01 -1.552781e+01  0.000000e+00
      vertex -1.603822e+01 -1.552781e+01  2.000000e+00
    endloop
  endfacet
  facet normal  8.819227e-01  4.713941e-01  0.000000e+00
    outer loop
      vertex -1.603822e+01 -1.552781e+01  2.000000e+00
      vertex -1.603822e+01 -1.552781e+01  0.000000e+00
      vertex -1.620918e+01 -1.520796e+01  0.000000e+00
    endloop
  endfacet
  facet normal  8.819227e-01  4.713941e-01  -0.000000e+00
    outer loop
      vertex -1.603822e+01 -1.552781e+01  2.000000e+00
      vertex -1.620918e+01 -1.520796e+01  0.000000e+00
      vertex -1.620918e+01 -1.520796e+01  2.000000e+00
    endloop
  endfacet
  facet normal  9.569399e-01  2.902862e-01  0.000000e+00
    outer loop
      vertex -1.620918e+01 -1.520796e+01  2.000000e+00
      vertex -1.620918e+01 -1.520796e+01  0.000000e+00
      vertex -1.631445e+01 -1.486092e+01  0.000000e+00
    endloop
  endfacet
  facet normal  9.569399e-01  2.902862e-01  -0.000000e+00
    outer loop
      vertex -1.620918e+01 -1.520796e+01  2.000000e+00
      vertex -1.631445e+01 -1.486092e+01  0.000000e+00
      vertex -1.631445e+01 -1.486092e+01  2.000000e+00
    endloop
  endfacet
  facet normal  9.951847e-01  9.801721e-02  0.000000e+00
    outer loop
      vertex -1.631445e+01 -1.486092e+01  2.000000e+00
      vertex -1.631445e+01 -1.486092e+01  0.000000e+00
      vertex -1.635000e+01 -1.450000e+01 -8.881784e-16
    endloop
  endfacet
  facet normal  9.951847e-01  9.801721e-02  -0.000000e+00
    outer loop
      vertex -1.631445e+01 -1.486092e+01  2.000000e+00
      vertex -1.635000e+01 -1.450000e+01 -8.881784e-16
      vertex -1.635000e+01 -1.450000e+01  2.000000e+00
    endloop
  endfacet
  facet normal  9.801721e-02  9.951847e-01  0.000000e+00
    outer loop
      vertex -1.486092e+01 -1.631445e+01  0.000000e+00
      vertex -1.450000e+01 -1.635000e+01  2.000000e+00
      vertex -1.450000e+01 -1.635000e+01  0.000000e+00
    endloop
  endfacet
  facet normal -9.801721e-02  9.951847e-01  0.000000e+00
    outer loop
      vertex -1.450000e+01 -1.635000e+01  0.000000e+00
      vertex -1.450000e+01 -1.635000e+01  2.000000e+00
      vertex -1.413908e+01 -1.631445e+01  2.000000e+00
    endloop
  endfacet
  facet normal -9.801721e-02  9.951847e-01  0.000000e+00
    outer loop
      vertex -1.450000e+01 -1.635000e+01  0.000000e+00
      vertex -1.413908e+01 -1.631445e+01  2.000000e+00
      vertex -1.413908e+01 -1.631445e+01  0.000000e+00
    endloop
  endfacet
  facet normal -2.902862e-01  9.569399e-01  0.000000e+00
    outer loop
      vertex -1.413908e+01 -1.631445e+01  0.000000e+00
      vertex -1.413908e+01 -1.631445e+01  2.000000e+00
      vertex -1.379204e+01 -1.620918e+01  2.000000e+00
    endloop
  endfacet
  facet normal -2.902862e-01  9.569399e-01  0.000000e+00
    outer loop
      vertex -1.413908e+01 -1.631445e+01  0.000000e+00
      vertex -1.379204e+01 -1.620918e+01  2.000000e+00
      vertex -1.379204e+01 -1.620918e+01  0.000000e+00
    endloop
  endfacet
  facet normal -4.713941e-01  8.819227e-01  0.000000e+00
    outer loop
      vertex -1.379204e+01 -1.620918e+01  0.000000e+00
      vertex -1.379204e+01 -1.620918e+01  2.000000e+00
      vertex -1.347219e+01 -1.603822e+01  2.000000e+00
    endloop
  endfacet
  facet normal -4.713941e-01  8.819227e-01  0.000000e+00
    outer loop
      vertex -1.379204e+01 -1.620918e+01  0.000000e+00
      vertex -1.347219e+01 -1.603822e+01  2.000000e+00
      vertex -1.347219e+01 -1.603822e+01  0.000000e+00
    endloop
  endfacet
  facet normal -6.343952e-01  7.730088e-01  0.000000e+00
    outer loop
      vertex -1.347219e+01 -1.603822e+01  0.000000e+00
      vertex -1.347219e+01 -1.603822e+01  2.000000e+00
      vertex -1.319185e+01 -1.580815e+01  2.000000e+00
    endloop
  endfacet
  facet normal -6.343952e-01  7.730088e-01  0.000000e+00
    outer loop
      vertex -1.347219e+01 -1.603822e+01  0.000000e+00
      vertex -1.319185e+01 -1.580815e+01  2.000000e+00
      vertex -1.319185e+01 -1.580815e+01  0.000000e+00
    endloop
  endfacet
  facet normal -7.730101e-01  6.343937e-01  0.000000e+00
    outer loop
      vertex -1.319185e+01 -1.580815e+01  0.000000e+00
      vertex -1.319185e+01 -1.580815e+01  2.000000e+00
      vertex -1.296178e+01 -1.552781e+01  2.000000e+00
    endloop
  endfacet
  facet normal -7.730101e-01  6.343937e-01  0.000000e+00
    outer loop
      vertex -1.319185e+01 -1.580815e+01  0.000000e+00
      vertex -1.296178e+01 -1.552781e+01  2.000000e+00
      vertex -1.296178e+01 -1.552781e+01  0.000000e+00
    endloop
  endfacet
  facet normal -8.819216e-01  4.713962e-01  0.000000e+00
    outer loop
      vertex -1.296178e+01 -1.552781e+01  0.000000e+00
      vertex -1.296178e+01 -1.552781e+01  2.000000e+00
      vertex -1.279082e+01 -1.520796e+01  2.000000e+00
    endloop
  endfacet
  facet normal -8.819216e-01  4.713962e-01  0.000000e+00
    outer loop
      vertex -1.296178e+01 -1.552781e+01  0.000000e+00
      vertex -1.279082e+01 -1.520796e+01  2.000000e+00
      vertex -1.279082e+01 -1.520796e+01  0.000000e+00
    endloop
  endfacet
  facet normal -9.569399e-01  2.902862e-01  0.000000e+00
    outer loop
      vertex -1.279082e+01 -1.520796e+01  0.000000e+00
      vertex -1.279082e+01 -1.520796e+01  2.000000e+00
      vertex -1.268555e+01 -1.486092e+01  2.000000e+00
    endloop
  endfacet
  facet normal -9.569399e-01  2.902862e-01  0.000000e+00
    outer loop
      vertex -1.279082e+01 -1.520796e+01  0.000000e+00
      vertex -1.268555e+01 -1.486092e+01  2.000000e+00
      vertex -1.268555e+01 -1.486092e+01  0.000000e+00
    endloop
  endfacet
  facet normal -9.951847e-01  9.801721e-02  0.000000e+00
    outer loop
      vertex -1.268555e+01 -1.486092e+01  0.000000e+00
      vertex -1.268555e+01 -1.486092e+01  2.000000e+00
      vertex -1.265000e+01 -1.450000e+01  2.000000e+00
    endloop
  endfacet
  facet normal -9.951847e-01  9.801721e-02  0.000000e+00
    outer loop
      vertex -1.268555e+01 -1.486092e+01  0.000000e+00
      vertex -1.265000e+01 -1.450000e+01  2.000000e+00
      vertex -1.265000e+01 -1.450000e+01  0.000000e+00
    endloop
  endfacet
  facet normal -9.801721e-02 -9.951847e-01  0.000000e+00
    outer loop
      vertex -1.450000e+01 -1.265000e+01  2.000000e+00
      vertex -1.413908e+01 -1.268555e+01  0.000000e+00
      vertex -1.413908e+01 -1.268555e+01  2.000000e+00
    endloop
  endfacet
  facet normal -2.902862e-01 -9.569399e-01  -0.000000e+00
    outer loop
      vertex -1.413908e+01 -1.268555e+01  2.000000e+00
      vertex -1.413908e+01 -1.268555e+01  0.000000e+00
      vertex -1.379204e+01 -1.279082e+01  0.000000e+00
    endloop
  endfacet
  facet normal -2.902862e-01 -9.569399e-01  0.000000e+00
    outer loop
      vertex -1.413908e+01 -1.268555e+01  2.000000e+00
      vertex -1.379204e+01 -1.279082e+01  0.000000e+00
      vertex -1.379204e+01 -1.279082e+01  2.000000e+00
    endloop
  endfacet
  facet normal -4.713962e-01 -8.819216e-01  -0.000000e+00
    outer loop
      vertex -1.379204e+01 -1.279082e+01  2.000000e+00
      vertex -1.379204e+01 -1.279082e+01  0.000000e+00
      vertex -1.347219e+01 -1.296178e+01  0.000000e+00
    endloop
  endfacet
  facet normal -4.713962e-01 -8.819216e-01  0.000000e+00
    outer loop
      vertex -1.379204e+01 -1.279082e+01  2.000000e+00
      vertex -1.347219e+01 -1.296178e+01  0.000000e+00
      vertex -1.347219e+01 -1.296178e+01  2.000000e+00
    endloop
  endfacet
  facet normal -6.343937e-01 -7.730101e-01  -0.000000e+00
    outer loop
      vertex -1.347219e+01 -1.296178e+01  2.000000e+00
      vertex -1.347219e+01 -1.296178e+01  0.000000e+00
      vertex -1.319185e+01 -1.319185e+01  0.000000e+00
    endloop
  endfacet
  facet normal -6.343937e-01 -7.730101e-01  0.000000e+00
    outer loop
      vertex -1.347219e+01 -1.296178e+01  2.000000e+00
      vertex -1.319185e+01 -1.319185e+01  0.000000e+00
      vertex -1.319185e+01 -1.319185e+01  2.000000e+00
    endloop
  endfacet
  facet normal -7.730101e-01 -6.343937e-01  -0.000000e+00
    outer loop
      vertex -1.319185e+01 -1.319185e+01  2.000000e+00
      vertex -1.319185e+01 -1.319185e+01  0.000000e+00
      vertex -1.296178e+01 -1.347219e+01  0.000000e+00
    endloop
  endfacet
  facet normal -7.730101e-01 -6.343937e-01  0.000000e+00
    outer loop
      vertex -1.319185e+01 -1.319185e+01  2.000000e+00
      vertex -1.296178e+01 -1.347219e+01  0.000000e+00
      vertex -1.296178e+01 -1.347219e+01  2.000000e+00
    endloop
  endfacet
  facet normal -8.819216e-01 -4.713962e-01  -0.000000e+00
    outer loop
      vertex -1.296178e+01 -1.347219e+01  2.000000e+00
      vertex -1.296178e+01 -1.347219e+01  0.000000e+00
      vertex -1.279082e+01 -1.379204e+01  0.000000e+00
    endloop
  endfacet
  facet normal -8.819216e-01 -4.713962e-01  0.000000e+00
    outer loop
      vertex -1.296178e+01 -1.347219e+01  2.000000e+00
      vertex -1.279082e+01 -1.379204e+01  0.000000e+00
      vertex -1.279082e+01 -1.379204e+01  2.000000e+00
    endloop
  endfacet
  facet normal -9.569399e-01 -2.902862e-01  -0.000000e+00
    outer loop
      vertex -1.279082e+01 -1.379204e+01  2.000000e+00
      vertex -1.279082e+01 -1.379204e+01  0.000000e+00
      vertex -1.268555e+01 -1.413908e+01  0.000000e+00
    endloop
  endfacet
  facet normal -9.569399e-01 -2.902862e-01  0.000000e+00
    outer loop
      vertex -1.279082e+01 -1.379204e+01  2.000000e+00
      vertex -1.268555e+01 -1.413908e+01  0.000000e+00
      vertex -1.268555e+01 -1.413908e+01  2.000000e+00
    endloop
  endfacet
  facet normal -9.951847e-01 -9.801721e-02  -0.000000e+00
    outer loop
      vertex -1.268555e+01 -1.413908e+01  2.000000e+00
      vertex -1.268555e+01 -1.413908e+01  0.000000e+00
      vertex -1.265000e+01 -1.450000e+01  0.000000e+00
    endloop
  endfacet
  facet normal -9.951847e-01 -9.801721e-02  0.000000e+00
    outer loop
      vertex -1.268555e+01 -1.413908e+01  2.000000e+00
      vertex -1.265000e+01 -1.450000e+01  0.000000e+00
      vertex -1.265000e+01 -1.450000e+01  2.000000e+00
    endloop
  endfacet
  facet normal -9.801721e-02 -9.951847e-01  -0.000000e+00
    outer loop
      vertex -1.413908e+01 -1.268555e+01  0.000000e+00
      vertex -1.450000e+01 -1.265000e+01  2.000000e+00
      vertex -1.450000e+01 -1.265000e+01  0.000000e+00
    endloop
  endfacet
  facet normal  9.801721e-02 -9.951847e-01  0.000000e+00
    outer loop
      vertex -1.450000e+01 -1.265000e+01  0.000000e+00
      vertex -1.450000e+01 -1.265000e+01  2.000000e+00
      vertex -1.486092e+01 -1.268555e+01  2.000000e+00
    endloop
  endfacet
  facet normal  9.801721e-02 -9.951847e-01  0.000000e+00
    outer loop
      vertex -1.450000e+01 -1.265000e+01  0.000000e+00
      vertex -1.486092e+01 -1.268555e+01  2.000000e+00
      vertex -1.486092e+01 -1.268555e+01  0.000000e+00
    endloop
  endfacet
  facet normal  2.902862e-01 -9.569399e-01  0.000000e+00
    outer loop
      vertex -1.486092e+01 -1.268555e+01  0.000000e+00
      vertex -1.486092e+01 -1.268555e+01  2.000000e+00
      vertex -1.520796e+01 -1.279082e+01  2.000000e+00
    endloop
  endfacet
  facet normal  2.902862e-01 -9.569399e-01  0.000000e+00
    outer loop
      vertex -1.486092e+01 -1.268555e+01  0.000000e+00
      vertex -1.520796e+01 -1.279082e+01  2.000000e+00
      vertex -1.520796e+01 -1.279082e+01  0.000000e+00
    endloop
  endfacet
  facet normal  4.713962e-01 -8.819216e-01  0.000000e+00
    outer loop
      vertex -1.520796e+01 -1.279082e+01  0.000000e+00
      vertex -1.520796e+01 -1.279082e+01  2.000000e+00
      vertex -1.552781e+01 -1.296178e+01  2.000000e+00
    endloop
  endfacet
  facet normal  4.713962e-01 -8.819216e-01  0.000000e+00
    outer loop
      vertex -1.520796e+01 -1.279082e+01  0.000000e+00
      vertex -1.552781e+01 -1.296178e+01  2.000000e+00
      vertex -1.552781e+01 -1.296178e+01  0.000000e+00
    endloop
  endfacet
  facet normal  6.343937e-01 -7.730101e-01  0.000000e+00
    outer loop
      vertex -1.552781e+01 -1.296178e+01  0.000000e+00
      vertex -1.552781e+01 -1.296178e+01  2.000000e+00
      vertex -1.580815e+01 -1.319185e+01  2.000000e+00
    endloop
  endfacet
  facet normal  6.343937e-01 -7.730101e-01  0.000000e+00
    outer loop
      vertex -1.552781e+01 -1.296178e+01  0.000000e+00
      vertex -1.580815e+01 -1.319185e+01  2.000000e+00
      vertex -1.580815e+01 -1.319185e+01  0.000000e+00
    endloop
  endfacet
  facet normal  7.730088e-01 -6.343952e-01  0.000000e+00
    outer loop
      vertex -1.580815e+01 -1.319185e+01  0.000000e+00
      vertex -1.580815e+01 -1.319185e+01  2.000000e+00
      vertex -1.603822e+01 -1.347219e+01  2.000000e+00
    endloop
  endfacet
  facet normal  7.730088e-01 -6.343952e-01  0.000000e+00
    outer loop
      vertex -1.580815e+01 -1.319185e+01  0.000000e+00
      vertex -1.603822e+01 -1.347219e+01  2.000000e+00
      vertex -1.603822e+01 -1.347219e+01  0.000000e+00
    endloop
  endfacet
  facet normal  8.819227e-01 -4.713941e-01  0.000000e+00
    outer loop
      vertex -1.603822e+01 -1.347219e+01  0.000000e+00
      vertex -1.603822e+01 -1.347219e+01  2.000000e+00
      vertex -1.620918e+01 -1.379204e+01  2.000000e+00
    endloop
  endfacet
  facet normal  8.819227e-01 -4.713941e-01  0.000000e+00
    outer loop
      vertex -1.603822e+01 -1.347219e+01  0.000000e+00
      vertex -1.620918e+01 -1.379204e+01  2.000000e+00
      vertex -1.620918e+01 -1.379204e+01  0.000000e+00
    endloop
  endfacet
  facet normal  9.569399e-01 -2.902862e-01  0.000000e+00
    outer loop
      vertex -1.620918e+01 -1.379204e+01  0.000000e+00
      vertex -1.620918e+01 -1.379204e+01  2.000000e+00
      vertex -1.631445e+01 -1.413908e+01  2.000000e+00
    endloop
  endfacet
  facet normal  9.569399e-01 -2.902862e-01  0.000000e+00
    outer loop
      vertex -1.620918e+01 -1.379204e+01  0.000000e+00
      vertex -1.631445e+01 -1.413908e+01  2.000000e+00
      vertex -1.631445e+01 -1.413908e+01  0.000000e+00
    endloop
  endfacet
  facet normal  9.951847e-01 -9.801721e-02  0.000000e+00
    outer loop
      vertex -1.631445e+01 -1.413908e+01  0.000000e+00
      vertex -1.631445e+01 -1.413908e+01  2.000000e+00
      vertex -1.635000e+01 -1.450000e+01  2.000000e+00
    endloop
  endfacet
  facet normal  9.951847e-01 -9.801721e-02  0.000000e+00
    outer loop
      vertex -1.631445e+01 -1.413908e+01  0.000000e+00
      vertex -1.635000e+01 -1.450000e+01  2.000000e+00
      vertex -1.635000e+01 -1.450000e+01 -8.881784e-16
    endloop
  endfacet
  facet normal  1.490397e-01  9.888312e-01  -0.000000e+00
    outer loop
      vertex -1.474287e+01 -1.774091e+01  5.000000e+00
      vertex -1.522319e+01 -1.766852e+01  2.000000e+00
      vertex -1.522319e+01 -1.766852e+01  5.000000e+00
    endloop
  endfacet
  facet normal  2.947574e-01  9.555721e-01  0.000000e+00
    outer loop
      vertex -1.522319e+01 -1.766852e+01  5.000000e+00
      vertex -1.522319e+01 -1.766852e+01  2.000000e+00
      vertex -1.568736e+01 -1.752534e+01  2.000000e+00
    endloop
  endfacet
  facet normal  2.947574e-01  9.555721e-01  -0.000000e+00
    outer loop
      vertex -1.522319e+01 -1.766852e+01  5.000000e+00
      vertex -1.568736e+01 -1.752534e+01  2.000000e+00
      vertex -1.568736e+01 -1.752534e+01  5.000000e+00
    endloop
  endfacet
  facet normal  4.338821e-01  9.009697e-01  0.000000e+00
    outer loop
      vertex -1.568736e+01 -1.752534e+01  5.000000e+00
      vertex -1.568736e+01 -1.752534e+01  2.000000e+00
      vertex -1.612500e+01 -1.731458e+01  2.000000e+00
    endloop
  endfacet
  facet normal  4.338821e-01  9.009697e-01  -0.000000e+00
    outer loop
      vertex -1.568736e+01 -1.752534e+01  5.000000e+00
      vertex -1.612500e+01 -1.731458e+01  2.000000e+00
      vertex -1.612500e+01 -1.731458e+01  5.000000e+00
    endloop
  endfacet
  facet normal  5.633194e-01  8.262392e-01  0.000000e+00
    outer loop
      vertex -1.612500e+01 -1.731458e+01  5.000000e+00
      vertex -1.612500e+01 -1.731458e+01  2.000000e+00
      vertex -1.652634e+01 -1.704095e+01  2.000000e+00
    endloop
  endfacet
  facet normal  5.633194e-01  8.262392e-01  -0.000000e+00
    outer loop
      vertex -1.612500e+01 -1.731458e+01  5.000000e+00
      vertex -1.652634e+01 -1.704095e+01  2.000000e+00
      vertex -1.652634e+01 -1.704095e+01  5.000000e+00
    endloop
  endfacet
  facet normal  6.801742e-01  7.330505e-01  0.000000e+00
    outer loop
      vertex -1.652634e+01 -1.704095e+01  5.000000e+00
      vertex -1.652634e+01 -1.704095e+01  2.000000e+00
      vertex -1.688242e+01 -1.671056e+01  2.000000e+00
    endloop
  endfacet
  facet normal  6.801742e-01  7.330505e-01  -0.000000e+00
    outer loop
      vertex -1.652634e+01 -1.704095e+01  5.000000e+00
      vertex -1.688242e+01 -1.671056e+01  2.000000e+00
      vertex -1.688242e+01 -1.671056e+01  5.000000e+00
    endloop
  endfacet
  facet normal  7.818314e-01  6.234900e-01  0.000000e+00
    outer loop
      vertex -1.688242e+01 -1.671056e+01  5.000000e+00
      vertex -1.688242e+01 -1.671056e+01  2.000000e+00
      vertex -1.718528e+01 -1.633079e+01  2.000000e+00
    endloop
  endfacet
  facet normal  7.818314e-01  6.234900e-01  -0.000000e+00
    outer loop
      vertex -1.688242e+01 -1.671056e+01  5.000000e+00
      vertex -1.718528e+01 -1.633079e+01  2.000000e+00
      vertex -1.718528e+01 -1.633079e+01  5.000000e+00
    endloop
  endfacet
  facet normal  8.660257e-01  4.999995e-01  0.000000e+00
    outer loop
      vertex -1.718528e+01 -1.633079e+01  5.000000e+00
      vertex -1.718528e+01 -1.633079e+01  2.000000e+00
      vertex -1.742815e+01 -1.591012e+01  2.000000e+00
    endloop
  endfacet
  facet normal  8.660257e-01  4.999995e-01  -0.000000e+00
    outer loop
      vertex -1.718528e+01 -1.633079e+01  5.000000e+00
      vertex -1.742815e+01 -1.591012e+01  2.000000e+00
      vertex -1.742815e+01 -1.591012e+01  5.000000e+00
    endloop
  endfacet
  facet normal  9.308732e-01  3.653426e-01  0.000000e+00
    outer loop
      vertex -1.742815e+01 -1.591012e+01  5.000000e+00
      vertex -1.742815e+01 -1.591012e+01  2.000000e+00
      vertex -1.760561e+01 -1.545795e+01  2.000000e+00
    endloop
  endfacet
  facet normal  9.308732e-01  3.653426e-01  -0.000000e+00
    outer loop
      vertex -1.742815e+01 -1.591012e+01  5.000000e+00
      vertex -1.760561e+01 -1.545795e+01  2.000000e+00
      vertex -1.760561e+01 -1.545795e+01  5.000000e+00
    endloop
  endfacet
  facet normal  9.749283e-01  2.225189e-01  0.000000e+00
    outer loop
      vertex -1.760561e+01 -1.545795e+01  5.000000e+00
      vertex -1.760561e+01 -1.545795e+01  2.000000e+00
      vertex -1.771370e+01 -1.498439e+01  2.000000e+00
    endloop
  endfacet
  facet normal  9.749283e-01  2.225189e-01  -0.000000e+00
    outer loop
      vertex -1.760561e+01 -1.545795e+01  5.000000e+00
      vertex -1.771370e+01 -1.498439e+01  2.000000e+00
      vertex -1.771370e+01 -1.498439e+01  5.000000e+00
    endloop
  endfacet
  facet normal  9.972036e-01  7.473182e-02  0.000000e+00
    outer loop
      vertex -1.771370e+01 -1.498439e+01  5.000000e+00
      vertex -1.771370e+01 -1.498439e+01  2.000000e+00
      vertex -1.775000e+01 -1.450000e+01  2.000000e+00
    endloop
  endfacet
  facet normal  9.972036e-01  7.473182e-02  -0.000000e+00
    outer loop
      vertex -1.771370e+01 -1.498439e+01  5.000000e+00
      vertex -1.775000e+01 -1.450000e+01  2.000000e+00
      vertex -1.775000e+01 -1.450000e+01  5.000000e+00
    endloop
  endfacet
  facet normal  1.490397e-01  9.888312e-01  0.000000e+00
    outer loop
      vertex -1.522319e+01 -1.766852e+01  2.000000e+00
      vertex -1.474287e+01 -1.774091e+01  5.000000e+00
      vertex -1.474287e+01 -1.774091e+01  2.000000e+00
    endloop
  endfacet
  facet normal  0.000000e+00  1.000000e+00  0.000000e+00
    outer loop
      vertex -1.474287e+01 -1.774091e+01  2.000000e+00
      vertex -1.474287e+01 -1.774091e+01  5.000000e+00
      vertex -1.425713e+01 -1.774091e+01  5.000000e+00
    endloop
  endfacet
  facet normal  0.000000e+00  1.000000e+00  0.000000e+00
    outer loop
      vertex -1.474287e+01 -1.774091e+01  2.000000e+00
      vertex -1.425713e+01 -1.774091e+01  5.000000e+00
      vertex -1.425713e+01 -1.774091e+01  2.000000e+00
    endloop
  endfacet
  facet normal -1.490397e-01  9.888312e-01  0.000000e+00
    outer loop
      vertex -1.425713e+01 -1.774091e+01  2.000000e+00
      vertex -1.425713e+01 -1.774091e+01  5.000000e+00
      vertex -1.377681e+01 -1.766852e+01  5.000000e+00
    endloop
  endfacet
  facet normal -1.490397e-01  9.888312e-01  0.000000e+00
    outer loop
      vertex -1.425713e+01 -1.774091e+01  2.000000e+00
      vertex -1.377681e+01 -1.766852e+01  5.000000e+00
      vertex -1.377681e+01 -1.766852e+01  2.000000e+00
    endloop
  endfacet
  facet normal -2.947574e-01  9.555721e-01  0.000000e+00
    outer loop
      vertex -1.377681e+01 -1.766852e+01  2.000000e+00
      vertex -1.377681e+01 -1.766852e+01  5.000000e+00
      vertex -1.331264e+01 -1.752534e+01  5.000000e+00
    endloop
  endfacet
  facet normal -2.947574e-01  9.555721e-01  0.000000e+00
    outer loop
      vertex -1.377681e+01 -1.766852e+01  2.000000e+00
      vertex -1.331264e+01 -1.752534e+01  5.000000e+00
      vertex -1.331264e+01 -1.752534e+01  2.000000e+00
    endloop
  endfacet
  facet normal -4.338821e-01  9.009697e-01  0.000000e+00
    outer loop
      vertex -1.331264e+01 -1.752534e+01  2.000000e+00
      vertex -1.331264e+01 -1.752534e+01  5.000000e+00
      vertex -1.287500e+01 -1.731458e+01  5.000000e+00
    endloop
  endfacet
  facet normal -4.338821e-01  9.009697e-01  0.000000e+00
    outer loop
      vertex -1.331264e+01 -1.752534e+01  2.000000e+00
      vertex -1.287500e+01 -1.731458e+01  5.000000e+00
      vertex -1.287500e+01 -1.731458e+01  2.000000e+00
    endloop
  endfacet
  facet normal -5.633203e-01  8.262386e-01  0.000000e+00
    outer loop
      vertex -1.287500e+01 -1.731458e+01  2.000000e+00
      vertex -1.287500e+01 -1.731458e+01  5.000000e+00
      vertex -1.247366e+01 -1.704095e+01  5.000000e+00
    endloop
  endfacet
  facet normal -5.633203e-01  8.262386e-01  0.000000e+00
    outer loop
      vertex -1.287500e+01 -1.731458e+01  2.000000e+00
      vertex -1.247366e+01 -1.704095e+01  5.000000e+00
      vertex -1.247366e+01 -1.704095e+01  2.000000e+00
    endloop
  endfacet
  facet normal -6.801722e-01  7.330523e-01  0.000000e+00
    outer loop
      vertex -1.247366e+01 -1.704095e+01  2.000000e+00
      vertex -1.247366e+01 -1.704095e+01  5.000000e+00
      vertex -1.211758e+01 -1.671056e+01  5.000000e+00
    endloop
  endfacet
  facet normal -6.801722e-01  7.330523e-01  0.000000e+00
    outer loop
      vertex -1.247366e+01 -1.704095e+01  2.000000e+00
      vertex -1.211758e+01 -1.671056e+01  5.000000e+00
      vertex -1.211758e+01 -1.671056e+01  2.000000e+00
    endloop
  endfacet
  facet normal -7.818323e-01  6.234888e-01  0.000000e+00
    outer loop
      vertex -1.211758e+01 -1.671056e+01  2.000000e+00
      vertex -1.211758e+01 -1.671056e+01  5.000000e+00
      vertex -1.181472e+01 -1.633079e+01  5.000000e+00
    endloop
  endfacet
  facet normal -7.818323e-01  6.234888e-01  0.000000e+00
    outer loop
      vertex -1.211758e+01 -1.671056e+01  2.000000e+00
      vertex -1.181472e+01 -1.633079e+01  5.000000e+00
      vertex -1.181472e+01 -1.633079e+01  2.000000e+00
    endloop
  endfacet
  facet normal -8.660249e-01  5.000010e-01  0.000000e+00
    outer loop
      vertex -1.181472e+01 -1.633079e+01  2.000000e+00
      vertex -1.181472e+01 -1.633079e+01  5.000000e+00
      vertex -1.157185e+01 -1.591012e+01  5.000000e+00
    endloop
  endfacet
  facet normal -8.660249e-01  5.000010e-01  0.000000e+00
    outer loop
      vertex -1.181472e+01 -1.633079e+01  2.000000e+00
      vertex -1.157185e+01 -1.591012e+01  5.000000e+00
      vertex -1.157185e+01 -1.591012e+01  2.000000e+00
    endloop
  endfacet
  facet normal -9.308738e-01  3.653409e-01  0.000000e+00
    outer loop
      vertex -1.157185e+01 -1.591012e+01  2.000000e+00
      vertex -1.157185e+01 -1.591012e+01  5.000000e+00
      vertex -1.139439e+01 -1.545795e+01  5.000000e+00
    endloop
  endfacet
  facet normal -9.308738e-01  3.653409e-01  0.000000e+00
    outer loop
      vertex -1.157185e+01 -1.591012e+01  2.000000e+00
      vertex -1.139439e+01 -1.545795e+01  5.000000e+00
      vertex -1.139439e+01 -1.545795e+01  2.000000e+00
    endloop
  endfacet
  facet normal -9.749280e-01  2.225208e-01  0.000000e+00
    outer loop
      vertex -1.139439e+01 -1.545795e+01  2.000000e+00
      vertex -1.139439e+01 -1.545795e+01  5.000000e+00
      vertex -1.128630e+01 -1.498439e+01  5.000000e+00
    endloop
  endfacet
  facet normal -9.749280e-01  2.225208e-01  0.000000e+00
    outer loop
      vertex -1.139439e+01 -1.545795e+01  2.000000e+00
      vertex -1.128630e+01 -1.498439e+01  5.000000e+00
      vertex -1.128630e+01 -1.498439e+01  2.000000e+00
    endloop
  endfacet
  facet normal -9.972038e-01  7.472987e-02  0.000000e+00
    outer loop
      vertex -1.128630e+01 -1.498439e+01  2.000000e+00
      vertex -1.128630e+01 -1.498439e+01  5.000000e+00
      vertex -1.125000e+01 -1.450000e+01  5.000000e+00
    endloop
  endfacet
  facet normal -9.972038e-01  7.472987e-02  0.000000e+00
    outer loop
      vertex -1.128630e+01 -1.498439e+01  2.000000e+00
      vertex -1.125000e+01 -1.450000e+01  5.000000e+00
      vertex -1.125000e+01 -1.450000e+01  2.000000e+00
    endloop
  endfacet
  facet normal -1.490417e-01 -9.888310e-01  0.000000e+00
    outer loop
      vertex -1.425713e+01 -1.125909e+01  5.000000e+00
      vertex -1.377681e+01 -1.133148e+01  2.000000e+00
      vertex -1.377681e+01 -1.133148e+01  5.000000e+00
    endloop
  endfacet
  facet normal -2.947556e-01 -9.555726e-01  -0.000000e+00
    outer loop
      vertex -1.377681e+01 -1.133148e+01  5.000000e+00
      vertex -1.377681e+01 -1.133148e+01  2.000000e+00
      vertex -1.331264e+01 -1.147466e+01  2.000000e+00
    endloop
  endfacet
  facet normal -2.947556e-01 -9.555726e-01  0.000000e+00
    outer loop
      vertex -1.377681e+01 -1.133148e+01  5.000000e+00
      vertex -1.331264e+01 -1.147466e+01  2.000000e+00
      vertex -1.331264e+01 -1.147466e+01  5.000000e+00
    endloop
  endfacet
  facet normal -4.338836e-01 -9.009688e-01  -0.000000e+00
    outer loop
      vertex -1.331264e+01 -1.147466e+01  5.000000e+00
      vertex -1.331264e+01 -1.147466e+01  2.000000e+00
      vertex -1.287500e+01 -1.168542e+01  2.000000e+00
    endloop
  endfacet
  facet normal -4.338836e-01 -9.009688e-01  0.000000e+00
    outer loop
      vertex -1.331264e+01 -1.147466e+01  5.000000e+00
      vertex -1.287500e+01 -1.168542e+01  2.000000e+00
      vertex -1.287500e+01 -1.168542e+01  5.000000e+00
    endloop
  endfacet
  facet normal -5.633203e-01 -8.262386e-01  -0.000000e+00
    outer loop
      vertex -1.287500e+01 -1.168542e+01  5.000000e+00
      vertex -1.287500e+01 -1.168542e+01  2.000000e+00
      vertex -1.247366e+01 -1.195905e+01  2.000000e+00
    endloop
  endfacet
  facet normal -5.633203e-01 -8.262386e-01  0.000000e+00
    outer loop
      vertex -1.287500e+01 -1.168542e+01  5.000000e+00
      vertex -1.247366e+01 -1.195905e+01  2.000000e+00
      vertex -1.247366e+01 -1.195905e+01  5.000000e+00
    endloop
  endfacet
  facet normal -6.801722e-01 -7.330523e-01  -0.000000e+00
    outer loop
      vertex -1.247366e+01 -1.195905e+01  5.000000e+00
      vertex -1.247366e+01 -1.195905e+01  2.000000e+00
      vertex -1.211758e+01 -1.228944e+01  2.000000e+00
    endloop
  endfacet
  facet normal -6.801722e-01 -7.330523e-01  0.000000e+00
    outer loop
      vertex -1.247366e+01 -1.195905e+01  5.000000e+00
      vertex -1.211758e+01 -1.228944e+01  2.000000e+00
      vertex -1.211758e+01 -1.228944e+01  5.000000e+00
    endloop
  endfacet
  facet normal -7.818315e-01 -6.234897e-01  -0.000000e+00
    outer loop
      vertex -1.211758e+01 -1.228944e+01  5.000000e+00
      vertex -1.211758e+01 -1.228944e+01  2.000000e+00
      vertex -1.181472e+01 -1.266921e+01  2.000000e+00
    endloop
  endfacet
  facet normal -7.818315e-01 -6.234897e-01  0.000000e+00
    outer loop
      vertex -1.211758e+01 -1.228944e+01  5.000000e+00
      vertex -1.181472e+01 -1.266921e+01  2.000000e+00
      vertex -1.181472e+01 -1.266921e+01  5.000000e+00
    endloop
  endfacet
  facet normal -8.660253e-01 -5.000001e-01  -0.000000e+00
    outer loop
      vertex -1.181472e+01 -1.266921e+01  5.000000e+00
      vertex -1.181472e+01 -1.266921e+01  2.000000e+00
      vertex -1.157185e+01 -1.308988e+01  2.000000e+00
    endloop
  endfacet
  facet normal -8.660253e-01 -5.000001e-01  0.000000e+00
    outer loop
      vertex -1.181472e+01 -1.266921e+01  5.000000e+00
      vertex -1.157185e+01 -1.308988e+01  2.000000e+00
      vertex -1.157185e+01 -1.308988e+01  5.000000e+00
    endloop
  endfacet
  facet normal -9.308738e-01 -3.653409e-01  -0.000000e+00
    outer loop
      vertex -1.157185e+01 -1.308988e+01  5.000000e+00
      vertex -1.157185e+01 -1.308988e+01  2.000000e+00
      vertex -1.139439e+01 -1.354205e+01  2.000000e+00
    endloop
  endfacet
  facet normal -9.308738e-01 -3.653409e-01  0.000000e+00
    outer loop
      vertex -1.157185e+01 -1.308988e+01  5.000000e+00
      vertex -1.139439e+01 -1.354205e+01  2.000000e+00
      vertex -1.139439e+01 -1.354205e+01  5.000000e+00
    endloop
  endfacet
  facet normal -9.749280e-01 -2.225208e-01  -0.000000e+00
    outer loop
      vertex -1.139439e+01 -1.354205e+01  5.000000e+00
      vertex -1.139439e+01 -1.354205e+01  2.000000e+00
      vertex -1.128630e+01 -1.401561e+01  2.000000e+00
    endloop
  endfacet
  facet normal -9.749280e-01 -2.225208e-01  0.000000e+00
    outer loop
      vertex -1.139439e+01 -1.354205e+01  5.000000e+00
      vertex -1.128630e+01 -1.401561e+01  2.000000e+00
      vertex -1.128630e+01 -1.401561e+01  5.000000e+00
    endloop
  endfacet
  facet normal -9.972038e-01 -7.472987e-02  -0.000000e+00
    outer loop
      vertex -1.128630e+01 -1.401561e+01  5.000000e+00
      vertex -1.128630e+01 -1.401561e+01  2.000000e+00
      vertex -1.125000e+01 -1.450000e+01  2.000000e+00
    endloop
  endfacet
  facet normal -9.972038e-01 -7.472987e-02  0.000000e+00
    outer loop
      vertex -1.128630e+01 -1.401561e+01  5.000000e+00
      vertex -1.125000e+01 -1.450000e+01  2.000000e+00
      vertex -1.125000e+01 -1.450000e+01  5.000000e+00
    endloop
  endfacet
  facet normal -1.490417e-01 -9.888310e-01  -0.000000e+00
    outer loop
      vertex -1.377681e+01 -1.133148e+01  2.000000e+00
      vertex -1.425713e+01 -1.125909e+01  5.000000e+00
      vertex -1.425713e+01 -1.125909e+01  2.000000e+00
    endloop
  endfacet
  facet normal  0.000000e+00 -1.000000e+00  0.000000e+00
    outer loop
      vertex -1.425713e+01 -1.125909e+01  2.000000e+00
      vertex -1.425713e+01 -1.125909e+01  5.000000e+00
      vertex -1.474287e+01 -1.125909e+01  5.000000e+00
    endloop
  endfacet
  facet normal  0.000000e+00 -1.000000e+00  0.000000e+00
    outer loop
      vertex -1.425713e+01 -1.125909e+01  2.000000e+00
      vertex -1.474287e+01 -1.125909e+01  5.000000e+00
      vertex -1.474287e+01 -1.125909e+01  2.000000e+00
    endloop
  endfacet
  facet normal  1.490417e-01 -9.888310e-01  0.000000e+00
    outer loop
      vertex -1.474287e+01 -1.125909e+01  2.000000e+00
      vertex -1.474287e+01 -1.125909e+01  5.000000e+00
      vertex -1.522319e+01 -1.133148e+01  5.000000e+00
    endloop
  endfacet
  facet normal  1.490417e-01 -9.888310e-01  0.000000e+00
    outer loop
      vertex -1.474287e+01 -1.125909e+01  2.000000e+00
      vertex -1.522319e+01 -1.133148e+01  5.000000e+00
      vertex -1.522319e+01 -1.133148e+01  2.000000e+00
    endloop
  endfacet
  facet normal  2.947556e-01 -9.555726e-01  0.000000e+00
    outer loop
      vertex -1.522319e+01 -1.133148e+01  2.000000e+00
      vertex -1.522319e+01 -1.133148e+01  5.000000e+00
      vertex -1.568736e+01 -1.147466e+01  5.000000e+00
    endloop
  endfacet
  facet normal  2.947556e-01 -9.555726e-01  0.000000e+00
    outer loop
      vertex -1.522319e+01 -1.133148e+01  2.000000e+00
      vertex -1.568736e+01 -1.147466e+01  5.000000e+00
      vertex -1.568736e+01 -1.147466e+01  2.000000e+00
    endloop
  endfacet
  facet normal  4.338836e-01 -9.009688e-01  0.000000e+00
    outer loop
      vertex -1.568736e+01 -1.147466e+01  2.000000e+00
      vertex -1.568736e+01 -1.147466e+01  5.000000e+00
      vertex -1.612500e+01 -1.168542e+01  5.000000e+00
    endloop
  endfacet
  facet normal  4.338836e-01 -9.009688e-01  0.000000e+00
    outer loop
      vertex -1.568736e+01 -1.147466e+01  2.000000e+00
      vertex -1.612500e+01 -1.168542e+01  5.000000e+00
      vertex -1.612500e+01 -1.168542e+01  2.000000e+00
    endloop
  endfacet
  facet normal  5.633194e-01 -8.262392e-01  0.000000e+00
    outer loop
      vertex -1.612500e+01 -1.168542e+01  2.000000e+00
      vertex -1.612500e+01 -1.168542e+01  5.000000e+00
      vertex -1.652634e+01 -1.195905e+01  5.000000e+00
    endloop
  endfacet
  facet normal  5.633194e-01 -8.262392e-01  0.000000e+00
    outer loop
      vertex -1.612500e+01 -1.168542e+01  2.000000e+00
      vertex -1.652634e+01 -1.195905e+01  5.000000e+00
      vertex -1.652634e+01 -1.195905e+01  2.000000e+00
    endloop
  endfacet
  facet normal  6.801742e-01 -7.330505e-01  0.000000e+00
    outer loop
      vertex -1.652634e+01 -1.195905e+01  2.000000e+00
      vertex -1.652634e+01 -1.195905e+01  5.000000e+00
      vertex -1.688242e+01 -1.228944e+01  5.000000e+00
    endloop
  endfacet
  facet normal  6.801742e-01 -7.330505e-01  0.000000e+00
    outer loop
      vertex -1.652634e+01 -1.195905e+01  2.000000e+00
      vertex -1.688242e+01 -1.228944e+01  5.000000e+00
      vertex -1.688242e+01 -1.228944e+01  2.000000e+00
    endloop
  endfacet
  facet normal  7.818305e-01 -6.234909e-01  0.000000e+00
    outer loop
      vertex -1.688242e+01 -1.228944e+01  2.000000e+00
      vertex -1.688242e+01 -1.228944e+01  5.000000e+00
      vertex -1.718528e+01 -1.266921e+01  5.000000e+00
    endloop
  endfacet
  facet normal  7.818305e-01 -6.234909e-01  0.000000e+00
    outer loop
      vertex -1.688242e+01 -1.228944e+01  2.000000e+00
      vertex -1.718528e+01 -1.266921e+01  5.000000e+00
      vertex -1.718528e+01 -1.266921e+01  2.000000e+00
    endloop
  endfacet
  facet normal  8.660262e-01 -4.999987e-01  0.000000e+00
    outer loop
      vertex -1.718528e+01 -1.266921e+01  2.000000e+00
      vertex -1.718528e+01 -1.266921e+01  5.000000e+00
      vertex -1.742815e+01 -1.308988e+01  5.000000e+00
    endloop
  endfacet
  facet normal  8.660262e-01 -4.999987e-01  0.000000e+00
    outer loop
      vertex -1.718528e+01 -1.266921e+01  2.000000e+00
      vertex -1.742815e+01 -1.308988e+01  5.000000e+00
      vertex -1.742815e+01 -1.308988e+01  2.000000e+00
    endloop
  endfacet
  facet normal  9.308732e-01 -3.653426e-01  0.000000e+00
    outer loop
      vertex -1.742815e+01 -1.308988e+01  2.000000e+00
      vertex -1.742815e+01 -1.308988e+01  5.000000e+00
      vertex -1.760561e+01 -1.354205e+01  5.000000e+00
    endloop
  endfacet
  facet normal  9.308732e-01 -3.653426e-01  0.000000e+00
    outer loop
      vertex -1.742815e+01 -1.308988e+01  2.000000e+00
      vertex -1.760561e+01 -1.354205e+01  5.000000e+00
      vertex -1.760561e+01 -1.354205e+01  2.000000e+00
    endloop
  endfacet
  facet normal  9.749283e-01 -2.225189e-01  0.000000e+00
    outer loop
      vertex -1.760561e+01 -1.354205e+01  2.000000e+00
      vertex -1.760561e+01 -1.354205e+01  5.000000e+00
      vertex -1.771370e+01 -1.401561e+01  5.000000e+00
    endloop
  endfacet
  facet normal  9.749283e-01 -2.225189e-01  0.000000e+00
    outer loop
      vertex -1.760561e+01 -1.354205e+01  2.000000e+00
      vertex -1.771370e+01 -1.401561e+01  5.000000e+00
      vertex -1.771370e+01 -1.401561e+01  2.000000e+00
    endloop
  endfacet
  facet normal  9.972036e-01 -7.473182e-02  0.000000e+00
    outer loop
      vertex -1.771370e+01 -1.401561e+01  2.000000e+00
      vertex -1.771370e+01 -1.401561e+01  5.000000e+00
      vertex -1.775000e+01 -1.450000e+01  5.000000e+00
    endloop
  endfacet
  facet normal  9.972036e-01 -7.473182e-02  0.000000e+00
    outer loop
      vertex -1.771370e+01 -1.401561e+01  2.000000e+00
      vertex -1.775000e+01 -1.450000e+01  5.000000e+00
      vertex -1.775000e+01 -1.450000e+01  2.000000e+00
    endloop
  endfacet
  facet normal  0.000000e+00  0.000000e+00  1.000000e+00
    outer loop
      vertex -1.520796e+01 -1.279082e+01  2.000000e+00
      vertex -1.486092e+01 -1.268555e+01  2.000000e+00
      vertex -1.718528e+01 -1.266921e+01  2.000000e+00
    endloop
  endfacet
  facet normal  0.000000e+00  0.000000e+00  9.999999e-01
    outer loop
      vertex -1.157185e+01 -1.591012e+01  2.000000e+00
      vertex -1.319185e+01 -1.580815e+01  2.000000e+00
      vertex -1.347219e+01 -1.603822e+01  2.000000e+00
    endloop
  endfacet
  facet normal  0.000000e+00  -0.000000e+00  1.000000e+00
    outer loop
      vertex -1.413908e+01 -1.268555e+01  2.000000e+00
      vertex -1.379204e+01 -1.279082e+01  2.000000e+00
      vertex -1.181472e+01 -1.266921e+01  2.000000e+00
    endloop
  endfacet
  facet normal  -0.000000e+00  0.000000e+00  9.999999e-01
    outer loop
      vertex -1.688242e+01 -1.228944e+01  2.000000e+00
      vertex -1.718528e+01 -1.266921e+01  2.000000e+00
      vertex -1.486092e+01 -1.268555e+01  2.000000e+00
    endloop
  endfacet
  facet normal  0.000000e+00  -0.000000e+00  1.000000e+00
    outer loop
      vertex -1.688242e+01 -1.228944e+01  2.000000e+00
      vertex -1.486092e+01 -1.268555e+01  2.000000e+00
      vertex -1.450000e+01 -1.265000e+01  2.000000e+00
    endloop
  endfacet
  facet normal  0.000000e+00  -0.000000e+00  9.999999e-01
    outer loop
      vertex -1.688242e+01 -1.228944e+01  2.000000e+00
      vertex -1.450000e+01 -1.265000e+01  2.000000e+00
      vertex -1.425713e+01 -1.125909e+01  2.000000e+00
    endloop
  endfacet
  facet normal  0.000000e+00  0.000000e+00  1.000000e+00
    outer loop
      vertex -1.688242e+01 -1.228944e+01  2.000000e+00
      vertex -1.425713e+01 -1.125909e+01  2.000000e+00
      vertex -1.474287e+01 -1.125909e+01  2.000000e+00
    endloop
  endfacet
  facet normal  0.000000e+00  0.000000e+00  1.000000e+00
    outer loop
      vertex -1.688242e+01 -1.228944e+01  2.000000e+00
      vertex -1.474287e+01 -1.125909e+01  2.000000e+00
      vertex -1.522319e+01 -1.133148e+01  2.000000e+00
    endloop
  endfacet
  facet normal  0.000000e+00  0.000000e+00  9.999999e-01
    outer loop
      vertex -1.688242e+01 -1.228944e+01  2.000000e+00
      vertex -1.522319e+01 -1.133148e+01  2.000000e+00
      vertex -1.568736e+01 -1.147466e+01  2.000000e+00
    endloop
  endfacet
  facet normal  0.000000e+00  0.000000e+00  1.000000e+00
    outer loop
      vertex -1.688242e+01 -1.228944e+01  2.000000e+00
      vertex -1.568736e+01 -1.147466e+01  2.000000e+00
      vertex -1.612500e+01 -1.168542e+01  2.000000e+00
    endloop
  endfacet
  facet normal  0.000000e+00  0.000000e+00  1.000000e+00
    outer loop
      vertex -1.688242e+01 -1.228944e+01  2.000000e+00
      vertex -1.612500e+01 -1.168542e+01  2.000000e+00
      vertex -1.652634e+01 -1.195905e+01  2.000000e+00
    endloop
  endfacet
  facet normal  0.000000e+00  -0.000000e+00  1.000000e+00
    outer loop
      vertex -1.450000e+01 -1.265000e+01  2.000000e+00
      vertex -1.413908e+01 -1.268555e+01  2.000000e+00
      vertex -1.181472e+01 -1.266921e+01  2.000000e+00
    endloop
  endfacet
  facet normal  0.000000e+00  0.000000e+00  1.000000e+00
    outer loop
      vertex -1.450000e+01 -1.265000e+01  2.000000e+00
      vertex -1.181472e+01 -1.266921e+01  2.000000e+00
      vertex -1.211758e+01 -1.228944e+01  2.000000e+00
    endloop
  endfacet
  facet normal  0.000000e+00  0.000000e+00  9.999999e-01
    outer loop
      vertex -1.450000e+01 -1.265000e+01  2.000000e+00
      vertex -1.211758e+01 -1.228944e+01  2.000000e+00
      vertex -1.247366e+01 -1.195905e+01  2.000000e+00
    endloop
  endfacet
  facet normal  0.000000e+00  0.000000e+00  1.000000e+00
    outer loop
      vertex -1.450000e+01 -1.265000e+01  2.000000e+00
      vertex -1.247366e+01 -1.195905e+01  2.000000e+00
      vertex -1.287500e+01 -1.168542e+01  2.000000e+00
    endloop
  endfacet
  facet normal  0.000000e+00  0.000000e+00  1.000000e+00
    outer loop
      vertex -1.450000e+01 -1.265000e+01  2.000000e+00
      vertex -1.287500e+01 -1.168542e+01  2.000000e+00
      vertex -1.331264e+01 -1.147466e+01  2.000000e+00
    endloop
  endfacet
  facet normal  0.000000e+00  0.000000e+00  1.000000e+00
    outer loop
      vertex -1.450000e+01 -1.265000e+01  2.000000e+00
      vertex -1.331264e+01 -1.147466e+01  2.000000e+00
      vertex -1.377681e+01 -1.133148e+01  2.000000e+00
    endloop
  endfacet
  facet normal  0.000000e+00  0.000000e+00  1.000000e+00
    outer loop
      vertex -1.450000e+01 -1.265000e+01  2.000000e+00
      vertex -1.377681e+01 -1.133148e+01  2.000000e+00
      vertex -1.425713e+01 -1.125909e+01  2.000000e+00
    endloop
  endfacet
  facet normal  0.000000e+00  0.000000e+00  1.000000e+00
    outer loop
      vertex -1.450000e+01 -1.635000e+01  2.000000e+00
      vertex -1.486092e+01 -1.631445e+01  2.000000e+00
      vertex -1.718528e+01 -1.633079e+01  2.000000e+00
    endloop
  endfacet
  facet normal  0.000000e+00  0.000000e+00  1.000000e+00
    outer loop
      vertex -1.450000e+01 -1.635000e+01  2.000000e+00
      vertex -1.718528e+01 -1.633079e+01  2.000000e+00
      vertex -1.688242e+01 -1.671056e+01  2.000000e+00
    endloop
  endfacet
  facet normal  -0.000000e+00  0.000000e+00  1.000000e+00
    outer loop
      vertex -1.450000e+01 -1.635000e+01  2.000000e+00
      vertex -1.688242e+01 -1.671056e+01  2.000000e+00
      vertex -1.652634e+01 -1.704095e+01  2.000000e+00
    endloop
  endfacet
  facet normal  -0.000000e+00  0.000000e+00  1.000000e+00
    outer loop
      vertex -1.450000e+01 -1.635000e+01  2.000000e+00
      vertex -1.652634e+01 -1.704095e+01  2.000000e+00
      vertex -1.612500e+01 -1.731458e+01  2.000000e+00
    endloop
  endfacet
  facet normal  -0.000000e+00  0.000000e+00  9.999999e-01
    outer loop
      vertex -1.450000e+01 -1.635000e+01  2.000000e+00
      vertex -1.612500e+01 -1.731458e+01  2.000000e+00
      vertex -1.568736e+01 -1.752534e+01  2.000000e+00
    endloop
  endfacet
  facet normal  -0.000000e+00  0.000000e+00  1.000000e+00
    outer loop
      vertex -1.450000e+01 -1.635000e+01  2.000000e+00
      vertex -1.568736e+01 -1.752534e+01  2.000000e+00
      vertex -1.522319e+01 -1.766852e+01  2.000000e+00
    endloop
  endfacet
  facet normal  -0.000000e+00  0.000000e+00  9.999999e-01
    outer loop
      vertex -1.450000e+01 -1.635000e+01  2.000000e+00
      vertex -1.522319e+01 -1.766852e+01  2.000000e+00
      vertex -1.474287e+01 -1.774091e+01  2.000000e+00
    endloop
  endfacet
  facet normal  0.000000e+00  0.000000e+00  1.000000e+00
    outer loop
      vertex -1.450000e+01 -1.635000e+01  2.000000e+00
      vertex -1.474287e+01 -1.774091e+01  2.000000e+00
      vertex -1.425713e+01 -1.774091e+01  2.000000e+00
    endloop
  endfacet
  facet normal  0.000000e+00  -0.000000e+00  9.999999e-01
    outer loop
      vertex -1.450000e+01 -1.635000e+01  2.000000e+00
      vertex -1.425713e+01 -1.774091e+01  2.000000e+00
      vertex -1.377681e+01 -1.766852e+01  2.000000e+00
    endloop
  endfacet
  facet normal  0.000000e+00  -0.000000e+00  1.000000e+00
    outer loop
      vertex -1.450000e+01 -1.635000e+01  2.000000e+00
      vertex -1.377681e+01 -1.766852e+01  2.000000e+00
      vertex -1.331264e+01 -1.752534e+01  2.000000e+00
    endloop
  endfacet
  facet normal  0.000000e+00  -0.000000e+00  9.999999e-01
    outer loop
      vertex -1.450000e+01 -1.635000e+01  2.000000e+00
      vertex -1.331264e+01 -1.752534e+01  2.000000e+00
      vertex -1.287500e+01 -1.731458e+01  2.000000e+00
    endloop
  endfacet
  facet normal  0.000000e+00  -0.000000e+00  1.000000e+00
    outer loop
      vertex -1.450000e+01 -1.635000e+01  2.000000e+00
      vertex -1.287500e+01 -1.731458e+01  2.000000e+00
      vertex -1.247366e+01 -1.704095e+01  2.000000e+00
    endloop
  endfacet
  facet normal  0.000000e+00  -0.000000e+00  9.999999e-01
    outer loop
      vertex -1.450000e+01 -1.635000e+01  2.000000e+00
      vertex -1.247366e+01 -1.704095e+01  2.000000e+00
      vertex -1.211758e+01 -1.671056e+01  2.000000e+00
    endloop
  endfacet
  facet normal  0.000000e+00  -0.000000e+00  1.000000e+00
    outer loop
      vertex -1.450000e+01 -1.635000e+01  2.000000e+00
      vertex -1.211758e+01 -1.671056e+01  2.000000e+00
      vertex -1.181472e+01 -1.633079e+01  2.000000e+00
    endloop
  endfacet
  facet normal  0.000000e+00  0.000000e+00  1.000000e+00
    outer loop
      vertex -1.450000e+01 -1.635000e+01  2.000000e+00
      vertex -1.181472e+01 -1.633079e+01  2.000000e+00
      vertex -1.413908e+01 -1.631445e+01  2.000000e+00
    endloop
  endfacet
  facet normal  0.000000e+00  -0.000000e+00  1.000000e+00
    outer loop
      vertex -1.742815e+01 -1.591012e+01  2.000000e+00
      vertex -1.718528e+01 -1.633079e+01  2.000000e+00
      vertex -1.486092e+01 -1.631445e+01  2.000000e+00
    endloop
  endfacet
  facet normal  0.000000e+00  0.000000e+00  1.000000e+00
    outer loop
      vertex -1.742815e+01 -1.591012e+01  2.000000e+00
      vertex -1.486092e+01 -1.631445e+01  2.000000e+00
      vertex -1.520796e+01 -1.620918e+01  2.000000e+00
    endloop
  endfacet
  facet normal  0.000000e+00  0.000000e+00  1.000000e+00
    outer loop
      vertex -1.742815e+01 -1.591012e+01  2.000000e+00
      vertex -1.520796e+01 -1.620918e+01  2.000000e+00
      vertex -1.552781e+01 -1.603822e+01  2.000000e+00
    endloop
  endfacet
  facet normal  0.000000e+00  0.000000e+00  1.000000e+00
    outer loop
      vertex -1.742815e+01 -1.591012e+01  2.000000e+00
      vertex -1.552781e+01 -1.603822e+01  2.000000e+00
      vertex -1.580815e+01 -1.580815e+01  2.000000e+00
    endloop
  endfacet
  facet normal  0.000000e+00  0.000000e+00  9.999999e-01
    outer loop
      vertex -1.742815e+01 -1.591012e+01  2.000000e+00
      vertex -1.580815e+01 -1.580815e+01  2.000000e+00
      vertex -1.603822e+01 -1.552781e+01  2.000000e+00
    endloop
  endfacet
  facet normal  0.000000e+00  0.000000e+00  1.000000e+00
    outer loop
      vertex -1.742815e+01 -1.591012e+01  2.000000e+00
      vertex -1.603822e+01 -1.552781e+01  2.000000e+00
      vertex -1.760561e+01 -1.545795e+01  2.000000e+00
    endloop
  endfacet
  facet normal  -0.000000e+00  0.000000e+00  1.000000e+00
    outer loop
      vertex -1.631445e+01 -1.486092e+01  2.000000e+00
      vertex -1.771370e+01 -1.498439e+01  2.000000e+00
      vertex -1.620918e+01 -1.520796e+01  2.000000e+00
    endloop
  endfacet
  facet normal  0.000000e+00  0.000000e+00  1.000000e+00
    outer loop
      vertex -1.620918e+01 -1.520796e+01  2.000000e+00
      vertex -1.771370e+01 -1.498439e+01  2.000000e+00
      vertex -1.760561e+01 -1.545795e+01  2.000000e+00
    endloop
  endfacet
  facet normal  -0.000000e+00  0.000000e+00  9.999999e-01
    outer loop
      vertex -1.620918e+01 -1.520796e+01  2.000000e+00
      vertex -1.760561e+01 -1.545795e+01  2.000000e+00
      vertex -1.603822e+01 -1.552781e+01  2.000000e+00
    endloop
  endfacet
  facet normal  -0.000000e+00  0.000000e+00  9.999999e-01
    outer loop
      vertex -1.603822e+01 -1.347219e+01  2.000000e+00
      vertex -1.760561e+01 -1.354205e+01  2.000000e+00
      vertex -1.620918e+01 -1.379204e+01  2.000000e+00
    endloop
  endfacet
  facet normal  0.000000e+00  0.000000e+00  1.000000e+00
    outer loop
      vertex -1.620918e+01 -1.379204e+01  2.000000e+00
      vertex -1.760561e+01 -1.354205e+01  2.000000e+00
      vertex -1.771370e+01 -1.401561e+01  2.000000e+00
    endloop
  endfacet
  facet normal  -0.000000e+00  0.000000e+00  1.000000e+00
    outer loop
      vertex -1.620918e+01 -1.379204e+01  2.000000e+00
      vertex -1.771370e+01 -1.401561e+01  2.000000e+00
      vertex -1.631445e+01 -1.413908e+01  2.000000e+00
    endloop
  endfacet
  facet normal  0.000000e+00  0.000000e+00  1.000000e+00
    outer loop
      vertex -1.631445e+01 -1.413908e+01  2.000000e+00
      vertex -1.771370e+01 -1.401561e+01  2.000000e+00
      vertex -1.775000e+01 -1.450000e+01  2.000000e+00
    endloop
  endfacet
  facet normal  0.000000e+00  0.000000e+00  1.000000e+00
    outer loop
      vertex -1.631445e+01 -1.413908e+01  2.000000e+00
      vertex -1.775000e+01 -1.450000e+01  2.000000e+00
      vertex -1.635000e+01 -1.450000e+01  2.000000e+00
    endloop
  endfacet
  facet normal  0.000000e+00  0.000000e+00  1.000000e+00
    outer loop
      vertex -1.635000e+01 -1.450000e+01  2.000000e+00
      vertex -1.775000e+01 -1.450000e+01  2.000000e+00
      vertex -1.771370e+01 -1.498439e+01  2.000000e+00
    endloop
  endfacet
  facet normal  0.000000e+00  0.000000e+00  1.000000e+00
    outer loop
      vertex -1.635000e+01 -1.450000e+01  2.000000e+00
      vertex -1.771370e+01 -1.498439e+01  2.000000e+00
      vertex -1.631445e+01 -1.486092e+01  2.000000e+00
    endloop
  endfacet
  facet normal  0.000000e+00  0.000000e+00  1.000000e+00
    outer loop
      vertex -1.520796e+01 -1.279082e+01  2.000000e+00
      vertex -1.718528e+01 -1.266921e+01  2.000000e+00
      vertex -1.552781e+01 -1.296178e+01  2.000000e+00
    endloop
  endfacet
  facet normal  0.000000e+00  0.000000e+00  1.000000e+00
    outer loop
      vertex -1.552781e+01 -1.296178e+01  2.000000e+00
      vertex -1.718528e+01 -1.266921e+01  2.000000e+00
      vertex -1.742815e+01 -1.308988e+01  2.000000e+00
    endloop
  endfacet
  facet normal  -0.000000e+00  0.000000e+00  1.000000e+00
    outer loop
      vertex -1.552781e+01 -1.296178e+01  2.000000e+00
      vertex -1.742815e+01 -1.308988e+01  2.000000e+00
      vertex -1.580815e+01 -1.319185e+01  2.000000e+00
    endloop
  endfacet
  facet normal  0.000000e+00  0.000000e+00  9.999999e-01
    outer loop
      vertex -1.580815e+01 -1.319185e+01  2.000000e+00
      vertex -1.742815e+01 -1.308988e+01  2.000000e+00
      vertex -1.760561e+01 -1.354205e+01  2.000000e+00
    endloop
  endfacet
  facet normal  0.000000e+00  0.000000e+00  9.999999e-01
    outer loop
      vertex -1.580815e+01 -1.319185e+01  2.000000e+00
      vertex -1.760561e+01 -1.354205e+01  2.000000e+00
      vertex -1.603822e+01 -1.347219e+01  2.000000e+00
    endloop
  endfacet
  facet normal  0.000000e+00  0.000000e+00  1.000000e+00
    outer loop
      vertex -1.347219e+01 -1.603822e+01  2.000000e+00
      vertex -1.379204e+01 -1.620918e+01  2.000000e+00
      vertex -1.157185e+01 -1.591012e+01  2.000000e+00
    endloop
  endfacet
  facet normal  0.000000e+00  0.000000e+00  1.000000e+00
    outer loop
      vertex -1.157185e+01 -1.591012e+01  2.000000e+00
      vertex -1.379204e+01 -1.620918e+01  2.000000e+00
      vertex -1.413908e+01 -1.631445e+01  2.000000e+00
    endloop
  endfacet
  facet normal  -0.000000e+00  0.000000e+00  9.999999e-01
    outer loop
      vertex -1.157185e+01 -1.591012e+01  2.000000e+00
      vertex -1.413908e+01 -1.631445e+01  2.000000e+00
      vertex -1.181472e+01 -1.633079e+01  2.000000e+00
    endloop
  endfacet
  facet normal  0.000000e+00  0.000000e+00  1.000000e+00
    outer loop
      vertex -1.268555e+01 -1.486092e+01  2.000000e+00
      vertex -1.279082e+01 -1.520796e+01  2.000000e+00
      vertex -1.128630e+01 -1.498439e+01  2.000000e+00
    endloop
  endfacet
  facet normal  0.000000e+00  0.000000e+00  1.000000e+00
    outer loop
      vertex -1.128630e+01 -1.498439e+01  2.000000e+00
      vertex -1.279082e+01 -1.520796e+01  2.000000e+00
      vertex -1.296178e+01 -1.552781e+01  2.000000e+00
    endloop
  endfacet
  facet normal  0.000000e+00  0.000000e+00  9.999999e-01
    outer loop
      vertex -1.128630e+01 -1.498439e+01  2.000000e+00
      vertex -1.296178e+01 -1.552781e+01  2.000000e+00
      vertex -1.139439e+01 -1.545795e+01  2.000000e+00
    endloop
  endfacet
  facet normal  0.000000e+00  0.000000e+00  9.999999e-01
    outer loop
      vertex -1.139439e+01 -1.545795e+01  2.000000e+00
      vertex -1.296178e+01 -1.552781e+01  2.000000e+00
      vertex -1.319185e+01 -1.580815e+01  2.000000e+00
    endloop
  endfacet
  facet normal  -0.000000e+00  0.000000e+00  1.000000e+00
    outer loop
      vertex -1.139439e+01 -1.545795e+01  2.000000e+00
      vertex -1.319185e+01 -1.580815e+01  2.000000e+00
      vertex -1.157185e+01 -1.591012e+01  2.000000e+00
    endloop
  endfacet
  facet normal  0.000000e+00  -0.000000e+00  9.999999e-01
    outer loop
      vertex -1.296178e+01 -1.347219e+01  2.000000e+00
      vertex -1.279082e+01 -1.379204e+01  2.000000e+00
      vertex -1.139439e+01 -1.354205e+01  2.000000e+00
    endloop
  endfacet
  facet normal  0.000000e+00  0.000000e+00  1.000000e+00
    outer loop
      vertex -1.139439e+01 -1.354205e+01  2.000000e+00
      vertex -1.279082e+01 -1.379204e+01  2.000000e+00
      vertex -1.268555e+01 -1.413908e+01  2.000000e+00
    endloop
  endfacet
  facet normal  0.000000e+00  0.000000e+00  1.000000e+00
    outer loop
      vertex -1.139439e+01 -1.354205e+01  2.000000e+00
      vertex -1.268555e+01 -1.413908e+01  2.000000e+00
      vertex -1.128630e+01 -1.401561e+01  2.000000e+00
    endloop
  endfacet
  facet normal  0.000000e+00  0.000000e+00  1.000000e+00
    outer loop
      vertex -1.128630e+01 -1.401561e+01  2.000000e+00
      vertex -1.268555e+01 -1.413908e+01  2.000000e+00
      vertex -1.265000e+01 -1.450000e+01  2.000000e+00
    endloop
  endfacet
  facet normal  0.000000e+00  0.000000e+00  1.000000e+00
    outer loop
      vertex -1.128630e+01 -1.401561e+01  2.000000e+00
      vertex -1.265000e+01 -1.450000e+01  2.000000e+00
      vertex -1.125000e+01 -1.450000e+01  2.000000e+00
    endloop
  endfacet
  facet normal  0.000000e+00  0.000000e+00  1.000000e+00
    outer loop
      vertex -1.125000e+01 -1.450000e+01  2.000000e+00
      vertex -1.265000e+01 -1.450000e+01  2.000000e+00
      vertex -1.268555e+01 -1.486092e+01  2.000000e+00
    endloop
  endfacet
  facet normal  -0.000000e+00  0.000000e+00  1.000000e+00
    outer loop
      vertex -1.125000e+01 -1.450000e+01  2.000000e+00
      vertex -1.268555e+01 -1.486092e+01  2.000000e+00
      vertex -1.128630e+01 -1.498439e+01  2.000000e+00
    endloop
  endfacet
  facet normal  0.000000e+00  -0.000000e+00  1.000000e+00
    outer loop
      vertex -1.379204e+01 -1.279082e+01  2.000000e+00
      vertex -1.347219e+01 -1.296178e+01  2.000000e+00
      vertex -1.181472e+01 -1.266921e+01  2.000000e+00
    endloop
  endfacet
  facet normal  0.000000e+00  0.000000e+00  1.000000e+00
    outer loop
      vertex -1.181472e+01 -1.266921e+01  2.000000e+00
      vertex -1.347219e+01 -1.296178e+01  2.000000e+00
      vertex -1.319185e+01 -1.319185e+01  2.000000e+00
    endloop
  endfacet
  facet normal  0.000000e+00  0.000000e+00  1.000000e+00
    outer loop
      vertex -1.181472e+01 -1.266921e+01  2.000000e+00
      vertex -1.319185e+01 -1.319185e+01  2.000000e+00
      vertex -1.157185e+01 -1.308988e+01  2.000000e+00
    endloop
  endfacet
  facet normal  0.000000e+00  0.000000e+00  1.000000e+00
    outer loop
      vertex -1.157185e+01 -1.308988e+01  2.000000e+00
      vertex -1.319185e+01 -1.319185e+01  2.000000e+00
      vertex -1.296178e+01 -1.347219e+01  2.000000e+00
    endloop
  endfacet
  facet normal  -0.000000e+00  0.000000e+00  9.999999e-01
    outer loop
      vertex -1.157185e+01 -1.308988e+01  2.000000e+00
      vertex -1.296178e+01 -1.347219e+01  2.000000e+00
      vertex -1.139439e+01 -1.354205e+01  2.000000e+00
    endloop
  endfacet
  facet normal  9.801721e-02  9.951847e-01  -0.000000e+00
    outer loop
      vertex -1.450000e+01  1.265000e+01  2.000000e+00
      vertex -1.486092e+01  1.268555e+01  0.000000e+00
      vertex -1.486092e+01  1.268555e+01  2.000000e+00
    endloop
  endfacet
  facet normal  2.902862e-01  9.569399e-01  0.000000e+00
    outer loop
      vertex -1.486092e+01  1.268555e+01  2.000000e+00
      vertex -1.486092e+01  1.268555e+01  0.000000e+00
      vertex -1.520796e+01  1.279082e+01  0.000000e+00
    endloop
  endfacet
  facet normal  2.902862e-01  9.569399e-01  -0.000000e+00
    outer loop
      vertex -1.486092e+01  1.268555e+01  2.000000e+00
      vertex -1.520796e+01  1.279082e+01  0.000000e+00
      vertex -1.520796e+01  1.279082e+01  2.000000e+00
    endloop
  endfacet
  facet normal  4.713962e-01  8.819216e-01  0.000000e+00
    outer loop
      vertex -1.520796e+01  1.279082e+01  2.000000e+00
      vertex -1.520796e+01  1.279082e+01  0.000000e+00
      vertex -1.552781e+01  1.296178e+01  0.000000e+00
    endloop
  endfacet
  facet normal  4.713962e-01  8.819216e-01  -0.000000e+00
    outer loop
      vertex -1.520796e+01  1.279082e+01  2.000000e+00
      vertex -1.552781e+01  1.296178e+01  0.000000e+00
      vertex -1.552781e+01  1.296178e+01  2.000000e+00
    endloop
  endfacet
  facet normal  6.343937e-01  7.730101e-01  0.000000e+00
    outer loop
      vertex -1.552781e+01  1.296178e+01  2.000000e+00
      vertex -1.552781e+01  1.296178e+01  0.000000e+00
      vertex -1.580815e+01  1.319185e+01  0.000000e+00
    endloop
  endfacet
  facet normal  6.343937e-01  7.730101e-01  -0.000000e+00
    outer loop
      vertex -1.552781e+01  1.296178e+01  2.000000e+00
      vertex -1.580815e+01  1.319185e+01  0.000000e+00
      vertex -1.580815e+01  1.319185e+01  2.000000e+00
    endloop
  endfacet
  facet normal  7.730088e-01  6.343952e-01  0.000000e+00
    outer loop
      vertex -1.580815e+01  1.319185e+01  2.000000e+00
      vertex -1.580815e+01  1.319185e+01  0.000000e+00
      vertex -1.603822e+01  1.347219e+01  0.000000e+00
    endloop
  endfacet
  facet normal  7.730088e-01  6.343952e-01  -0.000000e+00
    outer loop
      vertex -1.580815e+01  1.319185e+01  2.000000e+00
      vertex -1.603822e+01  1.347219e+01  0.000000e+00
      vertex -1.603822e+01  1.347219e+01  2.000000e+00
    endloop
  endfacet
  facet normal  8.819227e-01  4.713941e-01  0.000000e+00
    outer loop
      vertex -1.603822e+01  1.347219e+01  2.000000e+00
      vertex -1.603822e+01  1.347219e+01  0.000000e+00
      vertex -1.620918e+01  1.379204e+01  0.000000e+00
    endloop
  endfacet
  facet normal  8.819227e-01  4.713941e-01  -0.000000e+00
    outer loop
      vertex -1.603822e+01  1.347219e+01  2.000000e+00
      vertex -1.620918e+01  1.379204e+01  0.000000e+00
      vertex -1.620918e+01  1.379204e+01  2.000000e+00
    endloop
  endfacet
  facet normal  9.569399e-01  2.902862e-01  0.000000e+00
    outer loop
      vertex -1.620918e+01  1.379204e+01  2.000000e+00
      vertex -1.620918e+01  1.379204e+01  0.000000e+00
      vertex -1.631445e+01  1.413908e+01  0.000000e+00
    endloop
  endfacet
  facet normal  9.569399e-01  2.902862e-01  -0.000000e+00
    outer loop
      vertex -1.620918e+01  1.379204e+01  2.000000e+00
      vertex -1.631445e+01  1.413908e+01  0.000000e+00
      vertex -1.631445e+01  1.413908e+01  2.000000e+00
    endloop
  endfacet
  facet normal  9.951847e-01  9.801721e-02  0.000000e+00
    outer loop
      vertex -1.631445e+01  1.413908e+01  2.000000e+00
      vertex -1.631445e+01  1.413908e+01  0.000000e+00
      vertex -1.635000e+01  1.450000e+01 -8.881784e-16
    endloop
  endfacet
  facet normal  9.951847e-01  9.801721e-02  -0.000000e+00
    outer loop
      vertex -1.631445e+01  1.413908e+01  2.000000e+00
      vertex -1.635000e+01  1.450000e+01 -8.881784e-16
      vertex -1.635000e+01  1.450000e+01  2.000000e+00
    endloop
  endfacet
  facet normal  9.801721e-02  9.951847e-01  0.000000e+00
    outer loop
      vertex -1.486092e+01  1.268555e+01  0.000000e+00
      vertex -1.450000e+01  1.265000e+01  2.000000e+00
      vertex -1.450000e+01  1.265000e+01  0.000000e+00
    endloop
  endfacet
  facet normal -9.801721e-02  9.951847e-01  0.000000e+00
    outer loop
      vertex -1.450000e+01  1.265000e+01  0.000000e+00
      vertex -1.450000e+01  1.265000e+01  2.000000e+00
      vertex -1.413908e+01  1.268555e+01  2.000000e+00
    endloop
  endfacet
  facet normal -9.801721e-02  9.951847e-01  0.000000e+00
    outer loop
      vertex -1.450000e+01  1.265000e+01  0.000000e+00
      vertex -1.413908e+01  1.268555e+01  2.000000e+00
      vertex -1.413908e+01  1.268555e+01  0.000000e+00
    endloop
  endfacet
  facet normal -2.902862e-01  9.569399e-01  0.000000e+00
    outer loop
      vertex -1.413908e+01  1.268555e+01  0.000000e+00
      vertex -1.413908e+01  1.268555e+01  2.000000e+00
      vertex -1.379204e+01  1.279082e+01  2.000000e+00
    endloop
  endfacet
  facet normal -2.902862e-01  9.569399e-01  0.000000e+00
    outer loop
      vertex -1.413908e+01  1.268555e+01  0.000000e+00
      vertex -1.379204e+01  1.279082e+01  2.000000e+00
      vertex -1.379204e+01  1.279082e+01  0.000000e+00
    endloop
  endfacet
  facet normal -4.713962e-01  8.819216e-01  0.000000e+00
    outer loop
      vertex -1.379204e+01  1.279082e+01  0.000000e+00
      vertex -1.379204e+01  1.279082e+01  2.000000e+00
      vertex -1.347219e+01  1.296178e+01  2.000000e+00
    endloop
  endfacet
  facet normal -4.713962e-01  8.819216e-01  0.000000e+00
    outer loop
      vertex -1.379204e+01  1.279082e+01  0.000000e+00
      vertex -1.347219e+01  1.296178e+01  2.000000e+00
      vertex -1.347219e+01  1.296178e+01  0.000000e+00
    endloop
  endfacet
  facet normal -6.343937e-01  7.730101e-01  0.000000e+00
    outer loop
      vertex -1.347219e+01  1.296178e+01  0.000000e+00
      vertex -1.347219e+01  1.296178e+01  2.000000e+00
      vertex -1.319185e+01  1.319185e+01  2.000000e+00
    endloop
  endfacet
  facet normal -6.343937e-01  7.730101e-01  0.000000e+00
    outer loop
      vertex -1.347219e+01  1.296178e+01  0.000000e+00
      vertex -1.319185e+01  1.319185e+01  2.000000e+00
      vertex -1.319185e+01  1.319185e+01  0.000000e+00
    endloop
  endfacet
  facet normal -7.730101e-01  6.343937e-01  0.000000e+00
    outer loop
      vertex -1.319185e+01  1.319185e+01  0.000000e+00
      vertex -1.319185e+01  1.319185e+01  2.000000e+00
      vertex -1.296178e+01  1.347219e+01  2.000000e+00
    endloop
  endfacet
  facet normal -7.730101e-01  6.343937e-01  0.000000e+00
    outer loop
      vertex -1.319185e+01  1.319185e+01  0.000000e+00
      vertex -1.296178e+01  1.347219e+01  2.000000e+00
      vertex -1.296178e+01  1.347219e+01  0.000000e+00
    endloop
  endfacet
  facet normal -8.819216e-01  4.713962e-01  0.000000e+00
    outer loop
      vertex -1.296178e+01  1.347219e+01  0.000000e+00
      vertex -1.296178e+01  1.347219e+01  2.000000e+00
      vertex -1.279082e+01  1.379204e+01  2.000000e+00
    endloop
  endfacet
  facet normal -8.819216e-01  4.713962e-01  0.000000e+00
    outer loop
      vertex -1.296178e+01  1.347219e+01  0.000000e+00
      vertex -1.279082e+01  1.379204e+01  2.000000e+00
      vertex -1.279082e+01  1.379204e+01  0.000000e+00
    endloop
  endfacet
  facet normal -9.569399e-01  2.902862e-01  0.000000e+00
    outer loop
      vertex -1.279082e+01  1.379204e+01  0.000000e+00
      vertex -1.279082e+01  1.379204e+01  2.000000e+00
      vertex -1.268555e+01  1.413908e+01  2.000000e+00
    endloop
  endfacet
  facet normal -9.569399e-01  2.902862e-01  0.000000e+00
    outer loop
      vertex -1.279082e+01  1.379204e+01  0.000000e+00
      vertex -1.268555e+01  1.413908e+01  2.000000e+00
      vertex -1.268555e+01  1.413908e+01  0.000000e+00
    endloop
  endfacet
  facet normal -9.951847e-01  9.801721e-02  0.000000e+00
    outer loop
      vertex -1.268555e+01  1.413908e+01  0.000000e+00
      vertex -1.268555e+01  1.413908e+01  2.000000e+00
      vertex -1.265000e+01  1.450000e+01  2.000000e+00
    endloop
  endfacet
  facet normal -9.951847e-01  9.801721e-02  0.000000e+00
    outer loop
      vertex -1.268555e+01  1.413908e+01  0.000000e+00
      vertex -1.265000e+01  1.450000e+01  2.000000e+00
      vertex -1.265000e+01  1.450000e+01  0.000000e+00
    endloop
  endfacet
  facet normal -9.801721e-02 -9.951847e-01  0.000000e+00
    outer loop
      vertex -1.450000e+01  1.635000e+01  2.000000e+00
      vertex -1.413908e+01  1.631445e+01  0.000000e+00
      vertex -1.413908e+01  1.631445e+01  2.000000e+00
    endloop
  endfacet
  facet normal -2.902862e-01 -9.569399e-01  -0.000000e+00
    outer loop
      vertex -1.413908e+01  1.631445e+01  2.000000e+00
      vertex -1.413908e+01  1.631445e+01  0.000000e+00
      vertex -1.379204e+01  1.620918e+01  0.000000e+00
    endloop
  endfacet
  facet normal -2.902862e-01 -9.569399e-01  0.000000e+00
    outer loop
      vertex -1.413908e+01  1.631445e+01  2.000000e+00
      vertex -1.379204e+01  1.620918e+01  0.000000e+00
      vertex -1.379204e+01  1.620918e+01  2.000000e+00
    endloop
  endfacet
  facet normal -4.713941e-01 -8.819227e-01  -0.000000e+00
    outer loop
      vertex -1.379204e+01  1.620918e+01  2.000000e+00
      vertex -1.379204e+01  1.620918e+01  0.000000e+00
      vertex -1.347219e+01  1.603822e+01  0.000000e+00
    endloop
  endfacet
  facet normal -4.713941e-01 -8.819227e-01  0.000000e+00
    outer loop
      vertex -1.379204e+01  1.620918e+01  2.000000e+00
      vertex -1.347219e+01  1.603822e+01  0.000000e+00
      vertex -1.347219e+01  1.603822e+01  2.000000e+00
    endloop
  endfacet
  facet normal -6.343952e-01 -7.730088e-01  -0.000000e+00
    outer loop
      vertex -1.347219e+01  1.603822e+01  2.000000e+00
      vertex -1.347219e+01  1.603822e+01  0.000000e+00
      vertex -1.319185e+01  1.580815e+01  0.000000e+00
    endloop
  endfacet
  facet normal -6.343952e-01 -7.730088e-01  0.000000e+00
    outer loop
      vertex -1.347219e+01  1.603822e+01  2.000000e+00
      vertex -1.319185e+01  1.580815e+01  0.000000e+00
      vertex -1.319185e+01  1.580815e+01  2.000000e+00
    endloop
  endfacet
  facet normal -7.730101e-01 -6.343937e-01  -0.000000e+00
    outer loop
      vertex -1.319185e+01  1.580815e+01  2.000000e+00
      vertex -1.319185e+01  1.580815e+01  0.000000e+00
      vertex -1.296178e+01  1.552781e+01  0.000000e+00
    endloop
  endfacet
  facet normal -7.730101e-01 -6.343937e-01  0.000000e+00
    outer loop
      vertex -1.319185e+01  1.580815e+01  2.000000e+00
      vertex -1.296178e+01  1.552781e+01  0.000000e+00
      vertex -1.296178e+01  1.552781e+01  2.000000e+00
    endloop
  endfacet
  facet normal -8.819216e-01 -4.713962e-01  -0.000000e+00
    outer loop
      vertex -1.296178e+01  1.552781e+01  2.000000e+00
      vertex -1.296178e+01  1.552781e+01  0.000000e+00
      vertex -1.279082e+01  1.520796e+01  0.000000e+00
    endloop
  endfacet
  facet normal -8.819216e-01 -4.713962e-01  0.000000e+00
    outer loop
      vertex -1.296178e+01  1.552781e+01  2.000000e+00
      vertex -1.279082e+01  1.520796e+01  0.000000e+00
      vertex -1.279082e+01  1.520796e+01  2.000000e+00
    endloop
  endfacet
  facet normal -9.569399e-01 -2.902862e-01  -0.000000e+00
    outer loop
      vertex -1.279082e+01  1.520796e+01  2.000000e+00
      vertex -1.279082e+01  1.520796e+01  0.000000e+00
      vertex -1.268555e+01  1.486092e+01  0.000000e+00
    endloop
  endfacet
  facet normal -9.569399e-01 -2.902862e-01  0.000000e+00
    outer loop
      vertex -1.279082e+01  1.520796e+01  2.000000e+00
      vertex -1.268555e+01  1.486092e+01  0.000000e+00
      vertex -1.268555e+01  1.486092e+01  2.000000e+00
    endloop
  endfacet
  facet normal -9.951847e-01 -9.801721e-02  -0.000000e+00
    outer loop
      vertex -1.268555e+01  1.486092e+01  2.000000e+00
      vertex -1.268555e+01  1.486092e+01  0.000000e+00
      vertex -1.265000e+01  1.450000e+01  0.000000e+00
    endloop
  endfacet
  facet normal -9.951847e-01 -9.801721e-02  0.000000e+00
    outer loop
      vertex -1.268555e+01  1.486092e+01  2.000000e+00
      vertex -1.265000e+01  1.450000e+01  0.000000e+00
      vertex -1.265000e+01  1.450000e+01  2.000000e+00
    endloop
  endfacet
  facet normal -9.801721e-02 -9.951847e-01  -0.000000e+00
    outer loop
      vertex -1.413908e+01  1.631445e+01  0.000000e+00
      vertex -1.450000e+01  1.635000e+01  2.000000e+00
      vertex -1.450000e+01  1.635000e+01  0.000000e+00
    endloop
  endfacet
  facet normal  9.801721e-02 -9.951847e-01  0.000000e+00
    outer loop
      vertex -1.450000e+01  1.635000e+01  0.000000e+00
      vertex -1.450000e+01  1.635000e+01  2.000000e+00
      vertex -1.486092e+01  1.631445e+01  2.000000e+00
    endloop
  endfacet
  facet normal  9.801721e-02 -9.951847e-01  0.000000e+00
    outer loop
      vertex -1.450000e+01  1.635000e+01  0.000000e+00
      vertex -1.486092e+01  1.631445e+01  2.000000e+00
      vertex -1.486092e+01  1.631445e+01  0.000000e+00
    endloop
  endfacet
  facet normal  2.902862e-01 -9.569399e-01  0.000000e+00
    outer loop
      vertex -1.486092e+01  1.631445e+01  0.000000e+00
      vertex -1.486092e+01  1.631445e+01  2.000000e+00
      vertex -1.520796e+01  1.620918e+01  2.000000e+00
    endloop
  endfacet
  facet normal  2.902862e-01 -9.569399e-01  0.000000e+00
    outer loop
      vertex -1.486092e+01  1.631445e+01  0.000000e+00
      vertex -1.520796e+01  1.620918e+01  2.000000e+00
      vertex -1.520796e+01  1.620918e+01  0.000000e+00
    endloop
  endfacet
  facet normal  4.713941e-01 -8.819227e-01  0.000000e+00
    outer loop
      vertex -1.520796e+01  1.620918e+01  0.000000e+00
      vertex -1.520796e+01  1.620918e+01  2.000000e+00
      vertex -1.552781e+01  1.603822e+01  2.000000e+00
    endloop
  endfacet
  facet normal  4.713941e-01 -8.819227e-01  0.000000e+00
    outer loop
      vertex -1.520796e+01  1.620918e+01  0.000000e+00
      vertex -1.552781e+01  1.603822e+01  2.000000e+00
      vertex -1.552781e+01  1.603822e+01  0.000000e+00
    endloop
  endfacet
  facet normal  6.343952e-01 -7.730088e-01  0.000000e+00
    outer loop
      vertex -1.552781e+01  1.603822e+01  0.000000e+00
      vertex -1.552781e+01  1.603822e+01  2.000000e+00
      vertex -1.580815e+01  1.580815e+01  2.000000e+00
    endloop
  endfacet
  facet normal  6.343952e-01 -7.730088e-01  0.000000e+00
    outer loop
      vertex -1.552781e+01  1.603822e+01  0.000000e+00
      vertex -1.580815e+01  1.580815e+01  2.000000e+00
      vertex -1.580815e+01  1.580815e+01  0.000000e+00
    endloop
  endfacet
  facet normal  7.730088e-01 -6.343952e-01  0.000000e+00
    outer loop
      vertex -1.580815e+01  1.580815e+01  0.000000e+00
      vertex -1.580815e+01  1.580815e+01  2.000000e+00
      vertex -1.603822e+01  1.552781e+01  2.000000e+00
    endloop
  endfacet
  facet normal  7.730088e-01 -6.343952e-01  0.000000e+00
    outer loop
      vertex -1.580815e+01  1.580815e+01  0.000000e+00
      vertex -1.603822e+01  1.552781e+01  2.000000e+00
      vertex -1.603822e+01  1.552781e+01  0.000000e+00
    endloop
  endfacet
  facet normal  8.819227e-01 -4.713941e-01  0.000000e+00
    outer loop
      vertex -1.603822e+01  1.552781e+01  0.000000e+00
      vertex -1.603822e+01  1.552781e+01  2.000000e+00
      vertex -1.620918e+01  1.520796e+01  2.000000e+00
    endloop
  endfacet
  facet normal  8.819227e-01 -4.713941e-01  0.000000e+00
    outer loop
      vertex -1.603822e+01  1.552781e+01  0.000000e+00
      vertex -1.620918e+01  1.520796e+01  2.000000e+00
      vertex -1.620918e+01  1.520796e+01  0.000000e+00
    endloop
  endfacet
  facet normal  9.569399e-01 -2.902862e-01  0.000000e+00
    outer loop
      vertex -1.620918e+01  1.520796e+01  0.000000e+00
      vertex -1.620918e+01  1.520796e+01  2.000000e+00
      vertex -1.631445e+01  1.486092e+01  2.000000e+00
    endloop
  endfacet
  facet normal  9.569399e-01 -2.902862e-01  0.000000e+00
    outer loop
      vertex -1.620918e+01  1.520796e+01  0.000000e+00
      vertex -1.631445e+01  1.486092e+01  2.000000e+00
      vertex -1.631445e+01  1.486092e+01  0.000000e+00
    endloop
  endfacet
  facet normal  9.951847e-01 -9.801721e-02  0.000000e+00
    outer loop
      vertex -1.631445e+01  1.486092e+01  0.000000e+00
      vertex -1.631445e+01  1.486092e+01  2.000000e+00
      vertex -1.635000e+01  1.450000e+01  2.000000e+00
    endloop
  endfacet
  facet normal  9.951847e-01 -9.801721e-02  0.000000e+00
    outer loop
      vertex -1.631445e+01  1.486092e+01  0.000000e+00
      vertex -1.635000e+01  1.450000e+01  2.000000e+00
      vertex -1.635000e+01  1.450000e+01 -8.881784e-16
    endloop
  endfacet
  facet normal  1.490417e-01  9.888310e-01  -0.000000e+00
    outer loop
      vertex -1.474287e+01  1.125909e+01  5.000000e+00
      vertex -1.522319e+01  1.133148e+01  2.000000e+00
      vertex -1.522319e+01  1.133148e+01  5.000000e+00
    endloop
  endfacet
  facet normal  2.947556e-01  9.555726e-01  0.000000e+00
    outer loop
      vertex -1.522319e+01  1.133148e+01  5.000000e+00
      vertex -1.522319e+01  1.133148e+01  2.000000e+00
      vertex -1.568736e+01  1.147466e+01  2.000000e+00
    endloop
  endfacet
  facet normal  2.947556e-01  9.555726e-01  -0.000000e+00
    outer loop
      vertex -1.522319e+01  1.133148e+01  5.000000e+00
      vertex -1.568736e+01  1.147466e+01  2.000000e+00
      vertex -1.568736e+01  1.147466e+01  5.000000e+00
    endloop
  endfacet
  facet normal  4.338836e-01  9.009688e-01  0.000000e+00
    outer loop
      vertex -1.568736e+01  1.147466e+01  5.000000e+00
      vertex -1.568736e+01  1.147466e+01  2.000000e+00
      vertex -1.612500e+01  1.168542e+01  2.000000e+00
    endloop
  endfacet
  facet normal  4.338836e-01  9.009688e-01  -0.000000e+00
    outer loop
      vertex -1.568736e+01  1.147466e+01  5.000000e+00
      vertex -1.612500e+01  1.168542e+01  2.000000e+00
      vertex -1.612500e+01  1.168542e+01  5.000000e+00
    endloop
  endfacet
  facet normal  5.633194e-01  8.262392e-01  0.000000e+00
    outer loop
      vertex -1.612500e+01  1.168542e+01  5.000000e+00
      vertex -1.612500e+01  1.168542e+01  2.000000e+00
      vertex -1.652634e+01  1.195905e+01  2.000000e+00
    endloop
  endfacet
  facet normal  5.633194e-01  8.262392e-01  -0.000000e+00
    outer loop
      vertex -1.612500e+01  1.168542e+01  5.000000e+00
      vertex -1.652634e+01  1.195905e+01  2.000000e+00
      vertex -1.652634e+01  1.195905e+01  5.000000e+00
    endloop
  endfacet
  facet normal  6.801742e-01  7.330505e-01  0.000000e+00
    outer loop
      vertex -1.652634e+01  1.195905e+01  5.000000e+00
      vertex -1.652634e+01  1.195905e+01  2.000000e+00
      vertex -1.688242e+01  1.228944e+01  2.000000e+00
    endloop
  endfacet
  facet normal  6.801742e-01  7.330505e-01  -0.000000e+00
    outer loop
      vertex -1.652634e+01  1.195905e+01  5.000000e+00
      vertex -1.688242e+01  1.228944e+01  2.000000e+00
      vertex -1.688242e+01  1.228944e+01  5.000000e+00
    endloop
  endfacet
  facet normal  7.818305e-01  6.234909e-01  0.000000e+00
    outer loop
      vertex -1.688242e+01  1.228944e+01  5.000000e+00
      vertex -1.688242e+01  1.228944e+01  2.000000e+00
      vertex -1.718528e+01  1.266921e+01  2.000000e+00
    endloop
  endfacet
  facet normal  7.818305e-01  6.234909e-01  -0.000000e+00
    outer loop
      vertex -1.688242e+01  1.228944e+01  5.000000e+00
      vertex -1.718528e+01  1.266921e+01  2.000000e+00
      vertex -1.718528e+01  1.266921e+01  5.000000e+00
    endloop
  endfacet
  facet normal  8.660262e-01  4.999987e-01  0.000000e+00
    outer loop
      vertex -1.718528e+01  1.266921e+01  5.000000e+00
      vertex -1.718528e+01  1.266921e+01  2.000000e+00
      vertex -1.742815e+01  1.308988e+01  2.000000e+00
    endloop
  endfacet
  facet normal  8.660262e-01  4.999987e-01  -0.000000e+00
    outer loop
      vertex -1.718528e+01  1.266921e+01  5.000000e+00
      vertex -1.742815e+01  1.308988e+01  2.000000e+00
      vertex -1.742815e+01  1.308988e+01  5.000000e+00
    endloop
  endfacet
  facet normal  9.308732e-01  3.653426e-01  0.000000e+00
    outer loop
      vertex -1.742815e+01  1.308988e+01  5.000000e+00
      vertex -1.742815e+01  1.308988e+01  2.000000e+00
      vertex -1.760561e+01  1.354205e+01  2.000000e+00
    endloop
  endfacet
  facet normal  9.308732e-01  3.653426e-01  -0.000000e+00
    outer loop
      vertex -1.742815e+01  1.308988e+01  5.000000e+00
      vertex -1.760561e+01  1.354205e+01  2.000000e+00
      vertex -1.760561e+01  1.354205e+01  5.000000e+00
    endloop
  endfacet
  facet normal  9.749283e-01  2.225189e-01  0.000000e+00
    outer loop
      vertex -1.760561e+01  1.354205e+01  5.000000e+00
      vertex -1.760561e+01  1.354205e+01  2.000000e+00
      vertex -1.771370e+01  1.401561e+01  2.000000e+00
    endloop
  endfacet
  facet normal  9.749283e-01  2.225189e-01  -0.000000e+00
    outer loop
      vertex -1.760561e+01  1.354205e+01  5.000000e+00
      vertex -1.771370e+01  1.401561e+01  2.000000e+00
      vertex -1.771370e+01  1.401561e+01  5.000000e+00
    endloop
  endfacet
  facet normal  9.972036e-01  7.473182e-02  0.000000e+00
    outer loop
      vertex -1.771370e+01  1.401561e+01  5.000000e+00
      vertex -1.771370e+01  1.401561e+01  2.000000e+00
      vertex -1.775000e+01  1.450000e+01  2.000000e+00
    endloop
  endfacet
  facet normal  9.972036e-01  7.473182e-02  -0.000000e+00
    outer loop
      vertex -1.771370e+01  1.401561e+01  5.000000e+00
      vertex -1.775000e+01  1.450000e+01  2.000000e+00
      vertex -1.775000e+01  1.450000e+01  5.000000e+00
    endloop
  endfacet
  facet normal  1.490417e-01  9.888310e-01  0.000000e+00
    outer loop
      vertex -1.522319e+01  1.133148e+01  2.000000e+00
      vertex -1.474287e+01  1.125909e+01  5.000000e+00
      vertex -1.474287e+01  1.125909e+01  2.000000e+00
    endloop
  endfacet
  facet normal  0.000000e+00  1.000000e+00  0.000000e+00
    outer loop
      vertex -1.474287e+01  1.125909e+01  2.000000e+00
      vertex -1.474287e+01  1.125909e+01  5.000000e+00
      vertex -1.425713e+01  1.125909e+01  5.000000e+00
    endloop
  endfacet
  facet normal  0.000000e+00  1.000000e+00  0.000000e+00
    outer loop
      vertex -1.474287e+01  1.125909e+01  2.000000e+00
      vertex -1.425713e+01  1.125909e+01  5.000000e+00
      vertex -1.425713e+01  1.125909e+01  2.000000e+00
    endloop
  endfacet
  facet normal -1.490417e-01  9.888310e-01  0.000000e+00
    outer loop
      vertex -1.425713e+01  1.125909e+01  2.000000e+00
      vertex -1.425713e+01  1.125909e+01  5.000000e+00
      vertex -1.377681e+01  1.133148e+01  5.000000e+00
    endloop
  endfacet
  facet normal -1.490417e-01  9.888310e-01  0.000000e+00
    outer loop
      vertex -1.425713e+01  1.125909e+01  2.000000e+00
      vertex -1.377681e+01  1.133148e+01  5.000000e+00
      vertex -1.377681e+01  1.133148e+01  2.000000e+00
    endloop
  endfacet
  facet normal -2.947556e-01  9.555726e-01  0.000000e+00
    outer loop
      vertex -1.377681e+01  1.133148e+01  2.000000e+00
      vertex -1.377681e+01  1.133148e+01  5.000000e+00
      vertex -1.331264e+01  1.147466e+01  5.000000e+00
    endloop
  endfacet
  facet normal -2.947556e-01  9.555726e-01  0.000000e+00
    outer loop
      vertex -1.377681e+01  1.133148e+01  2.000000e+00
      vertex -1.331264e+01  1.147466e+01  5.000000e+00
      vertex -1.331264e+01  1.147466e+01  2.000000e+00
    endloop
  endfacet
  facet normal -4.338836e-01  9.009688e-01  0.000000e+00
    outer loop
      vertex -1.331264e+01  1.147466e+01  2.000000e+00
      vertex -1.331264e+01  1.147466e+01  5.000000e+00
      vertex -1.287500e+01  1.168542e+01  5.000000e+00
    endloop
  endfacet
  facet normal -4.338836e-01  9.009688e-01  0.000000e+00
    outer loop
      vertex -1.331264e+01  1.147466e+01  2.000000e+00
      vertex -1.287500e+01  1.168542e+01  5.000000e+00
      vertex -1.287500e+01  1.168542e+01  2.000000e+00
    endloop
  endfacet
  facet normal -5.633203e-01  8.262386e-01  0.000000e+00
    outer loop
      vertex -1.287500e+01  1.168542e+01  2.000000e+00
      vertex -1.287500e+01  1.168542e+01  5.000000e+00
      vertex -1.247366e+01  1.195905e+01  5.000000e+00
    endloop
  endfacet
  facet normal -5.633203e-01  8.262386e-01  0.000000e+00
    outer loop
      vertex -1.287500e+01  1.168542e+01  2.000000e+00
      vertex -1.247366e+01  1.195905e+01  5.000000e+00
      vertex -1.247366e+01  1.195905e+01  2.000000e+00
    endloop
  endfacet
  facet normal -6.801722e-01  7.330523e-01  0.000000e+00
    outer loop
      vertex -1.247366e+01  1.195905e+01  2.000000e+00
      vertex -1.247366e+01  1.195905e+01  5.000000e+00
      vertex -1.211758e+01  1.228944e+01  5.000000e+00
    endloop
  endfacet
  facet normal -6.801722e-01  7.330523e-01  0.000000e+00
    outer loop
      vertex -1.247366e+01  1.195905e+01  2.000000e+00
      vertex -1.211758e+01  1.228944e+01  5.000000e+00
      vertex -1.211758e+01  1.228944e+01  2.000000e+00
    endloop
  endfacet
  facet normal -7.818315e-01  6.234897e-01  0.000000e+00
    outer loop
      vertex -1.211758e+01  1.228944e+01  2.000000e+00
      vertex -1.211758e+01  1.228944e+01  5.000000e+00
      vertex -1.181472e+01  1.266921e+01  5.000000e+00
    endloop
  endfacet
  facet normal -7.818315e-01  6.234897e-01  0.000000e+00
    outer loop
      vertex -1.211758e+01  1.228944e+01  2.000000e+00
      vertex -1.181472e+01  1.266921e+01  5.000000e+00
      vertex -1.181472e+01  1.266921e+01  2.000000e+00
    endloop
  endfacet
  facet normal -8.660253e-01  5.000001e-01  0.000000e+00
    outer loop
      vertex -1.181472e+01  1.266921e+01  2.000000e+00
      vertex -1.181472e+01  1.266921e+01  5.000000e+00
      vertex -1.157185e+01  1.308988e+01  5.000000e+00
    endloop
  endfacet
  facet normal -8.660253e-01  5.000001e-01  0.000000e+00
    outer loop
      vertex -1.181472e+01  1.266921e+01  2.000000e+00
      vertex -1.157185e+01  1.308988e+01  5.000000e+00
      vertex -1.157185e+01  1.308988e+01  2.000000e+00
    endloop
  endfacet
  facet normal -9.308738e-01  3.653409e-01  0.000000e+00
    outer loop
      vertex -1.157185e+01  1.308988e+01  2.000000e+00
      vertex -1.157185e+01  1.308988e+01  5.000000e+00
      vertex -1.139439e+01  1.354205e+01  5.000000e+00
    endloop
  endfacet
  facet normal -9.308738e-01  3.653409e-01  0.000000e+00
    outer loop
      vertex -1.157185e+01  1.308988e+01  2.000000e+00
      vertex -1.139439e+01  1.354205e+01  5.000000e+00
      vertex -1.139439e+01  1.354205e+01  2.000000e+00
    endloop
  endfacet
  facet normal -9.749280e-01  2.225208e-01  0.000000e+00
    outer loop
      vertex -1.139439e+01  1.354205e+01  2.000000e+00
      vertex -1.139439e+01  1.354205e+01  5.000000e+00
      vertex -1.128630e+01  1.401561e+01  5.000000e+00
    endloop
  endfacet
  facet normal -9.749280e-01  2.225208e-01  0.000000e+00
    outer loop
      vertex -1.139439e+01  1.354205e+01  2.000000e+00
      vertex -1.128630e+01  1.401561e+01  5.000000e+00
      vertex -1.128630e+01  1.401561e+01  2.000000e+00
    endloop
  endfacet
  facet normal -9.972038e-01  7.472987e-02  0.000000e+00
    outer loop
      vertex -1.128630e+01  1.401561e+01  2.000000e+00
      vertex -1.128630e+01  1.401561e+01  5.000000e+00
      vertex -1.125000e+01  1.450000e+01  5.000000e+00
    endloop
  endfacet
  facet normal -9.972038e-01  7.472987e-02  0.000000e+00
    outer loop
      vertex -1.128630e+01  1.401561e+01  2.000000e+00
      vertex -1.125000e+01  1.450000e+01  5.000000e+00
      vertex -1.125000e+01  1.450000e+01  2.000000e+00
    endloop
  endfacet
  facet normal -1.490397e-01 -9.888312e-01  0.000000e+00
    outer loop
      vertex -1.425713e+01  1.774091e+01  5.000000e+00
      vertex -1.377681e+01  1.766852e+01  2.000000e+00
      vertex -1.377681e+01  1.766852e+01  5.000000e+00
    endloop
  endfacet
  facet normal -2.947574e-01 -9.555721e-01  -0.000000e+00
    outer loop
      vertex -1.377681e+01  1.766852e+01  5.000000e+00
      vertex -1.377681e+01  1.766852e+01  2.000000e+00
      vertex -1.331264e+01  1.752534e+01  2.000000e+00
    endloop
  endfacet
  facet normal -2.947574e-01 -9.555721e-01  0.000000e+00
    outer loop
      vertex -1.377681e+01  1.766852e+01  5.000000e+00
      vertex -1.331264e+01  1.752534e+01  2.000000e+00
      vertex -1.331264e+01  1.752534e+01  5.000000e+00
    endloop
  endfacet
  facet normal -4.338821e-01 -9.009697e-01  -0.000000e+00
    outer loop
      vertex -1.331264e+01  1.752534e+01  5.000000e+00
      vertex -1.331264e+01  1.752534e+01  2.000000e+00
      vertex -1.287500e+01  1.731458e+01  2.000000e+00
    endloop
  endfacet
  facet normal -4.338821e-01 -9.009697e-01  0.000000e+00
    outer loop
      vertex -1.331264e+01  1.752534e+01  5.000000e+00
      vertex -1.287500e+01  1.731458e+01  2.000000e+00
      vertex -1.287500e+01  1.731458e+01  5.000000e+00
    endloop
  endfacet
  facet normal -5.633203e-01 -8.262386e-01  -0.000000e+00
    outer loop
      vertex -1.287500e+01  1.731458e+01  5.000000e+00
      vertex -1.287500e+01  1.731458e+01  2.000000e+00
      vertex -1.247366e+01  1.704095e+01  2.000000e+00
    endloop
  endfacet
  facet normal -5.633203e-01 -8.262386e-01  0.000000e+00
    outer loop
      vertex -1.287500e+01  1.731458e+01  5.000000e+00
      vertex -1.247366e+01  1.704095e+01  2.000000e+00
      vertex -1.247366e+01  1.704095e+01  5.000000e+00
    endloop
  endfacet
  facet normal -6.801722e-01 -7.330523e-01  -0.000000e+00
    outer loop
      vertex -1.247366e+01  1.704095e+01  5.000000e+00
      vertex -1.247366e+01  1.704095e+01  2.000000e+00
      vertex -1.211758e+01  1.671056e+01  2.000000e+00
    endloop
  endfacet
  facet normal -6.801722e-01 -7.330523e-01  0.000000e+00
    outer loop
      vertex -1.247366e+01  1.704095e+01  5.000000e+00
      vertex -1.211758e+01  1.671056e+01  2.000000e+00
      vertex -1.211758e+01  1.671056e+01  5.000000e+00
    endloop
  endfacet
  facet normal -7.818323e-01 -6.234888e-01  -0.000000e+00
    outer loop
      vertex -1.211758e+01  1.671056e+01  5.000000e+00
      vertex -1.211758e+01  1.671056e+01  2.000000e+00
      vertex -1.181472e+01  1.633079e+01  2.000000e+00
    endloop
  endfacet
  facet normal -7.818323e-01 -6.234888e-01  0.000000e+00
    outer loop
      vertex -1.211758e+01  1.671056e+01  5.000000e+00
      vertex -1.181472e+01  1.633079e+01  2.000000e+00
      vertex -1.181472e+01  1.633079e+01  5.000000e+00
    endloop
  endfacet
  facet normal -8.660249e-01 -5.000010e-01  -0.000000e+00
    outer loop
      vertex -1.181472e+01  1.633079e+01  5.000000e+00
      vertex -1.181472e+01  1.633079e+01  2.000000e+00
      vertex -1.157185e+01  1.591012e+01  2.000000e+00
    endloop
  endfacet
  facet normal -8.660249e-01 -5.000010e-01  0.000000e+00
    outer loop
      vertex -1.181472e+01  1.633079e+01  5.000000e+00
      vertex -1.157185e+01  1.591012e+01  2.000000e+00
      vertex -1.157185e+01  1.591012e+01  5.000000e+00
    endloop
  endfacet
  facet normal -9.308738e-01 -3.653409e-01  -0.000000e+00
    outer loop
      vertex -1.157185e+01  1.591012e+01  5.000000e+00
      vertex -1.157185e+01  1.591012e+01  2.000000e+00
      vertex -1.139439e+01  1.545795e+01  2.000000e+00
    endloop
  endfacet
  facet normal -9.308738e-01 -3.653409e-01  0.000000e+00
    outer loop
      vertex -1.157185e+01  1.591012e+01  5.000000e+00
      vertex -1.139439e+01  1.545795e+01  2.000000e+00
      vertex -1.139439e+01  1.545795e+01  5.000000e+00
    endloop
  endfacet
  facet normal -9.749280e-01 -2.225208e-01  -0.000000e+00
    outer loop
      vertex -1.139439e+01  1.545795e+01  5.000000e+00
      vertex -1.139439e+01  1.545795e+01  2.000000e+00
      vertex -1.128630e+01  1.498439e+01  2.000000e+00
    endloop
  endfacet
  facet normal -9.749280e-01 -2.225208e-01  0.000000e+00
    outer loop
      vertex -1.139439e+01  1.545795e+01  5.000000e+00
      vertex -1.128630e+01  1.498439e+01  2.000000e+00
      vertex -1.128630e+01  1.498439e+01  5.000000e+00
    endloop
  endfacet
  facet normal -9.972038e-01 -7.472987e-02  -0.000000e+00
    outer loop
      vertex -1.128630e+01  1.498439e+01  5.000000e+00
      vertex -1.128630e+01  1.498439e+01  2.000000e+00
      vertex -1.125000e+01  1.450000e+01  2.000000e+00
    endloop
  endfacet
  facet normal -9.972038e-01 -7.472987e-02  0.000000e+00
    outer loop
      vertex -1.128630e+01  1.498439e+01  5.000000e+00
      vertex -1.125000e+01  1.450000e+01  2.000000e+00
      vertex -1.125000e+01  1.450000e+01  5.000000e+00
    endloop
  endfacet
  facet normal -1.490397e-01 -9.888312e-01  -0.000000e+00
    outer loop
      vertex -1.377681e+01  1.766852e+01  2.000000e+00
      vertex -1.425713e+01  1.774091e+01  5.000000e+00
      vertex -1.425713e+01  1.774091e+01  2.000000e+00
    endloop
  endfacet
  facet normal  0.000000e+00 -1.000000e+00  0.000000e+00
    outer loop
      vertex -1.425713e+01  1.774091e+01  2.000000e+00
      vertex -1.425713e+01  1.774091e+01  5.000000e+00
      vertex -1.474287e+01  1.774091e+01  5.000000e+00
    endloop
  endfacet
  facet normal  0.000000e+00 -1.000000e+00  0.000000e+00
    outer loop
      vertex -1.425713e+01  1.774091e+01  2.000000e+00
      vertex -1.474287e+01  1.774091e+01  5.000000e+00
      vertex -1.474287e+01  1.774091e+01  2.000000e+00
    endloop
  endfacet
  facet normal  1.490397e-01 -9.888312e-01  0.000000e+00
    outer loop
      vertex -1.474287e+01  1.774091e+01  2.000000e+00
      vertex -1.474287e+01  1.774091e+01  5.000000e+00
      vertex -1.522319e+01  1.766852e+01  5.000000e+00
    endloop
  endfacet
  facet normal  1.490397e-01 -9.888312e-01  0.000000e+00
    outer loop
      vertex -1.474287e+01  1.774091e+01  2.000000e+00
      vertex -1.522319e+01  1.766852e+01  5.000000e+00
      vertex -1.522319e+01  1.766852e+01  2.000000e+00
    endloop
  endfacet
  facet normal  2.947574e-01 -9.555721e-01  0.000000e+00
    outer loop
      vertex -1.522319e+01  1.766852e+01  2.000000e+00
      vertex -1.522319e+01  1.766852e+01  5.000000e+00
      vertex -1.568736e+01  1.752534e+01  5.000000e+00
    endloop
  endfacet
  facet normal  2.947574e-01 -9.555721e-01  0.000000e+00
    outer loop
      vertex -1.522319e+01  1.766852e+01  2.000000e+00
      vertex -1.568736e+01  1.752534e+01  5.000000e+00
      vertex -1.568736e+01  1.752534e+01  2.000000e+00
    endloop
  endfacet
  facet normal  4.338821e-01 -9.009697e-01  0.000000e+00
    outer loop
      vertex -1.568736e+01  1.752534e+01  2.000000e+00
      vertex -1.568736e+01  1.752534e+01  5.000000e+00
      vertex -1.612500e+01  1.731458e+01  5.000000e+00
    endloop
  endfacet
  facet normal  4.338821e-01 -9.009697e-01  0.000000e+00
    outer loop
      vertex -1.568736e+01  1.752534e+01  2.000000e+00
      vertex -1.612500e+01  1.731458e+01  5.000000e+00
      vertex -1.612500e+01  1.731458e+01  2.000000e+00
    endloop
  endfacet
  facet normal  5.633194e-01 -8.262392e-01  0.000000e+00
    outer loop
      vertex -1.612500e+01  1.731458e+01  2.000000e+00
      vertex -1.612500e+01  1.731458e+01  5.000000e+00
      vertex -1.652634e+01  1.704095e+01  5.000000e+00
    endloop
  endfacet
  facet normal  5.633194e-01 -8.262392e-01  0.000000e+00
    outer loop
      vertex -1.612500e+01  1.731458e+01  2.000000e+00
      vertex -1.652634e+01  1.704095e+01  5.000000e+00
      vertex -1.652634e+01  1.704095e+01  2.000000e+00
    endloop
  endfacet
  facet normal  6.801742e-01 -7.330505e-01  0.000000e+00
    outer loop
      vertex -1.652634e+01  1.704095e+01  2.000000e+00
      vertex -1.652634e+01  1.704095e+01  5.000000e+00
      vertex -1.688242e+01  1.671056e+01  5.000000e+00
    endloop
  endfacet
  facet normal  6.801742e-01 -7.330505e-01  0.000000e+00
    outer loop
      vertex -1.652634e+01  1.704095e+01  2.000000e+00
      vertex -1.688242e+01  1.671056e+01  5.000000e+00
      vertex -1.688242e+01  1.671056e+01  2.000000e+00
    endloop
  endfacet
  facet normal  7.818314e-01 -6.234900e-01  0.000000e+00
    outer loop
      vertex -1.688242e+01  1.671056e+01  2.000000e+00
      vertex -1.688242e+01  1.671056e+01  5.000000e+00
      vertex -1.718528e+01  1.633079e+01  5.000000e+00
    endloop
  endfacet
  facet normal  7.818314e-01 -6.234900e-01  0.000000e+00
    outer loop
      vertex -1.688242e+01  1.671056e+01  2.000000e+00
      vertex -1.718528e+01  1.633079e+01  5.000000e+00
      vertex -1.718528e+01  1.633079e+01  2.000000e+00
    endloop
  endfacet
  facet normal  8.660257e-01 -4.999995e-01  0.000000e+00
    outer loop
      vertex -1.718528e+01  1.633079e+01  2.000000e+00
      vertex -1.718528e+01  1.633079e+01  5.000000e+00
      vertex -1.742815e+01  1.591012e+01  5.000000e+00
    endloop
  endfacet
  facet normal  8.660257e-01 -4.999995e-01  0.000000e+00
    outer loop
      vertex -1.718528e+01  1.633079e+01  2.000000e+00
      vertex -1.742815e+01  1.591012e+01  5.000000e+00
      vertex -1.742815e+01  1.591012e+01  2.000000e+00
    endloop
  endfacet
  facet normal  9.308732e-01 -3.653426e-01  0.000000e+00
    outer loop
      vertex -1.742815e+01  1.591012e+01  2.000000e+00
      vertex -1.742815e+01  1.591012e+01  5.000000e+00
      vertex -1.760561e+01  1.545795e+01  5.000000e+00
    endloop
  endfacet
  facet normal  9.308732e-01 -3.653426e-01  0.000000e+00
    outer loop
      vertex -1.742815e+01  1.591012e+01  2.000000e+00
      vertex -1.760561e+01  1.545795e+01  5.000000e+00
      vertex -1.760561e+01  1.545795e+01  2.000000e+00
    endloop
  endfacet
  facet normal  9.749283e-01 -2.225189e-01  0.000000e+00
    outer loop
      vertex -1.760561e+01  1.545795e+01  2.000000e+00
      vertex -1.760561e+01  1.545795e+01  5.000000e+00
      vertex -1.771370e+01  1.498439e+01  5.000000e+00
    endloop
  endfacet
  facet normal  9.749283e-01 -2.225189e-01  0.000000e+00
    outer loop
      vertex -1.760561e+01  1.545795e+01  2.000000e+00
      vertex -1.771370e+01  1.498439e+01  5.000000e+00
      vertex -1.771370e+01  1.498439e+01  2.000000e+00
    endloop
  endfacet
  facet normal  9.972036e-01 -7.473182e-02  0.000000e+00
    outer loop
      vertex -1.771370e+01  1.498439e+01  2.000000e+00
      vertex -1.771370e+01  1.498439e+01  5.000000e+00
      vertex -1.775000e+01  1.450000e+01  5.000000e+00
    endloop
  endfacet
  facet normal  9.972036e-01 -7.473182e-02  0.000000e+00
    outer loop
      vertex -1.771370e+01  1.498439e+01  2.000000e+00
      vertex -1.775000e+01  1.450000e+01  5.000000e+00
      vertex -1.775000e+01  1.450000e+01  2.000000e+00
    endloop
  endfacet
  facet normal  0.000000e+00  0.000000e+00  1.000000e+00
    outer loop
      vertex -1.520796e+01  1.620918e+01  2.000000e+00
      vertex -1.486092e+01  1.631445e+01  2.000000e+00
      vertex -1.718528e+01  1.633079e+01  2.000000e+00
    endloop
  endfacet
  facet normal  0.000000e+00  0.000000e+00  1.000000e+00
    outer loop
      vertex -1.157185e+01  1.308988e+01  2.000000e+00
      vertex -1.319185e+01  1.319185e+01  2.000000e+00
      vertex -1.347219e+01  1.296178e+01  2.000000e+00
    endloop
  endfacet
  facet normal  0.000000e+00  -0.000000e+00  1.000000e+00
    outer loop
      vertex -1.413908e+01  1.631445e+01  2.000000e+00
      vertex -1.379204e+01  1.620918e+01  2.000000e+00
      vertex -1.181472e+01  1.633079e+01  2.000000e+00
    endloop
  endfacet
  facet normal  -0.000000e+00  0.000000e+00  1.000000e+00
    outer loop
      vertex -1.688242e+01  1.671056e+01  2.000000e+00
      vertex -1.718528e+01  1.633079e+01  2.000000e+00
      vertex -1.486092e+01  1.631445e+01  2.000000e+00
    endloop
  endfacet
  facet normal  0.000000e+00  -0.000000e+00  1.000000e+00
    outer loop
      vertex -1.688242e+01  1.671056e+01  2.000000e+00
      vertex -1.486092e+01  1.631445e+01  2.000000e+00
      vertex -1.450000e+01  1.635000e+01  2.000000e+00
    endloop
  endfacet
  facet normal  0.000000e+00  -0.000000e+00  1.000000e+00
    outer loop
      vertex -1.688242e+01  1.671056e+01  2.000000e+00
      vertex -1.450000e+01  1.635000e+01  2.000000e+00
      vertex -1.425713e+01  1.774091e+01  2.000000e+00
    endloop
  endfacet
  facet normal  0.000000e+00  0.000000e+00  1.000000e+00
    outer loop
      vertex -1.688242e+01  1.671056e+01  2.000000e+00
      vertex -1.425713e+01  1.774091e+01  2.000000e+00
      vertex -1.474287e+01  1.774091e+01  2.000000e+00
    endloop
  endfacet
  facet normal  0.000000e+00  0.000000e+00  1.000000e+00
    outer loop
      vertex -1.688242e+01  1.671056e+01  2.000000e+00
      vertex -1.474287e+01  1.774091e+01  2.000000e+00
      vertex -1.522319e+01  1.766852e+01  2.000000e+00
    endloop
  endfacet
  facet normal  0.000000e+00  0.000000e+00  1.000000e+00
    outer loop
      vertex -1.688242e+01  1.671056e+01  2.000000e+00
      vertex -1.522319e+01  1.766852e+01  2.000000e+00
      vertex -1.568736e+01  1.752534e+01  2.000000e+00
    endloop
  endfacet
  facet normal  0.000000e+00  0.000000e+00  1.000000e+00
    outer loop
      vertex -1.688242e+01  1.671056e+01  2.000000e+00
      vertex -1.568736e+01  1.752534e+01  2.000000e+00
      vertex -1.612500e+01  1.731458e+01  2.000000e+00
    endloop
  endfacet
  facet normal  0.000000e+00  0.000000e+00  1.000000e+00
    outer loop
      vertex -1.688242e+01  1.671056e+01  2.000000e+00
      vertex -1.612500e+01  1.731458e+01  2.000000e+00
      vertex -1.652634e+01  1.704095e+01  2.000000e+00
    endloop
  endfacet
  facet normal  0.000000e+00  -0.000000e+00  1.000000e+00
    outer loop
      vertex -1.450000e+01  1.635000e+01  2.000000e+00
      vertex -1.413908e+01  1.631445e+01  2.000000e+00
      vertex -1.181472e+01  1.633079e+01  2.000000e+00
    endloop
  endfacet
  facet normal  0.000000e+00  0.000000e+00  1.000000e+00
    outer loop
      vertex -1.450000e+01  1.635000e+01  2.000000e+00
      vertex -1.181472e+01  1.633079e+01  2.000000e+00
      vertex -1.211758e+01  1.671056e+01  2.000000e+00
    endloop
  endfacet
  facet normal  0.000000e+00  0.000000e+00  9.999999e-01
    outer loop
      vertex -1.450000e+01  1.635000e+01  2.000000e+00
      vertex -1.211758e+01  1.671056e+01  2.000000e+00
      vertex -1.247366e+01  1.704095e+01  2.000000e+00
    endloop
  endfacet
  facet normal  0.000000e+00  0.000000e+00  1.000000e+00
    outer loop
      vertex -1.450000e+01  1.635000e+01  2.000000e+00
      vertex -1.247366e+01  1.704095e+01  2.000000e+00
      vertex -1.287500e+01  1.731458e+01  2.000000e+00
    endloop
  endfacet
  facet normal  0.000000e+00  0.000000e+00  9.999999e-01
    outer loop
      vertex -1.450000e+01  1.635000e+01  2.000000e+00
      vertex -1.287500e+01  1.731458e+01  2.000000e+00
      vertex -1.331264e+01  1.752534e+01  2.000000e+00
    endloop
  endfacet
  facet normal  0.000000e+00  0.000000e+00  1.000000e+00
    outer loop
      vertex -1.450000e+01  1.635000e+01  2.000000e+00
      vertex -1.331264e+01  1.752534e+01  2.000000e+00
      vertex -1.377681e+01  1.766852e+01  2.000000e+00
    endloop
  endfacet
  facet normal  0.000000e+00  0.000000e+00  9.999999e-01
    outer loop
      vertex -1.450000e+01  1.635000e+01  2.000000e+00
      vertex -1.377681e+01  1.766852e+01  2.000000e+00
      vertex -1.425713e+01  1.774091e+01  2.000000e+00
    endloop
  endfacet
  facet normal  0.000000e+00  0.000000e+00  1.000000e+00
    outer loop
      vertex -1.450000e+01  1.265000e+01  2.000000e+00
      vertex -1.486092e+01  1.268555e+01  2.000000e+00
      vertex -1.718528e+01  1.266921e+01  2.000000e+00
    endloop
  endfacet
  facet normal  0.000000e+00  0.000000e+00  1.000000e+00
    outer loop
      vertex -1.450000e+01  1.265000e+01  2.000000e+00
      vertex -1.718528e+01  1.266921e+01  2.000000e+00
      vertex -1.688242e+01  1.228944e+01  2.000000e+00
    endloop
  endfacet
  facet normal  -0.000000e+00  0.000000e+00  1.000000e+00
    outer loop
      vertex -1.450000e+01  1.265000e+01  2.000000e+00
      vertex -1.688242e+01  1.228944e+01  2.000000e+00
      vertex -1.652634e+01  1.195905e+01  2.000000e+00
    endloop
  endfacet
  facet normal  -0.000000e+00  0.000000e+00  1.000000e+00
    outer loop
      vertex -1.450000e+01  1.265000e+01  2.000000e+00
      vertex -1.652634e+01  1.195905e+01  2.000000e+00
      vertex -1.612500e+01  1.168542e+01  2.000000e+00
    endloop
  endfacet
  facet normal  -0.000000e+00  0.000000e+00  1.000000e+00
    outer loop
      vertex -1.450000e+01  1.265000e+01  2.000000e+00
      vertex -1.612500e+01  1.168542e+01  2.000000e+00
      vertex -1.568736e+01  1.147466e+01  2.000000e+00
    endloop
  endfacet
  facet normal  -0.000000e+00  0.000000e+00  1.000000e+00
    outer loop
      vertex -1.450000e+01  1.265000e+01  2.000000e+00
      vertex -1.568736e+01  1.147466e+01  2.000000e+00
      vertex -1.522319e+01  1.133148e+01  2.000000e+00
    endloop
  endfacet
  facet normal  -0.000000e+00  0.000000e+00  1.000000e+00
    outer loop
      vertex -1.450000e+01  1.265000e+01  2.000000e+00
      vertex -1.522319e+01  1.133148e+01  2.000000e+00
      vertex -1.474287e+01  1.125909e+01  2.000000e+00
    endloop
  endfacet
  facet normal  0.000000e+00  0.000000e+00  1.000000e+00
    outer loop
      vertex -1.450000e+01  1.265000e+01  2.000000e+00
      vertex -1.474287e+01  1.125909e+01  2.000000e+00
      vertex -1.425713e+01  1.125909e+01  2.000000e+00
    endloop
  endfacet
  facet normal  0.000000e+00  -0.000000e+00  1.000000e+00
    outer loop
      vertex -1.450000e+01  1.265000e+01  2.000000e+00
      vertex -1.425713e+01  1.125909e+01  2.000000e+00
      vertex -1.377681e+01  1.133148e+01  2.000000e+00
    endloop
  endfacet
  facet normal  0.000000e+00  -0.000000e+00  1.000000e+00
    outer loop
      vertex -1.450000e+01  1.265000e+01  2.000000e+00
      vertex -1.377681e+01  1.133148e+01  2.000000e+00
      vertex -1.331264e+01  1.147466e+01  2.000000e+00
    endloop
  endfacet
  facet normal  0.000000e+00  -0.000000e+00  1.000000e+00
    outer loop
      vertex -1.450000e+01  1.265000e+01  2.000000e+00
      vertex -1.331264e+01  1.147466e+01  2.000000e+00
      vertex -1.287500e+01  1.168542e+01  2.000000e+00
    endloop
  endfacet
  facet normal  0.000000e+00  -0.000000e+00  1.000000e+00
    outer loop
      vertex -1.450000e+01  1.265000e+01  2.000000e+00
      vertex -1.287500e+01  1.168542e+01  2.000000e+00
      vertex -1.247366e+01  1.195905e+01  2.000000e+00
    endloop
  endfacet
  facet normal  0.000000e+00  -0.000000e+00  9.999999e-01
    outer loop
      vertex -1.450000e+01  1.265000e+01  2.000000e+00
      vertex -1.247366e+01  1.195905e+01  2.000000e+00
      vertex -1.211758e+01  1.228944e+01  2.000000e+00
    endloop
  endfacet
  facet normal  0.000000e+00  -0.000000e+00  1.000000e+00
    outer loop
      vertex -1.450000e+01  1.265000e+01  2.000000e+00
      vertex -1.211758e+01  1.228944e+01  2.000000e+00
      vertex -1.181472e+01  1.266921e+01  2.000000e+00
    endloop
  endfacet
  facet normal  0.000000e+00  0.000000e+00  1.000000e+00
    outer loop
      vertex -1.450000e+01  1.265000e+01  2.000000e+00
      vertex -1.181472e+01  1.266921e+01  2.000000e+00
      vertex -1.413908e+01  1.268555e+01  2.000000e+00
    endloop
  endfacet
  facet normal  0.000000e+00  -0.000000e+00  1.000000e+00
    outer loop
      vertex -1.742815e+01  1.308988e+01  2.000000e+00
      vertex -1.718528e+01  1.266921e+01  2.000000e+00
      vertex -1.486092e+01  1.268555e+01  2.000000e+00
    endloop
  endfacet
  facet normal  0.000000e+00  0.000000e+00  1.000000e+00
    outer loop
      vertex -1.742815e+01  1.308988e+01  2.000000e+00
      vertex -1.486092e+01  1.268555e+01  2.000000e+00
      vertex -1.520796e+01  1.279082e+01  2.000000e+00
    endloop
  endfacet
  facet normal  0.000000e+00  0.000000e+00  1.000000e+00
    outer loop
      vertex -1.742815e+01  1.308988e+01  2.000000e+00
      vertex -1.520796e+01  1.279082e+01  2.000000e+00
      vertex -1.552781e+01  1.296178e+01  2.000000e+00
    endloop
  endfacet
  facet normal  0.000000e+00  0.000000e+00  1.000000e+00
    outer loop
      vertex -1.742815e+01  1.308988e+01  2.000000e+00
      vertex -1.552781e+01  1.296178e+01  2.000000e+00
      vertex -1.580815e+01  1.319185e+01  2.000000e+00
    endloop
  endfacet
  facet normal  0.000000e+00  0.000000e+00  9.999999e-01
    outer loop
      vertex -1.742815e+01  1.308988e+01  2.000000e+00
      vertex -1.580815e+01  1.319185e+01  2.000000e+00
      vertex -1.603822e+01  1.347219e+01  2.000000e+00
    endloop
  endfacet
  facet normal  0.000000e+00  0.000000e+00  1.000000e+00
    outer loop
      vertex -1.742815e+01  1.308988e+01  2.000000e+00
      vertex -1.603822e+01  1.347219e+01  2.000000e+00
      vertex -1.760561e+01  1.354205e+01  2.000000e+00
    endloop
  endfacet
  facet normal  -0.000000e+00  0.000000e+00  1.000000e+00
    outer loop
      vertex -1.631445e+01  1.413908e+01  2.000000e+00
      vertex -1.771370e+01  1.401561e+01  2.000000e+00
      vertex -1.620918e+01  1.379204e+01  2.000000e+00
    endloop
  endfacet
  facet normal  0.000000e+00  0.000000e+00  1.000000e+00
    outer loop
      vertex -1.620918e+01  1.379204e+01  2.000000e+00
      vertex -1.771370e+01  1.401561e+01  2.000000e+00
      vertex -1.760561e+01  1.354205e+01  2.000000e+00
    endloop
  endfacet
  facet normal  -0.000000e+00  0.000000e+00  9.999999e-01
    outer loop
      vertex -1.620918e+01  1.379204e+01  2.000000e+00
      vertex -1.760561e+01  1.354205e+01  2.000000e+00
      vertex -1.603822e+01  1.347219e+01  2.000000e+00
    endloop
  endfacet
  facet normal  -0.000000e+00  0.000000e+00  9.999999e-01
    outer loop
      vertex -1.603822e+01  1.552781e+01  2.000000e+00
      vertex -1.760561e+01  1.545795e+01  2.000000e+00
      vertex -1.620918e+01  1.520796e+01  2.000000e+00
    endloop
  endfacet
  facet normal  0.000000e+00  0.000000e+00  1.000000e+00
    outer loop
      vertex -1.620918e+01  1.520796e+01  2.000000e+00
      vertex -1.760561e+01  1.545795e+01  2.000000e+00
      vertex -1.771370e+01  1.498439e+01  2.000000e+00
    endloop
  endfacet
  facet normal  -0.000000e+00  0.000000e+00  1.000000e+00
    outer loop
      vertex -1.620918e+01  1.520796e+01  2.000000e+00
      vertex -1.771370e+01  1.498439e+01  2.000000e+00
      vertex -1.631445e+01  1.486092e+01  2.000000e+00
    endloop
  endfacet
  facet normal  0.000000e+00  0.000000e+00  1.000000e+00
    outer loop
      vertex -1.631445e+01  1.486092e+01  2.000000e+00
      vertex -1.771370e+01  1.498439e+01  2.000000e+00
      vertex -1.775000e+01  1.450000e+01  2.000000e+00
    endloop
  endfacet
  facet normal  0.000000e+00  0.000000e+00  1.000000e+00
    outer loop
      vertex -1.631445e+01  1.486092e+01  2.000000e+00
      vertex -1.775000e+01  1.450000e+01  2.000000e+00
      vertex -1.635000e+01  1.450000e+01  2.000000e+00
    endloop
  endfacet
  facet normal  0.000000e+00  0.000000e+00  1.000000e+00
    outer loop
      vertex -1.635000e+01  1.450000e+01  2.000000e+00
      vertex -1.775000e+01  1.450000e+01  2.000000e+00
      vertex -1.771370e+01  1.401561e+01  2.000000e+00
    endloop
  endfacet
  facet normal  0.000000e+00  0.000000e+00  1.000000e+00
    outer loop
      vertex -1.635000e+01  1.450000e+01  2.000000e+00
      vertex -1.771370e+01  1.401561e+01  2.000000e+00
      vertex -1.631445e+01  1.413908e+01  2.000000e+00
    endloop
  endfacet
  facet normal  0.000000e+00  0.000000e+00  1.000000e+00
    outer loop
      vertex -1.520796e+01  1.620918e+01  2.000000e+00
      vertex -1.718528e+01  1.633079e+01  2.000000e+00
      vertex -1.552781e+01  1.603822e+01  2.000000e+00
    endloop
  endfacet
  facet normal  0.000000e+00  0.000000e+00  1.000000e+00
    outer loop
      vertex -1.552781e+01  1.603822e+01  2.000000e+00
      vertex -1.718528e+01  1.633079e+01  2.000000e+00
      vertex -1.742815e+01  1.591012e+01  2.000000e+00
    endloop
  endfacet
  facet normal  -0.000000e+00  0.000000e+00  1.000000e+00
    outer loop
      vertex -1.552781e+01  1.603822e+01  2.000000e+00
      vertex -1.742815e+01  1.591012e+01  2.000000e+00
      vertex -1.580815e+01  1.580815e+01  2.000000e+00
    endloop
  endfacet
  facet normal  0.000000e+00  0.000000e+00  9.999999e-01
    outer loop
      vertex -1.580815e+01  1.580815e+01  2.000000e+00
      vertex -1.742815e+01  1.591012e+01  2.000000e+00
      vertex -1.760561e+01  1.545795e+01  2.000000e+00
    endloop
  endfacet
  facet normal  0.000000e+00  0.000000e+00  9.999999e-01
    outer loop
      vertex -1.580815e+01  1.580815e+01  2.000000e+00
      vertex -1.760561e+01  1.545795e+01  2.000000e+00
      vertex -1.603822e+01  1.552781e+01  2.000000e+00
    endloop
  endfacet
  facet normal  0.000000e+00  0.000000e+00  1.000000e+00
    outer loop
      vertex -1.347219e+01  1.296178e+01  2.000000e+00
      vertex -1.379204e+01  1.279082e+01  2.000000e+00
      vertex -1.157185e+01  1.308988e+01  2.000000e+00
    endloop
  endfacet
  facet normal  0.000000e+00  0.000000e+00  1.000000e+00
    outer loop
      vertex -1.157185e+01  1.308988e+01  2.000000e+00
      vertex -1.379204e+01  1.279082e+01  2.000000e+00
      vertex -1.413908e+01  1.268555e+01  2.000000e+00
    endloop
  endfacet
  facet normal  -0.000000e+00  0.000000e+00  1.000000e+00
    outer loop
      vertex -1.157185e+01  1.308988e+01  2.000000e+00
      vertex -1.413908e+01  1.268555e+01  2.000000e+00
      vertex -1.181472e+01  1.266921e+01  2.000000e+00
    endloop
  endfacet
  facet normal  0.000000e+00  0.000000e+00  1.000000e+00
    outer loop
      vertex -1.268555e+01  1.413908e+01  2.000000e+00
      vertex -1.279082e+01  1.379204e+01  2.000000e+00
      vertex -1.128630e+01  1.401561e+01  2.000000e+00
    endloop
  endfacet
  facet normal  0.000000e+00  0.000000e+00  1.000000e+00
    outer loop
      vertex -1.128630e+01  1.401561e+01  2.000000e+00
      vertex -1.279082e+01  1.379204e+01  2.000000e+00
      vertex -1.296178e+01  1.347219e+01  2.000000e+00
    endloop
  endfacet
  facet normal  0.000000e+00  0.000000e+00  9.999999e-01
    outer loop
      vertex -1.128630e+01  1.401561e+01  2.000000e+00
      vertex -1.296178e+01  1.347219e+01  2.000000e+00
      vertex -1.139439e+01  1.354205e+01  2.000000e+00
    endloop
  endfacet
  facet normal  0.000000e+00  0.000000e+00  9.999999e-01
    outer loop
      vertex -1.139439e+01  1.354205e+01  2.000000e+00
      vertex -1.296178e+01  1.347219e+01  2.000000e+00
      vertex -1.319185e+01  1.319185e+01  2.000000e+00
    endloop
  endfacet
  facet normal  -0.000000e+00  0.000000e+00  1.000000e+00
    outer loop
      vertex -1.139439e+01  1.354205e+01  2.000000e+00
      vertex -1.319185e+01  1.319185e+01  2.000000e+00
      vertex -1.157185e+01  1.308988e+01  2.000000e+00
    endloop
  endfacet
  facet normal  0.000000e+00  -0.000000e+00  9.999999e-01
    outer loop
      vertex -1.296178e+01  1.552781e+01  2.000000e+00
      vertex -1.279082e+01  1.520796e+01  2.000000e+00
      vertex -1.139439e+01  1.545795e+01  2.000000e+00
    endloop
  endfacet
  facet normal  0.000000e+00  0.000000e+00  1.000000e+00
    outer loop
      vertex -1.139439e+01  1.545795e+01  2.000000e+00
      vertex -1.279082e+01  1.520796e+01  2.000000e+00
      vertex -1.268555e+01  1.486092e+01  2.000000e+00
    endloop
  endfacet
  facet normal  0.000000e+00  0.000000e+00  1.000000e+00
    outer loop
      vertex -1.139439e+01  1.545795e+01  2.000000e+00
      vertex -1.268555e+01  1.486092e+01  2.000000e+00
      vertex -1.128630e+01  1.498439e+01  2.000000e+00
    endloop
  endfacet
  facet normal  0.000000e+00  0.000000e+00  1.000000e+00
    outer loop
      vertex -1.128630e+01  1.498439e+01  2.000000e+00
      vertex -1.268555e+01  1.486092e+01  2.000000e+00
      vertex -1.265000e+01  1.450000e+01  2.000000e+00
    endloop
  endfacet
  facet normal  0.000000e+00  0.000000e+00  1.000000e+00
    outer loop
      vertex -1.128630e+01  1.498439e+01  2.000000e+00
      vertex -1.265000e+01  1.450000e+01  2.000000e+00
      vertex -1.125000e+01  1.450000e+01  2.000000e+00
    endloop
  endfacet
  facet normal  0.000000e+00  0.000000e+00  1.000000e+00
    outer loop
      vertex -1.125000e+01  1.450000e+01  2.000000e+00
      vertex -1.265000e+01  1.450000e+01  2.000000e+00
      vertex -1.268555e+01  1.413908e+01  2.000000e+00
    endloop
  endfacet
  facet normal  -0.000000e+00  0.000000e+00  1.000000e+00
    outer loop
      vertex -1.125000e+01  1.450000e+01  2.000000e+00
      vertex -1.268555e+01  1.413908e+01  2.000000e+00
      vertex -1.128630e+01  1.401561e+01  2.000000e+00
    endloop
  endfacet
  facet normal  0.000000e+00  -0.000000e+00  1.000000e+00
    outer loop
      vertex -1.379204e+01  1.620918e+01  2.000000e+00
      vertex -1.347219e+01  1.603822e+01  2.000000e+00
      vertex -1.181472e+01  1.633079e+01  2.000000e+00
    endloop
  endfacet
  facet normal  0.000000e+00  0.000000e+00  9.999999e-01
    outer loop
      vertex -1.181472e+01  1.633079e+01  2.000000e+00
      vertex -1.347219e+01  1.603822e+01  2.000000e+00
      vertex -1.319185e+01  1.580815e+01  2.000000e+00
    endloop
  endfacet
  facet normal  0.000000e+00  0.000000e+00  1.000000e+00
    outer loop
      vertex -1.181472e+01  1.633079e+01  2.000000e+00
      vertex -1.319185e+01  1.580815e+01  2.000000e+00
      vertex -1.157185e+01  1.591012e+01  2.000000e+00
    endloop
  endfacet
  facet normal  0.000000e+00  0.000000e+00  1.000000e+00
    outer loop
      vertex -1.157185e+01  1.591012e+01  2.000000e+00
      vertex -1.319185e+01  1.580815e+01  2.000000e+00
      vertex -1.296178e+01  1.552781e+01  2.000000e+00
    endloop
  endfacet
  facet normal  -0.000000e+00  0.000000e+00  9.999999e-01
    outer loop
      vertex -1.157185e+01  1.591012e+01  2.000000e+00
      vertex -1.296178e+01  1.552781e+01  2.000000e+00
      vertex -1.139439e+01  1.545795e+01  2.000000e+00
    endloop
  endfacet
endsolid CATIA STL
