solid CATIA STL
  facet normal  0.000000e+00  0.000000e+00 -1.000000e+00
    outer loop
      vertex  9.211826e+01  5.523663e+01  0.000000e+00
      vertex  8.720612e+01  5.511059e+01  0.000000e+00
      vertex  8.725000e+01  5.550000e+01  0.000000e+00
    endloop
  endfacet
  facet normal -2.934686e-17 -1.143717e-15 -1.000000e+00
    outer loop
      vertex -8.720612e+01  5.511059e+01  0.000000e+00
      vertex -9.211826e+01  5.523663e+01  0.000000e+00
      vertex -8.725000e+01  5.550000e+01 -4.440892e-16
    endloop
  endfacet
  facet normal -1.538549e-16  1.157745e-15 -9.999999e-01
    outer loop
      vertex -9.211826e+01  5.523663e+01  0.000000e+00
      vertex -8.720612e+01  5.588941e+01  0.000000e+00
      vertex -8.725000e+01  5.550000e+01 -4.440892e-16
    endloop
  endfacet
  facet normal  5.476535e-17 -1.134239e-15 -9.999999e-01
    outer loop
      vertex -8.720612e+01 -5.588941e+01  0.000000e+00
      vertex -9.182472e+01 -5.611242e+01  0.000000e+00
      vertex -8.725000e+01 -5.550000e+01 -4.440892e-16
    endloop
  endfacet
  facet normal  0.000000e+00  0.000000e+00 -1.000000e+00
    outer loop
      vertex -8.707670e+01 -5.625930e+01  0.000000e+00
      vertex -9.182472e+01 -5.611242e+01  0.000000e+00
      vertex -8.720612e+01 -5.588941e+01  0.000000e+00
    endloop
  endfacet
  facet normal  0.000000e+00  0.000000e+00 -1.000000e+00
    outer loop
      vertex -8.588941e+01 -5.720612e+01  0.000000e+00
      vertex -9.100217e+01 -5.776432e+01  0.000000e+00
      vertex -8.625930e+01 -5.707669e+01  0.000000e+00
    endloop
  endfacet
  facet normal  -0.000000e+00  0.000000e+00 -1.000000e+00
    outer loop
      vertex -8.588941e+01 -5.720612e+01  0.000000e+00
      vertex -8.550000e+01 -5.725000e+01  0.000000e+00
      vertex -9.100217e+01 -5.776432e+01  0.000000e+00
    endloop
  endfacet
  facet normal  0.000000e+00  0.000000e+00 -1.000000e+00
    outer loop
      vertex -7.241935e+01  5.682697e+01  0.000000e+00
      vertex -8.440889e+01  5.686821e+01  0.000000e+00
      vertex -7.121277e+01  5.695668e+01  0.000000e+00
    endloop
  endfacet
  facet normal  0.000000e+00  0.000000e+00 -1.000000e+00
    outer loop
      vertex  8.413180e+01 -5.440889e+01  0.000000e+00
      vertex  7.919090e+01 -5.430131e+01  0.000000e+00
      vertex  8.440889e+01 -5.413179e+01  0.000000e+00
    endloop
  endfacet
  facet normal  0.000000e+00  0.000000e+00 -1.000000e+00
    outer loop
      vertex -7.919090e+01 -5.430131e+01  0.000000e+00
      vertex -8.413180e+01 -5.440889e+01  0.000000e+00
      vertex -8.440889e+01 -5.413179e+01  0.000000e+00
    endloop
  endfacet
  facet normal  0.000000e+00  0.000000e+00 -1.000000e+00
    outer loop
      vertex  8.625930e+01  5.707669e+01  0.000000e+00
      vertex  8.588941e+01  5.720612e+01  0.000000e+00
      vertex  9.145163e+01  5.695738e+01  0.000000e+00
    endloop
  endfacet
  facet normal  0.000000e+00  0.000000e+00 -1.000000e+00
    outer loop
      vertex  9.145163e+01  5.695738e+01  0.000000e+00
      vertex  8.659111e+01  5.686821e+01  0.000000e+00
      vertex  8.625930e+01  5.707669e+01  0.000000e+00
    endloop
  endfacet
  facet normal  0.000000e+00  0.000000e+00 -9.999999e-01
    outer loop
      vertex  9.182472e+01 -5.611242e+01  0.000000e+00
      vertex  8.720612e+01 -5.588941e+01  0.000000e+00
      vertex  8.725000e+01 -5.550000e+01  0.000000e+00
    endloop
  endfacet
  facet normal  0.000000e+00  0.000000e+00 -9.999999e-01
    outer loop
      vertex  9.182472e+01 -5.611242e+01  0.000000e+00
      vertex  8.707670e+01 -5.625930e+01  0.000000e+00
      vertex  8.720612e+01 -5.588941e+01  0.000000e+00
    endloop
  endfacet
  facet normal  0.000000e+00  -0.000000e+00 -1.000000e+00
    outer loop
      vertex  7.000000e+01 -5.700000e+01  0.000000e+00
      vertex  7.121277e+01 -5.695668e+01  0.000000e+00
      vertex  8.474070e+01 -5.707669e+01  0.000000e+00
    endloop
  endfacet
  facet normal  0.000000e+00  0.000000e+00 -1.000000e+00
    outer loop
      vertex  7.000000e+01 -5.700000e+01  0.000000e+00
      vertex  8.474070e+01 -5.707669e+01  0.000000e+00
      vertex -8.474070e+01 -5.707669e+01  0.000000e+00
    endloop
  endfacet
  facet normal  0.000000e+00  0.000000e+00 -1.000000e+00
    outer loop
      vertex  7.000000e+01 -5.700000e+01  0.000000e+00
      vertex -8.474070e+01 -5.707669e+01  0.000000e+00
      vertex -7.000000e+01 -5.700000e+01  0.000000e+00
    endloop
  endfacet
  facet normal  -0.000000e+00  0.000000e+00 -1.000000e+00
    outer loop
      vertex -7.000000e+01  5.700000e+01  0.000000e+00
      vertex -7.121277e+01  5.695668e+01  0.000000e+00
      vertex -8.440889e+01  5.686821e+01  0.000000e+00
    endloop
  endfacet
  facet normal  0.000000e+00  0.000000e+00 -9.999999e-01
    outer loop
      vertex -7.000000e+01  5.700000e+01  0.000000e+00
      vertex -8.440889e+01  5.686821e+01  0.000000e+00
      vertex -8.474070e+01  5.707669e+01  0.000000e+00
    endloop
  endfacet
  facet normal  0.000000e+00  0.000000e+00 -1.000000e+00
    outer loop
      vertex -7.000000e+01  5.700000e+01  0.000000e+00
      vertex -8.474070e+01  5.707669e+01  0.000000e+00
      vertex  8.474070e+01  5.707669e+01  0.000000e+00
    endloop
  endfacet
  facet normal  0.000000e+00  0.000000e+00 -1.000000e+00
    outer loop
      vertex -7.000000e+01  5.700000e+01  0.000000e+00
      vertex  8.474070e+01  5.707669e+01  0.000000e+00
      vertex  7.000000e+01  5.700000e+01  0.000000e+00
    endloop
  endfacet
  facet normal  0.000000e+00  0.000000e+00 -1.000000e+00
    outer loop
      vertex -9.100217e+01 -5.776432e+01  0.000000e+00
      vertex -8.611242e+01 -6.182472e+01  0.000000e+00
      vertex -8.695738e+01 -6.145163e+01  0.000000e+00
    endloop
  endfacet
  facet normal  0.000000e+00  0.000000e+00 -1.000000e+00
    outer loop
      vertex -9.100217e+01 -5.776432e+01  0.000000e+00
      vertex -8.695738e+01 -6.145163e+01  0.000000e+00
      vertex -8.776432e+01 -6.100217e+01  0.000000e+00
    endloop
  endfacet
  facet normal  0.000000e+00  0.000000e+00 -1.000000e+00
    outer loop
      vertex -9.100217e+01 -5.776432e+01  0.000000e+00
      vertex -8.776432e+01 -6.100217e+01  0.000000e+00
      vertex -8.852634e+01 -6.048017e+01  0.000000e+00
    endloop
  endfacet
  facet normal  0.000000e+00  0.000000e+00 -1.000000e+00
    outer loop
      vertex -9.100217e+01 -5.776432e+01  0.000000e+00
      vertex -8.852634e+01 -6.048017e+01  0.000000e+00
      vertex -8.923695e+01 -5.989009e+01  0.000000e+00
    endloop
  endfacet
  facet normal  0.000000e+00  0.000000e+00 -1.000000e+00
    outer loop
      vertex -9.100217e+01 -5.776432e+01  0.000000e+00
      vertex -8.923695e+01 -5.989009e+01  0.000000e+00
      vertex -8.989009e+01 -5.923696e+01  0.000000e+00
    endloop
  endfacet
  facet normal  0.000000e+00  0.000000e+00 -1.000000e+00
    outer loop
      vertex -9.100217e+01 -5.776432e+01  0.000000e+00
      vertex -8.989009e+01 -5.923696e+01  0.000000e+00
      vertex -9.048017e+01 -5.852635e+01  0.000000e+00
    endloop
  endfacet
  facet normal  0.000000e+00  -0.000000e+00 -1.000000e+00
    outer loop
      vertex  8.550000e+01 -5.725000e+01  0.000000e+00
      vertex  8.588941e+01 -5.720612e+01  0.000000e+00
      vertex  9.100217e+01 -5.776432e+01  0.000000e+00
    endloop
  endfacet
  facet normal  -0.000000e+00  0.000000e+00 -1.000000e+00
    outer loop
      vertex  8.550000e+01 -5.725000e+01  0.000000e+00
      vertex  9.100217e+01 -5.776432e+01  0.000000e+00
      vertex  9.048017e+01 -5.852635e+01  0.000000e+00
    endloop
  endfacet
  facet normal  -0.000000e+00  0.000000e+00 -1.000000e+00
    outer loop
      vertex  8.550000e+01 -5.725000e+01  0.000000e+00
      vertex  9.048017e+01 -5.852635e+01  0.000000e+00
      vertex  8.989009e+01 -5.923696e+01  0.000000e+00
    endloop
  endfacet
  facet normal  -0.000000e+00  0.000000e+00 -1.000000e+00
    outer loop
      vertex  8.550000e+01 -5.725000e+01  0.000000e+00
      vertex  8.989009e+01 -5.923696e+01  0.000000e+00
      vertex  8.923695e+01 -5.989009e+01  0.000000e+00
    endloop
  endfacet
  facet normal  -0.000000e+00  0.000000e+00 -1.000000e+00
    outer loop
      vertex  8.550000e+01 -5.725000e+01  0.000000e+00
      vertex  8.923695e+01 -5.989009e+01  0.000000e+00
      vertex  8.852634e+01 -6.048017e+01  0.000000e+00
    endloop
  endfacet
  facet normal  -0.000000e+00  0.000000e+00 -1.000000e+00
    outer loop
      vertex  8.550000e+01 -5.725000e+01  0.000000e+00
      vertex  8.852634e+01 -6.048017e+01  0.000000e+00
      vertex  8.776432e+01 -6.100217e+01  0.000000e+00
    endloop
  endfacet
  facet normal  -0.000000e+00  0.000000e+00 -1.000000e+00
    outer loop
      vertex  8.550000e+01 -5.725000e+01  0.000000e+00
      vertex  8.776432e+01 -6.100217e+01  0.000000e+00
      vertex  8.695738e+01 -6.145163e+01  0.000000e+00
    endloop
  endfacet
  facet normal  -0.000000e+00  0.000000e+00 -1.000000e+00
    outer loop
      vertex  8.550000e+01 -5.725000e+01  0.000000e+00
      vertex  8.695738e+01 -6.145163e+01  0.000000e+00
      vertex  8.611242e+01 -6.182472e+01  0.000000e+00
    endloop
  endfacet
  facet normal  -0.000000e+00  0.000000e+00 -1.000000e+00
    outer loop
      vertex  8.550000e+01 -5.725000e+01  0.000000e+00
      vertex  8.611242e+01 -6.182472e+01  0.000000e+00
      vertex  8.523663e+01 -6.211826e+01  0.000000e+00
    endloop
  endfacet
  facet normal  0.000000e+00  0.000000e+00 -1.000000e+00
    outer loop
      vertex -8.550000e+01  5.725000e+01  0.000000e+00
      vertex -9.100217e+01  5.776432e+01  0.000000e+00
      vertex -9.048017e+01  5.852635e+01  0.000000e+00
    endloop
  endfacet
  facet normal  0.000000e+00  0.000000e+00 -1.000000e+00
    outer loop
      vertex -8.550000e+01  5.725000e+01  0.000000e+00
      vertex -9.048017e+01  5.852635e+01  0.000000e+00
      vertex -8.989009e+01  5.923696e+01  0.000000e+00
    endloop
  endfacet
  facet normal  0.000000e+00  0.000000e+00 -1.000000e+00
    outer loop
      vertex -8.550000e+01  5.725000e+01  0.000000e+00
      vertex -8.989009e+01  5.923696e+01  0.000000e+00
      vertex -8.923695e+01  5.989009e+01  0.000000e+00
    endloop
  endfacet
  facet normal  0.000000e+00  0.000000e+00 -1.000000e+00
    outer loop
      vertex -8.550000e+01  5.725000e+01  0.000000e+00
      vertex -8.923695e+01  5.989009e+01  0.000000e+00
      vertex -8.852634e+01  6.048017e+01  0.000000e+00
    endloop
  endfacet
  facet normal  0.000000e+00  0.000000e+00 -1.000000e+00
    outer loop
      vertex -8.550000e+01  5.725000e+01  0.000000e+00
      vertex -8.852634e+01  6.048017e+01  0.000000e+00
      vertex -8.776432e+01  6.100217e+01  0.000000e+00
    endloop
  endfacet
  facet normal  0.000000e+00  0.000000e+00 -1.000000e+00
    outer loop
      vertex -8.550000e+01  5.725000e+01  0.000000e+00
      vertex -8.776432e+01  6.100217e+01  0.000000e+00
      vertex -8.695738e+01  6.145163e+01  0.000000e+00
    endloop
  endfacet
  facet normal  0.000000e+00  0.000000e+00 -1.000000e+00
    outer loop
      vertex -8.550000e+01  5.725000e+01  0.000000e+00
      vertex -8.695738e+01  6.145163e+01  0.000000e+00
      vertex -8.611242e+01  6.182472e+01  0.000000e+00
    endloop
  endfacet
  facet normal  0.000000e+00  0.000000e+00 -1.000000e+00
    outer loop
      vertex -8.550000e+01  5.725000e+01  0.000000e+00
      vertex -8.611242e+01  6.182472e+01  0.000000e+00
      vertex -8.523663e+01  6.211826e+01  0.000000e+00
    endloop
  endfacet
  facet normal  0.000000e+00  -0.000000e+00 -9.999999e-01
    outer loop
      vertex -8.550000e+01  5.725000e+01  0.000000e+00
      vertex -8.523663e+01  6.211826e+01  0.000000e+00
      vertex  8.523663e+01  6.211826e+01  0.000000e+00
    endloop
  endfacet
  facet normal  0.000000e+00  -0.000000e+00 -9.999999e-01
    outer loop
      vertex -8.550000e+01  5.725000e+01  0.000000e+00
      vertex  8.523663e+01  6.211826e+01  0.000000e+00
      vertex  8.611242e+01  6.182472e+01  0.000000e+00
    endloop
  endfacet
  facet normal  0.000000e+00  0.000000e+00 -1.000000e+00
    outer loop
      vertex -8.550000e+01  5.725000e+01  0.000000e+00
      vertex  8.611242e+01  6.182472e+01  0.000000e+00
      vertex  8.550000e+01  5.725000e+01  0.000000e+00
    endloop
  endfacet
  facet normal  -0.000000e+00  0.000000e+00 -1.000000e+00
    outer loop
      vertex -8.550000e+01  5.725000e+01  0.000000e+00
      vertex  8.550000e+01  5.725000e+01  0.000000e+00
      vertex  8.511059e+01  5.720612e+01  0.000000e+00
    endloop
  endfacet
  facet normal  0.000000e+00  0.000000e+00 -1.000000e+00
    outer loop
      vertex -8.550000e+01  5.725000e+01  0.000000e+00
      vertex  8.511059e+01  5.720612e+01  0.000000e+00
      vertex -8.511059e+01  5.720612e+01  0.000000e+00
    endloop
  endfacet
  facet normal  0.000000e+00  -0.000000e+00 -1.000000e+00
    outer loop
      vertex -9.145163e+01  5.695738e+01  0.000000e+00
      vertex -9.100217e+01  5.776432e+01  0.000000e+00
      vertex -8.550000e+01  5.725000e+01  0.000000e+00
    endloop
  endfacet
  facet normal  0.000000e+00  0.000000e+00 -1.000000e+00
    outer loop
      vertex -9.145163e+01  5.695738e+01  0.000000e+00
      vertex -8.550000e+01  5.725000e+01  0.000000e+00
      vertex -8.588941e+01  5.720612e+01  0.000000e+00
    endloop
  endfacet
  facet normal  0.000000e+00  0.000000e+00 -1.000000e+00
    outer loop
      vertex -9.145163e+01  5.695738e+01  0.000000e+00
      vertex -8.588941e+01  5.720612e+01  0.000000e+00
      vertex -8.625930e+01  5.707669e+01  0.000000e+00
    endloop
  endfacet
  facet normal  0.000000e+00  0.000000e+00 -1.000000e+00
    outer loop
      vertex -9.145163e+01  5.695738e+01  0.000000e+00
      vertex -8.625930e+01  5.707669e+01  0.000000e+00
      vertex -8.659111e+01  5.686821e+01  0.000000e+00
    endloop
  endfacet
  facet normal  0.000000e+00  -0.000000e+00 -1.000000e+00
    outer loop
      vertex -9.182472e+01  5.611242e+01  0.000000e+00
      vertex -9.145163e+01  5.695738e+01  0.000000e+00
      vertex -8.659111e+01  5.686821e+01  0.000000e+00
    endloop
  endfacet
  facet normal  0.000000e+00  0.000000e+00 -1.000000e+00
    outer loop
      vertex -9.182472e+01  5.611242e+01  0.000000e+00
      vertex -8.659111e+01  5.686821e+01  0.000000e+00
      vertex -8.686820e+01  5.659111e+01  0.000000e+00
    endloop
  endfacet
  facet normal  0.000000e+00  0.000000e+00 -1.000000e+00
    outer loop
      vertex -9.182472e+01  5.611242e+01  0.000000e+00
      vertex -8.686820e+01  5.659111e+01  0.000000e+00
      vertex -8.707670e+01  5.625930e+01  0.000000e+00
    endloop
  endfacet
  facet normal  0.000000e+00  0.000000e+00 -9.999999e-01
    outer loop
      vertex -9.182472e+01  5.611242e+01  0.000000e+00
      vertex -8.707670e+01  5.625930e+01  0.000000e+00
      vertex -8.720612e+01  5.588941e+01  0.000000e+00
    endloop
  endfacet
  facet normal  -0.000000e+00  0.000000e+00 -1.000000e+00
    outer loop
      vertex -9.182472e+01  5.611242e+01  0.000000e+00
      vertex -8.720612e+01  5.588941e+01  0.000000e+00
      vertex -9.211826e+01  5.523663e+01  0.000000e+00
    endloop
  endfacet
  facet normal  0.000000e+00  -0.000000e+00 -1.000000e+00
    outer loop
      vertex -9.232973e+01  5.433749e+01  0.000000e+00
      vertex -9.211826e+01  5.523663e+01  0.000000e+00
      vertex -8.720612e+01  5.511059e+01  0.000000e+00
    endloop
  endfacet
  facet normal  0.000000e+00  -0.000000e+00 -1.000000e+00
    outer loop
      vertex -9.232973e+01  5.433749e+01  0.000000e+00
      vertex -8.720612e+01  5.511059e+01  0.000000e+00
      vertex -8.707670e+01  5.474070e+01  0.000000e+00
    endloop
  endfacet
  facet normal  0.000000e+00  -0.000000e+00 -9.999999e-01
    outer loop
      vertex -9.232973e+01  5.433749e+01  0.000000e+00
      vertex -8.707670e+01  5.474070e+01  0.000000e+00
      vertex -8.686820e+01  5.440889e+01  0.000000e+00
    endloop
  endfacet
  facet normal  0.000000e+00  -0.000000e+00 -1.000000e+00
    outer loop
      vertex -9.232973e+01  5.433749e+01  0.000000e+00
      vertex -8.686820e+01  5.440889e+01  0.000000e+00
      vertex -8.659111e+01  5.413179e+01  0.000000e+00
    endloop
  endfacet
  facet normal  -0.000000e+00  0.000000e+00 -1.000000e+00
    outer loop
      vertex -9.232973e+01  5.433749e+01  0.000000e+00
      vertex -8.659111e+01  5.413179e+01  0.000000e+00
      vertex -9.245734e+01  5.342268e+01  0.000000e+00
    endloop
  endfacet
  facet normal  0.000000e+00  -0.000000e+00 -1.000000e+00
    outer loop
      vertex -9.245734e+01  5.342268e+01  0.000000e+00
      vertex -8.659111e+01  5.413179e+01  0.000000e+00
      vertex -8.625930e+01  5.392331e+01  0.000000e+00
    endloop
  endfacet
  facet normal  0.000000e+00  -0.000000e+00 -1.000000e+00
    outer loop
      vertex -9.245734e+01  5.342268e+01  0.000000e+00
      vertex -8.625930e+01  5.392331e+01  0.000000e+00
      vertex -8.588941e+01  5.379388e+01  0.000000e+00
    endloop
  endfacet
  facet normal  0.000000e+00  -0.000000e+00 -1.000000e+00
    outer loop
      vertex -9.245734e+01  5.342268e+01  0.000000e+00
      vertex -8.588941e+01  5.379388e+01  0.000000e+00
      vertex -8.550000e+01  5.375000e+01  0.000000e+00
    endloop
  endfacet
  facet normal  0.000000e+00  -0.000000e+00 -1.000000e+00
    outer loop
      vertex -9.245734e+01  5.342268e+01  0.000000e+00
      vertex -8.550000e+01  5.375000e+01  0.000000e+00
      vertex -8.546375e+01  4.706205e+01  0.000000e+00
    endloop
  endfacet
  facet normal  -0.000000e+00  0.000000e+00 -9.999999e-01
    outer loop
      vertex -9.245734e+01  5.342268e+01  0.000000e+00
      vertex -8.546375e+01  4.706205e+01  0.000000e+00
      vertex -8.592815e+01  4.594089e+01  0.000000e+00
    endloop
  endfacet
  facet normal  0.000000e+00  0.000000e+00 -1.000000e+00
    outer loop
      vertex -9.245734e+01  5.342268e+01  0.000000e+00
      vertex -8.592815e+01  4.594089e+01  0.000000e+00
      vertex -9.250000e+01  5.250000e+01  0.000000e+00
    endloop
  endfacet
  facet normal  -0.000000e+00  0.000000e+00 -9.999999e-01
    outer loop
      vertex -9.250000e+01  5.250000e+01  0.000000e+00
      vertex -8.592815e+01  4.594089e+01  0.000000e+00
      vertex -8.631138e+01  4.478945e+01  0.000000e+00
    endloop
  endfacet
  facet normal  -0.000000e+00  0.000000e+00 -1.000000e+00
    outer loop
      vertex -9.250000e+01  5.250000e+01  0.000000e+00
      vertex -8.631138e+01  4.478945e+01  0.000000e+00
      vertex -8.661150e+01  4.361361e+01  0.000000e+00
    endloop
  endfacet
  facet normal  -0.000000e+00  0.000000e+00 -1.000000e+00
    outer loop
      vertex -9.250000e+01  5.250000e+01  0.000000e+00
      vertex -8.661150e+01  4.361361e+01  0.000000e+00
      vertex -8.682697e+01  4.241935e+01  0.000000e+00
    endloop
  endfacet
  facet normal  -0.000000e+00  0.000000e+00 -1.000000e+00
    outer loop
      vertex -9.250000e+01  5.250000e+01  0.000000e+00
      vertex -8.682697e+01  4.241935e+01  0.000000e+00
      vertex -8.695669e+01  4.121276e+01  0.000000e+00
    endloop
  endfacet
  facet normal  -0.000000e+00  0.000000e+00 -1.000000e+00
    outer loop
      vertex -9.250000e+01  5.250000e+01  0.000000e+00
      vertex -8.695669e+01  4.121276e+01  0.000000e+00
      vertex -8.700000e+01  4.000000e+01  0.000000e+00
    endloop
  endfacet
  facet normal  -0.000000e+00  -0.000000e+00 -9.999999e-01
    outer loop
      vertex -9.250000e+01  5.250000e+01  0.000000e+00
      vertex -8.700000e+01  4.000000e+01  0.000000e+00
      vertex -8.700000e+01 -4.000000e+01  0.000000e+00
    endloop
  endfacet
  facet normal  -0.000000e+00  0.000000e+00 -1.000000e+00
    outer loop
      vertex -9.250000e+01  5.250000e+01  0.000000e+00
      vertex -8.700000e+01 -4.000000e+01  0.000000e+00
      vertex -9.250000e+01 -5.250000e+01  0.000000e+00
    endloop
  endfacet
  facet normal  0.000000e+00  -0.000000e+00 -1.000000e+00
    outer loop
      vertex -9.250000e+01 -5.250000e+01  0.000000e+00
      vertex -8.700000e+01 -4.000000e+01  0.000000e+00
      vertex -8.695669e+01 -4.121276e+01  0.000000e+00
    endloop
  endfacet
  facet normal  0.000000e+00  -0.000000e+00 -1.000000e+00
    outer loop
      vertex -9.250000e+01 -5.250000e+01  0.000000e+00
      vertex -8.695669e+01 -4.121276e+01  0.000000e+00
      vertex -8.682697e+01 -4.241935e+01  0.000000e+00
    endloop
  endfacet
  facet normal  0.000000e+00  -0.000000e+00 -1.000000e+00
    outer loop
      vertex -9.250000e+01 -5.250000e+01  0.000000e+00
      vertex -8.682697e+01 -4.241935e+01  0.000000e+00
      vertex -8.661150e+01 -4.361361e+01  0.000000e+00
    endloop
  endfacet
  facet normal  0.000000e+00  -0.000000e+00 -1.000000e+00
    outer loop
      vertex -9.250000e+01 -5.250000e+01  0.000000e+00
      vertex -8.661150e+01 -4.361361e+01  0.000000e+00
      vertex -8.631138e+01 -4.478945e+01  0.000000e+00
    endloop
  endfacet
  facet normal  0.000000e+00  -0.000000e+00 -9.999999e-01
    outer loop
      vertex -9.250000e+01 -5.250000e+01  0.000000e+00
      vertex -8.631138e+01 -4.478945e+01  0.000000e+00
      vertex -8.592815e+01 -4.594089e+01  0.000000e+00
    endloop
  endfacet
  facet normal  0.000000e+00  -0.000000e+00 -1.000000e+00
    outer loop
      vertex -9.250000e+01 -5.250000e+01  0.000000e+00
      vertex -8.592815e+01 -4.594089e+01  0.000000e+00
      vertex -8.546375e+01 -4.706205e+01  0.000000e+00
    endloop
  endfacet
  facet normal  0.000000e+00  0.000000e+00 -1.000000e+00
    outer loop
      vertex -9.250000e+01 -5.250000e+01  0.000000e+00
      vertex -8.546375e+01 -4.706205e+01  0.000000e+00
      vertex -8.550000e+01 -5.375000e+01  0.000000e+00
    endloop
  endfacet
  facet normal  0.000000e+00  0.000000e+00 -1.000000e+00
    outer loop
      vertex -9.250000e+01 -5.250000e+01  0.000000e+00
      vertex -8.550000e+01 -5.375000e+01  0.000000e+00
      vertex -9.245734e+01 -5.342268e+01  0.000000e+00
    endloop
  endfacet
  facet normal  0.000000e+00  0.000000e+00 -1.000000e+00
    outer loop
      vertex -9.232973e+01 -5.433749e+01  0.000000e+00
      vertex -9.245734e+01 -5.342268e+01  0.000000e+00
      vertex -8.550000e+01 -5.375000e+01  0.000000e+00
    endloop
  endfacet
  facet normal  0.000000e+00  0.000000e+00 -1.000000e+00
    outer loop
      vertex -9.232973e+01 -5.433749e+01  0.000000e+00
      vertex -8.550000e+01 -5.375000e+01  0.000000e+00
      vertex -8.588941e+01 -5.379388e+01  0.000000e+00
    endloop
  endfacet
  facet normal  0.000000e+00  0.000000e+00 -1.000000e+00
    outer loop
      vertex -9.232973e+01 -5.433749e+01  0.000000e+00
      vertex -8.588941e+01 -5.379388e+01  0.000000e+00
      vertex -8.625930e+01 -5.392331e+01  0.000000e+00
    endloop
  endfacet
  facet normal  0.000000e+00  0.000000e+00 -1.000000e+00
    outer loop
      vertex -9.232973e+01 -5.433749e+01  0.000000e+00
      vertex -8.625930e+01 -5.392331e+01  0.000000e+00
      vertex -8.659111e+01 -5.413179e+01  0.000000e+00
    endloop
  endfacet
  facet normal  0.000000e+00  0.000000e+00 -1.000000e+00
    outer loop
      vertex -9.232973e+01 -5.433749e+01  0.000000e+00
      vertex -8.659111e+01 -5.413179e+01  0.000000e+00
      vertex -8.686820e+01 -5.440889e+01  0.000000e+00
    endloop
  endfacet
  facet normal  0.000000e+00  0.000000e+00 -1.000000e+00
    outer loop
      vertex -9.211826e+01 -5.523663e+01  0.000000e+00
      vertex -9.232973e+01 -5.433749e+01  0.000000e+00
      vertex -8.686820e+01 -5.440889e+01  0.000000e+00
    endloop
  endfacet
  facet normal  0.000000e+00  0.000000e+00 -1.000000e+00
    outer loop
      vertex -9.211826e+01 -5.523663e+01  0.000000e+00
      vertex -8.686820e+01 -5.440889e+01  0.000000e+00
      vertex -8.707670e+01 -5.474070e+01  0.000000e+00
    endloop
  endfacet
  facet normal  0.000000e+00  0.000000e+00 -1.000000e+00
    outer loop
      vertex -9.211826e+01 -5.523663e+01  0.000000e+00
      vertex -8.707670e+01 -5.474070e+01  0.000000e+00
      vertex -8.720612e+01 -5.511059e+01  0.000000e+00
    endloop
  endfacet
  facet normal -2.934686e-17  1.143717e-15 -1.000000e+00
    outer loop
      vertex -9.211826e+01 -5.523663e+01  0.000000e+00
      vertex -8.720612e+01 -5.511059e+01  0.000000e+00
      vertex -8.725000e+01 -5.550000e+01 -4.440892e-16
    endloop
  endfacet
  facet normal -9.290603e-17 -3.113891e-17 -1.000000e+00
    outer loop
      vertex -9.211826e+01 -5.523663e+01  0.000000e+00
      vertex -8.725000e+01 -5.550000e+01 -4.440892e-16
      vertex -9.182472e+01 -5.611242e+01  0.000000e+00
    endloop
  endfacet
  facet normal  0.000000e+00  0.000000e+00 -1.000000e+00
    outer loop
      vertex -9.145163e+01 -5.695738e+01  0.000000e+00
      vertex -9.182472e+01 -5.611242e+01  0.000000e+00
      vertex -8.707670e+01 -5.625930e+01  0.000000e+00
    endloop
  endfacet
  facet normal  0.000000e+00  -0.000000e+00 -9.999999e-01
    outer loop
      vertex -9.145163e+01 -5.695738e+01  0.000000e+00
      vertex -8.707670e+01 -5.625930e+01  0.000000e+00
      vertex -8.686820e+01 -5.659111e+01  0.000000e+00
    endloop
  endfacet
  facet normal  0.000000e+00  -0.000000e+00 -1.000000e+00
    outer loop
      vertex -9.145163e+01 -5.695738e+01  0.000000e+00
      vertex -8.686820e+01 -5.659111e+01  0.000000e+00
      vertex -8.659111e+01 -5.686821e+01  0.000000e+00
    endloop
  endfacet
  facet normal  0.000000e+00  -0.000000e+00 -1.000000e+00
    outer loop
      vertex -9.145163e+01 -5.695738e+01  0.000000e+00
      vertex -8.659111e+01 -5.686821e+01  0.000000e+00
      vertex -8.625930e+01 -5.707669e+01  0.000000e+00
    endloop
  endfacet
  facet normal  -0.000000e+00  0.000000e+00 -1.000000e+00
    outer loop
      vertex -9.145163e+01 -5.695738e+01  0.000000e+00
      vertex -8.625930e+01 -5.707669e+01  0.000000e+00
      vertex -9.100217e+01 -5.776432e+01  0.000000e+00
    endloop
  endfacet
  facet normal  0.000000e+00  0.000000e+00 -1.000000e+00
    outer loop
      vertex -8.018772e+01  5.360920e+01  0.000000e+00
      vertex -8.550000e+01  5.375000e+01  0.000000e+00
      vertex -8.511059e+01  5.379388e+01  0.000000e+00
    endloop
  endfacet
  facet normal  0.000000e+00  0.000000e+00 -1.000000e+00
    outer loop
      vertex -8.018772e+01  5.360920e+01  0.000000e+00
      vertex -8.511059e+01  5.379388e+01  0.000000e+00
      vertex -8.474070e+01  5.392331e+01  0.000000e+00
    endloop
  endfacet
  facet normal  0.000000e+00  0.000000e+00 -1.000000e+00
    outer loop
      vertex -8.018772e+01  5.360920e+01  0.000000e+00
      vertex -8.474070e+01  5.392331e+01  0.000000e+00
      vertex -8.440889e+01  5.413179e+01  0.000000e+00
    endloop
  endfacet
  facet normal  0.000000e+00  0.000000e+00 -1.000000e+00
    outer loop
      vertex -8.018772e+01  5.360920e+01  0.000000e+00
      vertex -8.440889e+01  5.413179e+01  0.000000e+00
      vertex -8.413180e+01  5.440889e+01  0.000000e+00
    endloop
  endfacet
  facet normal  0.000000e+00  0.000000e+00 -1.000000e+00
    outer loop
      vertex -8.018772e+01  5.360920e+01  0.000000e+00
      vertex -8.413180e+01  5.440889e+01  0.000000e+00
      vertex -7.919090e+01  5.430131e+01  0.000000e+00
    endloop
  endfacet
  facet normal  -0.000000e+00  0.000000e+00 -1.000000e+00
    outer loop
      vertex -8.550000e+01  5.375000e+01  0.000000e+00
      vertex -8.018772e+01  5.360920e+01  0.000000e+00
      vertex -8.113263e+01  5.284774e+01  0.000000e+00
    endloop
  endfacet
  facet normal  -0.000000e+00  0.000000e+00 -1.000000e+00
    outer loop
      vertex -8.550000e+01  5.375000e+01  0.000000e+00
      vertex -8.113263e+01  5.284774e+01  0.000000e+00
      vertex -8.202081e+01  5.202082e+01  0.000000e+00
    endloop
  endfacet
  facet normal  -0.000000e+00  0.000000e+00 -1.000000e+00
    outer loop
      vertex -8.550000e+01  5.375000e+01  0.000000e+00
      vertex -8.202081e+01  5.202082e+01  0.000000e+00
      vertex -8.284774e+01  5.113263e+01  0.000000e+00
    endloop
  endfacet
  facet normal  -0.000000e+00  0.000000e+00 -1.000000e+00
    outer loop
      vertex -8.550000e+01  5.375000e+01  0.000000e+00
      vertex -8.284774e+01  5.113263e+01  0.000000e+00
      vertex -8.360920e+01  5.018772e+01  0.000000e+00
    endloop
  endfacet
  facet normal  -0.000000e+00  0.000000e+00 -1.000000e+00
    outer loop
      vertex -8.550000e+01  5.375000e+01  0.000000e+00
      vertex -8.360920e+01  5.018772e+01  0.000000e+00
      vertex -8.430131e+01  4.919090e+01  0.000000e+00
    endloop
  endfacet
  facet normal  -0.000000e+00  0.000000e+00 -1.000000e+00
    outer loop
      vertex -8.550000e+01  5.375000e+01  0.000000e+00
      vertex -8.430131e+01  4.919090e+01  0.000000e+00
      vertex -8.492054e+01  4.814723e+01  0.000000e+00
    endloop
  endfacet
  facet normal  -0.000000e+00  0.000000e+00 -1.000000e+00
    outer loop
      vertex -8.550000e+01  5.375000e+01  0.000000e+00
      vertex -8.492054e+01  4.814723e+01  0.000000e+00
      vertex -8.546375e+01  4.706205e+01  0.000000e+00
    endloop
  endfacet
  facet normal  0.000000e+00  0.000000e+00 -9.999999e-01
    outer loop
      vertex  8.018772e+01  5.360920e+01  0.000000e+00
      vertex  7.919090e+01  5.430131e+01  0.000000e+00
      vertex  8.413180e+01  5.440889e+01  0.000000e+00
    endloop
  endfacet
  facet normal  0.000000e+00  -0.000000e+00 -1.000000e+00
    outer loop
      vertex  8.018772e+01  5.360920e+01  0.000000e+00
      vertex  8.413180e+01  5.440889e+01  0.000000e+00
      vertex  8.440889e+01  5.413179e+01  0.000000e+00
    endloop
  endfacet
  facet normal  0.000000e+00  -0.000000e+00 -1.000000e+00
    outer loop
      vertex  8.018772e+01  5.360920e+01  0.000000e+00
      vertex  8.440889e+01  5.413179e+01  0.000000e+00
      vertex  8.474070e+01  5.392331e+01  0.000000e+00
    endloop
  endfacet
  facet normal  0.000000e+00  -0.000000e+00 -1.000000e+00
    outer loop
      vertex  8.018772e+01  5.360920e+01  0.000000e+00
      vertex  8.474070e+01  5.392331e+01  0.000000e+00
      vertex  8.511059e+01  5.379388e+01  0.000000e+00
    endloop
  endfacet
  facet normal  0.000000e+00  -0.000000e+00 -1.000000e+00
    outer loop
      vertex  8.018772e+01  5.360920e+01  0.000000e+00
      vertex  8.511059e+01  5.379388e+01  0.000000e+00
      vertex  8.550000e+01  5.375000e+01  0.000000e+00
    endloop
  endfacet
  facet normal  0.000000e+00  0.000000e+00 -1.000000e+00
    outer loop
      vertex  8.018772e+01  5.360920e+01  0.000000e+00
      vertex  8.550000e+01  5.375000e+01  0.000000e+00
      vertex  8.113263e+01  5.284774e+01  0.000000e+00
    endloop
  endfacet
  facet normal  -0.000000e+00  -0.000000e+00 -1.000000e+00
    outer loop
      vertex  8.550000e+01  5.375000e+01  0.000000e+00
      vertex  9.245734e+01  5.342268e+01  0.000000e+00
      vertex  9.250000e+01  5.250000e+01  0.000000e+00
    endloop
  endfacet
  facet normal  -0.000000e+00  0.000000e+00 -9.999999e-01
    outer loop
      vertex  8.550000e+01  5.375000e+01  0.000000e+00
      vertex  9.250000e+01  5.250000e+01  0.000000e+00
      vertex  8.592815e+01  4.594089e+01  0.000000e+00
    endloop
  endfacet
  facet normal  0.000000e+00  0.000000e+00 -1.000000e+00
    outer loop
      vertex  8.550000e+01  5.375000e+01  0.000000e+00
      vertex  8.592815e+01  4.594089e+01  0.000000e+00
      vertex  8.546375e+01  4.706205e+01  0.000000e+00
    endloop
  endfacet
  facet normal  0.000000e+00  0.000000e+00 -9.999999e-01
    outer loop
      vertex  8.550000e+01  5.375000e+01  0.000000e+00
      vertex  8.546375e+01  4.706205e+01  0.000000e+00
      vertex  8.492054e+01  4.814723e+01  0.000000e+00
    endloop
  endfacet
  facet normal  0.000000e+00  0.000000e+00 -1.000000e+00
    outer loop
      vertex  8.550000e+01  5.375000e+01  0.000000e+00
      vertex  8.492054e+01  4.814723e+01  0.000000e+00
      vertex  8.430131e+01  4.919090e+01  0.000000e+00
    endloop
  endfacet
  facet normal  0.000000e+00  0.000000e+00 -1.000000e+00
    outer loop
      vertex  8.550000e+01  5.375000e+01  0.000000e+00
      vertex  8.430131e+01  4.919090e+01  0.000000e+00
      vertex  8.360920e+01  5.018772e+01  0.000000e+00
    endloop
  endfacet
  facet normal  0.000000e+00  0.000000e+00 -1.000000e+00
    outer loop
      vertex  8.550000e+01  5.375000e+01  0.000000e+00
      vertex  8.360920e+01  5.018772e+01  0.000000e+00
      vertex  8.284774e+01  5.113263e+01  0.000000e+00
    endloop
  endfacet
  facet normal  0.000000e+00  0.000000e+00 -1.000000e+00
    outer loop
      vertex  8.550000e+01  5.375000e+01  0.000000e+00
      vertex  8.284774e+01  5.113263e+01  0.000000e+00
      vertex  8.202081e+01  5.202082e+01  0.000000e+00
    endloop
  endfacet
  facet normal  0.000000e+00  0.000000e+00 -1.000000e+00
    outer loop
      vertex  8.550000e+01  5.375000e+01  0.000000e+00
      vertex  8.202081e+01  5.202082e+01  0.000000e+00
      vertex  8.113263e+01  5.284774e+01  0.000000e+00
    endloop
  endfacet
  facet normal  0.000000e+00  0.000000e+00 -1.000000e+00
    outer loop
      vertex  8.550000e+01 -5.375000e+01  0.000000e+00
      vertex  8.511059e+01 -5.379388e+01  0.000000e+00
      vertex  8.018772e+01 -5.360920e+01  0.000000e+00
    endloop
  endfacet
  facet normal  0.000000e+00  0.000000e+00 -1.000000e+00
    outer loop
      vertex  8.550000e+01 -5.375000e+01  0.000000e+00
      vertex  8.018772e+01 -5.360920e+01  0.000000e+00
      vertex  8.113263e+01 -5.284774e+01  0.000000e+00
    endloop
  endfacet
  facet normal  0.000000e+00  0.000000e+00 -1.000000e+00
    outer loop
      vertex  8.550000e+01 -5.375000e+01  0.000000e+00
      vertex  8.113263e+01 -5.284774e+01  0.000000e+00
      vertex  8.202081e+01 -5.202082e+01  0.000000e+00
    endloop
  endfacet
  facet normal  0.000000e+00  0.000000e+00 -1.000000e+00
    outer loop
      vertex  8.550000e+01 -5.375000e+01  0.000000e+00
      vertex  8.202081e+01 -5.202082e+01  0.000000e+00
      vertex  8.284774e+01 -5.113263e+01  0.000000e+00
    endloop
  endfacet
  facet normal  0.000000e+00  0.000000e+00 -1.000000e+00
    outer loop
      vertex  8.550000e+01 -5.375000e+01  0.000000e+00
      vertex  8.284774e+01 -5.113263e+01  0.000000e+00
      vertex  8.360920e+01 -5.018772e+01  0.000000e+00
    endloop
  endfacet
  facet normal  0.000000e+00  0.000000e+00 -1.000000e+00
    outer loop
      vertex  8.550000e+01 -5.375000e+01  0.000000e+00
      vertex  8.360920e+01 -5.018772e+01  0.000000e+00
      vertex  8.430131e+01 -4.919090e+01  0.000000e+00
    endloop
  endfacet
  facet normal  0.000000e+00  0.000000e+00 -1.000000e+00
    outer loop
      vertex  8.550000e+01 -5.375000e+01  0.000000e+00
      vertex  8.430131e+01 -4.919090e+01  0.000000e+00
      vertex  8.492054e+01 -4.814723e+01  0.000000e+00
    endloop
  endfacet
  facet normal  0.000000e+00  0.000000e+00 -1.000000e+00
    outer loop
      vertex  8.550000e+01 -5.375000e+01  0.000000e+00
      vertex  8.492054e+01 -4.814723e+01  0.000000e+00
      vertex  8.546375e+01 -4.706205e+01  0.000000e+00
    endloop
  endfacet
  facet normal  0.000000e+00  0.000000e+00 -1.000000e+00
    outer loop
      vertex  8.550000e+01 -5.375000e+01  0.000000e+00
      vertex  8.546375e+01 -4.706205e+01  0.000000e+00
      vertex  8.592815e+01 -4.594089e+01  0.000000e+00
    endloop
  endfacet
  facet normal  0.000000e+00  -0.000000e+00 -9.999999e-01
    outer loop
      vertex  8.550000e+01 -5.375000e+01  0.000000e+00
      vertex  8.592815e+01 -4.594089e+01  0.000000e+00
      vertex  9.250000e+01 -5.250000e+01  0.000000e+00
    endloop
  endfacet
  facet normal  0.000000e+00  0.000000e+00 -1.000000e+00
    outer loop
      vertex  8.550000e+01 -5.375000e+01  0.000000e+00
      vertex  9.250000e+01 -5.250000e+01  0.000000e+00
      vertex  9.245734e+01 -5.342268e+01  0.000000e+00
    endloop
  endfacet
  facet normal  0.000000e+00  0.000000e+00 -1.000000e+00
    outer loop
      vertex  8.550000e+01 -5.375000e+01  0.000000e+00
      vertex  9.245734e+01 -5.342268e+01  0.000000e+00
      vertex  9.232973e+01 -5.433749e+01  0.000000e+00
    endloop
  endfacet
  facet normal  0.000000e+00  -0.000000e+00 -9.999999e-01
    outer loop
      vertex -8.550000e+01 -5.375000e+01  0.000000e+00
      vertex -8.546375e+01 -4.706205e+01  0.000000e+00
      vertex -8.492054e+01 -4.814723e+01  0.000000e+00
    endloop
  endfacet
  facet normal  0.000000e+00  -0.000000e+00 -1.000000e+00
    outer loop
      vertex -8.550000e+01 -5.375000e+01  0.000000e+00
      vertex -8.492054e+01 -4.814723e+01  0.000000e+00
      vertex -8.430131e+01 -4.919090e+01  0.000000e+00
    endloop
  endfacet
  facet normal  0.000000e+00  -0.000000e+00 -1.000000e+00
    outer loop
      vertex -8.550000e+01 -5.375000e+01  0.000000e+00
      vertex -8.430131e+01 -4.919090e+01  0.000000e+00
      vertex -8.360920e+01 -5.018772e+01  0.000000e+00
    endloop
  endfacet
  facet normal  0.000000e+00  -0.000000e+00 -1.000000e+00
    outer loop
      vertex -8.550000e+01 -5.375000e+01  0.000000e+00
      vertex -8.360920e+01 -5.018772e+01  0.000000e+00
      vertex -8.284774e+01 -5.113263e+01  0.000000e+00
    endloop
  endfacet
  facet normal  0.000000e+00  -0.000000e+00 -1.000000e+00
    outer loop
      vertex -8.550000e+01 -5.375000e+01  0.000000e+00
      vertex -8.284774e+01 -5.113263e+01  0.000000e+00
      vertex -8.202081e+01 -5.202082e+01  0.000000e+00
    endloop
  endfacet
  facet normal  0.000000e+00  -0.000000e+00 -1.000000e+00
    outer loop
      vertex -8.550000e+01 -5.375000e+01  0.000000e+00
      vertex -8.202081e+01 -5.202082e+01  0.000000e+00
      vertex -8.113263e+01 -5.284774e+01  0.000000e+00
    endloop
  endfacet
  facet normal  0.000000e+00  -0.000000e+00 -1.000000e+00
    outer loop
      vertex -8.550000e+01 -5.375000e+01  0.000000e+00
      vertex -8.113263e+01 -5.284774e+01  0.000000e+00
      vertex -8.018772e+01 -5.360920e+01  0.000000e+00
    endloop
  endfacet
  facet normal  0.000000e+00  0.000000e+00 -1.000000e+00
    outer loop
      vertex -8.550000e+01 -5.375000e+01  0.000000e+00
      vertex -8.018772e+01 -5.360920e+01  0.000000e+00
      vertex -8.511059e+01 -5.379388e+01  0.000000e+00
    endloop
  endfacet
  facet normal  0.000000e+00  -0.000000e+00 -1.000000e+00
    outer loop
      vertex  8.550000e+01  5.725000e+01  0.000000e+00
      vertex  8.611242e+01  6.182472e+01  0.000000e+00
      vertex  8.695738e+01  6.145163e+01  0.000000e+00
    endloop
  endfacet
  facet normal  0.000000e+00  -0.000000e+00 -1.000000e+00
    outer loop
      vertex  8.550000e+01  5.725000e+01  0.000000e+00
      vertex  8.695738e+01  6.145163e+01  0.000000e+00
      vertex  8.776432e+01  6.100217e+01  0.000000e+00
    endloop
  endfacet
  facet normal  0.000000e+00  -0.000000e+00 -1.000000e+00
    outer loop
      vertex  8.550000e+01  5.725000e+01  0.000000e+00
      vertex  8.776432e+01  6.100217e+01  0.000000e+00
      vertex  8.852634e+01  6.048017e+01  0.000000e+00
    endloop
  endfacet
  facet normal  0.000000e+00  -0.000000e+00 -1.000000e+00
    outer loop
      vertex  8.550000e+01  5.725000e+01  0.000000e+00
      vertex  8.852634e+01  6.048017e+01  0.000000e+00
      vertex  8.923695e+01  5.989009e+01  0.000000e+00
    endloop
  endfacet
  facet normal  0.000000e+00  -0.000000e+00 -1.000000e+00
    outer loop
      vertex  8.550000e+01  5.725000e+01  0.000000e+00
      vertex  8.923695e+01  5.989009e+01  0.000000e+00
      vertex  8.989009e+01  5.923696e+01  0.000000e+00
    endloop
  endfacet
  facet normal  0.000000e+00  -0.000000e+00 -1.000000e+00
    outer loop
      vertex  8.550000e+01  5.725000e+01  0.000000e+00
      vertex  8.989009e+01  5.923696e+01  0.000000e+00
      vertex  9.048017e+01  5.852635e+01  0.000000e+00
    endloop
  endfacet
  facet normal  0.000000e+00  -0.000000e+00 -1.000000e+00
    outer loop
      vertex  8.550000e+01  5.725000e+01  0.000000e+00
      vertex  9.048017e+01  5.852635e+01  0.000000e+00
      vertex  9.100217e+01  5.776432e+01  0.000000e+00
    endloop
  endfacet
  facet normal  0.000000e+00  -0.000000e+00 -1.000000e+00
    outer loop
      vertex  8.550000e+01  5.725000e+01  0.000000e+00
      vertex  9.100217e+01  5.776432e+01  0.000000e+00
      vertex  9.145163e+01  5.695738e+01  0.000000e+00
    endloop
  endfacet
  facet normal  0.000000e+00  0.000000e+00 -1.000000e+00
    outer loop
      vertex  8.550000e+01  5.725000e+01  0.000000e+00
      vertex  9.145163e+01  5.695738e+01  0.000000e+00
      vertex  8.588941e+01  5.720612e+01  0.000000e+00
    endloop
  endfacet
  facet normal  0.000000e+00  0.000000e+00 -1.000000e+00
    outer loop
      vertex  9.245734e+01  5.342268e+01  0.000000e+00
      vertex  8.550000e+01  5.375000e+01  0.000000e+00
      vertex  8.588941e+01  5.379388e+01  0.000000e+00
    endloop
  endfacet
  facet normal  0.000000e+00  0.000000e+00 -1.000000e+00
    outer loop
      vertex  9.245734e+01  5.342268e+01  0.000000e+00
      vertex  8.588941e+01  5.379388e+01  0.000000e+00
      vertex  8.625930e+01  5.392331e+01  0.000000e+00
    endloop
  endfacet
  facet normal  0.000000e+00  0.000000e+00 -1.000000e+00
    outer loop
      vertex  9.245734e+01  5.342268e+01  0.000000e+00
      vertex  8.625930e+01  5.392331e+01  0.000000e+00
      vertex  8.659111e+01  5.413179e+01  0.000000e+00
    endloop
  endfacet
  facet normal  0.000000e+00  0.000000e+00 -1.000000e+00
    outer loop
      vertex  9.245734e+01  5.342268e+01  0.000000e+00
      vertex  8.659111e+01  5.413179e+01  0.000000e+00
      vertex  8.686820e+01  5.440889e+01  0.000000e+00
    endloop
  endfacet
  facet normal  0.000000e+00  0.000000e+00 -1.000000e+00
    outer loop
      vertex  9.245734e+01  5.342268e+01  0.000000e+00
      vertex  8.686820e+01  5.440889e+01  0.000000e+00
      vertex  9.232973e+01  5.433749e+01  0.000000e+00
    endloop
  endfacet
  facet normal  0.000000e+00  0.000000e+00 -1.000000e+00
    outer loop
      vertex  9.250000e+01  5.250000e+01  0.000000e+00
      vertex  9.250000e+01 -5.250000e+01  0.000000e+00
      vertex  8.700000e+01 -4.000000e+01  0.000000e+00
    endloop
  endfacet
  facet normal  0.000000e+00  0.000000e+00 -9.999999e-01
    outer loop
      vertex  9.250000e+01  5.250000e+01  0.000000e+00
      vertex  8.700000e+01 -4.000000e+01  0.000000e+00
      vertex  8.700000e+01  4.000000e+01  0.000000e+00
    endloop
  endfacet
  facet normal  0.000000e+00  0.000000e+00 -1.000000e+00
    outer loop
      vertex  9.250000e+01  5.250000e+01  0.000000e+00
      vertex  8.700000e+01  4.000000e+01  0.000000e+00
      vertex  8.695669e+01  4.121276e+01  0.000000e+00
    endloop
  endfacet
  facet normal  0.000000e+00  0.000000e+00 -1.000000e+00
    outer loop
      vertex  9.250000e+01  5.250000e+01  0.000000e+00
      vertex  8.695669e+01  4.121276e+01  0.000000e+00
      vertex  8.682697e+01  4.241935e+01  0.000000e+00
    endloop
  endfacet
  facet normal  0.000000e+00  0.000000e+00 -1.000000e+00
    outer loop
      vertex  9.250000e+01  5.250000e+01  0.000000e+00
      vertex  8.682697e+01  4.241935e+01  0.000000e+00
      vertex  8.661150e+01  4.361361e+01  0.000000e+00
    endloop
  endfacet
  facet normal  0.000000e+00  0.000000e+00 -1.000000e+00
    outer loop
      vertex  9.250000e+01  5.250000e+01  0.000000e+00
      vertex  8.661150e+01  4.361361e+01  0.000000e+00
      vertex  8.631138e+01  4.478945e+01  0.000000e+00
    endloop
  endfacet
  facet normal  0.000000e+00  0.000000e+00 -9.999999e-01
    outer loop
      vertex  9.250000e+01  5.250000e+01  0.000000e+00
      vertex  8.631138e+01  4.478945e+01  0.000000e+00
      vertex  8.592815e+01  4.594089e+01  0.000000e+00
    endloop
  endfacet
  facet normal  0.000000e+00  0.000000e+00 -9.999999e-01
    outer loop
      vertex  9.250000e+01 -5.250000e+01  0.000000e+00
      vertex  8.592815e+01 -4.594089e+01  0.000000e+00
      vertex  8.631138e+01 -4.478945e+01  0.000000e+00
    endloop
  endfacet
  facet normal  0.000000e+00  0.000000e+00 -1.000000e+00
    outer loop
      vertex  9.250000e+01 -5.250000e+01  0.000000e+00
      vertex  8.631138e+01 -4.478945e+01  0.000000e+00
      vertex  8.661150e+01 -4.361361e+01  0.000000e+00
    endloop
  endfacet
  facet normal  0.000000e+00  0.000000e+00 -1.000000e+00
    outer loop
      vertex  9.250000e+01 -5.250000e+01  0.000000e+00
      vertex  8.661150e+01 -4.361361e+01  0.000000e+00
      vertex  8.682697e+01 -4.241935e+01  0.000000e+00
    endloop
  endfacet
  facet normal  0.000000e+00  0.000000e+00 -1.000000e+00
    outer loop
      vertex  9.250000e+01 -5.250000e+01  0.000000e+00
      vertex  8.682697e+01 -4.241935e+01  0.000000e+00
      vertex  8.695669e+01 -4.121276e+01  0.000000e+00
    endloop
  endfacet
  facet normal  0.000000e+00  0.000000e+00 -1.000000e+00
    outer loop
      vertex  9.250000e+01 -5.250000e+01  0.000000e+00
      vertex  8.695669e+01 -4.121276e+01  0.000000e+00
      vertex  8.700000e+01 -4.000000e+01  0.000000e+00
    endloop
  endfacet
  facet normal  0.000000e+00  0.000000e+00 -9.999999e-01
    outer loop
      vertex  9.232973e+01 -5.433749e+01  0.000000e+00
      vertex  9.211826e+01 -5.523663e+01  0.000000e+00
      vertex  8.707670e+01 -5.474070e+01  0.000000e+00
    endloop
  endfacet
  facet normal  0.000000e+00  0.000000e+00 -9.999999e-01
    outer loop
      vertex  9.232973e+01 -5.433749e+01  0.000000e+00
      vertex  8.707670e+01 -5.474070e+01  0.000000e+00
      vertex  8.686820e+01 -5.440889e+01  0.000000e+00
    endloop
  endfacet
  facet normal  0.000000e+00  0.000000e+00 -1.000000e+00
    outer loop
      vertex  9.232973e+01 -5.433749e+01  0.000000e+00
      vertex  8.686820e+01 -5.440889e+01  0.000000e+00
      vertex  8.659111e+01 -5.413179e+01  0.000000e+00
    endloop
  endfacet
  facet normal  0.000000e+00  0.000000e+00 -1.000000e+00
    outer loop
      vertex  9.232973e+01 -5.433749e+01  0.000000e+00
      vertex  8.659111e+01 -5.413179e+01  0.000000e+00
      vertex  8.625930e+01 -5.392331e+01  0.000000e+00
    endloop
  endfacet
  facet normal  0.000000e+00  0.000000e+00 -1.000000e+00
    outer loop
      vertex  9.232973e+01 -5.433749e+01  0.000000e+00
      vertex  8.625930e+01 -5.392331e+01  0.000000e+00
      vertex  8.588941e+01 -5.379388e+01  0.000000e+00
    endloop
  endfacet
  facet normal  0.000000e+00  0.000000e+00 -1.000000e+00
    outer loop
      vertex  9.232973e+01 -5.433749e+01  0.000000e+00
      vertex  8.588941e+01 -5.379388e+01  0.000000e+00
      vertex  8.550000e+01 -5.375000e+01  0.000000e+00
    endloop
  endfacet
  facet normal  0.000000e+00  0.000000e+00 -9.999999e-01
    outer loop
      vertex  8.523663e+01 -6.211826e+01  0.000000e+00
      vertex -8.523663e+01 -6.211826e+01  0.000000e+00
      vertex  8.550000e+01 -5.725000e+01  0.000000e+00
    endloop
  endfacet
  facet normal  -0.000000e+00  0.000000e+00 -1.000000e+00
    outer loop
      vertex  8.550000e+01 -5.725000e+01  0.000000e+00
      vertex -8.523663e+01 -6.211826e+01  0.000000e+00
      vertex -8.550000e+01 -5.725000e+01  0.000000e+00
    endloop
  endfacet
  facet normal  0.000000e+00  0.000000e+00 -1.000000e+00
    outer loop
      vertex -8.523663e+01 -6.211826e+01  0.000000e+00
      vertex -8.611242e+01 -6.182472e+01  0.000000e+00
      vertex -8.550000e+01 -5.725000e+01  0.000000e+00
    endloop
  endfacet
  facet normal  0.000000e+00  0.000000e+00 -1.000000e+00
    outer loop
      vertex -8.550000e+01 -5.725000e+01  0.000000e+00
      vertex -8.611242e+01 -6.182472e+01  0.000000e+00
      vertex -9.100217e+01 -5.776432e+01  0.000000e+00
    endloop
  endfacet
  facet normal  0.000000e+00  -0.000000e+00 -1.000000e+00
    outer loop
      vertex -8.392330e+01  5.474070e+01  0.000000e+00
      vertex -8.379388e+01  5.511059e+01  0.000000e+00
      vertex -7.814723e+01  5.492054e+01  0.000000e+00
    endloop
  endfacet
  facet normal  0.000000e+00  0.000000e+00 -1.000000e+00
    outer loop
      vertex -7.814723e+01  5.492054e+01  0.000000e+00
      vertex -8.379388e+01  5.511059e+01  0.000000e+00
      vertex -8.375000e+01  5.550000e+01  0.000000e+00
    endloop
  endfacet
  facet normal  0.000000e+00  0.000000e+00 -1.000000e+00
    outer loop
      vertex -7.814723e+01  5.492054e+01  0.000000e+00
      vertex -8.375000e+01  5.550000e+01  0.000000e+00
      vertex -7.706206e+01  5.546375e+01  0.000000e+00
    endloop
  endfacet
  facet normal  0.000000e+00  0.000000e+00 -1.000000e+00
    outer loop
      vertex -7.706206e+01  5.546375e+01  0.000000e+00
      vertex -8.375000e+01  5.550000e+01  0.000000e+00
      vertex -8.379388e+01  5.588941e+01  0.000000e+00
    endloop
  endfacet
  facet normal  0.000000e+00  0.000000e+00 -1.000000e+00
    outer loop
      vertex -7.706206e+01  5.546375e+01  0.000000e+00
      vertex -8.379388e+01  5.588941e+01  0.000000e+00
      vertex -7.594089e+01  5.592815e+01  0.000000e+00
    endloop
  endfacet
  facet normal  -0.000000e+00  0.000000e+00 -1.000000e+00
    outer loop
      vertex -7.594089e+01  5.592815e+01  0.000000e+00
      vertex -8.379388e+01  5.588941e+01  0.000000e+00
      vertex -8.392330e+01  5.625930e+01  0.000000e+00
    endloop
  endfacet
  facet normal  0.000000e+00  0.000000e+00 -1.000000e+00
    outer loop
      vertex -7.594089e+01  5.592815e+01  0.000000e+00
      vertex -8.392330e+01  5.625930e+01  0.000000e+00
      vertex -7.478945e+01  5.631138e+01  0.000000e+00
    endloop
  endfacet
  facet normal  -0.000000e+00  0.000000e+00 -1.000000e+00
    outer loop
      vertex -7.478945e+01  5.631138e+01  0.000000e+00
      vertex -8.392330e+01  5.625930e+01  0.000000e+00
      vertex -8.413180e+01  5.659111e+01  0.000000e+00
    endloop
  endfacet
  facet normal  0.000000e+00  0.000000e+00 -1.000000e+00
    outer loop
      vertex -7.478945e+01  5.631138e+01  0.000000e+00
      vertex -8.413180e+01  5.659111e+01  0.000000e+00
      vertex -7.361361e+01  5.661150e+01  0.000000e+00
    endloop
  endfacet
  facet normal  -0.000000e+00  0.000000e+00 -1.000000e+00
    outer loop
      vertex -7.361361e+01  5.661150e+01  0.000000e+00
      vertex -8.413180e+01  5.659111e+01  0.000000e+00
      vertex -8.440889e+01  5.686821e+01  0.000000e+00
    endloop
  endfacet
  facet normal  0.000000e+00  0.000000e+00 -1.000000e+00
    outer loop
      vertex -7.361361e+01  5.661150e+01  0.000000e+00
      vertex -8.440889e+01  5.686821e+01  0.000000e+00
      vertex -7.241935e+01  5.682697e+01  0.000000e+00
    endloop
  endfacet
  facet normal  0.000000e+00  0.000000e+00 -1.000000e+00
    outer loop
      vertex -8.392330e+01  5.474070e+01  0.000000e+00
      vertex -7.814723e+01  5.492054e+01  0.000000e+00
      vertex -8.413180e+01  5.440889e+01  0.000000e+00
    endloop
  endfacet
  facet normal  0.000000e+00  0.000000e+00 -1.000000e+00
    outer loop
      vertex -8.413180e+01  5.440889e+01  0.000000e+00
      vertex -7.814723e+01  5.492054e+01  0.000000e+00
      vertex -7.919090e+01  5.430131e+01  0.000000e+00
    endloop
  endfacet
  facet normal  0.000000e+00  0.000000e+00 -1.000000e+00
    outer loop
      vertex  8.342268e+01  6.245734e+01  0.000000e+00
      vertex -8.250000e+01  6.250000e+01  0.000000e+00
      vertex  8.250000e+01  6.250000e+01  0.000000e+00
    endloop
  endfacet
  facet normal  0.000000e+00  0.000000e+00 -1.000000e+00
    outer loop
      vertex -8.250000e+01  6.250000e+01  0.000000e+00
      vertex  8.342268e+01  6.245734e+01  0.000000e+00
      vertex -8.342268e+01  6.245734e+01  0.000000e+00
    endloop
  endfacet
  facet normal  0.000000e+00  0.000000e+00 -1.000000e+00
    outer loop
      vertex -8.342268e+01  6.245734e+01  0.000000e+00
      vertex  8.342268e+01  6.245734e+01  0.000000e+00
      vertex  8.433749e+01  6.232973e+01  0.000000e+00
    endloop
  endfacet
  facet normal  0.000000e+00  0.000000e+00 -9.999999e-01
    outer loop
      vertex -8.342268e+01  6.245734e+01  0.000000e+00
      vertex  8.433749e+01  6.232973e+01  0.000000e+00
      vertex -8.433749e+01  6.232973e+01  0.000000e+00
    endloop
  endfacet
  facet normal  0.000000e+00  0.000000e+00 -1.000000e+00
    outer loop
      vertex -8.433749e+01  6.232973e+01  0.000000e+00
      vertex  8.433749e+01  6.232973e+01  0.000000e+00
      vertex  8.523663e+01  6.211826e+01  0.000000e+00
    endloop
  endfacet
  facet normal  0.000000e+00  0.000000e+00 -1.000000e+00
    outer loop
      vertex -8.433749e+01  6.232973e+01  0.000000e+00
      vertex  8.523663e+01  6.211826e+01  0.000000e+00
      vertex -8.523663e+01  6.211826e+01  0.000000e+00
    endloop
  endfacet
  facet normal  0.000000e+00  0.000000e+00 -1.000000e+00
    outer loop
      vertex -8.474070e+01  5.707669e+01  0.000000e+00
      vertex -8.511059e+01  5.720612e+01  0.000000e+00
      vertex  8.474070e+01  5.707669e+01  0.000000e+00
    endloop
  endfacet
  facet normal  0.000000e+00  0.000000e+00 -1.000000e+00
    outer loop
      vertex  8.474070e+01  5.707669e+01  0.000000e+00
      vertex -8.511059e+01  5.720612e+01  0.000000e+00
      vertex  8.511059e+01  5.720612e+01  0.000000e+00
    endloop
  endfacet
  facet normal  0.000000e+00  0.000000e+00 -1.000000e+00
    outer loop
      vertex  7.241935e+01  5.682697e+01  0.000000e+00
      vertex  7.121277e+01  5.695668e+01  0.000000e+00
      vertex  8.440889e+01  5.686821e+01  0.000000e+00
    endloop
  endfacet
  facet normal  0.000000e+00  0.000000e+00 -1.000000e+00
    outer loop
      vertex  8.440889e+01  5.686821e+01  0.000000e+00
      vertex  7.121277e+01  5.695668e+01  0.000000e+00
      vertex  7.000000e+01  5.700000e+01  0.000000e+00
    endloop
  endfacet
  facet normal  0.000000e+00  0.000000e+00 -9.999999e-01
    outer loop
      vertex  8.440889e+01  5.686821e+01  0.000000e+00
      vertex  7.000000e+01  5.700000e+01  0.000000e+00
      vertex  8.474070e+01  5.707669e+01  0.000000e+00
    endloop
  endfacet
  facet normal  0.000000e+00  0.000000e+00 -1.000000e+00
    outer loop
      vertex  8.392330e+01  5.474070e+01  0.000000e+00
      vertex  7.814723e+01  5.492054e+01  0.000000e+00
      vertex  8.379388e+01  5.511059e+01  0.000000e+00
    endloop
  endfacet
  facet normal  -0.000000e+00  0.000000e+00 -1.000000e+00
    outer loop
      vertex  8.379388e+01  5.511059e+01  0.000000e+00
      vertex  7.814723e+01  5.492054e+01  0.000000e+00
      vertex  7.706206e+01  5.546375e+01  0.000000e+00
    endloop
  endfacet
  facet normal -6.018263e-17 -1.147191e-15 -1.000000e+00
    outer loop
      vertex  8.379388e+01  5.511059e+01  0.000000e+00
      vertex  7.706206e+01  5.546375e+01  0.000000e+00
      vertex  8.375000e+01  5.550000e+01 -4.440892e-16
    endloop
  endfacet
  facet normal -6.554367e-17 -1.582373e-16 -1.000000e+00
    outer loop
      vertex  8.375000e+01  5.550000e+01 -4.440892e-16
      vertex  7.706206e+01  5.546375e+01  0.000000e+00
      vertex  7.594089e+01  5.592815e+01  0.000000e+00
    endloop
  endfacet
  facet normal  5.621885e-18  1.139776e-15 -1.000000e+00
    outer loop
      vertex  8.375000e+01  5.550000e+01 -4.440892e-16
      vertex  7.594089e+01  5.592815e+01  0.000000e+00
      vertex  8.379388e+01  5.588941e+01  0.000000e+00
    endloop
  endfacet
  facet normal  0.000000e+00  0.000000e+00 -1.000000e+00
    outer loop
      vertex  8.379388e+01  5.588941e+01  0.000000e+00
      vertex  7.594089e+01  5.592815e+01  0.000000e+00
      vertex  7.478945e+01  5.631138e+01  0.000000e+00
    endloop
  endfacet
  facet normal  0.000000e+00  0.000000e+00 -1.000000e+00
    outer loop
      vertex  8.379388e+01  5.588941e+01  0.000000e+00
      vertex  7.478945e+01  5.631138e+01  0.000000e+00
      vertex  8.392330e+01  5.625930e+01  0.000000e+00
    endloop
  endfacet
  facet normal  0.000000e+00  0.000000e+00 -1.000000e+00
    outer loop
      vertex  8.392330e+01  5.625930e+01  0.000000e+00
      vertex  7.478945e+01  5.631138e+01  0.000000e+00
      vertex  7.361361e+01  5.661150e+01  0.000000e+00
    endloop
  endfacet
  facet normal  0.000000e+00  0.000000e+00 -1.000000e+00
    outer loop
      vertex  8.392330e+01  5.625930e+01  0.000000e+00
      vertex  7.361361e+01  5.661150e+01  0.000000e+00
      vertex  8.413180e+01  5.659111e+01  0.000000e+00
    endloop
  endfacet
  facet normal  0.000000e+00  0.000000e+00 -1.000000e+00
    outer loop
      vertex  8.413180e+01  5.659111e+01  0.000000e+00
      vertex  7.361361e+01  5.661150e+01  0.000000e+00
      vertex  7.241935e+01  5.682697e+01  0.000000e+00
    endloop
  endfacet
  facet normal  0.000000e+00  0.000000e+00 -1.000000e+00
    outer loop
      vertex  8.413180e+01  5.659111e+01  0.000000e+00
      vertex  7.241935e+01  5.682697e+01  0.000000e+00
      vertex  8.440889e+01  5.686821e+01  0.000000e+00
    endloop
  endfacet
  facet normal  0.000000e+00  0.000000e+00 -1.000000e+00
    outer loop
      vertex  7.919090e+01  5.430131e+01  0.000000e+00
      vertex  7.814723e+01  5.492054e+01  0.000000e+00
      vertex  8.413180e+01  5.440889e+01  0.000000e+00
    endloop
  endfacet
  facet normal  0.000000e+00  0.000000e+00 -1.000000e+00
    outer loop
      vertex  8.413180e+01  5.440889e+01  0.000000e+00
      vertex  7.814723e+01  5.492054e+01  0.000000e+00
      vertex  8.392330e+01  5.474070e+01  0.000000e+00
    endloop
  endfacet
  facet normal  0.000000e+00  0.000000e+00 -1.000000e+00
    outer loop
      vertex  8.440889e+01 -5.413179e+01  0.000000e+00
      vertex  7.919090e+01 -5.430131e+01  0.000000e+00
      vertex  8.474070e+01 -5.392331e+01  0.000000e+00
    endloop
  endfacet
  facet normal  -0.000000e+00  0.000000e+00 -1.000000e+00
    outer loop
      vertex  8.474070e+01 -5.392331e+01  0.000000e+00
      vertex  7.919090e+01 -5.430131e+01  0.000000e+00
      vertex  8.018772e+01 -5.360920e+01  0.000000e+00
    endloop
  endfacet
  facet normal  0.000000e+00  0.000000e+00 -1.000000e+00
    outer loop
      vertex  8.474070e+01 -5.392331e+01  0.000000e+00
      vertex  8.018772e+01 -5.360920e+01  0.000000e+00
      vertex  8.511059e+01 -5.379388e+01  0.000000e+00
    endloop
  endfacet
  facet normal -6.018263e-17  1.147191e-15 -1.000000e+00
    outer loop
      vertex  8.375000e+01 -5.550000e+01 -4.440892e-16
      vertex  7.706206e+01 -5.546375e+01  0.000000e+00
      vertex  8.379388e+01 -5.511059e+01  0.000000e+00
    endloop
  endfacet
  facet normal  -0.000000e+00  0.000000e+00 -1.000000e+00
    outer loop
      vertex  8.379388e+01 -5.511059e+01  0.000000e+00
      vertex  7.706206e+01 -5.546375e+01  0.000000e+00
      vertex  7.814723e+01 -5.492054e+01  0.000000e+00
    endloop
  endfacet
  facet normal  0.000000e+00  0.000000e+00 -1.000000e+00
    outer loop
      vertex  8.379388e+01 -5.511059e+01  0.000000e+00
      vertex  7.814723e+01 -5.492054e+01  0.000000e+00
      vertex  8.392330e+01 -5.474070e+01  0.000000e+00
    endloop
  endfacet
  facet normal  -0.000000e+00  0.000000e+00 -1.000000e+00
    outer loop
      vertex  8.392330e+01 -5.474070e+01  0.000000e+00
      vertex  7.814723e+01 -5.492054e+01  0.000000e+00
      vertex  7.919090e+01 -5.430131e+01  0.000000e+00
    endloop
  endfacet
  facet normal  0.000000e+00  0.000000e+00 -9.999999e-01
    outer loop
      vertex  8.392330e+01 -5.474070e+01  0.000000e+00
      vertex  7.919090e+01 -5.430131e+01  0.000000e+00
      vertex  8.413180e+01 -5.440889e+01  0.000000e+00
    endloop
  endfacet
  facet normal  0.000000e+00  0.000000e+00 -1.000000e+00
    outer loop
      vertex  8.392330e+01 -5.625930e+01  0.000000e+00
      vertex  7.594089e+01 -5.592815e+01  0.000000e+00
      vertex  8.379388e+01 -5.588941e+01  0.000000e+00
    endloop
  endfacet
  facet normal  -0.000000e+00  0.000000e+00 -1.000000e+00
    outer loop
      vertex  8.379388e+01 -5.588941e+01  0.000000e+00
      vertex  7.594089e+01 -5.592815e+01  0.000000e+00
      vertex  7.706206e+01 -5.546375e+01  0.000000e+00
    endloop
  endfacet
  facet normal -7.262791e-17 -1.148593e-15 -1.000000e+00
    outer loop
      vertex  8.379388e+01 -5.588941e+01  0.000000e+00
      vertex  7.706206e+01 -5.546375e+01  0.000000e+00
      vertex  8.375000e+01 -5.550000e+01 -4.440892e-16
    endloop
  endfacet
  facet normal  -0.000000e+00  0.000000e+00 -1.000000e+00
    outer loop
      vertex  7.594089e+01 -5.592815e+01  0.000000e+00
      vertex  8.392330e+01 -5.625930e+01  0.000000e+00
      vertex  7.478945e+01 -5.631138e+01  0.000000e+00
    endloop
  endfacet
  facet normal  0.000000e+00  0.000000e+00 -1.000000e+00
    outer loop
      vertex  7.478945e+01 -5.631138e+01  0.000000e+00
      vertex  8.392330e+01 -5.625930e+01  0.000000e+00
      vertex  8.413180e+01 -5.659111e+01  0.000000e+00
    endloop
  endfacet
  facet normal  -0.000000e+00  0.000000e+00 -1.000000e+00
    outer loop
      vertex  7.478945e+01 -5.631138e+01  0.000000e+00
      vertex  8.413180e+01 -5.659111e+01  0.000000e+00
      vertex  7.361361e+01 -5.661150e+01  0.000000e+00
    endloop
  endfacet
  facet normal  0.000000e+00  0.000000e+00 -1.000000e+00
    outer loop
      vertex  7.361361e+01 -5.661150e+01  0.000000e+00
      vertex  8.413180e+01 -5.659111e+01  0.000000e+00
      vertex  8.440889e+01 -5.686821e+01  0.000000e+00
    endloop
  endfacet
  facet normal  0.000000e+00  0.000000e+00 -1.000000e+00
    outer loop
      vertex  7.361361e+01 -5.661150e+01  0.000000e+00
      vertex  8.440889e+01 -5.686821e+01  0.000000e+00
      vertex  7.241935e+01 -5.682697e+01  0.000000e+00
    endloop
  endfacet
  facet normal  0.000000e+00  0.000000e+00 -1.000000e+00
    outer loop
      vertex  7.241935e+01 -5.682697e+01  0.000000e+00
      vertex  8.440889e+01 -5.686821e+01  0.000000e+00
      vertex  8.474070e+01 -5.707669e+01  0.000000e+00
    endloop
  endfacet
  facet normal  0.000000e+00  0.000000e+00 -1.000000e+00
    outer loop
      vertex  7.241935e+01 -5.682697e+01  0.000000e+00
      vertex  8.474070e+01 -5.707669e+01  0.000000e+00
      vertex  7.121277e+01 -5.695668e+01  0.000000e+00
    endloop
  endfacet
  facet normal  0.000000e+00  0.000000e+00 -1.000000e+00
    outer loop
      vertex -8.440889e+01 -5.413179e+01  0.000000e+00
      vertex -8.474070e+01 -5.392331e+01  0.000000e+00
      vertex -7.919090e+01 -5.430131e+01  0.000000e+00
    endloop
  endfacet
  facet normal  0.000000e+00  0.000000e+00 -1.000000e+00
    outer loop
      vertex -7.919090e+01 -5.430131e+01  0.000000e+00
      vertex -8.474070e+01 -5.392331e+01  0.000000e+00
      vertex -8.511059e+01 -5.379388e+01  0.000000e+00
    endloop
  endfacet
  facet normal  0.000000e+00  0.000000e+00 -1.000000e+00
    outer loop
      vertex -7.919090e+01 -5.430131e+01  0.000000e+00
      vertex -8.511059e+01 -5.379388e+01  0.000000e+00
      vertex -8.018772e+01 -5.360920e+01  0.000000e+00
    endloop
  endfacet
  facet normal  0.000000e+00  0.000000e+00 -1.000000e+00
    outer loop
      vertex -8.375000e+01 -5.550000e+01  0.000000e+00
      vertex -8.379388e+01 -5.511059e+01  0.000000e+00
      vertex -7.706206e+01 -5.546375e+01  0.000000e+00
    endloop
  endfacet
  facet normal  0.000000e+00  0.000000e+00 -1.000000e+00
    outer loop
      vertex -7.706206e+01 -5.546375e+01  0.000000e+00
      vertex -8.379388e+01 -5.511059e+01  0.000000e+00
      vertex -8.392330e+01 -5.474070e+01  0.000000e+00
    endloop
  endfacet
  facet normal  0.000000e+00  0.000000e+00 -1.000000e+00
    outer loop
      vertex -7.706206e+01 -5.546375e+01  0.000000e+00
      vertex -8.392330e+01 -5.474070e+01  0.000000e+00
      vertex -7.814723e+01 -5.492054e+01  0.000000e+00
    endloop
  endfacet
  facet normal  0.000000e+00  0.000000e+00 -1.000000e+00
    outer loop
      vertex -7.814723e+01 -5.492054e+01  0.000000e+00
      vertex -8.392330e+01 -5.474070e+01  0.000000e+00
      vertex -8.413180e+01 -5.440889e+01  0.000000e+00
    endloop
  endfacet
  facet normal  0.000000e+00  0.000000e+00 -1.000000e+00
    outer loop
      vertex -7.814723e+01 -5.492054e+01  0.000000e+00
      vertex -8.413180e+01 -5.440889e+01  0.000000e+00
      vertex -7.919090e+01 -5.430131e+01  0.000000e+00
    endloop
  endfacet
  facet normal  0.000000e+00  0.000000e+00 -1.000000e+00
    outer loop
      vertex -7.000000e+01 -5.700000e+01  0.000000e+00
      vertex -8.474070e+01 -5.707669e+01  0.000000e+00
      vertex -7.121277e+01 -5.695668e+01  0.000000e+00
    endloop
  endfacet
  facet normal  -0.000000e+00  0.000000e+00 -1.000000e+00
    outer loop
      vertex -7.121277e+01 -5.695668e+01  0.000000e+00
      vertex -8.474070e+01 -5.707669e+01  0.000000e+00
      vertex -8.440889e+01 -5.686821e+01  0.000000e+00
    endloop
  endfacet
  facet normal  0.000000e+00  0.000000e+00 -1.000000e+00
    outer loop
      vertex -7.121277e+01 -5.695668e+01  0.000000e+00
      vertex -8.440889e+01 -5.686821e+01  0.000000e+00
      vertex -7.241935e+01 -5.682697e+01  0.000000e+00
    endloop
  endfacet
  facet normal  -0.000000e+00  0.000000e+00 -1.000000e+00
    outer loop
      vertex -7.241935e+01 -5.682697e+01  0.000000e+00
      vertex -8.440889e+01 -5.686821e+01  0.000000e+00
      vertex -8.413180e+01 -5.659111e+01  0.000000e+00
    endloop
  endfacet
  facet normal  0.000000e+00  0.000000e+00 -1.000000e+00
    outer loop
      vertex -7.241935e+01 -5.682697e+01  0.000000e+00
      vertex -8.413180e+01 -5.659111e+01  0.000000e+00
      vertex -7.361361e+01 -5.661150e+01  0.000000e+00
    endloop
  endfacet
  facet normal  0.000000e+00  0.000000e+00 -1.000000e+00
    outer loop
      vertex -7.361361e+01 -5.661150e+01  0.000000e+00
      vertex -8.413180e+01 -5.659111e+01  0.000000e+00
      vertex -8.392330e+01 -5.625930e+01  0.000000e+00
    endloop
  endfacet
  facet normal  0.000000e+00  0.000000e+00 -1.000000e+00
    outer loop
      vertex -7.361361e+01 -5.661150e+01  0.000000e+00
      vertex -8.392330e+01 -5.625930e+01  0.000000e+00
      vertex -7.478945e+01 -5.631138e+01  0.000000e+00
    endloop
  endfacet
  facet normal  0.000000e+00  0.000000e+00 -1.000000e+00
    outer loop
      vertex -7.478945e+01 -5.631138e+01  0.000000e+00
      vertex -8.392330e+01 -5.625930e+01  0.000000e+00
      vertex -8.379388e+01 -5.588941e+01  0.000000e+00
    endloop
  endfacet
  facet normal  0.000000e+00  0.000000e+00 -1.000000e+00
    outer loop
      vertex -7.478945e+01 -5.631138e+01  0.000000e+00
      vertex -8.379388e+01 -5.588941e+01  0.000000e+00
      vertex -7.594089e+01 -5.592815e+01  0.000000e+00
    endloop
  endfacet
  facet normal  0.000000e+00  0.000000e+00 -1.000000e+00
    outer loop
      vertex -7.594089e+01 -5.592815e+01  0.000000e+00
      vertex -8.379388e+01 -5.588941e+01  0.000000e+00
      vertex -8.375000e+01 -5.550000e+01  0.000000e+00
    endloop
  endfacet
  facet normal  0.000000e+00  0.000000e+00 -1.000000e+00
    outer loop
      vertex -7.594089e+01 -5.592815e+01  0.000000e+00
      vertex -8.375000e+01 -5.550000e+01  0.000000e+00
      vertex -7.706206e+01 -5.546375e+01  0.000000e+00
    endloop
  endfacet
  facet normal  0.000000e+00  0.000000e+00 -1.000000e+00
    outer loop
      vertex  8.474070e+01 -5.707669e+01  0.000000e+00
      vertex  8.511059e+01 -5.720612e+01  0.000000e+00
      vertex -8.474070e+01 -5.707669e+01  0.000000e+00
    endloop
  endfacet
  facet normal  0.000000e+00  -0.000000e+00 -1.000000e+00
    outer loop
      vertex -8.474070e+01 -5.707669e+01  0.000000e+00
      vertex  8.511059e+01 -5.720612e+01  0.000000e+00
      vertex -8.511059e+01 -5.720612e+01  0.000000e+00
    endloop
  endfacet
  facet normal  0.000000e+00  0.000000e+00 -1.000000e+00
    outer loop
      vertex  8.511059e+01 -5.720612e+01  0.000000e+00
      vertex  8.550000e+01 -5.725000e+01  0.000000e+00
      vertex -8.511059e+01 -5.720612e+01  0.000000e+00
    endloop
  endfacet
  facet normal  0.000000e+00  -0.000000e+00 -9.999999e-01
    outer loop
      vertex -8.511059e+01 -5.720612e+01  0.000000e+00
      vertex  8.550000e+01 -5.725000e+01  0.000000e+00
      vertex -8.550000e+01 -5.725000e+01  0.000000e+00
    endloop
  endfacet
  facet normal  0.000000e+00  0.000000e+00 -1.000000e+00
    outer loop
      vertex  8.433749e+01 -6.232973e+01  0.000000e+00
      vertex -8.523663e+01 -6.211826e+01  0.000000e+00
      vertex  8.523663e+01 -6.211826e+01  0.000000e+00
    endloop
  endfacet
  facet normal  0.000000e+00  0.000000e+00 -1.000000e+00
    outer loop
      vertex -8.523663e+01 -6.211826e+01  0.000000e+00
      vertex  8.433749e+01 -6.232973e+01  0.000000e+00
      vertex -8.433749e+01 -6.232973e+01  0.000000e+00
    endloop
  endfacet
  facet normal  0.000000e+00  0.000000e+00 -9.999999e-01
    outer loop
      vertex -8.433749e+01 -6.232973e+01  0.000000e+00
      vertex  8.433749e+01 -6.232973e+01  0.000000e+00
      vertex  8.342268e+01 -6.245734e+01  0.000000e+00
    endloop
  endfacet
  facet normal  0.000000e+00  0.000000e+00 -1.000000e+00
    outer loop
      vertex -8.433749e+01 -6.232973e+01  0.000000e+00
      vertex  8.342268e+01 -6.245734e+01  0.000000e+00
      vertex -8.342268e+01 -6.245734e+01  0.000000e+00
    endloop
  endfacet
  facet normal  0.000000e+00  0.000000e+00 -1.000000e+00
    outer loop
      vertex -8.342268e+01 -6.245734e+01  0.000000e+00
      vertex  8.342268e+01 -6.245734e+01  0.000000e+00
      vertex  8.250000e+01 -6.250000e+01  0.000000e+00
    endloop
  endfacet
  facet normal  0.000000e+00  0.000000e+00 -1.000000e+00
    outer loop
      vertex -8.342268e+01 -6.245734e+01  0.000000e+00
      vertex  8.250000e+01 -6.250000e+01  0.000000e+00
      vertex -8.250000e+01 -6.250000e+01  0.000000e+00
    endloop
  endfacet
  facet normal  0.000000e+00  0.000000e+00 -1.000000e+00
    outer loop
      vertex  8.707670e+01  5.625930e+01  0.000000e+00
      vertex  8.686820e+01  5.659111e+01  0.000000e+00
      vertex  9.182472e+01  5.611242e+01  0.000000e+00
    endloop
  endfacet
  facet normal  0.000000e+00  0.000000e+00 -1.000000e+00
    outer loop
      vertex  9.182472e+01  5.611242e+01  0.000000e+00
      vertex  8.686820e+01  5.659111e+01  0.000000e+00
      vertex  8.659111e+01  5.686821e+01  0.000000e+00
    endloop
  endfacet
  facet normal  0.000000e+00  0.000000e+00 -1.000000e+00
    outer loop
      vertex  9.182472e+01  5.611242e+01  0.000000e+00
      vertex  8.659111e+01  5.686821e+01  0.000000e+00
      vertex  9.145163e+01  5.695738e+01  0.000000e+00
    endloop
  endfacet
  facet normal  0.000000e+00  0.000000e+00 -9.999999e-01
    outer loop
      vertex  8.725000e+01  5.550000e+01  0.000000e+00
      vertex  8.720612e+01  5.588941e+01  0.000000e+00
      vertex  9.211826e+01  5.523663e+01  0.000000e+00
    endloop
  endfacet
  facet normal  0.000000e+00  0.000000e+00 -1.000000e+00
    outer loop
      vertex  9.211826e+01  5.523663e+01  0.000000e+00
      vertex  8.720612e+01  5.588941e+01  0.000000e+00
      vertex  8.707670e+01  5.625930e+01  0.000000e+00
    endloop
  endfacet
  facet normal  0.000000e+00  0.000000e+00 -1.000000e+00
    outer loop
      vertex  9.211826e+01  5.523663e+01  0.000000e+00
      vertex  8.707670e+01  5.625930e+01  0.000000e+00
      vertex  9.182472e+01  5.611242e+01  0.000000e+00
    endloop
  endfacet
  facet normal  0.000000e+00  -0.000000e+00 -9.999999e-01
    outer loop
      vertex  8.686820e+01  5.440889e+01  0.000000e+00
      vertex  8.707670e+01  5.474070e+01  0.000000e+00
      vertex  9.232973e+01  5.433749e+01  0.000000e+00
    endloop
  endfacet
  facet normal  0.000000e+00  0.000000e+00 -9.999999e-01
    outer loop
      vertex  9.232973e+01  5.433749e+01  0.000000e+00
      vertex  8.707670e+01  5.474070e+01  0.000000e+00
      vertex  8.720612e+01  5.511059e+01  0.000000e+00
    endloop
  endfacet
  facet normal  0.000000e+00  0.000000e+00 -1.000000e+00
    outer loop
      vertex  9.232973e+01  5.433749e+01  0.000000e+00
      vertex  8.720612e+01  5.511059e+01  0.000000e+00
      vertex  9.211826e+01  5.523663e+01  0.000000e+00
    endloop
  endfacet
  facet normal  0.000000e+00  0.000000e+00 -1.000000e+00
    outer loop
      vertex  8.707670e+01 -5.474070e+01  0.000000e+00
      vertex  9.211826e+01 -5.523663e+01  0.000000e+00
      vertex  8.720612e+01 -5.511059e+01  0.000000e+00
    endloop
  endfacet
  facet normal  0.000000e+00  0.000000e+00 -1.000000e+00
    outer loop
      vertex  8.720612e+01 -5.511059e+01  0.000000e+00
      vertex  9.211826e+01 -5.523663e+01  0.000000e+00
      vertex  9.182472e+01 -5.611242e+01  0.000000e+00
    endloop
  endfacet
  facet normal  0.000000e+00  0.000000e+00 -1.000000e+00
    outer loop
      vertex  8.720612e+01 -5.511059e+01  0.000000e+00
      vertex  9.182472e+01 -5.611242e+01  0.000000e+00
      vertex  8.725000e+01 -5.550000e+01  0.000000e+00
    endloop
  endfacet
  facet normal  0.000000e+00  -0.000000e+00 -1.000000e+00
    outer loop
      vertex  8.659111e+01 -5.686821e+01  0.000000e+00
      vertex  8.686820e+01 -5.659111e+01  0.000000e+00
      vertex  9.145163e+01 -5.695738e+01  0.000000e+00
    endloop
  endfacet
  facet normal  0.000000e+00  0.000000e+00 -1.000000e+00
    outer loop
      vertex  9.145163e+01 -5.695738e+01  0.000000e+00
      vertex  8.686820e+01 -5.659111e+01  0.000000e+00
      vertex  8.707670e+01 -5.625930e+01  0.000000e+00
    endloop
  endfacet
  facet normal  0.000000e+00  0.000000e+00 -9.999999e-01
    outer loop
      vertex  9.145163e+01 -5.695738e+01  0.000000e+00
      vertex  8.707670e+01 -5.625930e+01  0.000000e+00
      vertex  9.182472e+01 -5.611242e+01  0.000000e+00
    endloop
  endfacet
  facet normal  0.000000e+00  -0.000000e+00 -1.000000e+00
    outer loop
      vertex  8.588941e+01 -5.720612e+01  0.000000e+00
      vertex  8.625930e+01 -5.707669e+01  0.000000e+00
      vertex  9.100217e+01 -5.776432e+01  0.000000e+00
    endloop
  endfacet
  facet normal  0.000000e+00  0.000000e+00 -1.000000e+00
    outer loop
      vertex  9.100217e+01 -5.776432e+01  0.000000e+00
      vertex  8.625930e+01 -5.707669e+01  0.000000e+00
      vertex  8.659111e+01 -5.686821e+01  0.000000e+00
    endloop
  endfacet
  facet normal  0.000000e+00  0.000000e+00 -1.000000e+00
    outer loop
      vertex  9.100217e+01 -5.776432e+01  0.000000e+00
      vertex  8.659111e+01 -5.686821e+01  0.000000e+00
      vertex  9.145163e+01 -5.695738e+01  0.000000e+00
    endloop
  endfacet
  facet normal  0.000000e+00  0.000000e+00  1.000000e+00
    outer loop
      vertex  8.725000e+01  5.550000e+01  3.000000e+00
      vertex  8.720612e+01  5.511059e+01  3.000000e+00
      vertex  9.211826e+01  5.523663e+01  3.000000e+00
    endloop
  endfacet
  facet normal  -0.000000e+00  0.000000e+00  1.000000e+00
    outer loop
      vertex -8.725000e+01  5.550000e+01  3.000000e+00
      vertex -9.211826e+01  5.523663e+01  3.000000e+00
      vertex -8.720612e+01  5.511059e+01  3.000000e+00
    endloop
  endfacet
  facet normal  0.000000e+00  0.000000e+00  9.999999e-01
    outer loop
      vertex -8.725000e+01  5.550000e+01  3.000000e+00
      vertex -8.720612e+01  5.588941e+01  3.000000e+00
      vertex -9.211826e+01  5.523663e+01  3.000000e+00
    endloop
  endfacet
  facet normal  -0.000000e+00  -0.000000e+00  1.000000e+00
    outer loop
      vertex -9.250000e+01 -5.250000e+01  3.000000e+00
      vertex -9.245734e+01 -5.342268e+01  3.000000e+00
      vertex -8.550000e+01 -5.375000e+01  3.000000e+00
    endloop
  endfacet
  facet normal  0.000000e+00  0.000000e+00  9.999999e-01
    outer loop
      vertex -8.725000e+01 -5.550000e+01  3.000000e+00
      vertex -9.182472e+01 -5.611242e+01  3.000000e+00
      vertex -8.720612e+01 -5.588941e+01  3.000000e+00
    endloop
  endfacet
  facet normal  -0.000000e+00  0.000000e+00  1.000000e+00
    outer loop
      vertex -8.720612e+01 -5.588941e+01  3.000000e+00
      vertex -9.182472e+01 -5.611242e+01  3.000000e+00
      vertex -8.707670e+01 -5.625930e+01  3.000000e+00
    endloop
  endfacet
  facet normal  0.000000e+00  0.000000e+00  1.000000e+00
    outer loop
      vertex -8.625930e+01 -5.707669e+01  3.000000e+00
      vertex -9.100217e+01 -5.776432e+01  3.000000e+00
      vertex -8.588941e+01 -5.720612e+01  3.000000e+00
    endloop
  endfacet
  facet normal  0.000000e+00  0.000000e+00  1.000000e+00
    outer loop
      vertex -9.100217e+01 -5.776432e+01  3.000000e+00
      vertex -8.550000e+01 -5.725000e+01  3.000000e+00
      vertex -8.588941e+01 -5.720612e+01  3.000000e+00
    endloop
  endfacet
  facet normal  0.000000e+00  0.000000e+00  1.000000e+00
    outer loop
      vertex  9.145163e+01  5.695738e+01  3.000000e+00
      vertex  8.588941e+01  5.720612e+01  3.000000e+00
      vertex  8.625930e+01  5.707669e+01  3.000000e+00
    endloop
  endfacet
  facet normal  0.000000e+00  -0.000000e+00  1.000000e+00
    outer loop
      vertex  8.625930e+01  5.707669e+01  3.000000e+00
      vertex  8.659111e+01  5.686821e+01  3.000000e+00
      vertex  9.145163e+01  5.695738e+01  3.000000e+00
    endloop
  endfacet
  facet normal  0.000000e+00  0.000000e+00  1.000000e+00
    outer loop
      vertex  9.250000e+01 -5.250000e+01  3.000000e+00
      vertex  8.550000e+01 -5.375000e+01  3.000000e+00
      vertex  9.245734e+01 -5.342268e+01  3.000000e+00
    endloop
  endfacet
  facet normal  -0.000000e+00  0.000000e+00  9.999999e-01
    outer loop
      vertex  8.725000e+01 -5.550000e+01  3.000000e+00
      vertex  8.720612e+01 -5.588941e+01  3.000000e+00
      vertex  9.182472e+01 -5.611242e+01  3.000000e+00
    endloop
  endfacet
  facet normal  0.000000e+00  0.000000e+00  9.999999e-01
    outer loop
      vertex  8.720612e+01 -5.588941e+01  3.000000e+00
      vertex  8.707670e+01 -5.625930e+01  3.000000e+00
      vertex  9.182472e+01 -5.611242e+01  3.000000e+00
    endloop
  endfacet
  facet normal  -0.000000e+00  -0.000000e+00  1.000000e+00
    outer loop
      vertex -9.100217e+01 -5.776432e+01  3.000000e+00
      vertex -9.048017e+01 -5.852635e+01  3.000000e+00
      vertex -8.989009e+01 -5.923696e+01  3.000000e+00
    endloop
  endfacet
  facet normal  -0.000000e+00  -0.000000e+00  1.000000e+00
    outer loop
      vertex -9.100217e+01 -5.776432e+01  3.000000e+00
      vertex -8.989009e+01 -5.923696e+01  3.000000e+00
      vertex -8.923695e+01 -5.989009e+01  3.000000e+00
    endloop
  endfacet
  facet normal  -0.000000e+00  -0.000000e+00  1.000000e+00
    outer loop
      vertex -9.100217e+01 -5.776432e+01  3.000000e+00
      vertex -8.923695e+01 -5.989009e+01  3.000000e+00
      vertex -8.852634e+01 -6.048017e+01  3.000000e+00
    endloop
  endfacet
  facet normal  -0.000000e+00  -0.000000e+00  9.999999e-01
    outer loop
      vertex -9.100217e+01 -5.776432e+01  3.000000e+00
      vertex -8.852634e+01 -6.048017e+01  3.000000e+00
      vertex -8.776432e+01 -6.100217e+01  3.000000e+00
    endloop
  endfacet
  facet normal  -0.000000e+00  -0.000000e+00  1.000000e+00
    outer loop
      vertex -9.100217e+01 -5.776432e+01  3.000000e+00
      vertex -8.776432e+01 -6.100217e+01  3.000000e+00
      vertex -8.695738e+01 -6.145163e+01  3.000000e+00
    endloop
  endfacet
  facet normal  -0.000000e+00  -0.000000e+00  1.000000e+00
    outer loop
      vertex -9.100217e+01 -5.776432e+01  3.000000e+00
      vertex -8.695738e+01 -6.145163e+01  3.000000e+00
      vertex -8.611242e+01 -6.182472e+01  3.000000e+00
    endloop
  endfacet
  facet normal  0.000000e+00  0.000000e+00  1.000000e+00
    outer loop
      vertex  8.550000e+01 -5.725000e+01  3.000000e+00
      vertex  8.523663e+01 -6.211826e+01  3.000000e+00
      vertex  8.611242e+01 -6.182472e+01  3.000000e+00
    endloop
  endfacet
  facet normal  0.000000e+00  -0.000000e+00  1.000000e+00
    outer loop
      vertex  8.550000e+01 -5.725000e+01  3.000000e+00
      vertex  8.611242e+01 -6.182472e+01  3.000000e+00
      vertex  8.695738e+01 -6.145163e+01  3.000000e+00
    endloop
  endfacet
  facet normal  0.000000e+00  -0.000000e+00  1.000000e+00
    outer loop
      vertex  8.550000e+01 -5.725000e+01  3.000000e+00
      vertex  8.695738e+01 -6.145163e+01  3.000000e+00
      vertex  8.776432e+01 -6.100217e+01  3.000000e+00
    endloop
  endfacet
  facet normal  0.000000e+00  -0.000000e+00  1.000000e+00
    outer loop
      vertex  8.550000e+01 -5.725000e+01  3.000000e+00
      vertex  8.776432e+01 -6.100217e+01  3.000000e+00
      vertex  8.852634e+01 -6.048017e+01  3.000000e+00
    endloop
  endfacet
  facet normal  0.000000e+00  -0.000000e+00  1.000000e+00
    outer loop
      vertex  8.550000e+01 -5.725000e+01  3.000000e+00
      vertex  8.852634e+01 -6.048017e+01  3.000000e+00
      vertex  8.923695e+01 -5.989009e+01  3.000000e+00
    endloop
  endfacet
  facet normal  0.000000e+00  -0.000000e+00  1.000000e+00
    outer loop
      vertex  8.550000e+01 -5.725000e+01  3.000000e+00
      vertex  8.923695e+01 -5.989009e+01  3.000000e+00
      vertex  8.989009e+01 -5.923696e+01  3.000000e+00
    endloop
  endfacet
  facet normal  0.000000e+00  -0.000000e+00  1.000000e+00
    outer loop
      vertex  8.550000e+01 -5.725000e+01  3.000000e+00
      vertex  8.989009e+01 -5.923696e+01  3.000000e+00
      vertex  9.048017e+01 -5.852635e+01  3.000000e+00
    endloop
  endfacet
  facet normal  0.000000e+00  -0.000000e+00  1.000000e+00
    outer loop
      vertex  8.550000e+01 -5.725000e+01  3.000000e+00
      vertex  9.048017e+01 -5.852635e+01  3.000000e+00
      vertex  9.100217e+01 -5.776432e+01  3.000000e+00
    endloop
  endfacet
  facet normal  0.000000e+00  0.000000e+00  9.999999e-01
    outer loop
      vertex  8.550000e+01 -5.725000e+01  3.000000e+00
      vertex  9.100217e+01 -5.776432e+01  3.000000e+00
      vertex  8.588941e+01 -5.720612e+01  3.000000e+00
    endloop
  endfacet
  facet normal  0.000000e+00  -0.000000e+00  1.000000e+00
    outer loop
      vertex -8.550000e+01  5.725000e+01  3.000000e+00
      vertex -8.511059e+01  5.720612e+01  3.000000e+00
      vertex  8.511059e+01  5.720612e+01  3.000000e+00
    endloop
  endfacet
  facet normal  0.000000e+00  -0.000000e+00  9.999999e-01
    outer loop
      vertex -8.550000e+01  5.725000e+01  3.000000e+00
      vertex  8.511059e+01  5.720612e+01  3.000000e+00
      vertex  8.550000e+01  5.725000e+01  3.000000e+00
    endloop
  endfacet
  facet normal  0.000000e+00  -0.000000e+00  1.000000e+00
    outer loop
      vertex -8.550000e+01  5.725000e+01  3.000000e+00
      vertex  8.550000e+01  5.725000e+01  3.000000e+00
      vertex  8.611242e+01  6.182472e+01  3.000000e+00
    endloop
  endfacet
  facet normal  0.000000e+00  0.000000e+00  1.000000e+00
    outer loop
      vertex -8.550000e+01  5.725000e+01  3.000000e+00
      vertex  8.611242e+01  6.182472e+01  3.000000e+00
      vertex  8.523663e+01  6.211826e+01  3.000000e+00
    endloop
  endfacet
  facet normal  0.000000e+00  0.000000e+00  9.999999e-01
    outer loop
      vertex -8.550000e+01  5.725000e+01  3.000000e+00
      vertex  8.523663e+01  6.211826e+01  3.000000e+00
      vertex -8.523663e+01  6.211826e+01  3.000000e+00
    endloop
  endfacet
  facet normal  0.000000e+00  0.000000e+00  1.000000e+00
    outer loop
      vertex -8.550000e+01  5.725000e+01  3.000000e+00
      vertex -8.523663e+01  6.211826e+01  3.000000e+00
      vertex -8.611242e+01  6.182472e+01  3.000000e+00
    endloop
  endfacet
  facet normal  0.000000e+00  0.000000e+00  1.000000e+00
    outer loop
      vertex -8.550000e+01  5.725000e+01  3.000000e+00
      vertex -8.611242e+01  6.182472e+01  3.000000e+00
      vertex -8.695738e+01  6.145163e+01  3.000000e+00
    endloop
  endfacet
  facet normal  0.000000e+00  0.000000e+00  1.000000e+00
    outer loop
      vertex -8.550000e+01  5.725000e+01  3.000000e+00
      vertex -8.695738e+01  6.145163e+01  3.000000e+00
      vertex -8.776432e+01  6.100217e+01  3.000000e+00
    endloop
  endfacet
  facet normal  0.000000e+00  0.000000e+00  1.000000e+00
    outer loop
      vertex -8.550000e+01  5.725000e+01  3.000000e+00
      vertex -8.776432e+01  6.100217e+01  3.000000e+00
      vertex -8.852634e+01  6.048017e+01  3.000000e+00
    endloop
  endfacet
  facet normal  0.000000e+00  0.000000e+00  1.000000e+00
    outer loop
      vertex -8.550000e+01  5.725000e+01  3.000000e+00
      vertex -8.852634e+01  6.048017e+01  3.000000e+00
      vertex -8.923695e+01  5.989009e+01  3.000000e+00
    endloop
  endfacet
  facet normal  0.000000e+00  0.000000e+00  1.000000e+00
    outer loop
      vertex -8.550000e+01  5.725000e+01  3.000000e+00
      vertex -8.923695e+01  5.989009e+01  3.000000e+00
      vertex -8.989009e+01  5.923696e+01  3.000000e+00
    endloop
  endfacet
  facet normal  0.000000e+00  0.000000e+00  1.000000e+00
    outer loop
      vertex -8.550000e+01  5.725000e+01  3.000000e+00
      vertex -8.989009e+01  5.923696e+01  3.000000e+00
      vertex -9.048017e+01  5.852635e+01  3.000000e+00
    endloop
  endfacet
  facet normal  0.000000e+00  0.000000e+00  1.000000e+00
    outer loop
      vertex -8.550000e+01  5.725000e+01  3.000000e+00
      vertex -9.048017e+01  5.852635e+01  3.000000e+00
      vertex -9.100217e+01  5.776432e+01  3.000000e+00
    endloop
  endfacet
  facet normal  0.000000e+00  -0.000000e+00  1.000000e+00
    outer loop
      vertex -9.145163e+01  5.695738e+01  3.000000e+00
      vertex -8.659111e+01  5.686821e+01  3.000000e+00
      vertex -8.625930e+01  5.707669e+01  3.000000e+00
    endloop
  endfacet
  facet normal  0.000000e+00  -0.000000e+00  1.000000e+00
    outer loop
      vertex -9.145163e+01  5.695738e+01  3.000000e+00
      vertex -8.625930e+01  5.707669e+01  3.000000e+00
      vertex -8.588941e+01  5.720612e+01  3.000000e+00
    endloop
  endfacet
  facet normal  0.000000e+00  -0.000000e+00  1.000000e+00
    outer loop
      vertex -9.145163e+01  5.695738e+01  3.000000e+00
      vertex -8.588941e+01  5.720612e+01  3.000000e+00
      vertex -8.550000e+01  5.725000e+01  3.000000e+00
    endloop
  endfacet
  facet normal  0.000000e+00  0.000000e+00  1.000000e+00
    outer loop
      vertex -9.145163e+01  5.695738e+01  3.000000e+00
      vertex -8.550000e+01  5.725000e+01  3.000000e+00
      vertex -9.100217e+01  5.776432e+01  3.000000e+00
    endloop
  endfacet
  facet normal  0.000000e+00  0.000000e+00  1.000000e+00
    outer loop
      vertex -9.182472e+01  5.611242e+01  3.000000e+00
      vertex -9.211826e+01  5.523663e+01  3.000000e+00
      vertex -8.720612e+01  5.588941e+01  3.000000e+00
    endloop
  endfacet
  facet normal  0.000000e+00  -0.000000e+00  9.999999e-01
    outer loop
      vertex -9.182472e+01  5.611242e+01  3.000000e+00
      vertex -8.720612e+01  5.588941e+01  3.000000e+00
      vertex -8.707670e+01  5.625930e+01  3.000000e+00
    endloop
  endfacet
  facet normal  0.000000e+00  -0.000000e+00  1.000000e+00
    outer loop
      vertex -9.182472e+01  5.611242e+01  3.000000e+00
      vertex -8.707670e+01  5.625930e+01  3.000000e+00
      vertex -8.686820e+01  5.659111e+01  3.000000e+00
    endloop
  endfacet
  facet normal  0.000000e+00  -0.000000e+00  1.000000e+00
    outer loop
      vertex -9.182472e+01  5.611242e+01  3.000000e+00
      vertex -8.686820e+01  5.659111e+01  3.000000e+00
      vertex -8.659111e+01  5.686821e+01  3.000000e+00
    endloop
  endfacet
  facet normal  0.000000e+00  0.000000e+00  1.000000e+00
    outer loop
      vertex -9.182472e+01  5.611242e+01  3.000000e+00
      vertex -8.659111e+01  5.686821e+01  3.000000e+00
      vertex -9.145163e+01  5.695738e+01  3.000000e+00
    endloop
  endfacet
  facet normal  0.000000e+00  0.000000e+00  1.000000e+00
    outer loop
      vertex -9.232973e+01  5.433749e+01  3.000000e+00
      vertex -9.245734e+01  5.342268e+01  3.000000e+00
      vertex -8.659111e+01  5.413179e+01  3.000000e+00
    endloop
  endfacet
  facet normal  0.000000e+00  0.000000e+00  1.000000e+00
    outer loop
      vertex -9.232973e+01  5.433749e+01  3.000000e+00
      vertex -8.659111e+01  5.413179e+01  3.000000e+00
      vertex -8.686820e+01  5.440889e+01  3.000000e+00
    endloop
  endfacet
  facet normal  0.000000e+00  0.000000e+00  9.999999e-01
    outer loop
      vertex -9.232973e+01  5.433749e+01  3.000000e+00
      vertex -8.686820e+01  5.440889e+01  3.000000e+00
      vertex -8.707670e+01  5.474070e+01  3.000000e+00
    endloop
  endfacet
  facet normal  0.000000e+00  0.000000e+00  1.000000e+00
    outer loop
      vertex -9.232973e+01  5.433749e+01  3.000000e+00
      vertex -8.707670e+01  5.474070e+01  3.000000e+00
      vertex -8.720612e+01  5.511059e+01  3.000000e+00
    endloop
  endfacet
  facet normal  0.000000e+00  0.000000e+00  1.000000e+00
    outer loop
      vertex -9.232973e+01  5.433749e+01  3.000000e+00
      vertex -8.720612e+01  5.511059e+01  3.000000e+00
      vertex -9.211826e+01  5.523663e+01  3.000000e+00
    endloop
  endfacet
  facet normal  0.000000e+00  0.000000e+00  1.000000e+00
    outer loop
      vertex -9.245734e+01  5.342268e+01  3.000000e+00
      vertex -9.250000e+01  5.250000e+01  3.000000e+00
      vertex -8.550000e+01  5.375000e+01  3.000000e+00
    endloop
  endfacet
  facet normal  0.000000e+00  0.000000e+00  1.000000e+00
    outer loop
      vertex -9.245734e+01  5.342268e+01  3.000000e+00
      vertex -8.550000e+01  5.375000e+01  3.000000e+00
      vertex -8.588941e+01  5.379388e+01  3.000000e+00
    endloop
  endfacet
  facet normal  0.000000e+00  0.000000e+00  1.000000e+00
    outer loop
      vertex -9.245734e+01  5.342268e+01  3.000000e+00
      vertex -8.588941e+01  5.379388e+01  3.000000e+00
      vertex -8.625930e+01  5.392331e+01  3.000000e+00
    endloop
  endfacet
  facet normal  0.000000e+00  0.000000e+00  1.000000e+00
    outer loop
      vertex -9.245734e+01  5.342268e+01  3.000000e+00
      vertex -8.625930e+01  5.392331e+01  3.000000e+00
      vertex -8.659111e+01  5.413179e+01  3.000000e+00
    endloop
  endfacet
  facet normal  0.000000e+00  -0.000000e+00  1.000000e+00
    outer loop
      vertex -9.232973e+01 -5.433749e+01  3.000000e+00
      vertex -8.686820e+01 -5.440889e+01  3.000000e+00
      vertex -8.659111e+01 -5.413179e+01  3.000000e+00
    endloop
  endfacet
  facet normal  0.000000e+00  -0.000000e+00  1.000000e+00
    outer loop
      vertex -9.232973e+01 -5.433749e+01  3.000000e+00
      vertex -8.659111e+01 -5.413179e+01  3.000000e+00
      vertex -8.625930e+01 -5.392331e+01  3.000000e+00
    endloop
  endfacet
  facet normal  0.000000e+00  -0.000000e+00  1.000000e+00
    outer loop
      vertex -9.232973e+01 -5.433749e+01  3.000000e+00
      vertex -8.625930e+01 -5.392331e+01  3.000000e+00
      vertex -8.588941e+01 -5.379388e+01  3.000000e+00
    endloop
  endfacet
  facet normal  0.000000e+00  -0.000000e+00  1.000000e+00
    outer loop
      vertex -9.232973e+01 -5.433749e+01  3.000000e+00
      vertex -8.588941e+01 -5.379388e+01  3.000000e+00
      vertex -8.550000e+01 -5.375000e+01  3.000000e+00
    endloop
  endfacet
  facet normal  0.000000e+00  0.000000e+00  1.000000e+00
    outer loop
      vertex -9.232973e+01 -5.433749e+01  3.000000e+00
      vertex -8.550000e+01 -5.375000e+01  3.000000e+00
      vertex -9.245734e+01 -5.342268e+01  3.000000e+00
    endloop
  endfacet
  facet normal  0.000000e+00  -0.000000e+00  1.000000e+00
    outer loop
      vertex -9.211826e+01 -5.523663e+01  3.000000e+00
      vertex -9.182472e+01 -5.611242e+01  3.000000e+00
      vertex -8.725000e+01 -5.550000e+01  3.000000e+00
    endloop
  endfacet
  facet normal  0.000000e+00  -0.000000e+00  1.000000e+00
    outer loop
      vertex -9.211826e+01 -5.523663e+01  3.000000e+00
      vertex -8.725000e+01 -5.550000e+01  3.000000e+00
      vertex -8.720612e+01 -5.511059e+01  3.000000e+00
    endloop
  endfacet
  facet normal  0.000000e+00  -0.000000e+00  1.000000e+00
    outer loop
      vertex -9.211826e+01 -5.523663e+01  3.000000e+00
      vertex -8.720612e+01 -5.511059e+01  3.000000e+00
      vertex -8.707670e+01 -5.474070e+01  3.000000e+00
    endloop
  endfacet
  facet normal  0.000000e+00  -0.000000e+00  1.000000e+00
    outer loop
      vertex -9.211826e+01 -5.523663e+01  3.000000e+00
      vertex -8.707670e+01 -5.474070e+01  3.000000e+00
      vertex -8.686820e+01 -5.440889e+01  3.000000e+00
    endloop
  endfacet
  facet normal  0.000000e+00  0.000000e+00  1.000000e+00
    outer loop
      vertex -9.211826e+01 -5.523663e+01  3.000000e+00
      vertex -8.686820e+01 -5.440889e+01  3.000000e+00
      vertex -9.232973e+01 -5.433749e+01  3.000000e+00
    endloop
  endfacet
  facet normal  0.000000e+00  -0.000000e+00  1.000000e+00
    outer loop
      vertex -9.145163e+01 -5.695738e+01  3.000000e+00
      vertex -9.100217e+01 -5.776432e+01  3.000000e+00
      vertex -8.625930e+01 -5.707669e+01  3.000000e+00
    endloop
  endfacet
  facet normal  0.000000e+00  0.000000e+00  1.000000e+00
    outer loop
      vertex -9.145163e+01 -5.695738e+01  3.000000e+00
      vertex -8.625930e+01 -5.707669e+01  3.000000e+00
      vertex -8.659111e+01 -5.686821e+01  3.000000e+00
    endloop
  endfacet
  facet normal  0.000000e+00  0.000000e+00  1.000000e+00
    outer loop
      vertex -9.145163e+01 -5.695738e+01  3.000000e+00
      vertex -8.659111e+01 -5.686821e+01  3.000000e+00
      vertex -8.686820e+01 -5.659111e+01  3.000000e+00
    endloop
  endfacet
  facet normal  0.000000e+00  0.000000e+00  1.000000e+00
    outer loop
      vertex -9.145163e+01 -5.695738e+01  3.000000e+00
      vertex -8.686820e+01 -5.659111e+01  3.000000e+00
      vertex -8.707670e+01 -5.625930e+01  3.000000e+00
    endloop
  endfacet
  facet normal  0.000000e+00  0.000000e+00  9.999999e-01
    outer loop
      vertex -9.145163e+01 -5.695738e+01  3.000000e+00
      vertex -8.707670e+01 -5.625930e+01  3.000000e+00
      vertex -9.182472e+01 -5.611242e+01  3.000000e+00
    endloop
  endfacet
  facet normal  -0.000000e+00  -0.000000e+00  1.000000e+00
    outer loop
      vertex  8.550000e+01  5.725000e+01  3.000000e+00
      vertex  8.588941e+01  5.720612e+01  3.000000e+00
      vertex  9.145163e+01  5.695738e+01  3.000000e+00
    endloop
  endfacet
  facet normal  0.000000e+00  0.000000e+00  1.000000e+00
    outer loop
      vertex  8.550000e+01  5.725000e+01  3.000000e+00
      vertex  9.145163e+01  5.695738e+01  3.000000e+00
      vertex  9.100217e+01  5.776432e+01  3.000000e+00
    endloop
  endfacet
  facet normal  0.000000e+00  0.000000e+00  1.000000e+00
    outer loop
      vertex  8.550000e+01  5.725000e+01  3.000000e+00
      vertex  9.100217e+01  5.776432e+01  3.000000e+00
      vertex  9.048017e+01  5.852635e+01  3.000000e+00
    endloop
  endfacet
  facet normal  0.000000e+00  0.000000e+00  1.000000e+00
    outer loop
      vertex  8.550000e+01  5.725000e+01  3.000000e+00
      vertex  9.048017e+01  5.852635e+01  3.000000e+00
      vertex  8.989009e+01  5.923696e+01  3.000000e+00
    endloop
  endfacet
  facet normal  0.000000e+00  0.000000e+00  1.000000e+00
    outer loop
      vertex  8.550000e+01  5.725000e+01  3.000000e+00
      vertex  8.989009e+01  5.923696e+01  3.000000e+00
      vertex  8.923695e+01  5.989009e+01  3.000000e+00
    endloop
  endfacet
  facet normal  0.000000e+00  0.000000e+00  1.000000e+00
    outer loop
      vertex  8.550000e+01  5.725000e+01  3.000000e+00
      vertex  8.923695e+01  5.989009e+01  3.000000e+00
      vertex  8.852634e+01  6.048017e+01  3.000000e+00
    endloop
  endfacet
  facet normal  0.000000e+00  0.000000e+00  1.000000e+00
    outer loop
      vertex  8.550000e+01  5.725000e+01  3.000000e+00
      vertex  8.852634e+01  6.048017e+01  3.000000e+00
      vertex  8.776432e+01  6.100217e+01  3.000000e+00
    endloop
  endfacet
  facet normal  0.000000e+00  0.000000e+00  1.000000e+00
    outer loop
      vertex  8.550000e+01  5.725000e+01  3.000000e+00
      vertex  8.776432e+01  6.100217e+01  3.000000e+00
      vertex  8.695738e+01  6.145163e+01  3.000000e+00
    endloop
  endfacet
  facet normal  0.000000e+00  0.000000e+00  1.000000e+00
    outer loop
      vertex  8.550000e+01  5.725000e+01  3.000000e+00
      vertex  8.695738e+01  6.145163e+01  3.000000e+00
      vertex  8.611242e+01  6.182472e+01  3.000000e+00
    endloop
  endfacet
  facet normal  0.000000e+00  0.000000e+00  1.000000e+00
    outer loop
      vertex  9.245734e+01  5.342268e+01  3.000000e+00
      vertex  9.232973e+01  5.433749e+01  3.000000e+00
      vertex  8.686820e+01  5.440889e+01  3.000000e+00
    endloop
  endfacet
  facet normal  0.000000e+00  0.000000e+00  1.000000e+00
    outer loop
      vertex  9.245734e+01  5.342268e+01  3.000000e+00
      vertex  8.686820e+01  5.440889e+01  3.000000e+00
      vertex  8.659111e+01  5.413179e+01  3.000000e+00
    endloop
  endfacet
  facet normal  0.000000e+00  0.000000e+00  1.000000e+00
    outer loop
      vertex  9.245734e+01  5.342268e+01  3.000000e+00
      vertex  8.659111e+01  5.413179e+01  3.000000e+00
      vertex  8.625930e+01  5.392331e+01  3.000000e+00
    endloop
  endfacet
  facet normal  0.000000e+00  0.000000e+00  1.000000e+00
    outer loop
      vertex  9.245734e+01  5.342268e+01  3.000000e+00
      vertex  8.625930e+01  5.392331e+01  3.000000e+00
      vertex  8.588941e+01  5.379388e+01  3.000000e+00
    endloop
  endfacet
  facet normal  0.000000e+00  0.000000e+00  1.000000e+00
    outer loop
      vertex  9.245734e+01  5.342268e+01  3.000000e+00
      vertex  8.588941e+01  5.379388e+01  3.000000e+00
      vertex  8.550000e+01  5.375000e+01  3.000000e+00
    endloop
  endfacet
  facet normal  0.000000e+00  0.000000e+00  1.000000e+00
    outer loop
      vertex  9.245734e+01  5.342268e+01  3.000000e+00
      vertex  8.550000e+01  5.375000e+01  3.000000e+00
      vertex  9.250000e+01  5.250000e+01  3.000000e+00
    endloop
  endfacet
  facet normal  0.000000e+00  0.000000e+00  1.000000e+00
    outer loop
      vertex  9.232973e+01 -5.433749e+01  3.000000e+00
      vertex  9.245734e+01 -5.342268e+01  3.000000e+00
      vertex  8.550000e+01 -5.375000e+01  3.000000e+00
    endloop
  endfacet
  facet normal  0.000000e+00  0.000000e+00  1.000000e+00
    outer loop
      vertex  9.232973e+01 -5.433749e+01  3.000000e+00
      vertex  8.550000e+01 -5.375000e+01  3.000000e+00
      vertex  8.588941e+01 -5.379388e+01  3.000000e+00
    endloop
  endfacet
  facet normal  0.000000e+00  0.000000e+00  1.000000e+00
    outer loop
      vertex  9.232973e+01 -5.433749e+01  3.000000e+00
      vertex  8.588941e+01 -5.379388e+01  3.000000e+00
      vertex  8.625930e+01 -5.392331e+01  3.000000e+00
    endloop
  endfacet
  facet normal  0.000000e+00  0.000000e+00  1.000000e+00
    outer loop
      vertex  9.232973e+01 -5.433749e+01  3.000000e+00
      vertex  8.625930e+01 -5.392331e+01  3.000000e+00
      vertex  8.659111e+01 -5.413179e+01  3.000000e+00
    endloop
  endfacet
  facet normal  0.000000e+00  0.000000e+00  1.000000e+00
    outer loop
      vertex  9.232973e+01 -5.433749e+01  3.000000e+00
      vertex  8.659111e+01 -5.413179e+01  3.000000e+00
      vertex  8.686820e+01 -5.440889e+01  3.000000e+00
    endloop
  endfacet
  facet normal  -0.000000e+00  0.000000e+00  9.999999e-01
    outer loop
      vertex  9.232973e+01 -5.433749e+01  3.000000e+00
      vertex  8.686820e+01 -5.440889e+01  3.000000e+00
      vertex  8.707670e+01 -5.474070e+01  3.000000e+00
    endloop
  endfacet
  facet normal  -0.000000e+00  0.000000e+00  9.999999e-01
    outer loop
      vertex  9.232973e+01 -5.433749e+01  3.000000e+00
      vertex  8.707670e+01 -5.474070e+01  3.000000e+00
      vertex  9.211826e+01 -5.523663e+01  3.000000e+00
    endloop
  endfacet
  facet normal  0.000000e+00  0.000000e+00  9.999999e-01
    outer loop
      vertex  8.523663e+01 -6.211826e+01  3.000000e+00
      vertex  8.550000e+01 -5.725000e+01  3.000000e+00
      vertex -8.523663e+01 -6.211826e+01  3.000000e+00
    endloop
  endfacet
  facet normal  0.000000e+00  -0.000000e+00  1.000000e+00
    outer loop
      vertex -8.523663e+01 -6.211826e+01  3.000000e+00
      vertex  8.550000e+01 -5.725000e+01  3.000000e+00
      vertex -8.550000e+01 -5.725000e+01  3.000000e+00
    endloop
  endfacet
  facet normal  0.000000e+00  0.000000e+00  1.000000e+00
    outer loop
      vertex -8.523663e+01 -6.211826e+01  3.000000e+00
      vertex -8.550000e+01 -5.725000e+01  3.000000e+00
      vertex -8.611242e+01 -6.182472e+01  3.000000e+00
    endloop
  endfacet
  facet normal  0.000000e+00  -0.000000e+00  1.000000e+00
    outer loop
      vertex -8.611242e+01 -6.182472e+01  3.000000e+00
      vertex -8.550000e+01 -5.725000e+01  3.000000e+00
      vertex -9.100217e+01 -5.776432e+01  3.000000e+00
    endloop
  endfacet
  facet normal  0.000000e+00  0.000000e+00  1.000000e+00
    outer loop
      vertex  9.250000e+01 -5.250000e+01  3.000000e+00
      vertex  9.250000e+01  5.250000e+01  3.000000e+00
      vertex  8.550000e+01 -5.375000e+01  3.000000e+00
    endloop
  endfacet
  facet normal  0.000000e+00  0.000000e+00  9.999999e-01
    outer loop
      vertex  8.550000e+01 -5.375000e+01  3.000000e+00
      vertex  9.250000e+01  5.250000e+01  3.000000e+00
      vertex  8.550000e+01  5.375000e+01  3.000000e+00
    endloop
  endfacet
  facet normal  0.000000e+00  0.000000e+00  1.000000e+00
    outer loop
      vertex  8.550000e+01 -5.375000e+01  3.000000e+00
      vertex  8.550000e+01  5.375000e+01  3.000000e+00
      vertex -8.550000e+01 -5.375000e+01  3.000000e+00
    endloop
  endfacet
  facet normal  0.000000e+00  0.000000e+00  1.000000e+00
    outer loop
      vertex -8.550000e+01 -5.375000e+01  3.000000e+00
      vertex  8.550000e+01  5.375000e+01  3.000000e+00
      vertex -8.550000e+01  5.375000e+01  3.000000e+00
    endloop
  endfacet
  facet normal  0.000000e+00  0.000000e+00  9.999999e-01
    outer loop
      vertex -8.550000e+01 -5.375000e+01  3.000000e+00
      vertex -8.550000e+01  5.375000e+01  3.000000e+00
      vertex -9.250000e+01 -5.250000e+01  3.000000e+00
    endloop
  endfacet
  facet normal  0.000000e+00  0.000000e+00  1.000000e+00
    outer loop
      vertex -9.250000e+01 -5.250000e+01  3.000000e+00
      vertex -8.550000e+01  5.375000e+01  3.000000e+00
      vertex -9.250000e+01  5.250000e+01  3.000000e+00
    endloop
  endfacet
  facet normal  -0.000000e+00  0.000000e+00  1.000000e+00
    outer loop
      vertex  8.250000e+01  6.250000e+01  3.000000e+00
      vertex -8.250000e+01  6.250000e+01  3.000000e+00
      vertex  8.342268e+01  6.245734e+01  3.000000e+00
    endloop
  endfacet
  facet normal  0.000000e+00  0.000000e+00  1.000000e+00
    outer loop
      vertex  8.342268e+01  6.245734e+01  3.000000e+00
      vertex -8.250000e+01  6.250000e+01  3.000000e+00
      vertex -8.342268e+01  6.245734e+01  3.000000e+00
    endloop
  endfacet
  facet normal  -0.000000e+00  0.000000e+00  1.000000e+00
    outer loop
      vertex  8.342268e+01  6.245734e+01  3.000000e+00
      vertex -8.342268e+01  6.245734e+01  3.000000e+00
      vertex  8.433749e+01  6.232973e+01  3.000000e+00
    endloop
  endfacet
  facet normal  0.000000e+00  0.000000e+00  9.999999e-01
    outer loop
      vertex  8.433749e+01  6.232973e+01  3.000000e+00
      vertex -8.342268e+01  6.245734e+01  3.000000e+00
      vertex -8.433749e+01  6.232973e+01  3.000000e+00
    endloop
  endfacet
  facet normal  -0.000000e+00  0.000000e+00  1.000000e+00
    outer loop
      vertex  8.433749e+01  6.232973e+01  3.000000e+00
      vertex -8.433749e+01  6.232973e+01  3.000000e+00
      vertex  8.523663e+01  6.211826e+01  3.000000e+00
    endloop
  endfacet
  facet normal  0.000000e+00  0.000000e+00  1.000000e+00
    outer loop
      vertex  8.523663e+01  6.211826e+01  3.000000e+00
      vertex -8.433749e+01  6.232973e+01  3.000000e+00
      vertex -8.523663e+01  6.211826e+01  3.000000e+00
    endloop
  endfacet
  facet normal  -0.000000e+00  0.000000e+00  1.000000e+00
    outer loop
      vertex  8.511059e+01  5.720612e+01  3.000000e+00
      vertex -8.511059e+01  5.720612e+01  3.000000e+00
      vertex  8.474070e+01  5.707669e+01  3.000000e+00
    endloop
  endfacet
  facet normal  0.000000e+00  0.000000e+00  1.000000e+00
    outer loop
      vertex  8.474070e+01  5.707669e+01  3.000000e+00
      vertex -8.511059e+01  5.720612e+01  3.000000e+00
      vertex -8.474070e+01  5.707669e+01  3.000000e+00
    endloop
  endfacet
  facet normal  -0.000000e+00  0.000000e+00  1.000000e+00
    outer loop
      vertex  8.474070e+01  5.707669e+01  3.000000e+00
      vertex -8.474070e+01  5.707669e+01  3.000000e+00
      vertex  8.440889e+01  5.686821e+01  3.000000e+00
    endloop
  endfacet
  facet normal  0.000000e+00  0.000000e+00  1.000000e+00
    outer loop
      vertex  8.440889e+01  5.686821e+01  3.000000e+00
      vertex -8.474070e+01  5.707669e+01  3.000000e+00
      vertex -8.440889e+01  5.686821e+01  3.000000e+00
    endloop
  endfacet
  facet normal  -0.000000e+00  0.000000e+00  9.999999e-01
    outer loop
      vertex  8.440889e+01  5.686821e+01  3.000000e+00
      vertex -8.440889e+01  5.686821e+01  3.000000e+00
      vertex  8.413180e+01  5.659111e+01  3.000000e+00
    endloop
  endfacet
  facet normal  0.000000e+00  0.000000e+00  9.999999e-01
    outer loop
      vertex  8.413180e+01  5.659111e+01  3.000000e+00
      vertex -8.440889e+01  5.686821e+01  3.000000e+00
      vertex -8.413180e+01  5.659111e+01  3.000000e+00
    endloop
  endfacet
  facet normal  -0.000000e+00  0.000000e+00  1.000000e+00
    outer loop
      vertex  8.413180e+01  5.659111e+01  3.000000e+00
      vertex -8.413180e+01  5.659111e+01  3.000000e+00
      vertex  8.392330e+01  5.625930e+01  3.000000e+00
    endloop
  endfacet
  facet normal  0.000000e+00  0.000000e+00  9.999999e-01
    outer loop
      vertex  8.392330e+01  5.625930e+01  3.000000e+00
      vertex -8.413180e+01  5.659111e+01  3.000000e+00
      vertex -8.392330e+01  5.625930e+01  3.000000e+00
    endloop
  endfacet
  facet normal  -0.000000e+00  0.000000e+00  1.000000e+00
    outer loop
      vertex  8.392330e+01  5.625930e+01  3.000000e+00
      vertex -8.392330e+01  5.625930e+01  3.000000e+00
      vertex  8.379388e+01  5.588941e+01  3.000000e+00
    endloop
  endfacet
  facet normal  0.000000e+00  0.000000e+00  1.000000e+00
    outer loop
      vertex  8.379388e+01  5.588941e+01  3.000000e+00
      vertex -8.392330e+01  5.625930e+01  3.000000e+00
      vertex -8.379388e+01  5.588941e+01  3.000000e+00
    endloop
  endfacet
  facet normal  -0.000000e+00  0.000000e+00  1.000000e+00
    outer loop
      vertex  8.379388e+01  5.588941e+01  3.000000e+00
      vertex -8.379388e+01  5.588941e+01  3.000000e+00
      vertex  8.375000e+01  5.550000e+01  3.000000e+00
    endloop
  endfacet
  facet normal  0.000000e+00  0.000000e+00  1.000000e+00
    outer loop
      vertex  8.375000e+01  5.550000e+01  3.000000e+00
      vertex -8.379388e+01  5.588941e+01  3.000000e+00
      vertex -8.375000e+01  5.550000e+01  3.000000e+00
    endloop
  endfacet
  facet normal  -0.000000e+00  0.000000e+00  1.000000e+00
    outer loop
      vertex  8.375000e+01  5.550000e+01  3.000000e+00
      vertex -8.375000e+01  5.550000e+01  3.000000e+00
      vertex  8.379388e+01  5.511059e+01  3.000000e+00
    endloop
  endfacet
  facet normal  0.000000e+00  0.000000e+00  1.000000e+00
    outer loop
      vertex  8.379388e+01  5.511059e+01  3.000000e+00
      vertex -8.375000e+01  5.550000e+01  3.000000e+00
      vertex -8.379388e+01  5.511059e+01  3.000000e+00
    endloop
  endfacet
  facet normal  -0.000000e+00  0.000000e+00  1.000000e+00
    outer loop
      vertex  8.379388e+01  5.511059e+01  3.000000e+00
      vertex -8.379388e+01  5.511059e+01  3.000000e+00
      vertex  8.392330e+01  5.474070e+01  3.000000e+00
    endloop
  endfacet
  facet normal  0.000000e+00  0.000000e+00  1.000000e+00
    outer loop
      vertex  8.392330e+01  5.474070e+01  3.000000e+00
      vertex -8.379388e+01  5.511059e+01  3.000000e+00
      vertex -8.392330e+01  5.474070e+01  3.000000e+00
    endloop
  endfacet
  facet normal  -0.000000e+00  0.000000e+00  9.999999e-01
    outer loop
      vertex  8.392330e+01  5.474070e+01  3.000000e+00
      vertex -8.392330e+01  5.474070e+01  3.000000e+00
      vertex  8.413180e+01  5.440889e+01  3.000000e+00
    endloop
  endfacet
  facet normal  0.000000e+00  0.000000e+00  1.000000e+00
    outer loop
      vertex  8.413180e+01  5.440889e+01  3.000000e+00
      vertex -8.392330e+01  5.474070e+01  3.000000e+00
      vertex -8.413180e+01  5.440889e+01  3.000000e+00
    endloop
  endfacet
  facet normal  -0.000000e+00  0.000000e+00  9.999999e-01
    outer loop
      vertex  8.413180e+01  5.440889e+01  3.000000e+00
      vertex -8.413180e+01  5.440889e+01  3.000000e+00
      vertex  8.440889e+01  5.413179e+01  3.000000e+00
    endloop
  endfacet
  facet normal  0.000000e+00  0.000000e+00  9.999999e-01
    outer loop
      vertex  8.440889e+01  5.413179e+01  3.000000e+00
      vertex -8.413180e+01  5.440889e+01  3.000000e+00
      vertex -8.440889e+01  5.413179e+01  3.000000e+00
    endloop
  endfacet
  facet normal  -0.000000e+00  0.000000e+00  1.000000e+00
    outer loop
      vertex  8.440889e+01  5.413179e+01  3.000000e+00
      vertex -8.440889e+01  5.413179e+01  3.000000e+00
      vertex  8.474070e+01  5.392331e+01  3.000000e+00
    endloop
  endfacet
  facet normal  0.000000e+00  0.000000e+00  1.000000e+00
    outer loop
      vertex  8.474070e+01  5.392331e+01  3.000000e+00
      vertex -8.440889e+01  5.413179e+01  3.000000e+00
      vertex -8.474070e+01  5.392331e+01  3.000000e+00
    endloop
  endfacet
  facet normal  -0.000000e+00  0.000000e+00  1.000000e+00
    outer loop
      vertex  8.474070e+01  5.392331e+01  3.000000e+00
      vertex -8.474070e+01  5.392331e+01  3.000000e+00
      vertex  8.511059e+01  5.379388e+01  3.000000e+00
    endloop
  endfacet
  facet normal  0.000000e+00  0.000000e+00  1.000000e+00
    outer loop
      vertex  8.511059e+01  5.379388e+01  3.000000e+00
      vertex -8.474070e+01  5.392331e+01  3.000000e+00
      vertex -8.511059e+01  5.379388e+01  3.000000e+00
    endloop
  endfacet
  facet normal  -0.000000e+00  0.000000e+00  1.000000e+00
    outer loop
      vertex  8.511059e+01  5.379388e+01  3.000000e+00
      vertex -8.511059e+01  5.379388e+01  3.000000e+00
      vertex  8.550000e+01  5.375000e+01  3.000000e+00
    endloop
  endfacet
  facet normal  0.000000e+00  0.000000e+00  1.000000e+00
    outer loop
      vertex  8.550000e+01  5.375000e+01  3.000000e+00
      vertex -8.511059e+01  5.379388e+01  3.000000e+00
      vertex -8.550000e+01  5.375000e+01  3.000000e+00
    endloop
  endfacet
  facet normal  -0.000000e+00  0.000000e+00  1.000000e+00
    outer loop
      vertex  8.550000e+01 -5.375000e+01  3.000000e+00
      vertex -8.550000e+01 -5.375000e+01  3.000000e+00
      vertex  8.511059e+01 -5.379388e+01  3.000000e+00
    endloop
  endfacet
  facet normal  0.000000e+00  0.000000e+00  1.000000e+00
    outer loop
      vertex  8.511059e+01 -5.379388e+01  3.000000e+00
      vertex -8.550000e+01 -5.375000e+01  3.000000e+00
      vertex -8.511059e+01 -5.379388e+01  3.000000e+00
    endloop
  endfacet
  facet normal  -0.000000e+00  0.000000e+00  1.000000e+00
    outer loop
      vertex  8.511059e+01 -5.379388e+01  3.000000e+00
      vertex -8.511059e+01 -5.379388e+01  3.000000e+00
      vertex  8.474070e+01 -5.392331e+01  3.000000e+00
    endloop
  endfacet
  facet normal  0.000000e+00  0.000000e+00  1.000000e+00
    outer loop
      vertex  8.474070e+01 -5.392331e+01  3.000000e+00
      vertex -8.511059e+01 -5.379388e+01  3.000000e+00
      vertex -8.474070e+01 -5.392331e+01  3.000000e+00
    endloop
  endfacet
  facet normal  -0.000000e+00  0.000000e+00  1.000000e+00
    outer loop
      vertex  8.474070e+01 -5.392331e+01  3.000000e+00
      vertex -8.474070e+01 -5.392331e+01  3.000000e+00
      vertex  8.440889e+01 -5.413179e+01  3.000000e+00
    endloop
  endfacet
  facet normal  0.000000e+00  0.000000e+00  1.000000e+00
    outer loop
      vertex  8.440889e+01 -5.413179e+01  3.000000e+00
      vertex -8.474070e+01 -5.392331e+01  3.000000e+00
      vertex -8.440889e+01 -5.413179e+01  3.000000e+00
    endloop
  endfacet
  facet normal  -0.000000e+00  0.000000e+00  9.999999e-01
    outer loop
      vertex  8.440889e+01 -5.413179e+01  3.000000e+00
      vertex -8.440889e+01 -5.413179e+01  3.000000e+00
      vertex  8.413180e+01 -5.440889e+01  3.000000e+00
    endloop
  endfacet
  facet normal  0.000000e+00  0.000000e+00  9.999999e-01
    outer loop
      vertex  8.413180e+01 -5.440889e+01  3.000000e+00
      vertex -8.440889e+01 -5.413179e+01  3.000000e+00
      vertex -8.413180e+01 -5.440889e+01  3.000000e+00
    endloop
  endfacet
  facet normal  -0.000000e+00  0.000000e+00  1.000000e+00
    outer loop
      vertex  8.413180e+01 -5.440889e+01  3.000000e+00
      vertex -8.413180e+01 -5.440889e+01  3.000000e+00
      vertex  8.392330e+01 -5.474070e+01  3.000000e+00
    endloop
  endfacet
  facet normal  0.000000e+00  0.000000e+00  9.999999e-01
    outer loop
      vertex  8.392330e+01 -5.474070e+01  3.000000e+00
      vertex -8.413180e+01 -5.440889e+01  3.000000e+00
      vertex -8.392330e+01 -5.474070e+01  3.000000e+00
    endloop
  endfacet
  facet normal  -0.000000e+00  0.000000e+00  1.000000e+00
    outer loop
      vertex  8.392330e+01 -5.474070e+01  3.000000e+00
      vertex -8.392330e+01 -5.474070e+01  3.000000e+00
      vertex  8.379388e+01 -5.511059e+01  3.000000e+00
    endloop
  endfacet
  facet normal  0.000000e+00  0.000000e+00  1.000000e+00
    outer loop
      vertex  8.379388e+01 -5.511059e+01  3.000000e+00
      vertex -8.392330e+01 -5.474070e+01  3.000000e+00
      vertex -8.379388e+01 -5.511059e+01  3.000000e+00
    endloop
  endfacet
  facet normal  -0.000000e+00  0.000000e+00  1.000000e+00
    outer loop
      vertex  8.379388e+01 -5.511059e+01  3.000000e+00
      vertex -8.379388e+01 -5.511059e+01  3.000000e+00
      vertex  8.375000e+01 -5.550000e+01  3.000000e+00
    endloop
  endfacet
  facet normal  0.000000e+00  0.000000e+00  1.000000e+00
    outer loop
      vertex  8.375000e+01 -5.550000e+01  3.000000e+00
      vertex -8.379388e+01 -5.511059e+01  3.000000e+00
      vertex -8.375000e+01 -5.550000e+01  3.000000e+00
    endloop
  endfacet
  facet normal  -0.000000e+00  0.000000e+00  1.000000e+00
    outer loop
      vertex  8.375000e+01 -5.550000e+01  3.000000e+00
      vertex -8.375000e+01 -5.550000e+01  3.000000e+00
      vertex  8.379388e+01 -5.588941e+01  3.000000e+00
    endloop
  endfacet
  facet normal  0.000000e+00  0.000000e+00  1.000000e+00
    outer loop
      vertex  8.379388e+01 -5.588941e+01  3.000000e+00
      vertex -8.375000e+01 -5.550000e+01  3.000000e+00
      vertex -8.379388e+01 -5.588941e+01  3.000000e+00
    endloop
  endfacet
  facet normal  -0.000000e+00  0.000000e+00  1.000000e+00
    outer loop
      vertex  8.379388e+01 -5.588941e+01  3.000000e+00
      vertex -8.379388e+01 -5.588941e+01  3.000000e+00
      vertex  8.392330e+01 -5.625930e+01  3.000000e+00
    endloop
  endfacet
  facet normal  0.000000e+00  0.000000e+00  1.000000e+00
    outer loop
      vertex  8.392330e+01 -5.625930e+01  3.000000e+00
      vertex -8.379388e+01 -5.588941e+01  3.000000e+00
      vertex -8.392330e+01 -5.625930e+01  3.000000e+00
    endloop
  endfacet
  facet normal  -0.000000e+00  0.000000e+00  9.999999e-01
    outer loop
      vertex  8.392330e+01 -5.625930e+01  3.000000e+00
      vertex -8.392330e+01 -5.625930e+01  3.000000e+00
      vertex  8.413180e+01 -5.659111e+01  3.000000e+00
    endloop
  endfacet
  facet normal  0.000000e+00  0.000000e+00  1.000000e+00
    outer loop
      vertex  8.413180e+01 -5.659111e+01  3.000000e+00
      vertex -8.392330e+01 -5.625930e+01  3.000000e+00
      vertex -8.413180e+01 -5.659111e+01  3.000000e+00
    endloop
  endfacet
  facet normal  -0.000000e+00  0.000000e+00  9.999999e-01
    outer loop
      vertex  8.413180e+01 -5.659111e+01  3.000000e+00
      vertex -8.413180e+01 -5.659111e+01  3.000000e+00
      vertex  8.440889e+01 -5.686821e+01  3.000000e+00
    endloop
  endfacet
  facet normal  0.000000e+00  0.000000e+00  9.999999e-01
    outer loop
      vertex  8.440889e+01 -5.686821e+01  3.000000e+00
      vertex -8.413180e+01 -5.659111e+01  3.000000e+00
      vertex -8.440889e+01 -5.686821e+01  3.000000e+00
    endloop
  endfacet
  facet normal  -0.000000e+00  0.000000e+00  1.000000e+00
    outer loop
      vertex  8.440889e+01 -5.686821e+01  3.000000e+00
      vertex -8.440889e+01 -5.686821e+01  3.000000e+00
      vertex  8.474070e+01 -5.707669e+01  3.000000e+00
    endloop
  endfacet
  facet normal  0.000000e+00  0.000000e+00  1.000000e+00
    outer loop
      vertex  8.474070e+01 -5.707669e+01  3.000000e+00
      vertex -8.440889e+01 -5.686821e+01  3.000000e+00
      vertex -8.474070e+01 -5.707669e+01  3.000000e+00
    endloop
  endfacet
  facet normal  -0.000000e+00  0.000000e+00  1.000000e+00
    outer loop
      vertex  8.474070e+01 -5.707669e+01  3.000000e+00
      vertex -8.474070e+01 -5.707669e+01  3.000000e+00
      vertex  8.511059e+01 -5.720612e+01  3.000000e+00
    endloop
  endfacet
  facet normal  0.000000e+00  0.000000e+00  1.000000e+00
    outer loop
      vertex  8.511059e+01 -5.720612e+01  3.000000e+00
      vertex -8.474070e+01 -5.707669e+01  3.000000e+00
      vertex -8.511059e+01 -5.720612e+01  3.000000e+00
    endloop
  endfacet
  facet normal  -0.000000e+00  0.000000e+00  1.000000e+00
    outer loop
      vertex  8.511059e+01 -5.720612e+01  3.000000e+00
      vertex -8.511059e+01 -5.720612e+01  3.000000e+00
      vertex  8.550000e+01 -5.725000e+01  3.000000e+00
    endloop
  endfacet
  facet normal  0.000000e+00  0.000000e+00  1.000000e+00
    outer loop
      vertex  8.550000e+01 -5.725000e+01  3.000000e+00
      vertex -8.511059e+01 -5.720612e+01  3.000000e+00
      vertex -8.550000e+01 -5.725000e+01  3.000000e+00
    endloop
  endfacet
  facet normal  -0.000000e+00  0.000000e+00  1.000000e+00
    outer loop
      vertex  8.523663e+01 -6.211826e+01  3.000000e+00
      vertex -8.523663e+01 -6.211826e+01  3.000000e+00
      vertex  8.433749e+01 -6.232973e+01  3.000000e+00
    endloop
  endfacet
  facet normal  0.000000e+00  0.000000e+00  1.000000e+00
    outer loop
      vertex  8.433749e+01 -6.232973e+01  3.000000e+00
      vertex -8.523663e+01 -6.211826e+01  3.000000e+00
      vertex -8.433749e+01 -6.232973e+01  3.000000e+00
    endloop
  endfacet
  facet normal  -0.000000e+00  0.000000e+00  9.999999e-01
    outer loop
      vertex  8.433749e+01 -6.232973e+01  3.000000e+00
      vertex -8.433749e+01 -6.232973e+01  3.000000e+00
      vertex  8.342268e+01 -6.245734e+01  3.000000e+00
    endloop
  endfacet
  facet normal  0.000000e+00  0.000000e+00  1.000000e+00
    outer loop
      vertex  8.342268e+01 -6.245734e+01  3.000000e+00
      vertex -8.433749e+01 -6.232973e+01  3.000000e+00
      vertex -8.342268e+01 -6.245734e+01  3.000000e+00
    endloop
  endfacet
  facet normal  -0.000000e+00  0.000000e+00  1.000000e+00
    outer loop
      vertex  8.342268e+01 -6.245734e+01  3.000000e+00
      vertex -8.342268e+01 -6.245734e+01  3.000000e+00
      vertex  8.250000e+01 -6.250000e+01  3.000000e+00
    endloop
  endfacet
  facet normal  0.000000e+00  0.000000e+00  1.000000e+00
    outer loop
      vertex  8.250000e+01 -6.250000e+01  3.000000e+00
      vertex -8.342268e+01 -6.245734e+01  3.000000e+00
      vertex -8.250000e+01 -6.250000e+01  3.000000e+00
    endloop
  endfacet
  facet normal  -0.000000e+00  0.000000e+00  1.000000e+00
    outer loop
      vertex  9.145163e+01  5.695738e+01  3.000000e+00
      vertex  8.659111e+01  5.686821e+01  3.000000e+00
      vertex  9.182472e+01  5.611242e+01  3.000000e+00
    endloop
  endfacet
  facet normal  0.000000e+00  0.000000e+00  1.000000e+00
    outer loop
      vertex  9.182472e+01  5.611242e+01  3.000000e+00
      vertex  8.659111e+01  5.686821e+01  3.000000e+00
      vertex  8.686820e+01  5.659111e+01  3.000000e+00
    endloop
  endfacet
  facet normal  0.000000e+00  0.000000e+00  1.000000e+00
    outer loop
      vertex  9.182472e+01  5.611242e+01  3.000000e+00
      vertex  8.686820e+01  5.659111e+01  3.000000e+00
      vertex  8.707670e+01  5.625930e+01  3.000000e+00
    endloop
  endfacet
  facet normal  0.000000e+00  0.000000e+00  1.000000e+00
    outer loop
      vertex  9.182472e+01  5.611242e+01  3.000000e+00
      vertex  8.707670e+01  5.625930e+01  3.000000e+00
      vertex  9.211826e+01  5.523663e+01  3.000000e+00
    endloop
  endfacet
  facet normal  0.000000e+00  0.000000e+00  1.000000e+00
    outer loop
      vertex  9.211826e+01  5.523663e+01  3.000000e+00
      vertex  8.707670e+01  5.625930e+01  3.000000e+00
      vertex  8.720612e+01  5.588941e+01  3.000000e+00
    endloop
  endfacet
  facet normal  0.000000e+00  0.000000e+00  9.999999e-01
    outer loop
      vertex  9.211826e+01  5.523663e+01  3.000000e+00
      vertex  8.720612e+01  5.588941e+01  3.000000e+00
      vertex  8.725000e+01  5.550000e+01  3.000000e+00
    endloop
  endfacet
  facet normal  -0.000000e+00  0.000000e+00  1.000000e+00
    outer loop
      vertex  9.211826e+01  5.523663e+01  3.000000e+00
      vertex  8.720612e+01  5.511059e+01  3.000000e+00
      vertex  9.232973e+01  5.433749e+01  3.000000e+00
    endloop
  endfacet
  facet normal  0.000000e+00  0.000000e+00  9.999999e-01
    outer loop
      vertex  9.232973e+01  5.433749e+01  3.000000e+00
      vertex  8.720612e+01  5.511059e+01  3.000000e+00
      vertex  8.707670e+01  5.474070e+01  3.000000e+00
    endloop
  endfacet
  facet normal  0.000000e+00  0.000000e+00  9.999999e-01
    outer loop
      vertex  9.232973e+01  5.433749e+01  3.000000e+00
      vertex  8.707670e+01  5.474070e+01  3.000000e+00
      vertex  8.686820e+01  5.440889e+01  3.000000e+00
    endloop
  endfacet
  facet normal  0.000000e+00  0.000000e+00  1.000000e+00
    outer loop
      vertex  8.725000e+01 -5.550000e+01  3.000000e+00
      vertex  9.182472e+01 -5.611242e+01  3.000000e+00
      vertex  8.720612e+01 -5.511059e+01  3.000000e+00
    endloop
  endfacet
  facet normal  0.000000e+00  0.000000e+00  1.000000e+00
    outer loop
      vertex  8.720612e+01 -5.511059e+01  3.000000e+00
      vertex  9.182472e+01 -5.611242e+01  3.000000e+00
      vertex  9.211826e+01 -5.523663e+01  3.000000e+00
    endloop
  endfacet
  facet normal  0.000000e+00  0.000000e+00  1.000000e+00
    outer loop
      vertex  8.720612e+01 -5.511059e+01  3.000000e+00
      vertex  9.211826e+01 -5.523663e+01  3.000000e+00
      vertex  8.707670e+01 -5.474070e+01  3.000000e+00
    endloop
  endfacet
  facet normal  -0.000000e+00  0.000000e+00  9.999999e-01
    outer loop
      vertex  9.182472e+01 -5.611242e+01  3.000000e+00
      vertex  8.707670e+01 -5.625930e+01  3.000000e+00
      vertex  9.145163e+01 -5.695738e+01  3.000000e+00
    endloop
  endfacet
  facet normal  0.000000e+00  0.000000e+00  1.000000e+00
    outer loop
      vertex  9.145163e+01 -5.695738e+01  3.000000e+00
      vertex  8.707670e+01 -5.625930e+01  3.000000e+00
      vertex  8.686820e+01 -5.659111e+01  3.000000e+00
    endloop
  endfacet
  facet normal  0.000000e+00  0.000000e+00  1.000000e+00
    outer loop
      vertex  9.145163e+01 -5.695738e+01  3.000000e+00
      vertex  8.686820e+01 -5.659111e+01  3.000000e+00
      vertex  8.659111e+01 -5.686821e+01  3.000000e+00
    endloop
  endfacet
  facet normal  0.000000e+00  0.000000e+00  1.000000e+00
    outer loop
      vertex  9.145163e+01 -5.695738e+01  3.000000e+00
      vertex  8.659111e+01 -5.686821e+01  3.000000e+00
      vertex  9.100217e+01 -5.776432e+01  3.000000e+00
    endloop
  endfacet
  facet normal  0.000000e+00  0.000000e+00  1.000000e+00
    outer loop
      vertex  9.100217e+01 -5.776432e+01  3.000000e+00
      vertex  8.659111e+01 -5.686821e+01  3.000000e+00
      vertex  8.625930e+01 -5.707669e+01  3.000000e+00
    endloop
  endfacet
  facet normal  0.000000e+00  0.000000e+00  1.000000e+00
    outer loop
      vertex  9.100217e+01 -5.776432e+01  3.000000e+00
      vertex  8.625930e+01 -5.707669e+01  3.000000e+00
      vertex  8.588941e+01 -5.720612e+01  3.000000e+00
    endloop
  endfacet
  facet normal  1.119656e-01 -9.937121e-01  0.000000e+00
    outer loop
      vertex -8.550000e+01  5.725000e+01  0.000000e+00
      vertex -8.588941e+01  5.720612e+01  3.000000e+00
      vertex -8.588941e+01  5.720612e+01  0.000000e+00
    endloop
  endfacet
  facet normal  3.302776e-01 -9.438839e-01  0.000000e+00
    outer loop
      vertex -8.588941e+01  5.720612e+01  0.000000e+00
      vertex -8.588941e+01  5.720612e+01  3.000000e+00
      vertex -8.625930e+01  5.707669e+01  3.000000e+00
    endloop
  endfacet
  facet normal  3.302776e-01 -9.438839e-01  0.000000e+00
    outer loop
      vertex -8.588941e+01  5.720612e+01  0.000000e+00
      vertex -8.625930e+01  5.707669e+01  3.000000e+00
      vertex -8.625930e+01  5.707669e+01  0.000000e+00
    endloop
  endfacet
  facet normal  5.320292e-01 -8.467260e-01  0.000000e+00
    outer loop
      vertex -8.625930e+01  5.707669e+01  0.000000e+00
      vertex -8.625930e+01  5.707669e+01  3.000000e+00
      vertex -8.659111e+01  5.686821e+01  3.000000e+00
    endloop
  endfacet
  facet normal  5.320292e-01 -8.467260e-01  0.000000e+00
    outer loop
      vertex -8.625930e+01  5.707669e+01  0.000000e+00
      vertex -8.659111e+01  5.686821e+01  3.000000e+00
      vertex -8.659111e+01  5.686821e+01  0.000000e+00
    endloop
  endfacet
  facet normal  7.071165e-01 -7.070971e-01  0.000000e+00
    outer loop
      vertex -8.659111e+01  5.686821e+01  0.000000e+00
      vertex -8.659111e+01  5.686821e+01  3.000000e+00
      vertex -8.686820e+01  5.659111e+01  3.000000e+00
    endloop
  endfacet
  facet normal  7.071165e-01 -7.070971e-01  0.000000e+00
    outer loop
      vertex -8.659111e+01  5.686821e+01  0.000000e+00
      vertex -8.686820e+01  5.659111e+01  3.000000e+00
      vertex -8.686820e+01  5.659111e+01  0.000000e+00
    endloop
  endfacet
  facet normal  8.467172e-01 -5.320432e-01  0.000000e+00
    outer loop
      vertex -8.686820e+01  5.659111e+01  0.000000e+00
      vertex -8.686820e+01  5.659111e+01  3.000000e+00
      vertex -8.707670e+01  5.625930e+01  3.000000e+00
    endloop
  endfacet
  facet normal  8.467172e-01 -5.320432e-01  0.000000e+00
    outer loop
      vertex -8.686820e+01  5.659111e+01  0.000000e+00
      vertex -8.707670e+01  5.625930e+01  3.000000e+00
      vertex -8.707670e+01  5.625930e+01  0.000000e+00
    endloop
  endfacet
  facet normal  9.438858e-01 -3.302719e-01  0.000000e+00
    outer loop
      vertex -8.707670e+01  5.625930e+01  0.000000e+00
      vertex -8.707670e+01  5.625930e+01  3.000000e+00
      vertex -8.720612e+01  5.588941e+01  3.000000e+00
    endloop
  endfacet
  facet normal  9.438858e-01 -3.302719e-01  0.000000e+00
    outer loop
      vertex -8.707670e+01  5.625930e+01  0.000000e+00
      vertex -8.720612e+01  5.588941e+01  3.000000e+00
      vertex -8.720612e+01  5.588941e+01  0.000000e+00
    endloop
  endfacet
  facet normal  9.937121e-01 -1.119656e-01  0.000000e+00
    outer loop
      vertex -8.720612e+01  5.588941e+01  0.000000e+00
      vertex -8.720612e+01  5.588941e+01  3.000000e+00
      vertex -8.725000e+01  5.550000e+01  3.000000e+00
    endloop
  endfacet
  facet normal  9.937121e-01 -1.119656e-01  0.000000e+00
    outer loop
      vertex -8.720612e+01  5.588941e+01  0.000000e+00
      vertex -8.725000e+01  5.550000e+01  3.000000e+00
      vertex -8.725000e+01  5.550000e+01 -4.440892e-16
    endloop
  endfacet
  facet normal  1.119656e-01 -9.937121e-01  0.000000e+00
    outer loop
      vertex -8.588941e+01  5.720612e+01  3.000000e+00
      vertex -8.550000e+01  5.725000e+01  0.000000e+00
      vertex -8.550000e+01  5.725000e+01  3.000000e+00
    endloop
  endfacet
  facet normal -1.119656e-01 -9.937121e-01  -0.000000e+00
    outer loop
      vertex -8.550000e+01  5.725000e+01  3.000000e+00
      vertex -8.550000e+01  5.725000e+01  0.000000e+00
      vertex -8.511059e+01  5.720612e+01  0.000000e+00
    endloop
  endfacet
  facet normal -1.119656e-01 -9.937121e-01  0.000000e+00
    outer loop
      vertex -8.550000e+01  5.725000e+01  3.000000e+00
      vertex -8.511059e+01  5.720612e+01  0.000000e+00
      vertex -8.511059e+01  5.720612e+01  3.000000e+00
    endloop
  endfacet
  facet normal -3.302776e-01 -9.438839e-01  -0.000000e+00
    outer loop
      vertex -8.511059e+01  5.720612e+01  3.000000e+00
      vertex -8.511059e+01  5.720612e+01  0.000000e+00
      vertex -8.474070e+01  5.707669e+01  0.000000e+00
    endloop
  endfacet
  facet normal -3.302776e-01 -9.438839e-01  0.000000e+00
    outer loop
      vertex -8.511059e+01  5.720612e+01  3.000000e+00
      vertex -8.474070e+01  5.707669e+01  0.000000e+00
      vertex -8.474070e+01  5.707669e+01  3.000000e+00
    endloop
  endfacet
  facet normal -5.320292e-01 -8.467260e-01  -0.000000e+00
    outer loop
      vertex -8.474070e+01  5.707669e+01  3.000000e+00
      vertex -8.474070e+01  5.707669e+01  0.000000e+00
      vertex -8.440889e+01  5.686821e+01  0.000000e+00
    endloop
  endfacet
  facet normal -5.320292e-01 -8.467260e-01  0.000000e+00
    outer loop
      vertex -8.474070e+01  5.707669e+01  3.000000e+00
      vertex -8.440889e+01  5.686821e+01  0.000000e+00
      vertex -8.440889e+01  5.686821e+01  3.000000e+00
    endloop
  endfacet
  facet normal -7.071165e-01 -7.070971e-01  -0.000000e+00
    outer loop
      vertex -8.440889e+01  5.686821e+01  3.000000e+00
      vertex -8.440889e+01  5.686821e+01  0.000000e+00
      vertex -8.413180e+01  5.659111e+01  0.000000e+00
    endloop
  endfacet
  facet normal -7.071165e-01 -7.070971e-01  0.000000e+00
    outer loop
      vertex -8.440889e+01  5.686821e+01  3.000000e+00
      vertex -8.413180e+01  5.659111e+01  0.000000e+00
      vertex -8.413180e+01  5.659111e+01  3.000000e+00
    endloop
  endfacet
  facet normal -8.467172e-01 -5.320432e-01  -0.000000e+00
    outer loop
      vertex -8.413180e+01  5.659111e+01  3.000000e+00
      vertex -8.413180e+01  5.659111e+01  0.000000e+00
      vertex -8.392330e+01  5.625930e+01  0.000000e+00
    endloop
  endfacet
  facet normal -8.467172e-01 -5.320432e-01  0.000000e+00
    outer loop
      vertex -8.413180e+01  5.659111e+01  3.000000e+00
      vertex -8.392330e+01  5.625930e+01  0.000000e+00
      vertex -8.392330e+01  5.625930e+01  3.000000e+00
    endloop
  endfacet
  facet normal -9.438858e-01 -3.302719e-01  -0.000000e+00
    outer loop
      vertex -8.392330e+01  5.625930e+01  3.000000e+00
      vertex -8.392330e+01  5.625930e+01  0.000000e+00
      vertex -8.379388e+01  5.588941e+01  0.000000e+00
    endloop
  endfacet
  facet normal -9.438858e-01 -3.302719e-01  0.000000e+00
    outer loop
      vertex -8.392330e+01  5.625930e+01  3.000000e+00
      vertex -8.379388e+01  5.588941e+01  0.000000e+00
      vertex -8.379388e+01  5.588941e+01  3.000000e+00
    endloop
  endfacet
  facet normal -9.937121e-01 -1.119656e-01  -0.000000e+00
    outer loop
      vertex -8.379388e+01  5.588941e+01  3.000000e+00
      vertex -8.379388e+01  5.588941e+01  0.000000e+00
      vertex -8.375000e+01  5.550000e+01  0.000000e+00
    endloop
  endfacet
  facet normal -9.937121e-01 -1.119656e-01  0.000000e+00
    outer loop
      vertex -8.379388e+01  5.588941e+01  3.000000e+00
      vertex -8.375000e+01  5.550000e+01  0.000000e+00
      vertex -8.375000e+01  5.550000e+01  3.000000e+00
    endloop
  endfacet
  facet normal -1.119656e-01  9.937121e-01  0.000000e+00
    outer loop
      vertex -8.550000e+01  5.375000e+01  0.000000e+00
      vertex -8.511059e+01  5.379388e+01  3.000000e+00
      vertex -8.511059e+01  5.379388e+01  0.000000e+00
    endloop
  endfacet
  facet normal -3.302776e-01  9.438839e-01  0.000000e+00
    outer loop
      vertex -8.511059e+01  5.379388e+01  0.000000e+00
      vertex -8.511059e+01  5.379388e+01  3.000000e+00
      vertex -8.474070e+01  5.392331e+01  3.000000e+00
    endloop
  endfacet
  facet normal -3.302776e-01  9.438839e-01  0.000000e+00
    outer loop
      vertex -8.511059e+01  5.379388e+01  0.000000e+00
      vertex -8.474070e+01  5.392331e+01  3.000000e+00
      vertex -8.474070e+01  5.392331e+01  0.000000e+00
    endloop
  endfacet
  facet normal -5.320292e-01  8.467260e-01  0.000000e+00
    outer loop
      vertex -8.474070e+01  5.392331e+01  0.000000e+00
      vertex -8.474070e+01  5.392331e+01  3.000000e+00
      vertex -8.440889e+01  5.413179e+01  3.000000e+00
    endloop
  endfacet
  facet normal -5.320292e-01  8.467260e-01  0.000000e+00
    outer loop
      vertex -8.474070e+01  5.392331e+01  0.000000e+00
      vertex -8.440889e+01  5.413179e+01  3.000000e+00
      vertex -8.440889e+01  5.413179e+01  0.000000e+00
    endloop
  endfacet
  facet normal -7.071165e-01  7.070971e-01  0.000000e+00
    outer loop
      vertex -8.440889e+01  5.413179e+01  0.000000e+00
      vertex -8.440889e+01  5.413179e+01  3.000000e+00
      vertex -8.413180e+01  5.440889e+01  3.000000e+00
    endloop
  endfacet
  facet normal -7.071165e-01  7.070971e-01  0.000000e+00
    outer loop
      vertex -8.440889e+01  5.413179e+01  0.000000e+00
      vertex -8.413180e+01  5.440889e+01  3.000000e+00
      vertex -8.413180e+01  5.440889e+01  0.000000e+00
    endloop
  endfacet
  facet normal -8.467172e-01  5.320432e-01  0.000000e+00
    outer loop
      vertex -8.413180e+01  5.440889e+01  0.000000e+00
      vertex -8.413180e+01  5.440889e+01  3.000000e+00
      vertex -8.392330e+01  5.474070e+01  3.000000e+00
    endloop
  endfacet
  facet normal -8.467172e-01  5.320432e-01  0.000000e+00
    outer loop
      vertex -8.413180e+01  5.440889e+01  0.000000e+00
      vertex -8.392330e+01  5.474070e+01  3.000000e+00
      vertex -8.392330e+01  5.474070e+01  0.000000e+00
    endloop
  endfacet
  facet normal -9.438858e-01  3.302719e-01  0.000000e+00
    outer loop
      vertex -8.392330e+01  5.474070e+01  0.000000e+00
      vertex -8.392330e+01  5.474070e+01  3.000000e+00
      vertex -8.379388e+01  5.511059e+01  3.000000e+00
    endloop
  endfacet
  facet normal -9.438858e-01  3.302719e-01  0.000000e+00
    outer loop
      vertex -8.392330e+01  5.474070e+01  0.000000e+00
      vertex -8.379388e+01  5.511059e+01  3.000000e+00
      vertex -8.379388e+01  5.511059e+01  0.000000e+00
    endloop
  endfacet
  facet normal -9.937121e-01  1.119656e-01  0.000000e+00
    outer loop
      vertex -8.379388e+01  5.511059e+01  0.000000e+00
      vertex -8.379388e+01  5.511059e+01  3.000000e+00
      vertex -8.375000e+01  5.550000e+01  3.000000e+00
    endloop
  endfacet
  facet normal -9.937121e-01  1.119656e-01  0.000000e+00
    outer loop
      vertex -8.379388e+01  5.511059e+01  0.000000e+00
      vertex -8.375000e+01  5.550000e+01  3.000000e+00
      vertex -8.375000e+01  5.550000e+01  0.000000e+00
    endloop
  endfacet
  facet normal -1.119656e-01  9.937121e-01  0.000000e+00
    outer loop
      vertex -8.511059e+01  5.379388e+01  3.000000e+00
      vertex -8.550000e+01  5.375000e+01  0.000000e+00
      vertex -8.550000e+01  5.375000e+01  3.000000e+00
    endloop
  endfacet
  facet normal  1.119656e-01  9.937121e-01  0.000000e+00
    outer loop
      vertex -8.550000e+01  5.375000e+01  3.000000e+00
      vertex -8.550000e+01  5.375000e+01  0.000000e+00
      vertex -8.588941e+01  5.379388e+01  0.000000e+00
    endloop
  endfacet
  facet normal  1.119656e-01  9.937121e-01  -0.000000e+00
    outer loop
      vertex -8.550000e+01  5.375000e+01  3.000000e+00
      vertex -8.588941e+01  5.379388e+01  0.000000e+00
      vertex -8.588941e+01  5.379388e+01  3.000000e+00
    endloop
  endfacet
  facet normal  3.302776e-01  9.438839e-01  0.000000e+00
    outer loop
      vertex -8.588941e+01  5.379388e+01  3.000000e+00
      vertex -8.588941e+01  5.379388e+01  0.000000e+00
      vertex -8.625930e+01  5.392331e+01  0.000000e+00
    endloop
  endfacet
  facet normal  3.302776e-01  9.438839e-01  -0.000000e+00
    outer loop
      vertex -8.588941e+01  5.379388e+01  3.000000e+00
      vertex -8.625930e+01  5.392331e+01  0.000000e+00
      vertex -8.625930e+01  5.392331e+01  3.000000e+00
    endloop
  endfacet
  facet normal  5.320292e-01  8.467260e-01  0.000000e+00
    outer loop
      vertex -8.625930e+01  5.392331e+01  3.000000e+00
      vertex -8.625930e+01  5.392331e+01  0.000000e+00
      vertex -8.659111e+01  5.413179e+01  0.000000e+00
    endloop
  endfacet
  facet normal  5.320292e-01  8.467260e-01  -0.000000e+00
    outer loop
      vertex -8.625930e+01  5.392331e+01  3.000000e+00
      vertex -8.659111e+01  5.413179e+01  0.000000e+00
      vertex -8.659111e+01  5.413179e+01  3.000000e+00
    endloop
  endfacet
  facet normal  7.071165e-01  7.070971e-01  0.000000e+00
    outer loop
      vertex -8.659111e+01  5.413179e+01  3.000000e+00
      vertex -8.659111e+01  5.413179e+01  0.000000e+00
      vertex -8.686820e+01  5.440889e+01  0.000000e+00
    endloop
  endfacet
  facet normal  7.071165e-01  7.070971e-01  -0.000000e+00
    outer loop
      vertex -8.659111e+01  5.413179e+01  3.000000e+00
      vertex -8.686820e+01  5.440889e+01  0.000000e+00
      vertex -8.686820e+01  5.440889e+01  3.000000e+00
    endloop
  endfacet
  facet normal  8.467172e-01  5.320432e-01  0.000000e+00
    outer loop
      vertex -8.686820e+01  5.440889e+01  3.000000e+00
      vertex -8.686820e+01  5.440889e+01  0.000000e+00
      vertex -8.707670e+01  5.474070e+01  0.000000e+00
    endloop
  endfacet
  facet normal  8.467172e-01  5.320432e-01  -0.000000e+00
    outer loop
      vertex -8.686820e+01  5.440889e+01  3.000000e+00
      vertex -8.707670e+01  5.474070e+01  0.000000e+00
      vertex -8.707670e+01  5.474070e+01  3.000000e+00
    endloop
  endfacet
  facet normal  9.438858e-01  3.302719e-01  0.000000e+00
    outer loop
      vertex -8.707670e+01  5.474070e+01  3.000000e+00
      vertex -8.707670e+01  5.474070e+01  0.000000e+00
      vertex -8.720612e+01  5.511059e+01  0.000000e+00
    endloop
  endfacet
  facet normal  9.438858e-01  3.302719e-01  -0.000000e+00
    outer loop
      vertex -8.707670e+01  5.474070e+01  3.000000e+00
      vertex -8.720612e+01  5.511059e+01  0.000000e+00
      vertex -8.720612e+01  5.511059e+01  3.000000e+00
    endloop
  endfacet
  facet normal  9.937121e-01  1.119656e-01  0.000000e+00
    outer loop
      vertex -8.720612e+01  5.511059e+01  3.000000e+00
      vertex -8.720612e+01  5.511059e+01  0.000000e+00
      vertex -8.725000e+01  5.550000e+01 -4.440892e-16
    endloop
  endfacet
  facet normal  9.937121e-01  1.119656e-01  -0.000000e+00
    outer loop
      vertex -8.720612e+01  5.511059e+01  3.000000e+00
      vertex -8.725000e+01  5.550000e+01 -4.440892e-16
      vertex -8.725000e+01  5.550000e+01  3.000000e+00
    endloop
  endfacet
  facet normal  1.119656e-01 -9.937121e-01  0.000000e+00
    outer loop
      vertex -8.550000e+01 -5.375000e+01  0.000000e+00
      vertex -8.588941e+01 -5.379388e+01  3.000000e+00
      vertex -8.588941e+01 -5.379388e+01  0.000000e+00
    endloop
  endfacet
  facet normal  3.302776e-01 -9.438839e-01  0.000000e+00
    outer loop
      vertex -8.588941e+01 -5.379388e+01  0.000000e+00
      vertex -8.588941e+01 -5.379388e+01  3.000000e+00
      vertex -8.625930e+01 -5.392331e+01  3.000000e+00
    endloop
  endfacet
  facet normal  3.302776e-01 -9.438839e-01  0.000000e+00
    outer loop
      vertex -8.588941e+01 -5.379388e+01  0.000000e+00
      vertex -8.625930e+01 -5.392331e+01  3.000000e+00
      vertex -8.625930e+01 -5.392331e+01  0.000000e+00
    endloop
  endfacet
  facet normal  5.320292e-01 -8.467260e-01  0.000000e+00
    outer loop
      vertex -8.625930e+01 -5.392331e+01  0.000000e+00
      vertex -8.625930e+01 -5.392331e+01  3.000000e+00
      vertex -8.659111e+01 -5.413179e+01  3.000000e+00
    endloop
  endfacet
  facet normal  5.320292e-01 -8.467260e-01  0.000000e+00
    outer loop
      vertex -8.625930e+01 -5.392331e+01  0.000000e+00
      vertex -8.659111e+01 -5.413179e+01  3.000000e+00
      vertex -8.659111e+01 -5.413179e+01  0.000000e+00
    endloop
  endfacet
  facet normal  7.071165e-01 -7.070971e-01  0.000000e+00
    outer loop
      vertex -8.659111e+01 -5.413179e+01  0.000000e+00
      vertex -8.659111e+01 -5.413179e+01  3.000000e+00
      vertex -8.686820e+01 -5.440889e+01  3.000000e+00
    endloop
  endfacet
  facet normal  7.071165e-01 -7.070971e-01  0.000000e+00
    outer loop
      vertex -8.659111e+01 -5.413179e+01  0.000000e+00
      vertex -8.686820e+01 -5.440889e+01  3.000000e+00
      vertex -8.686820e+01 -5.440889e+01  0.000000e+00
    endloop
  endfacet
  facet normal  8.467172e-01 -5.320432e-01  0.000000e+00
    outer loop
      vertex -8.686820e+01 -5.440889e+01  0.000000e+00
      vertex -8.686820e+01 -5.440889e+01  3.000000e+00
      vertex -8.707670e+01 -5.474070e+01  3.000000e+00
    endloop
  endfacet
  facet normal  8.467172e-01 -5.320432e-01  0.000000e+00
    outer loop
      vertex -8.686820e+01 -5.440889e+01  0.000000e+00
      vertex -8.707670e+01 -5.474070e+01  3.000000e+00
      vertex -8.707670e+01 -5.474070e+01  0.000000e+00
    endloop
  endfacet
  facet normal  9.438858e-01 -3.302719e-01  0.000000e+00
    outer loop
      vertex -8.707670e+01 -5.474070e+01  0.000000e+00
      vertex -8.707670e+01 -5.474070e+01  3.000000e+00
      vertex -8.720612e+01 -5.511059e+01  3.000000e+00
    endloop
  endfacet
  facet normal  9.438858e-01 -3.302719e-01  0.000000e+00
    outer loop
      vertex -8.707670e+01 -5.474070e+01  0.000000e+00
      vertex -8.720612e+01 -5.511059e+01  3.000000e+00
      vertex -8.720612e+01 -5.511059e+01  0.000000e+00
    endloop
  endfacet
  facet normal  9.937121e-01 -1.119656e-01  0.000000e+00
    outer loop
      vertex -8.720612e+01 -5.511059e+01  0.000000e+00
      vertex -8.720612e+01 -5.511059e+01  3.000000e+00
      vertex -8.725000e+01 -5.550000e+01  3.000000e+00
    endloop
  endfacet
  facet normal  9.937121e-01 -1.119656e-01  0.000000e+00
    outer loop
      vertex -8.720612e+01 -5.511059e+01  0.000000e+00
      vertex -8.725000e+01 -5.550000e+01  3.000000e+00
      vertex -8.725000e+01 -5.550000e+01 -4.440892e-16
    endloop
  endfacet
  facet normal  1.119656e-01 -9.937121e-01  0.000000e+00
    outer loop
      vertex -8.588941e+01 -5.379388e+01  3.000000e+00
      vertex -8.550000e+01 -5.375000e+01  0.000000e+00
      vertex -8.550000e+01 -5.375000e+01  3.000000e+00
    endloop
  endfacet
  facet normal -1.119656e-01 -9.937121e-01  -0.000000e+00
    outer loop
      vertex -8.550000e+01 -5.375000e+01  3.000000e+00
      vertex -8.550000e+01 -5.375000e+01  0.000000e+00
      vertex -8.511059e+01 -5.379388e+01  0.000000e+00
    endloop
  endfacet
  facet normal -1.119656e-01 -9.937121e-01  0.000000e+00
    outer loop
      vertex -8.550000e+01 -5.375000e+01  3.000000e+00
      vertex -8.511059e+01 -5.379388e+01  0.000000e+00
      vertex -8.511059e+01 -5.379388e+01  3.000000e+00
    endloop
  endfacet
  facet normal -3.302776e-01 -9.438839e-01  -0.000000e+00
    outer loop
      vertex -8.511059e+01 -5.379388e+01  3.000000e+00
      vertex -8.511059e+01 -5.379388e+01  0.000000e+00
      vertex -8.474070e+01 -5.392331e+01  0.000000e+00
    endloop
  endfacet
  facet normal -3.302776e-01 -9.438839e-01  0.000000e+00
    outer loop
      vertex -8.511059e+01 -5.379388e+01  3.000000e+00
      vertex -8.474070e+01 -5.392331e+01  0.000000e+00
      vertex -8.474070e+01 -5.392331e+01  3.000000e+00
    endloop
  endfacet
  facet normal -5.320292e-01 -8.467260e-01  -0.000000e+00
    outer loop
      vertex -8.474070e+01 -5.392331e+01  3.000000e+00
      vertex -8.474070e+01 -5.392331e+01  0.000000e+00
      vertex -8.440889e+01 -5.413179e+01  0.000000e+00
    endloop
  endfacet
  facet normal -5.320292e-01 -8.467260e-01  0.000000e+00
    outer loop
      vertex -8.474070e+01 -5.392331e+01  3.000000e+00
      vertex -8.440889e+01 -5.413179e+01  0.000000e+00
      vertex -8.440889e+01 -5.413179e+01  3.000000e+00
    endloop
  endfacet
  facet normal -7.071165e-01 -7.070971e-01  -0.000000e+00
    outer loop
      vertex -8.440889e+01 -5.413179e+01  3.000000e+00
      vertex -8.440889e+01 -5.413179e+01  0.000000e+00
      vertex -8.413180e+01 -5.440889e+01  0.000000e+00
    endloop
  endfacet
  facet normal -7.071165e-01 -7.070971e-01  0.000000e+00
    outer loop
      vertex -8.440889e+01 -5.413179e+01  3.000000e+00
      vertex -8.413180e+01 -5.440889e+01  0.000000e+00
      vertex -8.413180e+01 -5.440889e+01  3.000000e+00
    endloop
  endfacet
  facet normal -8.467172e-01 -5.320432e-01  -0.000000e+00
    outer loop
      vertex -8.413180e+01 -5.440889e+01  3.000000e+00
      vertex -8.413180e+01 -5.440889e+01  0.000000e+00
      vertex -8.392330e+01 -5.474070e+01  0.000000e+00
    endloop
  endfacet
  facet normal -8.467172e-01 -5.320432e-01  0.000000e+00
    outer loop
      vertex -8.413180e+01 -5.440889e+01  3.000000e+00
      vertex -8.392330e+01 -5.474070e+01  0.000000e+00
      vertex -8.392330e+01 -5.474070e+01  3.000000e+00
    endloop
  endfacet
  facet normal -9.438858e-01 -3.302719e-01  -0.000000e+00
    outer loop
      vertex -8.392330e+01 -5.474070e+01  3.000000e+00
      vertex -8.392330e+01 -5.474070e+01  0.000000e+00
      vertex -8.379388e+01 -5.511059e+01  0.000000e+00
    endloop
  endfacet
  facet normal -9.438858e-01 -3.302719e-01  0.000000e+00
    outer loop
      vertex -8.392330e+01 -5.474070e+01  3.000000e+00
      vertex -8.379388e+01 -5.511059e+01  0.000000e+00
      vertex -8.379388e+01 -5.511059e+01  3.000000e+00
    endloop
  endfacet
  facet normal -9.937121e-01 -1.119656e-01  -0.000000e+00
    outer loop
      vertex -8.379388e+01 -5.511059e+01  3.000000e+00
      vertex -8.379388e+01 -5.511059e+01  0.000000e+00
      vertex -8.375000e+01 -5.550000e+01  0.000000e+00
    endloop
  endfacet
  facet normal -9.937121e-01 -1.119656e-01  0.000000e+00
    outer loop
      vertex -8.379388e+01 -5.511059e+01  3.000000e+00
      vertex -8.375000e+01 -5.550000e+01  0.000000e+00
      vertex -8.375000e+01 -5.550000e+01  3.000000e+00
    endloop
  endfacet
  facet normal -1.119656e-01  9.937121e-01  0.000000e+00
    outer loop
      vertex -8.550000e+01 -5.725000e+01  0.000000e+00
      vertex -8.511059e+01 -5.720612e+01  3.000000e+00
      vertex -8.511059e+01 -5.720612e+01  0.000000e+00
    endloop
  endfacet
  facet normal -3.302776e-01  9.438839e-01  0.000000e+00
    outer loop
      vertex -8.511059e+01 -5.720612e+01  0.000000e+00
      vertex -8.511059e+01 -5.720612e+01  3.000000e+00
      vertex -8.474070e+01 -5.707669e+01  3.000000e+00
    endloop
  endfacet
  facet normal -3.302776e-01  9.438839e-01  0.000000e+00
    outer loop
      vertex -8.511059e+01 -5.720612e+01  0.000000e+00
      vertex -8.474070e+01 -5.707669e+01  3.000000e+00
      vertex -8.474070e+01 -5.707669e+01  0.000000e+00
    endloop
  endfacet
  facet normal -5.320292e-01  8.467260e-01  0.000000e+00
    outer loop
      vertex -8.474070e+01 -5.707669e+01  0.000000e+00
      vertex -8.474070e+01 -5.707669e+01  3.000000e+00
      vertex -8.440889e+01 -5.686821e+01  3.000000e+00
    endloop
  endfacet
  facet normal -5.320292e-01  8.467260e-01  0.000000e+00
    outer loop
      vertex -8.474070e+01 -5.707669e+01  0.000000e+00
      vertex -8.440889e+01 -5.686821e+01  3.000000e+00
      vertex -8.440889e+01 -5.686821e+01  0.000000e+00
    endloop
  endfacet
  facet normal -7.071165e-01  7.070971e-01  0.000000e+00
    outer loop
      vertex -8.440889e+01 -5.686821e+01  0.000000e+00
      vertex -8.440889e+01 -5.686821e+01  3.000000e+00
      vertex -8.413180e+01 -5.659111e+01  3.000000e+00
    endloop
  endfacet
  facet normal -7.071165e-01  7.070971e-01  0.000000e+00
    outer loop
      vertex -8.440889e+01 -5.686821e+01  0.000000e+00
      vertex -8.413180e+01 -5.659111e+01  3.000000e+00
      vertex -8.413180e+01 -5.659111e+01  0.000000e+00
    endloop
  endfacet
  facet normal -8.467172e-01  5.320432e-01  0.000000e+00
    outer loop
      vertex -8.413180e+01 -5.659111e+01  0.000000e+00
      vertex -8.413180e+01 -5.659111e+01  3.000000e+00
      vertex -8.392330e+01 -5.625930e+01  3.000000e+00
    endloop
  endfacet
  facet normal -8.467172e-01  5.320432e-01  0.000000e+00
    outer loop
      vertex -8.413180e+01 -5.659111e+01  0.000000e+00
      vertex -8.392330e+01 -5.625930e+01  3.000000e+00
      vertex -8.392330e+01 -5.625930e+01  0.000000e+00
    endloop
  endfacet
  facet normal -9.438858e-01  3.302719e-01  0.000000e+00
    outer loop
      vertex -8.392330e+01 -5.625930e+01  0.000000e+00
      vertex -8.392330e+01 -5.625930e+01  3.000000e+00
      vertex -8.379388e+01 -5.588941e+01  3.000000e+00
    endloop
  endfacet
  facet normal -9.438858e-01  3.302719e-01  0.000000e+00
    outer loop
      vertex -8.392330e+01 -5.625930e+01  0.000000e+00
      vertex -8.379388e+01 -5.588941e+01  3.000000e+00
      vertex -8.379388e+01 -5.588941e+01  0.000000e+00
    endloop
  endfacet
  facet normal -9.937121e-01  1.119656e-01  0.000000e+00
    outer loop
      vertex -8.379388e+01 -5.588941e+01  0.000000e+00
      vertex -8.379388e+01 -5.588941e+01  3.000000e+00
      vertex -8.375000e+01 -5.550000e+01  3.000000e+00
    endloop
  endfacet
  facet normal -9.937121e-01  1.119656e-01  0.000000e+00
    outer loop
      vertex -8.379388e+01 -5.588941e+01  0.000000e+00
      vertex -8.375000e+01 -5.550000e+01  3.000000e+00
      vertex -8.375000e+01 -5.550000e+01  0.000000e+00
    endloop
  endfacet
  facet normal -1.119656e-01  9.937121e-01  0.000000e+00
    outer loop
      vertex -8.511059e+01 -5.720612e+01  3.000000e+00
      vertex -8.550000e+01 -5.725000e+01  0.000000e+00
      vertex -8.550000e+01 -5.725000e+01  3.000000e+00
    endloop
  endfacet
  facet normal  1.119656e-01  9.937121e-01  0.000000e+00
    outer loop
      vertex -8.550000e+01 -5.725000e+01  3.000000e+00
      vertex -8.550000e+01 -5.725000e+01  0.000000e+00
      vertex -8.588941e+01 -5.720612e+01  0.000000e+00
    endloop
  endfacet
  facet normal  1.119656e-01  9.937121e-01  -0.000000e+00
    outer loop
      vertex -8.550000e+01 -5.725000e+01  3.000000e+00
      vertex -8.588941e+01 -5.720612e+01  0.000000e+00
      vertex -8.588941e+01 -5.720612e+01  3.000000e+00
    endloop
  endfacet
  facet normal  3.302776e-01  9.438839e-01  0.000000e+00
    outer loop
      vertex -8.588941e+01 -5.720612e+01  3.000000e+00
      vertex -8.588941e+01 -5.720612e+01  0.000000e+00
      vertex -8.625930e+01 -5.707669e+01  0.000000e+00
    endloop
  endfacet
  facet normal  3.302776e-01  9.438839e-01  -0.000000e+00
    outer loop
      vertex -8.588941e+01 -5.720612e+01  3.000000e+00
      vertex -8.625930e+01 -5.707669e+01  0.000000e+00
      vertex -8.625930e+01 -5.707669e+01  3.000000e+00
    endloop
  endfacet
  facet normal  5.320292e-01  8.467260e-01  0.000000e+00
    outer loop
      vertex -8.625930e+01 -5.707669e+01  3.000000e+00
      vertex -8.625930e+01 -5.707669e+01  0.000000e+00
      vertex -8.659111e+01 -5.686821e+01  0.000000e+00
    endloop
  endfacet
  facet normal  5.320292e-01  8.467260e-01  -0.000000e+00
    outer loop
      vertex -8.625930e+01 -5.707669e+01  3.000000e+00
      vertex -8.659111e+01 -5.686821e+01  0.000000e+00
      vertex -8.659111e+01 -5.686821e+01  3.000000e+00
    endloop
  endfacet
  facet normal  7.071165e-01  7.070971e-01  0.000000e+00
    outer loop
      vertex -8.659111e+01 -5.686821e+01  3.000000e+00
      vertex -8.659111e+01 -5.686821e+01  0.000000e+00
      vertex -8.686820e+01 -5.659111e+01  0.000000e+00
    endloop
  endfacet
  facet normal  7.071165e-01  7.070971e-01  -0.000000e+00
    outer loop
      vertex -8.659111e+01 -5.686821e+01  3.000000e+00
      vertex -8.686820e+01 -5.659111e+01  0.000000e+00
      vertex -8.686820e+01 -5.659111e+01  3.000000e+00
    endloop
  endfacet
  facet normal  8.467172e-01  5.320432e-01  0.000000e+00
    outer loop
      vertex -8.686820e+01 -5.659111e+01  3.000000e+00
      vertex -8.686820e+01 -5.659111e+01  0.000000e+00
      vertex -8.707670e+01 -5.625930e+01  0.000000e+00
    endloop
  endfacet
  facet normal  8.467172e-01  5.320432e-01  -0.000000e+00
    outer loop
      vertex -8.686820e+01 -5.659111e+01  3.000000e+00
      vertex -8.707670e+01 -5.625930e+01  0.000000e+00
      vertex -8.707670e+01 -5.625930e+01  3.000000e+00
    endloop
  endfacet
  facet normal  9.438858e-01  3.302719e-01  0.000000e+00
    outer loop
      vertex -8.707670e+01 -5.625930e+01  3.000000e+00
      vertex -8.707670e+01 -5.625930e+01  0.000000e+00
      vertex -8.720612e+01 -5.588941e+01  0.000000e+00
    endloop
  endfacet
  facet normal  9.438858e-01  3.302719e-01  -0.000000e+00
    outer loop
      vertex -8.707670e+01 -5.625930e+01  3.000000e+00
      vertex -8.720612e+01 -5.588941e+01  0.000000e+00
      vertex -8.720612e+01 -5.588941e+01  3.000000e+00
    endloop
  endfacet
  facet normal  9.937121e-01  1.119656e-01  0.000000e+00
    outer loop
      vertex -8.720612e+01 -5.588941e+01  3.000000e+00
      vertex -8.720612e+01 -5.588941e+01  0.000000e+00
      vertex -8.725000e+01 -5.550000e+01 -4.440892e-16
    endloop
  endfacet
  facet normal  9.937121e-01  1.119656e-01  -0.000000e+00
    outer loop
      vertex -8.720612e+01 -5.588941e+01  3.000000e+00
      vertex -8.725000e+01 -5.550000e+01 -4.440892e-16
      vertex -8.725000e+01 -5.550000e+01  3.000000e+00
    endloop
  endfacet
  facet normal  1.119656e-01 -9.937121e-01  0.000000e+00
    outer loop
      vertex  8.550000e+01 -5.375000e+01  0.000000e+00
      vertex  8.511059e+01 -5.379388e+01  3.000000e+00
      vertex  8.511059e+01 -5.379388e+01  0.000000e+00
    endloop
  endfacet
  facet normal  3.302776e-01 -9.438839e-01  0.000000e+00
    outer loop
      vertex  8.511059e+01 -5.379388e+01  0.000000e+00
      vertex  8.511059e+01 -5.379388e+01  3.000000e+00
      vertex  8.474070e+01 -5.392331e+01  3.000000e+00
    endloop
  endfacet
  facet normal  3.302776e-01 -9.438839e-01  0.000000e+00
    outer loop
      vertex  8.511059e+01 -5.379388e+01  0.000000e+00
      vertex  8.474070e+01 -5.392331e+01  3.000000e+00
      vertex  8.474070e+01 -5.392331e+01  0.000000e+00
    endloop
  endfacet
  facet normal  5.320292e-01 -8.467260e-01  0.000000e+00
    outer loop
      vertex  8.474070e+01 -5.392331e+01  0.000000e+00
      vertex  8.474070e+01 -5.392331e+01  3.000000e+00
      vertex  8.440889e+01 -5.413179e+01  3.000000e+00
    endloop
  endfacet
  facet normal  5.320292e-01 -8.467260e-01  0.000000e+00
    outer loop
      vertex  8.474070e+01 -5.392331e+01  0.000000e+00
      vertex  8.440889e+01 -5.413179e+01  3.000000e+00
      vertex  8.440889e+01 -5.413179e+01  0.000000e+00
    endloop
  endfacet
  facet normal  7.071165e-01 -7.070971e-01  0.000000e+00
    outer loop
      vertex  8.440889e+01 -5.413179e+01  0.000000e+00
      vertex  8.440889e+01 -5.413179e+01  3.000000e+00
      vertex  8.413180e+01 -5.440889e+01  3.000000e+00
    endloop
  endfacet
  facet normal  7.071165e-01 -7.070971e-01  0.000000e+00
    outer loop
      vertex  8.440889e+01 -5.413179e+01  0.000000e+00
      vertex  8.413180e+01 -5.440889e+01  3.000000e+00
      vertex  8.413180e+01 -5.440889e+01  0.000000e+00
    endloop
  endfacet
  facet normal  8.467172e-01 -5.320432e-01  0.000000e+00
    outer loop
      vertex  8.413180e+01 -5.440889e+01  0.000000e+00
      vertex  8.413180e+01 -5.440889e+01  3.000000e+00
      vertex  8.392330e+01 -5.474070e+01  3.000000e+00
    endloop
  endfacet
  facet normal  8.467172e-01 -5.320432e-01  0.000000e+00
    outer loop
      vertex  8.413180e+01 -5.440889e+01  0.000000e+00
      vertex  8.392330e+01 -5.474070e+01  3.000000e+00
      vertex  8.392330e+01 -5.474070e+01  0.000000e+00
    endloop
  endfacet
  facet normal  9.438858e-01 -3.302719e-01  0.000000e+00
    outer loop
      vertex  8.392330e+01 -5.474070e+01  0.000000e+00
      vertex  8.392330e+01 -5.474070e+01  3.000000e+00
      vertex  8.379388e+01 -5.511059e+01  3.000000e+00
    endloop
  endfacet
  facet normal  9.438858e-01 -3.302719e-01  0.000000e+00
    outer loop
      vertex  8.392330e+01 -5.474070e+01  0.000000e+00
      vertex  8.379388e+01 -5.511059e+01  3.000000e+00
      vertex  8.379388e+01 -5.511059e+01  0.000000e+00
    endloop
  endfacet
  facet normal  9.937121e-01 -1.119656e-01  0.000000e+00
    outer loop
      vertex  8.379388e+01 -5.511059e+01  0.000000e+00
      vertex  8.379388e+01 -5.511059e+01  3.000000e+00
      vertex  8.375000e+01 -5.550000e+01  3.000000e+00
    endloop
  endfacet
  facet normal  9.937121e-01 -1.119656e-01  0.000000e+00
    outer loop
      vertex  8.379388e+01 -5.511059e+01  0.000000e+00
      vertex  8.375000e+01 -5.550000e+01  3.000000e+00
      vertex  8.375000e+01 -5.550000e+01 -4.440892e-16
    endloop
  endfacet
  facet normal  1.119656e-01 -9.937121e-01  0.000000e+00
    outer loop
      vertex  8.511059e+01 -5.379388e+01  3.000000e+00
      vertex  8.550000e+01 -5.375000e+01  0.000000e+00
      vertex  8.550000e+01 -5.375000e+01  3.000000e+00
    endloop
  endfacet
  facet normal -1.119656e-01 -9.937121e-01  -0.000000e+00
    outer loop
      vertex  8.550000e+01 -5.375000e+01  3.000000e+00
      vertex  8.550000e+01 -5.375000e+01  0.000000e+00
      vertex  8.588941e+01 -5.379388e+01  0.000000e+00
    endloop
  endfacet
  facet normal -1.119656e-01 -9.937121e-01  0.000000e+00
    outer loop
      vertex  8.550000e+01 -5.375000e+01  3.000000e+00
      vertex  8.588941e+01 -5.379388e+01  0.000000e+00
      vertex  8.588941e+01 -5.379388e+01  3.000000e+00
    endloop
  endfacet
  facet normal -3.302776e-01 -9.438839e-01  -0.000000e+00
    outer loop
      vertex  8.588941e+01 -5.379388e+01  3.000000e+00
      vertex  8.588941e+01 -5.379388e+01  0.000000e+00
      vertex  8.625930e+01 -5.392331e+01  0.000000e+00
    endloop
  endfacet
  facet normal -3.302776e-01 -9.438839e-01  0.000000e+00
    outer loop
      vertex  8.588941e+01 -5.379388e+01  3.000000e+00
      vertex  8.625930e+01 -5.392331e+01  0.000000e+00
      vertex  8.625930e+01 -5.392331e+01  3.000000e+00
    endloop
  endfacet
  facet normal -5.320292e-01 -8.467260e-01  -0.000000e+00
    outer loop
      vertex  8.625930e+01 -5.392331e+01  3.000000e+00
      vertex  8.625930e+01 -5.392331e+01  0.000000e+00
      vertex  8.659111e+01 -5.413179e+01  0.000000e+00
    endloop
  endfacet
  facet normal -5.320292e-01 -8.467260e-01  0.000000e+00
    outer loop
      vertex  8.625930e+01 -5.392331e+01  3.000000e+00
      vertex  8.659111e+01 -5.413179e+01  0.000000e+00
      vertex  8.659111e+01 -5.413179e+01  3.000000e+00
    endloop
  endfacet
  facet normal -7.071165e-01 -7.070971e-01  -0.000000e+00
    outer loop
      vertex  8.659111e+01 -5.413179e+01  3.000000e+00
      vertex  8.659111e+01 -5.413179e+01  0.000000e+00
      vertex  8.686820e+01 -5.440889e+01  0.000000e+00
    endloop
  endfacet
  facet normal -7.071165e-01 -7.070971e-01  0.000000e+00
    outer loop
      vertex  8.659111e+01 -5.413179e+01  3.000000e+00
      vertex  8.686820e+01 -5.440889e+01  0.000000e+00
      vertex  8.686820e+01 -5.440889e+01  3.000000e+00
    endloop
  endfacet
  facet normal -8.467172e-01 -5.320432e-01  -0.000000e+00
    outer loop
      vertex  8.686820e+01 -5.440889e+01  3.000000e+00
      vertex  8.686820e+01 -5.440889e+01  0.000000e+00
      vertex  8.707670e+01 -5.474070e+01  0.000000e+00
    endloop
  endfacet
  facet normal -8.467172e-01 -5.320432e-01  0.000000e+00
    outer loop
      vertex  8.686820e+01 -5.440889e+01  3.000000e+00
      vertex  8.707670e+01 -5.474070e+01  0.000000e+00
      vertex  8.707670e+01 -5.474070e+01  3.000000e+00
    endloop
  endfacet
  facet normal -9.438858e-01 -3.302719e-01  -0.000000e+00
    outer loop
      vertex  8.707670e+01 -5.474070e+01  3.000000e+00
      vertex  8.707670e+01 -5.474070e+01  0.000000e+00
      vertex  8.720612e+01 -5.511059e+01  0.000000e+00
    endloop
  endfacet
  facet normal -9.438858e-01 -3.302719e-01  0.000000e+00
    outer loop
      vertex  8.707670e+01 -5.474070e+01  3.000000e+00
      vertex  8.720612e+01 -5.511059e+01  0.000000e+00
      vertex  8.720612e+01 -5.511059e+01  3.000000e+00
    endloop
  endfacet
  facet normal -9.937121e-01 -1.119656e-01  -0.000000e+00
    outer loop
      vertex  8.720612e+01 -5.511059e+01  3.000000e+00
      vertex  8.720612e+01 -5.511059e+01  0.000000e+00
      vertex  8.725000e+01 -5.550000e+01  0.000000e+00
    endloop
  endfacet
  facet normal -9.937121e-01 -1.119656e-01  0.000000e+00
    outer loop
      vertex  8.720612e+01 -5.511059e+01  3.000000e+00
      vertex  8.725000e+01 -5.550000e+01  0.000000e+00
      vertex  8.725000e+01 -5.550000e+01  3.000000e+00
    endloop
  endfacet
  facet normal -1.119656e-01  9.937121e-01  0.000000e+00
    outer loop
      vertex  8.550000e+01 -5.725000e+01  0.000000e+00
      vertex  8.588941e+01 -5.720612e+01  3.000000e+00
      vertex  8.588941e+01 -5.720612e+01  0.000000e+00
    endloop
  endfacet
  facet normal -3.302776e-01  9.438839e-01  0.000000e+00
    outer loop
      vertex  8.588941e+01 -5.720612e+01  0.000000e+00
      vertex  8.588941e+01 -5.720612e+01  3.000000e+00
      vertex  8.625930e+01 -5.707669e+01  3.000000e+00
    endloop
  endfacet
  facet normal -3.302776e-01  9.438839e-01  0.000000e+00
    outer loop
      vertex  8.588941e+01 -5.720612e+01  0.000000e+00
      vertex  8.625930e+01 -5.707669e+01  3.000000e+00
      vertex  8.625930e+01 -5.707669e+01  0.000000e+00
    endloop
  endfacet
  facet normal -5.320292e-01  8.467260e-01  0.000000e+00
    outer loop
      vertex  8.625930e+01 -5.707669e+01  0.000000e+00
      vertex  8.625930e+01 -5.707669e+01  3.000000e+00
      vertex  8.659111e+01 -5.686821e+01  3.000000e+00
    endloop
  endfacet
  facet normal -5.320292e-01  8.467260e-01  0.000000e+00
    outer loop
      vertex  8.625930e+01 -5.707669e+01  0.000000e+00
      vertex  8.659111e+01 -5.686821e+01  3.000000e+00
      vertex  8.659111e+01 -5.686821e+01  0.000000e+00
    endloop
  endfacet
  facet normal -7.071165e-01  7.070971e-01  0.000000e+00
    outer loop
      vertex  8.659111e+01 -5.686821e+01  0.000000e+00
      vertex  8.659111e+01 -5.686821e+01  3.000000e+00
      vertex  8.686820e+01 -5.659111e+01  3.000000e+00
    endloop
  endfacet
  facet normal -7.071165e-01  7.070971e-01  0.000000e+00
    outer loop
      vertex  8.659111e+01 -5.686821e+01  0.000000e+00
      vertex  8.686820e+01 -5.659111e+01  3.000000e+00
      vertex  8.686820e+01 -5.659111e+01  0.000000e+00
    endloop
  endfacet
  facet normal -8.467172e-01  5.320432e-01  0.000000e+00
    outer loop
      vertex  8.686820e+01 -5.659111e+01  0.000000e+00
      vertex  8.686820e+01 -5.659111e+01  3.000000e+00
      vertex  8.707670e+01 -5.625930e+01  3.000000e+00
    endloop
  endfacet
  facet normal -8.467172e-01  5.320432e-01  0.000000e+00
    outer loop
      vertex  8.686820e+01 -5.659111e+01  0.000000e+00
      vertex  8.707670e+01 -5.625930e+01  3.000000e+00
      vertex  8.707670e+01 -5.625930e+01  0.000000e+00
    endloop
  endfacet
  facet normal -9.438858e-01  3.302719e-01  0.000000e+00
    outer loop
      vertex  8.707670e+01 -5.625930e+01  0.000000e+00
      vertex  8.707670e+01 -5.625930e+01  3.000000e+00
      vertex  8.720612e+01 -5.588941e+01  3.000000e+00
    endloop
  endfacet
  facet normal -9.438858e-01  3.302719e-01  0.000000e+00
    outer loop
      vertex  8.707670e+01 -5.625930e+01  0.000000e+00
      vertex  8.720612e+01 -5.588941e+01  3.000000e+00
      vertex  8.720612e+01 -5.588941e+01  0.000000e+00
    endloop
  endfacet
  facet normal -9.937121e-01  1.119656e-01  0.000000e+00
    outer loop
      vertex  8.720612e+01 -5.588941e+01  0.000000e+00
      vertex  8.720612e+01 -5.588941e+01  3.000000e+00
      vertex  8.725000e+01 -5.550000e+01  3.000000e+00
    endloop
  endfacet
  facet normal -9.937121e-01  1.119656e-01  0.000000e+00
    outer loop
      vertex  8.720612e+01 -5.588941e+01  0.000000e+00
      vertex  8.725000e+01 -5.550000e+01  3.000000e+00
      vertex  8.725000e+01 -5.550000e+01  0.000000e+00
    endloop
  endfacet
  facet normal -1.119656e-01  9.937121e-01  0.000000e+00
    outer loop
      vertex  8.588941e+01 -5.720612e+01  3.000000e+00
      vertex  8.550000e+01 -5.725000e+01  0.000000e+00
      vertex  8.550000e+01 -5.725000e+01  3.000000e+00
    endloop
  endfacet
  facet normal  1.119656e-01  9.937121e-01  0.000000e+00
    outer loop
      vertex  8.550000e+01 -5.725000e+01  3.000000e+00
      vertex  8.550000e+01 -5.725000e+01  0.000000e+00
      vertex  8.511059e+01 -5.720612e+01  0.000000e+00
    endloop
  endfacet
  facet normal  1.119656e-01  9.937121e-01  -0.000000e+00
    outer loop
      vertex  8.550000e+01 -5.725000e+01  3.000000e+00
      vertex  8.511059e+01 -5.720612e+01  0.000000e+00
      vertex  8.511059e+01 -5.720612e+01  3.000000e+00
    endloop
  endfacet
  facet normal  3.302776e-01  9.438839e-01  0.000000e+00
    outer loop
      vertex  8.511059e+01 -5.720612e+01  3.000000e+00
      vertex  8.511059e+01 -5.720612e+01  0.000000e+00
      vertex  8.474070e+01 -5.707669e+01  0.000000e+00
    endloop
  endfacet
  facet normal  3.302776e-01  9.438839e-01  -0.000000e+00
    outer loop
      vertex  8.511059e+01 -5.720612e+01  3.000000e+00
      vertex  8.474070e+01 -5.707669e+01  0.000000e+00
      vertex  8.474070e+01 -5.707669e+01  3.000000e+00
    endloop
  endfacet
  facet normal  5.320292e-01  8.467260e-01  0.000000e+00
    outer loop
      vertex  8.474070e+01 -5.707669e+01  3.000000e+00
      vertex  8.474070e+01 -5.707669e+01  0.000000e+00
      vertex  8.440889e+01 -5.686821e+01  0.000000e+00
    endloop
  endfacet
  facet normal  5.320292e-01  8.467260e-01  -0.000000e+00
    outer loop
      vertex  8.474070e+01 -5.707669e+01  3.000000e+00
      vertex  8.440889e+01 -5.686821e+01  0.000000e+00
      vertex  8.440889e+01 -5.686821e+01  3.000000e+00
    endloop
  endfacet
  facet normal  7.071165e-01  7.070971e-01  0.000000e+00
    outer loop
      vertex  8.440889e+01 -5.686821e+01  3.000000e+00
      vertex  8.440889e+01 -5.686821e+01  0.000000e+00
      vertex  8.413180e+01 -5.659111e+01  0.000000e+00
    endloop
  endfacet
  facet normal  7.071165e-01  7.070971e-01  -0.000000e+00
    outer loop
      vertex  8.440889e+01 -5.686821e+01  3.000000e+00
      vertex  8.413180e+01 -5.659111e+01  0.000000e+00
      vertex  8.413180e+01 -5.659111e+01  3.000000e+00
    endloop
  endfacet
  facet normal  8.467172e-01  5.320432e-01  0.000000e+00
    outer loop
      vertex  8.413180e+01 -5.659111e+01  3.000000e+00
      vertex  8.413180e+01 -5.659111e+01  0.000000e+00
      vertex  8.392330e+01 -5.625930e+01  0.000000e+00
    endloop
  endfacet
  facet normal  8.467172e-01  5.320432e-01  -0.000000e+00
    outer loop
      vertex  8.413180e+01 -5.659111e+01  3.000000e+00
      vertex  8.392330e+01 -5.625930e+01  0.000000e+00
      vertex  8.392330e+01 -5.625930e+01  3.000000e+00
    endloop
  endfacet
  facet normal  9.438858e-01  3.302719e-01  0.000000e+00
    outer loop
      vertex  8.392330e+01 -5.625930e+01  3.000000e+00
      vertex  8.392330e+01 -5.625930e+01  0.000000e+00
      vertex  8.379388e+01 -5.588941e+01  0.000000e+00
    endloop
  endfacet
  facet normal  9.438858e-01  3.302719e-01  -0.000000e+00
    outer loop
      vertex  8.392330e+01 -5.625930e+01  3.000000e+00
      vertex  8.379388e+01 -5.588941e+01  0.000000e+00
      vertex  8.379388e+01 -5.588941e+01  3.000000e+00
    endloop
  endfacet
  facet normal  9.937121e-01  1.119656e-01  0.000000e+00
    outer loop
      vertex  8.379388e+01 -5.588941e+01  3.000000e+00
      vertex  8.379388e+01 -5.588941e+01  0.000000e+00
      vertex  8.375000e+01 -5.550000e+01 -4.440892e-16
    endloop
  endfacet
  facet normal  9.937121e-01  1.119656e-01  -0.000000e+00
    outer loop
      vertex  8.379388e+01 -5.588941e+01  3.000000e+00
      vertex  8.375000e+01 -5.550000e+01 -4.440892e-16
      vertex  8.375000e+01 -5.550000e+01  3.000000e+00
    endloop
  endfacet
  facet normal  1.119656e-01 -9.937121e-01  0.000000e+00
    outer loop
      vertex  8.550000e+01  5.725000e+01  0.000000e+00
      vertex  8.511059e+01  5.720612e+01  3.000000e+00
      vertex  8.511059e+01  5.720612e+01  0.000000e+00
    endloop
  endfacet
  facet normal  3.302776e-01 -9.438839e-01  0.000000e+00
    outer loop
      vertex  8.511059e+01  5.720612e+01  0.000000e+00
      vertex  8.511059e+01  5.720612e+01  3.000000e+00
      vertex  8.474070e+01  5.707669e+01  3.000000e+00
    endloop
  endfacet
  facet normal  3.302776e-01 -9.438839e-01  0.000000e+00
    outer loop
      vertex  8.511059e+01  5.720612e+01  0.000000e+00
      vertex  8.474070e+01  5.707669e+01  3.000000e+00
      vertex  8.474070e+01  5.707669e+01  0.000000e+00
    endloop
  endfacet
  facet normal  5.320292e-01 -8.467260e-01  0.000000e+00
    outer loop
      vertex  8.474070e+01  5.707669e+01  0.000000e+00
      vertex  8.474070e+01  5.707669e+01  3.000000e+00
      vertex  8.440889e+01  5.686821e+01  3.000000e+00
    endloop
  endfacet
  facet normal  5.320292e-01 -8.467260e-01  0.000000e+00
    outer loop
      vertex  8.474070e+01  5.707669e+01  0.000000e+00
      vertex  8.440889e+01  5.686821e+01  3.000000e+00
      vertex  8.440889e+01  5.686821e+01  0.000000e+00
    endloop
  endfacet
  facet normal  7.071165e-01 -7.070971e-01  0.000000e+00
    outer loop
      vertex  8.440889e+01  5.686821e+01  0.000000e+00
      vertex  8.440889e+01  5.686821e+01  3.000000e+00
      vertex  8.413180e+01  5.659111e+01  3.000000e+00
    endloop
  endfacet
  facet normal  7.071165e-01 -7.070971e-01  0.000000e+00
    outer loop
      vertex  8.440889e+01  5.686821e+01  0.000000e+00
      vertex  8.413180e+01  5.659111e+01  3.000000e+00
      vertex  8.413180e+01  5.659111e+01  0.000000e+00
    endloop
  endfacet
  facet normal  8.467172e-01 -5.320432e-01  0.000000e+00
    outer loop
      vertex  8.413180e+01  5.659111e+01  0.000000e+00
      vertex  8.413180e+01  5.659111e+01  3.000000e+00
      vertex  8.392330e+01  5.625930e+01  3.000000e+00
    endloop
  endfacet
  facet normal  8.467172e-01 -5.320432e-01  0.000000e+00
    outer loop
      vertex  8.413180e+01  5.659111e+01  0.000000e+00
      vertex  8.392330e+01  5.625930e+01  3.000000e+00
      vertex  8.392330e+01  5.625930e+01  0.000000e+00
    endloop
  endfacet
  facet normal  9.438858e-01 -3.302719e-01  0.000000e+00
    outer loop
      vertex  8.392330e+01  5.625930e+01  0.000000e+00
      vertex  8.392330e+01  5.625930e+01  3.000000e+00
      vertex  8.379388e+01  5.588941e+01  3.000000e+00
    endloop
  endfacet
  facet normal  9.438858e-01 -3.302719e-01  0.000000e+00
    outer loop
      vertex  8.392330e+01  5.625930e+01  0.000000e+00
      vertex  8.379388e+01  5.588941e+01  3.000000e+00
      vertex  8.379388e+01  5.588941e+01  0.000000e+00
    endloop
  endfacet
  facet normal  9.937121e-01 -1.119656e-01  0.000000e+00
    outer loop
      vertex  8.379388e+01  5.588941e+01  0.000000e+00
      vertex  8.379388e+01  5.588941e+01  3.000000e+00
      vertex  8.375000e+01  5.550000e+01  3.000000e+00
    endloop
  endfacet
  facet normal  9.937121e-01 -1.119656e-01  0.000000e+00
    outer loop
      vertex  8.379388e+01  5.588941e+01  0.000000e+00
      vertex  8.375000e+01  5.550000e+01  3.000000e+00
      vertex  8.375000e+01  5.550000e+01 -4.440892e-16
    endloop
  endfacet
  facet normal  1.119656e-01 -9.937121e-01  0.000000e+00
    outer loop
      vertex  8.511059e+01  5.720612e+01  3.000000e+00
      vertex  8.550000e+01  5.725000e+01  0.000000e+00
      vertex  8.550000e+01  5.725000e+01  3.000000e+00
    endloop
  endfacet
  facet normal -1.119656e-01 -9.937121e-01  -0.000000e+00
    outer loop
      vertex  8.550000e+01  5.725000e+01  3.000000e+00
      vertex  8.550000e+01  5.725000e+01  0.000000e+00
      vertex  8.588941e+01  5.720612e+01  0.000000e+00
    endloop
  endfacet
  facet normal -1.119656e-01 -9.937121e-01  0.000000e+00
    outer loop
      vertex  8.550000e+01  5.725000e+01  3.000000e+00
      vertex  8.588941e+01  5.720612e+01  0.000000e+00
      vertex  8.588941e+01  5.720612e+01  3.000000e+00
    endloop
  endfacet
  facet normal -3.302776e-01 -9.438839e-01  -0.000000e+00
    outer loop
      vertex  8.588941e+01  5.720612e+01  3.000000e+00
      vertex  8.588941e+01  5.720612e+01  0.000000e+00
      vertex  8.625930e+01  5.707669e+01  0.000000e+00
    endloop
  endfacet
  facet normal -3.302776e-01 -9.438839e-01  0.000000e+00
    outer loop
      vertex  8.588941e+01  5.720612e+01  3.000000e+00
      vertex  8.625930e+01  5.707669e+01  0.000000e+00
      vertex  8.625930e+01  5.707669e+01  3.000000e+00
    endloop
  endfacet
  facet normal -5.320292e-01 -8.467260e-01  -0.000000e+00
    outer loop
      vertex  8.625930e+01  5.707669e+01  3.000000e+00
      vertex  8.625930e+01  5.707669e+01  0.000000e+00
      vertex  8.659111e+01  5.686821e+01  0.000000e+00
    endloop
  endfacet
  facet normal -5.320292e-01 -8.467260e-01  0.000000e+00
    outer loop
      vertex  8.625930e+01  5.707669e+01  3.000000e+00
      vertex  8.659111e+01  5.686821e+01  0.000000e+00
      vertex  8.659111e+01  5.686821e+01  3.000000e+00
    endloop
  endfacet
  facet normal -7.071165e-01 -7.070971e-01  -0.000000e+00
    outer loop
      vertex  8.659111e+01  5.686821e+01  3.000000e+00
      vertex  8.659111e+01  5.686821e+01  0.000000e+00
      vertex  8.686820e+01  5.659111e+01  0.000000e+00
    endloop
  endfacet
  facet normal -7.071165e-01 -7.070971e-01  0.000000e+00
    outer loop
      vertex  8.659111e+01  5.686821e+01  3.000000e+00
      vertex  8.686820e+01  5.659111e+01  0.000000e+00
      vertex  8.686820e+01  5.659111e+01  3.000000e+00
    endloop
  endfacet
  facet normal -8.467172e-01 -5.320432e-01  -0.000000e+00
    outer loop
      vertex  8.686820e+01  5.659111e+01  3.000000e+00
      vertex  8.686820e+01  5.659111e+01  0.000000e+00
      vertex  8.707670e+01  5.625930e+01  0.000000e+00
    endloop
  endfacet
  facet normal -8.467172e-01 -5.320432e-01  0.000000e+00
    outer loop
      vertex  8.686820e+01  5.659111e+01  3.000000e+00
      vertex  8.707670e+01  5.625930e+01  0.000000e+00
      vertex  8.707670e+01  5.625930e+01  3.000000e+00
    endloop
  endfacet
  facet normal -9.438858e-01 -3.302719e-01  -0.000000e+00
    outer loop
      vertex  8.707670e+01  5.625930e+01  3.000000e+00
      vertex  8.707670e+01  5.625930e+01  0.000000e+00
      vertex  8.720612e+01  5.588941e+01  0.000000e+00
    endloop
  endfacet
  facet normal -9.438858e-01 -3.302719e-01  0.000000e+00
    outer loop
      vertex  8.707670e+01  5.625930e+01  3.000000e+00
      vertex  8.720612e+01  5.588941e+01  0.000000e+00
      vertex  8.720612e+01  5.588941e+01  3.000000e+00
    endloop
  endfacet
  facet normal -9.937121e-01 -1.119656e-01  -0.000000e+00
    outer loop
      vertex  8.720612e+01  5.588941e+01  3.000000e+00
      vertex  8.720612e+01  5.588941e+01  0.000000e+00
      vertex  8.725000e+01  5.550000e+01  0.000000e+00
    endloop
  endfacet
  facet normal -9.937121e-01 -1.119656e-01  0.000000e+00
    outer loop
      vertex  8.720612e+01  5.588941e+01  3.000000e+00
      vertex  8.725000e+01  5.550000e+01  0.000000e+00
      vertex  8.725000e+01  5.550000e+01  3.000000e+00
    endloop
  endfacet
  facet normal -1.119656e-01  9.937121e-01  0.000000e+00
    outer loop
      vertex  8.550000e+01  5.375000e+01  0.000000e+00
      vertex  8.588941e+01  5.379388e+01  3.000000e+00
      vertex  8.588941e+01  5.379388e+01  0.000000e+00
    endloop
  endfacet
  facet normal -3.302776e-01  9.438839e-01  0.000000e+00
    outer loop
      vertex  8.588941e+01  5.379388e+01  0.000000e+00
      vertex  8.588941e+01  5.379388e+01  3.000000e+00
      vertex  8.625930e+01  5.392331e+01  3.000000e+00
    endloop
  endfacet
  facet normal -3.302776e-01  9.438839e-01  0.000000e+00
    outer loop
      vertex  8.588941e+01  5.379388e+01  0.000000e+00
      vertex  8.625930e+01  5.392331e+01  3.000000e+00
      vertex  8.625930e+01  5.392331e+01  0.000000e+00
    endloop
  endfacet
  facet normal -5.320292e-01  8.467260e-01  0.000000e+00
    outer loop
      vertex  8.625930e+01  5.392331e+01  0.000000e+00
      vertex  8.625930e+01  5.392331e+01  3.000000e+00
      vertex  8.659111e+01  5.413179e+01  3.000000e+00
    endloop
  endfacet
  facet normal -5.320292e-01  8.467260e-01  0.000000e+00
    outer loop
      vertex  8.625930e+01  5.392331e+01  0.000000e+00
      vertex  8.659111e+01  5.413179e+01  3.000000e+00
      vertex  8.659111e+01  5.413179e+01  0.000000e+00
    endloop
  endfacet
  facet normal -7.071165e-01  7.070971e-01  0.000000e+00
    outer loop
      vertex  8.659111e+01  5.413179e+01  0.000000e+00
      vertex  8.659111e+01  5.413179e+01  3.000000e+00
      vertex  8.686820e+01  5.440889e+01  3.000000e+00
    endloop
  endfacet
  facet normal -7.071165e-01  7.070971e-01  0.000000e+00
    outer loop
      vertex  8.659111e+01  5.413179e+01  0.000000e+00
      vertex  8.686820e+01  5.440889e+01  3.000000e+00
      vertex  8.686820e+01  5.440889e+01  0.000000e+00
    endloop
  endfacet
  facet normal -8.467172e-01  5.320432e-01  0.000000e+00
    outer loop
      vertex  8.686820e+01  5.440889e+01  0.000000e+00
      vertex  8.686820e+01  5.440889e+01  3.000000e+00
      vertex  8.707670e+01  5.474070e+01  3.000000e+00
    endloop
  endfacet
  facet normal -8.467172e-01  5.320432e-01  0.000000e+00
    outer loop
      vertex  8.686820e+01  5.440889e+01  0.000000e+00
      vertex  8.707670e+01  5.474070e+01  3.000000e+00
      vertex  8.707670e+01  5.474070e+01  0.000000e+00
    endloop
  endfacet
  facet normal -9.438858e-01  3.302719e-01  0.000000e+00
    outer loop
      vertex  8.707670e+01  5.474070e+01  0.000000e+00
      vertex  8.707670e+01  5.474070e+01  3.000000e+00
      vertex  8.720612e+01  5.511059e+01  3.000000e+00
    endloop
  endfacet
  facet normal -9.438858e-01  3.302719e-01  0.000000e+00
    outer loop
      vertex  8.707670e+01  5.474070e+01  0.000000e+00
      vertex  8.720612e+01  5.511059e+01  3.000000e+00
      vertex  8.720612e+01  5.511059e+01  0.000000e+00
    endloop
  endfacet
  facet normal -9.937121e-01  1.119656e-01  0.000000e+00
    outer loop
      vertex  8.720612e+01  5.511059e+01  0.000000e+00
      vertex  8.720612e+01  5.511059e+01  3.000000e+00
      vertex  8.725000e+01  5.550000e+01  3.000000e+00
    endloop
  endfacet
  facet normal -9.937121e-01  1.119656e-01  0.000000e+00
    outer loop
      vertex  8.720612e+01  5.511059e+01  0.000000e+00
      vertex  8.725000e+01  5.550000e+01  3.000000e+00
      vertex  8.725000e+01  5.550000e+01  0.000000e+00
    endloop
  endfacet
  facet normal -1.119656e-01  9.937121e-01  0.000000e+00
    outer loop
      vertex  8.588941e+01  5.379388e+01  3.000000e+00
      vertex  8.550000e+01  5.375000e+01  0.000000e+00
      vertex  8.550000e+01  5.375000e+01  3.000000e+00
    endloop
  endfacet
  facet normal  1.119656e-01  9.937121e-01  0.000000e+00
    outer loop
      vertex  8.550000e+01  5.375000e+01  3.000000e+00
      vertex  8.550000e+01  5.375000e+01  0.000000e+00
      vertex  8.511059e+01  5.379388e+01  0.000000e+00
    endloop
  endfacet
  facet normal  1.119656e-01  9.937121e-01  -0.000000e+00
    outer loop
      vertex  8.550000e+01  5.375000e+01  3.000000e+00
      vertex  8.511059e+01  5.379388e+01  0.000000e+00
      vertex  8.511059e+01  5.379388e+01  3.000000e+00
    endloop
  endfacet
  facet normal  3.302776e-01  9.438839e-01  0.000000e+00
    outer loop
      vertex  8.511059e+01  5.379388e+01  3.000000e+00
      vertex  8.511059e+01  5.379388e+01  0.000000e+00
      vertex  8.474070e+01  5.392331e+01  0.000000e+00
    endloop
  endfacet
  facet normal  3.302776e-01  9.438839e-01  -0.000000e+00
    outer loop
      vertex  8.511059e+01  5.379388e+01  3.000000e+00
      vertex  8.474070e+01  5.392331e+01  0.000000e+00
      vertex  8.474070e+01  5.392331e+01  3.000000e+00
    endloop
  endfacet
  facet normal  5.320292e-01  8.467260e-01  0.000000e+00
    outer loop
      vertex  8.474070e+01  5.392331e+01  3.000000e+00
      vertex  8.474070e+01  5.392331e+01  0.000000e+00
      vertex  8.440889e+01  5.413179e+01  0.000000e+00
    endloop
  endfacet
  facet normal  5.320292e-01  8.467260e-01  -0.000000e+00
    outer loop
      vertex  8.474070e+01  5.392331e+01  3.000000e+00
      vertex  8.440889e+01  5.413179e+01  0.000000e+00
      vertex  8.440889e+01  5.413179e+01  3.000000e+00
    endloop
  endfacet
  facet normal  7.071165e-01  7.070971e-01  0.000000e+00
    outer loop
      vertex  8.440889e+01  5.413179e+01  3.000000e+00
      vertex  8.440889e+01  5.413179e+01  0.000000e+00
      vertex  8.413180e+01  5.440889e+01  0.000000e+00
    endloop
  endfacet
  facet normal  7.071165e-01  7.070971e-01  -0.000000e+00
    outer loop
      vertex  8.440889e+01  5.413179e+01  3.000000e+00
      vertex  8.413180e+01  5.440889e+01  0.000000e+00
      vertex  8.413180e+01  5.440889e+01  3.000000e+00
    endloop
  endfacet
  facet normal  8.467172e-01  5.320432e-01  0.000000e+00
    outer loop
      vertex  8.413180e+01  5.440889e+01  3.000000e+00
      vertex  8.413180e+01  5.440889e+01  0.000000e+00
      vertex  8.392330e+01  5.474070e+01  0.000000e+00
    endloop
  endfacet
  facet normal  8.467172e-01  5.320432e-01  -0.000000e+00
    outer loop
      vertex  8.413180e+01  5.440889e+01  3.000000e+00
      vertex  8.392330e+01  5.474070e+01  0.000000e+00
      vertex  8.392330e+01  5.474070e+01  3.000000e+00
    endloop
  endfacet
  facet normal  9.438858e-01  3.302719e-01  0.000000e+00
    outer loop
      vertex  8.392330e+01  5.474070e+01  3.000000e+00
      vertex  8.392330e+01  5.474070e+01  0.000000e+00
      vertex  8.379388e+01  5.511059e+01  0.000000e+00
    endloop
  endfacet
  facet normal  9.438858e-01  3.302719e-01  -0.000000e+00
    outer loop
      vertex  8.392330e+01  5.474070e+01  3.000000e+00
      vertex  8.379388e+01  5.511059e+01  0.000000e+00
      vertex  8.379388e+01  5.511059e+01  3.000000e+00
    endloop
  endfacet
  facet normal  9.937121e-01  1.119656e-01  0.000000e+00
    outer loop
      vertex  8.379388e+01  5.511059e+01  3.000000e+00
      vertex  8.379388e+01  5.511059e+01  0.000000e+00
      vertex  8.375000e+01  5.550000e+01 -4.440892e-16
    endloop
  endfacet
  facet normal  9.937121e-01  1.119656e-01  -0.000000e+00
    outer loop
      vertex  8.379388e+01  5.511059e+01  3.000000e+00
      vertex  8.375000e+01  5.550000e+01 -4.440892e-16
      vertex  8.375000e+01  5.550000e+01  3.000000e+00
    endloop
  endfacet
  facet normal  1.000000e+00  0.000000e+00  0.000000e+00
    outer loop
      vertex  8.700000e+01  4.000000e+01 -1.000000e+00
      vertex  8.700000e+01  4.000000e+01  0.000000e+00
      vertex  8.700000e+01 -4.000000e+01 -1.000000e+00
    endloop
  endfacet
  facet normal  1.000000e+00  0.000000e+00  0.000000e+00
    outer loop
      vertex  8.700000e+01 -4.000000e+01 -1.000000e+00
      vertex  8.700000e+01  4.000000e+01  0.000000e+00
      vertex  8.700000e+01 -4.000000e+01  0.000000e+00
    endloop
  endfacet
  facet normal  0.000000e+00  0.000000e+00 -1.000000e+00
    outer loop
      vertex  7.000000e+01 -5.600000e+01 -2.000000e+00
      vertex -7.000000e+01 -5.600000e+01 -2.000000e+00
      vertex  7.114143e+01 -5.595923e+01 -2.000000e+00
    endloop
  endfacet
  facet normal  -0.000000e+00  0.000000e+00 -1.000000e+00
    outer loop
      vertex  7.114143e+01 -5.595923e+01 -2.000000e+00
      vertex -7.000000e+01 -5.600000e+01 -2.000000e+00
      vertex -7.114143e+01 -5.595923e+01 -2.000000e+00
    endloop
  endfacet
  facet normal  0.000000e+00  0.000000e+00 -1.000000e+00
    outer loop
      vertex  7.114143e+01 -5.595923e+01 -2.000000e+00
      vertex -7.114143e+01 -5.595923e+01 -2.000000e+00
      vertex  7.227704e+01 -5.583714e+01 -2.000000e+00
    endloop
  endfacet
  facet normal  -0.000000e+00  0.000000e+00 -1.000000e+00
    outer loop
      vertex  7.227704e+01 -5.583714e+01 -2.000000e+00
      vertex -7.114143e+01 -5.595923e+01 -2.000000e+00
      vertex -7.227704e+01 -5.583714e+01 -2.000000e+00
    endloop
  endfacet
  facet normal  0.000000e+00  0.000000e+00 -1.000000e+00
    outer loop
      vertex  7.227704e+01 -5.583714e+01 -2.000000e+00
      vertex -7.227704e+01 -5.583714e+01 -2.000000e+00
      vertex  7.340105e+01 -5.563435e+01 -2.000000e+00
    endloop
  endfacet
  facet normal  -0.000000e+00  0.000000e+00 -1.000000e+00
    outer loop
      vertex  7.340105e+01 -5.563435e+01 -2.000000e+00
      vertex -7.227704e+01 -5.583714e+01 -2.000000e+00
      vertex -7.340105e+01 -5.563435e+01 -2.000000e+00
    endloop
  endfacet
  facet normal  0.000000e+00  0.000000e+00 -9.999999e-01
    outer loop
      vertex  7.340105e+01 -5.563435e+01 -2.000000e+00
      vertex -7.340105e+01 -5.563435e+01 -2.000000e+00
      vertex  7.450772e+01 -5.535189e+01 -2.000000e+00
    endloop
  endfacet
  facet normal  -0.000000e+00  0.000000e+00 -1.000000e+00
    outer loop
      vertex  7.450772e+01 -5.535189e+01 -2.000000e+00
      vertex -7.340105e+01 -5.563435e+01 -2.000000e+00
      vertex -7.450772e+01 -5.535189e+01 -2.000000e+00
    endloop
  endfacet
  facet normal  0.000000e+00  0.000000e+00 -1.000000e+00
    outer loop
      vertex  7.450772e+01 -5.535189e+01 -2.000000e+00
      vertex -7.450772e+01 -5.535189e+01 -2.000000e+00
      vertex  7.559143e+01 -5.499120e+01 -2.000000e+00
    endloop
  endfacet
  facet normal  -0.000000e+00  0.000000e+00 -9.999999e-01
    outer loop
      vertex  7.559143e+01 -5.499120e+01 -2.000000e+00
      vertex -7.450772e+01 -5.535189e+01 -2.000000e+00
      vertex -7.559143e+01 -5.499120e+01 -2.000000e+00
    endloop
  endfacet
  facet normal  0.000000e+00  0.000000e+00 -1.000000e+00
    outer loop
      vertex  7.559143e+01 -5.499120e+01 -2.000000e+00
      vertex -7.559143e+01 -5.499120e+01 -2.000000e+00
      vertex  7.664664e+01 -5.455411e+01 -2.000000e+00
    endloop
  endfacet
  facet normal  -0.000000e+00  0.000000e+00 -1.000000e+00
    outer loop
      vertex  7.664664e+01 -5.455411e+01 -2.000000e+00
      vertex -7.559143e+01 -5.499120e+01 -2.000000e+00
      vertex -7.664664e+01 -5.455411e+01 -2.000000e+00
    endloop
  endfacet
  facet normal  0.000000e+00  0.000000e+00 -1.000000e+00
    outer loop
      vertex  7.664664e+01 -5.455411e+01 -2.000000e+00
      vertex -7.664664e+01 -5.455411e+01 -2.000000e+00
      vertex  7.766798e+01 -5.404286e+01 -2.000000e+00
    endloop
  endfacet
  facet normal  -0.000000e+00  0.000000e+00 -1.000000e+00
    outer loop
      vertex  7.766798e+01 -5.404286e+01 -2.000000e+00
      vertex -7.664664e+01 -5.455411e+01 -2.000000e+00
      vertex -7.766798e+01 -5.404286e+01 -2.000000e+00
    endloop
  endfacet
  facet normal  0.000000e+00  0.000000e+00 -1.000000e+00
    outer loop
      vertex  7.766798e+01 -5.404286e+01 -2.000000e+00
      vertex -7.766798e+01 -5.404286e+01 -2.000000e+00
      vertex  7.865025e+01 -5.346006e+01 -2.000000e+00
    endloop
  endfacet
  facet normal  -0.000000e+00  0.000000e+00 -1.000000e+00
    outer loop
      vertex  7.865025e+01 -5.346006e+01 -2.000000e+00
      vertex -7.766798e+01 -5.404286e+01 -2.000000e+00
      vertex -7.865025e+01 -5.346006e+01 -2.000000e+00
    endloop
  endfacet
  facet normal  0.000000e+00  0.000000e+00 -1.000000e+00
    outer loop
      vertex  7.865025e+01 -5.346006e+01 -2.000000e+00
      vertex -7.865025e+01 -5.346006e+01 -2.000000e+00
      vertex  7.958844e+01 -5.280866e+01 -2.000000e+00
    endloop
  endfacet
  facet normal  -0.000000e+00  0.000000e+00 -1.000000e+00
    outer loop
      vertex  7.958844e+01 -5.280866e+01 -2.000000e+00
      vertex -7.865025e+01 -5.346006e+01 -2.000000e+00
      vertex -7.958844e+01 -5.280866e+01 -2.000000e+00
    endloop
  endfacet
  facet normal  0.000000e+00  0.000000e+00 -9.999999e-01
    outer loop
      vertex  7.958844e+01 -5.280866e+01 -2.000000e+00
      vertex -7.958844e+01 -5.280866e+01 -2.000000e+00
      vertex  8.047777e+01 -5.209199e+01 -2.000000e+00
    endloop
  endfacet
  facet normal  -0.000000e+00  0.000000e+00 -1.000000e+00
    outer loop
      vertex  8.047777e+01 -5.209199e+01 -2.000000e+00
      vertex -7.958844e+01 -5.280866e+01 -2.000000e+00
      vertex -8.047777e+01 -5.209199e+01 -2.000000e+00
    endloop
  endfacet
  facet normal  0.000000e+00  0.000000e+00 -1.000000e+00
    outer loop
      vertex  8.047777e+01 -5.209199e+01 -2.000000e+00
      vertex -8.047777e+01 -5.209199e+01 -2.000000e+00
      vertex  8.131371e+01 -5.131371e+01 -2.000000e+00
    endloop
  endfacet
  facet normal  -0.000000e+00  0.000000e+00 -9.999999e-01
    outer loop
      vertex  8.131371e+01 -5.131371e+01 -2.000000e+00
      vertex -8.047777e+01 -5.209199e+01 -2.000000e+00
      vertex -8.131371e+01 -5.131371e+01 -2.000000e+00
    endloop
  endfacet
  facet normal  0.000000e+00  0.000000e+00 -1.000000e+00
    outer loop
      vertex  8.131371e+01 -5.131371e+01 -2.000000e+00
      vertex -8.131371e+01 -5.131371e+01 -2.000000e+00
      vertex  8.209200e+01 -5.047777e+01 -2.000000e+00
    endloop
  endfacet
  facet normal  -0.000000e+00  0.000000e+00 -1.000000e+00
    outer loop
      vertex  8.209200e+01 -5.047777e+01 -2.000000e+00
      vertex -8.131371e+01 -5.131371e+01 -2.000000e+00
      vertex -8.209200e+01 -5.047777e+01 -2.000000e+00
    endloop
  endfacet
  facet normal  0.000000e+00  0.000000e+00 -9.999999e-01
    outer loop
      vertex  8.209200e+01 -5.047777e+01 -2.000000e+00
      vertex -8.209200e+01 -5.047777e+01 -2.000000e+00
      vertex  8.280866e+01 -4.958844e+01 -2.000000e+00
    endloop
  endfacet
  facet normal  -0.000000e+00  0.000000e+00 -1.000000e+00
    outer loop
      vertex  8.280866e+01 -4.958844e+01 -2.000000e+00
      vertex -8.209200e+01 -5.047777e+01 -2.000000e+00
      vertex -8.280866e+01 -4.958844e+01 -2.000000e+00
    endloop
  endfacet
  facet normal  0.000000e+00  0.000000e+00 -9.999999e-01
    outer loop
      vertex  8.280866e+01 -4.958844e+01 -2.000000e+00
      vertex -8.280866e+01 -4.958844e+01 -2.000000e+00
      vertex  8.346006e+01 -4.865025e+01 -2.000000e+00
    endloop
  endfacet
  facet normal  -0.000000e+00  0.000000e+00 -9.999999e-01
    outer loop
      vertex  8.346006e+01 -4.865025e+01 -2.000000e+00
      vertex -8.280866e+01 -4.958844e+01 -2.000000e+00
      vertex -8.346006e+01 -4.865025e+01 -2.000000e+00
    endloop
  endfacet
  facet normal  0.000000e+00  0.000000e+00 -1.000000e+00
    outer loop
      vertex  8.346006e+01 -4.865025e+01 -2.000000e+00
      vertex -8.346006e+01 -4.865025e+01 -2.000000e+00
      vertex  8.404286e+01 -4.766798e+01 -2.000000e+00
    endloop
  endfacet
  facet normal  -0.000000e+00  0.000000e+00 -1.000000e+00
    outer loop
      vertex  8.404286e+01 -4.766798e+01 -2.000000e+00
      vertex -8.346006e+01 -4.865025e+01 -2.000000e+00
      vertex -8.404286e+01 -4.766798e+01 -2.000000e+00
    endloop
  endfacet
  facet normal  0.000000e+00  0.000000e+00 -1.000000e+00
    outer loop
      vertex  8.404286e+01 -4.766798e+01 -2.000000e+00
      vertex -8.404286e+01 -4.766798e+01 -2.000000e+00
      vertex  8.455412e+01 -4.664664e+01 -2.000000e+00
    endloop
  endfacet
  facet normal  -0.000000e+00  0.000000e+00 -1.000000e+00
    outer loop
      vertex  8.455412e+01 -4.664664e+01 -2.000000e+00
      vertex -8.404286e+01 -4.766798e+01 -2.000000e+00
      vertex -8.455412e+01 -4.664664e+01 -2.000000e+00
    endloop
  endfacet
  facet normal  0.000000e+00  0.000000e+00 -1.000000e+00
    outer loop
      vertex  8.455412e+01 -4.664664e+01 -2.000000e+00
      vertex -8.455412e+01 -4.664664e+01 -2.000000e+00
      vertex  8.499120e+01 -4.559143e+01 -2.000000e+00
    endloop
  endfacet
  facet normal  -0.000000e+00  0.000000e+00 -1.000000e+00
    outer loop
      vertex  8.499120e+01 -4.559143e+01 -2.000000e+00
      vertex -8.455412e+01 -4.664664e+01 -2.000000e+00
      vertex -8.499120e+01 -4.559143e+01 -2.000000e+00
    endloop
  endfacet
  facet normal  0.000000e+00  0.000000e+00 -1.000000e+00
    outer loop
      vertex  8.499120e+01 -4.559143e+01 -2.000000e+00
      vertex -8.499120e+01 -4.559143e+01 -2.000000e+00
      vertex  8.535189e+01 -4.450772e+01 -2.000000e+00
    endloop
  endfacet
  facet normal  -0.000000e+00  0.000000e+00 -1.000000e+00
    outer loop
      vertex  8.535189e+01 -4.450772e+01 -2.000000e+00
      vertex -8.499120e+01 -4.559143e+01 -2.000000e+00
      vertex -8.535189e+01 -4.450772e+01 -2.000000e+00
    endloop
  endfacet
  facet normal  0.000000e+00  0.000000e+00 -9.999999e-01
    outer loop
      vertex  8.535189e+01 -4.450772e+01 -2.000000e+00
      vertex -8.535189e+01 -4.450772e+01 -2.000000e+00
      vertex  8.563435e+01 -4.340104e+01 -2.000000e+00
    endloop
  endfacet
  facet normal  -0.000000e+00  0.000000e+00 -9.999999e-01
    outer loop
      vertex  8.563435e+01 -4.340104e+01 -2.000000e+00
      vertex -8.535189e+01 -4.450772e+01 -2.000000e+00
      vertex -8.563435e+01 -4.340104e+01 -2.000000e+00
    endloop
  endfacet
  facet normal  0.000000e+00  0.000000e+00 -1.000000e+00
    outer loop
      vertex  8.563435e+01 -4.340104e+01 -2.000000e+00
      vertex -8.563435e+01 -4.340104e+01 -2.000000e+00
      vertex  8.583714e+01 -4.227704e+01 -2.000000e+00
    endloop
  endfacet
  facet normal  -0.000000e+00  0.000000e+00 -1.000000e+00
    outer loop
      vertex  8.583714e+01 -4.227704e+01 -2.000000e+00
      vertex -8.563435e+01 -4.340104e+01 -2.000000e+00
      vertex -8.583714e+01 -4.227704e+01 -2.000000e+00
    endloop
  endfacet
  facet normal  0.000000e+00  0.000000e+00 -1.000000e+00
    outer loop
      vertex  8.583714e+01 -4.227704e+01 -2.000000e+00
      vertex -8.583714e+01 -4.227704e+01 -2.000000e+00
      vertex  8.595924e+01 -4.114143e+01 -2.000000e+00
    endloop
  endfacet
  facet normal  -0.000000e+00  0.000000e+00 -1.000000e+00
    outer loop
      vertex  8.595924e+01 -4.114143e+01 -2.000000e+00
      vertex -8.583714e+01 -4.227704e+01 -2.000000e+00
      vertex -8.595924e+01 -4.114143e+01 -2.000000e+00
    endloop
  endfacet
  facet normal  0.000000e+00  0.000000e+00 -1.000000e+00
    outer loop
      vertex  8.595924e+01 -4.114143e+01 -2.000000e+00
      vertex -8.595924e+01 -4.114143e+01 -2.000000e+00
      vertex  8.600000e+01 -4.000000e+01 -2.000000e+00
    endloop
  endfacet
  facet normal  -0.000000e+00  0.000000e+00 -1.000000e+00
    outer loop
      vertex  8.600000e+01 -4.000000e+01 -2.000000e+00
      vertex -8.595924e+01 -4.114143e+01 -2.000000e+00
      vertex -8.600000e+01 -4.000000e+01 -2.000000e+00
    endloop
  endfacet
  facet normal  0.000000e+00  0.000000e+00 -1.000000e+00
    outer loop
      vertex  8.600000e+01 -4.000000e+01 -2.000000e+00
      vertex -8.600000e+01 -4.000000e+01 -2.000000e+00
      vertex  8.600000e+01  4.000000e+01 -2.000000e+00
    endloop
  endfacet
  facet normal  -0.000000e+00  0.000000e+00 -1.000000e+00
    outer loop
      vertex  8.600000e+01  4.000000e+01 -2.000000e+00
      vertex -8.600000e+01 -4.000000e+01 -2.000000e+00
      vertex -8.600000e+01  4.000000e+01 -2.000000e+00
    endloop
  endfacet
  facet normal  0.000000e+00  0.000000e+00 -1.000000e+00
    outer loop
      vertex  8.600000e+01  4.000000e+01 -2.000000e+00
      vertex -8.600000e+01  4.000000e+01 -2.000000e+00
      vertex  8.595924e+01  4.114143e+01 -2.000000e+00
    endloop
  endfacet
  facet normal  -0.000000e+00  0.000000e+00 -1.000000e+00
    outer loop
      vertex  8.595924e+01  4.114143e+01 -2.000000e+00
      vertex -8.600000e+01  4.000000e+01 -2.000000e+00
      vertex -8.595924e+01  4.114143e+01 -2.000000e+00
    endloop
  endfacet
  facet normal  0.000000e+00  0.000000e+00 -1.000000e+00
    outer loop
      vertex  8.595924e+01  4.114143e+01 -2.000000e+00
      vertex -8.595924e+01  4.114143e+01 -2.000000e+00
      vertex  8.583714e+01  4.227704e+01 -2.000000e+00
    endloop
  endfacet
  facet normal  -0.000000e+00  0.000000e+00 -1.000000e+00
    outer loop
      vertex  8.583714e+01  4.227704e+01 -2.000000e+00
      vertex -8.595924e+01  4.114143e+01 -2.000000e+00
      vertex -8.583714e+01  4.227704e+01 -2.000000e+00
    endloop
  endfacet
  facet normal  0.000000e+00  0.000000e+00 -1.000000e+00
    outer loop
      vertex  8.583714e+01  4.227704e+01 -2.000000e+00
      vertex -8.583714e+01  4.227704e+01 -2.000000e+00
      vertex  8.563435e+01  4.340104e+01 -2.000000e+00
    endloop
  endfacet
  facet normal  -0.000000e+00  0.000000e+00 -1.000000e+00
    outer loop
      vertex  8.563435e+01  4.340104e+01 -2.000000e+00
      vertex -8.583714e+01  4.227704e+01 -2.000000e+00
      vertex -8.563435e+01  4.340104e+01 -2.000000e+00
    endloop
  endfacet
  facet normal  0.000000e+00  0.000000e+00 -9.999999e-01
    outer loop
      vertex  8.563435e+01  4.340104e+01 -2.000000e+00
      vertex -8.563435e+01  4.340104e+01 -2.000000e+00
      vertex  8.535189e+01  4.450772e+01 -2.000000e+00
    endloop
  endfacet
  facet normal  -0.000000e+00  0.000000e+00 -9.999999e-01
    outer loop
      vertex  8.535189e+01  4.450772e+01 -2.000000e+00
      vertex -8.563435e+01  4.340104e+01 -2.000000e+00
      vertex -8.535189e+01  4.450772e+01 -2.000000e+00
    endloop
  endfacet
  facet normal  0.000000e+00  0.000000e+00 -1.000000e+00
    outer loop
      vertex  8.535189e+01  4.450772e+01 -2.000000e+00
      vertex -8.535189e+01  4.450772e+01 -2.000000e+00
      vertex  8.499120e+01  4.559143e+01 -2.000000e+00
    endloop
  endfacet
  facet normal  -0.000000e+00  0.000000e+00 -1.000000e+00
    outer loop
      vertex  8.499120e+01  4.559143e+01 -2.000000e+00
      vertex -8.535189e+01  4.450772e+01 -2.000000e+00
      vertex -8.499120e+01  4.559143e+01 -2.000000e+00
    endloop
  endfacet
  facet normal  0.000000e+00  0.000000e+00 -1.000000e+00
    outer loop
      vertex  8.499120e+01  4.559143e+01 -2.000000e+00
      vertex -8.499120e+01  4.559143e+01 -2.000000e+00
      vertex  8.455412e+01  4.664664e+01 -2.000000e+00
    endloop
  endfacet
  facet normal  -0.000000e+00  0.000000e+00 -1.000000e+00
    outer loop
      vertex  8.455412e+01  4.664664e+01 -2.000000e+00
      vertex -8.499120e+01  4.559143e+01 -2.000000e+00
      vertex -8.455412e+01  4.664664e+01 -2.000000e+00
    endloop
  endfacet
  facet normal  0.000000e+00  0.000000e+00 -1.000000e+00
    outer loop
      vertex  8.455412e+01  4.664664e+01 -2.000000e+00
      vertex -8.455412e+01  4.664664e+01 -2.000000e+00
      vertex  8.404286e+01  4.766798e+01 -2.000000e+00
    endloop
  endfacet
  facet normal  -0.000000e+00  0.000000e+00 -1.000000e+00
    outer loop
      vertex  8.404286e+01  4.766798e+01 -2.000000e+00
      vertex -8.455412e+01  4.664664e+01 -2.000000e+00
      vertex -8.404286e+01  4.766798e+01 -2.000000e+00
    endloop
  endfacet
  facet normal  0.000000e+00  0.000000e+00 -1.000000e+00
    outer loop
      vertex  8.404286e+01  4.766798e+01 -2.000000e+00
      vertex -8.404286e+01  4.766798e+01 -2.000000e+00
      vertex  8.346006e+01  4.865025e+01 -2.000000e+00
    endloop
  endfacet
  facet normal  -0.000000e+00  0.000000e+00 -1.000000e+00
    outer loop
      vertex  8.346006e+01  4.865025e+01 -2.000000e+00
      vertex -8.404286e+01  4.766798e+01 -2.000000e+00
      vertex -8.346006e+01  4.865025e+01 -2.000000e+00
    endloop
  endfacet
  facet normal  0.000000e+00  0.000000e+00 -9.999999e-01
    outer loop
      vertex  8.346006e+01  4.865025e+01 -2.000000e+00
      vertex -8.346006e+01  4.865025e+01 -2.000000e+00
      vertex  8.280866e+01  4.958844e+01 -2.000000e+00
    endloop
  endfacet
  facet normal  -0.000000e+00  0.000000e+00 -9.999999e-01
    outer loop
      vertex  8.280866e+01  4.958844e+01 -2.000000e+00
      vertex -8.346006e+01  4.865025e+01 -2.000000e+00
      vertex -8.280866e+01  4.958844e+01 -2.000000e+00
    endloop
  endfacet
  facet normal  0.000000e+00  0.000000e+00 -1.000000e+00
    outer loop
      vertex  8.280866e+01  4.958844e+01 -2.000000e+00
      vertex -8.280866e+01  4.958844e+01 -2.000000e+00
      vertex  8.209200e+01  5.047777e+01 -2.000000e+00
    endloop
  endfacet
  facet normal  -0.000000e+00  0.000000e+00 -9.999999e-01
    outer loop
      vertex  8.209200e+01  5.047777e+01 -2.000000e+00
      vertex -8.280866e+01  4.958844e+01 -2.000000e+00
      vertex -8.209200e+01  5.047777e+01 -2.000000e+00
    endloop
  endfacet
  facet normal  0.000000e+00  0.000000e+00 -1.000000e+00
    outer loop
      vertex  8.209200e+01  5.047777e+01 -2.000000e+00
      vertex -8.209200e+01  5.047777e+01 -2.000000e+00
      vertex  8.131371e+01  5.131371e+01 -2.000000e+00
    endloop
  endfacet
  facet normal  -0.000000e+00  0.000000e+00 -1.000000e+00
    outer loop
      vertex  8.131371e+01  5.131371e+01 -2.000000e+00
      vertex -8.209200e+01  5.047777e+01 -2.000000e+00
      vertex -8.131371e+01  5.131371e+01 -2.000000e+00
    endloop
  endfacet
  facet normal  0.000000e+00  0.000000e+00 -9.999999e-01
    outer loop
      vertex  8.131371e+01  5.131371e+01 -2.000000e+00
      vertex -8.131371e+01  5.131371e+01 -2.000000e+00
      vertex  8.047777e+01  5.209199e+01 -2.000000e+00
    endloop
  endfacet
  facet normal  -0.000000e+00  0.000000e+00 -1.000000e+00
    outer loop
      vertex  8.047777e+01  5.209199e+01 -2.000000e+00
      vertex -8.131371e+01  5.131371e+01 -2.000000e+00
      vertex -8.047777e+01  5.209199e+01 -2.000000e+00
    endloop
  endfacet
  facet normal  0.000000e+00  0.000000e+00 -1.000000e+00
    outer loop
      vertex  8.047777e+01  5.209199e+01 -2.000000e+00
      vertex -8.047777e+01  5.209199e+01 -2.000000e+00
      vertex  7.958844e+01  5.280866e+01 -2.000000e+00
    endloop
  endfacet
  facet normal  -0.000000e+00  0.000000e+00 -9.999999e-01
    outer loop
      vertex  7.958844e+01  5.280866e+01 -2.000000e+00
      vertex -8.047777e+01  5.209199e+01 -2.000000e+00
      vertex -7.958844e+01  5.280866e+01 -2.000000e+00
    endloop
  endfacet
  facet normal  0.000000e+00  0.000000e+00 -1.000000e+00
    outer loop
      vertex  7.958844e+01  5.280866e+01 -2.000000e+00
      vertex -7.958844e+01  5.280866e+01 -2.000000e+00
      vertex  7.865025e+01  5.346006e+01 -2.000000e+00
    endloop
  endfacet
  facet normal  -0.000000e+00  0.000000e+00 -1.000000e+00
    outer loop
      vertex  7.865025e+01  5.346006e+01 -2.000000e+00
      vertex -7.958844e+01  5.280866e+01 -2.000000e+00
      vertex -7.865025e+01  5.346006e+01 -2.000000e+00
    endloop
  endfacet
  facet normal  0.000000e+00  0.000000e+00 -1.000000e+00
    outer loop
      vertex  7.865025e+01  5.346006e+01 -2.000000e+00
      vertex -7.865025e+01  5.346006e+01 -2.000000e+00
      vertex  7.766798e+01  5.404286e+01 -2.000000e+00
    endloop
  endfacet
  facet normal  -0.000000e+00  0.000000e+00 -1.000000e+00
    outer loop
      vertex  7.766798e+01  5.404286e+01 -2.000000e+00
      vertex -7.865025e+01  5.346006e+01 -2.000000e+00
      vertex -7.766798e+01  5.404286e+01 -2.000000e+00
    endloop
  endfacet
  facet normal  0.000000e+00  0.000000e+00 -1.000000e+00
    outer loop
      vertex  7.766798e+01  5.404286e+01 -2.000000e+00
      vertex -7.766798e+01  5.404286e+01 -2.000000e+00
      vertex  7.664664e+01  5.455411e+01 -2.000000e+00
    endloop
  endfacet
  facet normal  -0.000000e+00  0.000000e+00 -1.000000e+00
    outer loop
      vertex  7.664664e+01  5.455411e+01 -2.000000e+00
      vertex -7.766798e+01  5.404286e+01 -2.000000e+00
      vertex -7.664664e+01  5.455411e+01 -2.000000e+00
    endloop
  endfacet
  facet normal  0.000000e+00  0.000000e+00 -1.000000e+00
    outer loop
      vertex  7.664664e+01  5.455411e+01 -2.000000e+00
      vertex -7.664664e+01  5.455411e+01 -2.000000e+00
      vertex  7.559143e+01  5.499120e+01 -2.000000e+00
    endloop
  endfacet
  facet normal  -0.000000e+00  0.000000e+00 -1.000000e+00
    outer loop
      vertex  7.559143e+01  5.499120e+01 -2.000000e+00
      vertex -7.664664e+01  5.455411e+01 -2.000000e+00
      vertex -7.559143e+01  5.499120e+01 -2.000000e+00
    endloop
  endfacet
  facet normal  0.000000e+00  0.000000e+00 -9.999999e-01
    outer loop
      vertex  7.559143e+01  5.499120e+01 -2.000000e+00
      vertex -7.559143e+01  5.499120e+01 -2.000000e+00
      vertex  7.450772e+01  5.535189e+01 -2.000000e+00
    endloop
  endfacet
  facet normal  -0.000000e+00  0.000000e+00 -1.000000e+00
    outer loop
      vertex  7.450772e+01  5.535189e+01 -2.000000e+00
      vertex -7.559143e+01  5.499120e+01 -2.000000e+00
      vertex -7.450772e+01  5.535189e+01 -2.000000e+00
    endloop
  endfacet
  facet normal  0.000000e+00  0.000000e+00 -1.000000e+00
    outer loop
      vertex  7.450772e+01  5.535189e+01 -2.000000e+00
      vertex -7.450772e+01  5.535189e+01 -2.000000e+00
      vertex  7.340105e+01  5.563435e+01 -2.000000e+00
    endloop
  endfacet
  facet normal  -0.000000e+00  0.000000e+00 -9.999999e-01
    outer loop
      vertex  7.340105e+01  5.563435e+01 -2.000000e+00
      vertex -7.450772e+01  5.535189e+01 -2.000000e+00
      vertex -7.340105e+01  5.563435e+01 -2.000000e+00
    endloop
  endfacet
  facet normal  0.000000e+00  0.000000e+00 -1.000000e+00
    outer loop
      vertex  7.340105e+01  5.563435e+01 -2.000000e+00
      vertex -7.340105e+01  5.563435e+01 -2.000000e+00
      vertex  7.227704e+01  5.583714e+01 -2.000000e+00
    endloop
  endfacet
  facet normal  -0.000000e+00  0.000000e+00 -1.000000e+00
    outer loop
      vertex  7.227704e+01  5.583714e+01 -2.000000e+00
      vertex -7.340105e+01  5.563435e+01 -2.000000e+00
      vertex -7.227704e+01  5.583714e+01 -2.000000e+00
    endloop
  endfacet
  facet normal  0.000000e+00  0.000000e+00 -1.000000e+00
    outer loop
      vertex  7.227704e+01  5.583714e+01 -2.000000e+00
      vertex -7.227704e+01  5.583714e+01 -2.000000e+00
      vertex  7.114143e+01  5.595923e+01 -2.000000e+00
    endloop
  endfacet
  facet normal  -0.000000e+00  0.000000e+00 -1.000000e+00
    outer loop
      vertex  7.114143e+01  5.595923e+01 -2.000000e+00
      vertex -7.227704e+01  5.583714e+01 -2.000000e+00
      vertex -7.114143e+01  5.595923e+01 -2.000000e+00
    endloop
  endfacet
  facet normal  0.000000e+00  0.000000e+00 -1.000000e+00
    outer loop
      vertex  7.114143e+01  5.595923e+01 -2.000000e+00
      vertex -7.114143e+01  5.595923e+01 -2.000000e+00
      vertex  7.000000e+01  5.600000e+01 -2.000000e+00
    endloop
  endfacet
  facet normal  -0.000000e+00  0.000000e+00 -1.000000e+00
    outer loop
      vertex  7.000000e+01  5.600000e+01 -2.000000e+00
      vertex -7.114143e+01  5.595923e+01 -2.000000e+00
      vertex -7.000000e+01  5.600000e+01 -2.000000e+00
    endloop
  endfacet
  facet normal  9.993629e-01  3.569075e-02  -0.000000e+00
    outer loop
      vertex  8.700000e+01  4.000000e+01  0.000000e+00
      vertex  8.700000e+01  4.000000e+01 -1.000000e+00
      vertex  8.695669e+01  4.121276e+01  0.000000e+00
    endloop
  endfacet
  facet normal  9.993629e-01  3.569075e-02  0.000000e+00
    outer loop
      vertex  8.695669e+01  4.121276e+01  0.000000e+00
      vertex  8.700000e+01  4.000000e+01 -1.000000e+00
      vertex  8.695669e+01  4.121276e+01 -1.000000e+00
    endloop
  endfacet
  facet normal  9.942702e-01  1.068958e-01  -0.000000e+00
    outer loop
      vertex  8.695669e+01  4.121276e+01  0.000000e+00
      vertex  8.695669e+01  4.121276e+01 -1.000000e+00
      vertex  8.682697e+01  4.241935e+01  0.000000e+00
    endloop
  endfacet
  facet normal  9.942702e-01  1.068958e-01  0.000000e+00
    outer loop
      vertex  8.682697e+01  4.241935e+01  0.000000e+00
      vertex  8.695669e+01  4.121276e+01 -1.000000e+00
      vertex  8.682697e+01  4.241935e+01 -1.000000e+00
    endloop
  endfacet
  facet normal  9.841110e-01  1.775547e-01  -0.000000e+00
    outer loop
      vertex  8.682697e+01  4.241935e+01  0.000000e+00
      vertex  8.682697e+01  4.241935e+01 -1.000000e+00
      vertex  8.661150e+01  4.361361e+01  0.000000e+00
    endloop
  endfacet
  facet normal  9.841110e-01  1.775547e-01  0.000000e+00
    outer loop
      vertex  8.661150e+01  4.361361e+01  0.000000e+00
      vertex  8.682697e+01  4.241935e+01 -1.000000e+00
      vertex  8.661150e+01  4.361361e+01 -1.000000e+00
    endloop
  endfacet
  facet normal  9.689370e-01  2.473078e-01  -0.000000e+00
    outer loop
      vertex  8.661150e+01  4.361361e+01  0.000000e+00
      vertex  8.661150e+01  4.361361e+01 -1.000000e+00
      vertex  8.631138e+01  4.478945e+01  0.000000e+00
    endloop
  endfacet
  facet normal  9.689370e-01  2.473078e-01  0.000000e+00
    outer loop
      vertex  8.631138e+01  4.478945e+01  0.000000e+00
      vertex  8.661150e+01  4.361361e+01 -1.000000e+00
      vertex  8.631138e+01  4.478945e+01 -1.000000e+00
    endloop
  endfacet
  facet normal  9.488268e-01  3.157968e-01  -0.000000e+00
    outer loop
      vertex  8.631138e+01  4.478945e+01  0.000000e+00
      vertex  8.631138e+01  4.478945e+01 -1.000000e+00
      vertex  8.592815e+01  4.594089e+01  0.000000e+00
    endloop
  endfacet
  facet normal  9.488268e-01  3.157968e-01  0.000000e+00
    outer loop
      vertex  8.592815e+01  4.594089e+01  0.000000e+00
      vertex  8.631138e+01  4.478945e+01 -1.000000e+00
      vertex  8.592815e+01  4.594089e+01 -1.000000e+00
    endloop
  endfacet
  facet normal  9.238793e-01  3.826838e-01  -0.000000e+00
    outer loop
      vertex  8.592815e+01  4.594089e+01  0.000000e+00
      vertex  8.592815e+01  4.594089e+01 -1.000000e+00
      vertex  8.546375e+01  4.706205e+01  0.000000e+00
    endloop
  endfacet
  facet normal  9.238793e-01  3.826838e-01  0.000000e+00
    outer loop
      vertex  8.546375e+01  4.706205e+01  0.000000e+00
      vertex  8.592815e+01  4.594089e+01 -1.000000e+00
      vertex  8.546375e+01  4.706205e+01 -1.000000e+00
    endloop
  endfacet
  facet normal  8.942240e-01  4.476196e-01  -0.000000e+00
    outer loop
      vertex  8.546375e+01  4.706205e+01  0.000000e+00
      vertex  8.546375e+01  4.706205e+01 -1.000000e+00
      vertex  8.492054e+01  4.814723e+01  0.000000e+00
    endloop
  endfacet
  facet normal  8.942240e-01  4.476196e-01  0.000000e+00
    outer loop
      vertex  8.492054e+01  4.814723e+01  0.000000e+00
      vertex  8.546375e+01  4.706205e+01 -1.000000e+00
      vertex  8.492054e+01  4.814723e+01 -1.000000e+00
    endloop
  endfacet
  facet normal  8.600149e-01  5.102690e-01  -0.000000e+00
    outer loop
      vertex  8.492054e+01  4.814723e+01  0.000000e+00
      vertex  8.492054e+01  4.814723e+01 -1.000000e+00
      vertex  8.430131e+01  4.919090e+01  0.000000e+00
    endloop
  endfacet
  facet normal  8.600149e-01  5.102690e-01  0.000000e+00
    outer loop
      vertex  8.430131e+01  4.919090e+01  0.000000e+00
      vertex  8.492054e+01  4.814723e+01 -1.000000e+00
      vertex  8.430131e+01  4.919090e+01 -1.000000e+00
    endloop
  endfacet
  facet normal  8.214210e-01  5.703223e-01  -0.000000e+00
    outer loop
      vertex  8.430131e+01  4.919090e+01  0.000000e+00
      vertex  8.430131e+01  4.919090e+01 -1.000000e+00
      vertex  8.360920e+01  5.018772e+01  0.000000e+00
    endloop
  endfacet
  facet normal  8.214210e-01  5.703223e-01  0.000000e+00
    outer loop
      vertex  8.360920e+01  5.018772e+01  0.000000e+00
      vertex  8.430131e+01  4.919090e+01 -1.000000e+00
      vertex  8.360920e+01  5.018772e+01 -1.000000e+00
    endloop
  endfacet
  facet normal  7.786411e-01  6.274696e-01  -0.000000e+00
    outer loop
      vertex  8.360920e+01  5.018772e+01  0.000000e+00
      vertex  8.360920e+01  5.018772e+01 -1.000000e+00
      vertex  8.284774e+01  5.113263e+01  0.000000e+00
    endloop
  endfacet
  facet normal  7.786411e-01  6.274696e-01  0.000000e+00
    outer loop
      vertex  8.284774e+01  5.113263e+01  0.000000e+00
      vertex  8.360920e+01  5.018772e+01 -1.000000e+00
      vertex  8.284774e+01  5.113263e+01 -1.000000e+00
    endloop
  endfacet
  facet normal  7.318950e-01  6.814175e-01  -0.000000e+00
    outer loop
      vertex  8.284774e+01  5.113263e+01  0.000000e+00
      vertex  8.284774e+01  5.113263e+01 -1.000000e+00
      vertex  8.202081e+01  5.202082e+01  0.000000e+00
    endloop
  endfacet
  facet normal  7.318950e-01  6.814175e-01  0.000000e+00
    outer loop
      vertex  8.202081e+01  5.202082e+01  0.000000e+00
      vertex  8.284774e+01  5.113263e+01 -1.000000e+00
      vertex  8.202081e+01  5.202082e+01 -1.000000e+00
    endloop
  endfacet
  facet normal  6.814175e-01  7.318950e-01  -0.000000e+00
    outer loop
      vertex  8.202081e+01  5.202082e+01  0.000000e+00
      vertex  8.202081e+01  5.202082e+01 -1.000000e+00
      vertex  8.113263e+01  5.284774e+01  0.000000e+00
    endloop
  endfacet
  facet normal  6.814175e-01  7.318950e-01  0.000000e+00
    outer loop
      vertex  8.113263e+01  5.284774e+01  0.000000e+00
      vertex  8.202081e+01  5.202082e+01 -1.000000e+00
      vertex  8.113263e+01  5.284774e+01 -1.000000e+00
    endloop
  endfacet
  facet normal  6.274692e-01  7.786413e-01  -0.000000e+00
    outer loop
      vertex  8.113263e+01  5.284774e+01  0.000000e+00
      vertex  8.113263e+01  5.284774e+01 -1.000000e+00
      vertex  8.018772e+01  5.360920e+01  0.000000e+00
    endloop
  endfacet
  facet normal  6.274692e-01  7.786413e-01  0.000000e+00
    outer loop
      vertex  8.018772e+01  5.360920e+01  0.000000e+00
      vertex  8.113263e+01  5.284774e+01 -1.000000e+00
      vertex  8.018772e+01  5.360920e+01 -1.000000e+00
    endloop
  endfacet
  facet normal  5.703244e-01  8.214195e-01  -0.000000e+00
    outer loop
      vertex  8.018772e+01  5.360920e+01  0.000000e+00
      vertex  8.018772e+01  5.360920e+01 -1.000000e+00
      vertex  7.919090e+01  5.430131e+01  0.000000e+00
    endloop
  endfacet
  facet normal  5.703244e-01  8.214195e-01  0.000000e+00
    outer loop
      vertex  7.919090e+01  5.430131e+01  0.000000e+00
      vertex  8.018772e+01  5.360920e+01 -1.000000e+00
      vertex  7.919090e+01  5.430131e+01 -1.000000e+00
    endloop
  endfacet
  facet normal  5.102690e-01  8.600149e-01  -0.000000e+00
    outer loop
      vertex  7.919090e+01  5.430131e+01  0.000000e+00
      vertex  7.919090e+01  5.430131e+01 -1.000000e+00
      vertex  7.814723e+01  5.492054e+01  0.000000e+00
    endloop
  endfacet
  facet normal  5.102690e-01  8.600149e-01  0.000000e+00
    outer loop
      vertex  7.814723e+01  5.492054e+01  0.000000e+00
      vertex  7.919090e+01  5.430131e+01 -1.000000e+00
      vertex  7.814723e+01  5.492054e+01 -1.000000e+00
    endloop
  endfacet
  facet normal  4.476184e-01  8.942246e-01  -0.000000e+00
    outer loop
      vertex  7.814723e+01  5.492054e+01  0.000000e+00
      vertex  7.814723e+01  5.492054e+01 -1.000000e+00
      vertex  7.706206e+01  5.546375e+01  0.000000e+00
    endloop
  endfacet
  facet normal  4.476184e-01  8.942246e-01  0.000000e+00
    outer loop
      vertex  7.706206e+01  5.546375e+01  0.000000e+00
      vertex  7.814723e+01  5.492054e+01 -1.000000e+00
      vertex  7.706206e+01  5.546375e+01 -1.000000e+00
    endloop
  endfacet
  facet normal  3.826816e-01  9.238803e-01  -0.000000e+00
    outer loop
      vertex  7.706206e+01  5.546375e+01  0.000000e+00
      vertex  7.706206e+01  5.546375e+01 -1.000000e+00
      vertex  7.594089e+01  5.592815e+01  0.000000e+00
    endloop
  endfacet
  facet normal  3.826816e-01  9.238803e-01  0.000000e+00
    outer loop
      vertex  7.594089e+01  5.592815e+01  0.000000e+00
      vertex  7.706206e+01  5.546375e+01 -1.000000e+00
      vertex  7.594089e+01  5.592815e+01 -1.000000e+00
    endloop
  endfacet
  facet normal  3.158005e-01  9.488256e-01  -0.000000e+00
    outer loop
      vertex  7.594089e+01  5.592815e+01  0.000000e+00
      vertex  7.594089e+01  5.592815e+01 -1.000000e+00
      vertex  7.478945e+01  5.631138e+01  0.000000e+00
    endloop
  endfacet
  facet normal  3.158005e-01  9.488256e-01  0.000000e+00
    outer loop
      vertex  7.478945e+01  5.631138e+01  0.000000e+00
      vertex  7.594089e+01  5.592815e+01 -1.000000e+00
      vertex  7.478945e+01  5.631138e+01 -1.000000e+00
    endloop
  endfacet
  facet normal  2.473048e-01  9.689378e-01  -0.000000e+00
    outer loop
      vertex  7.478945e+01  5.631138e+01  0.000000e+00
      vertex  7.478945e+01  5.631138e+01 -1.000000e+00
      vertex  7.361361e+01  5.661150e+01  0.000000e+00
    endloop
  endfacet
  facet normal  2.473048e-01  9.689378e-01  0.000000e+00
    outer loop
      vertex  7.361361e+01  5.661150e+01  0.000000e+00
      vertex  7.478945e+01  5.631138e+01 -1.000000e+00
      vertex  7.361361e+01  5.661150e+01 -1.000000e+00
    endloop
  endfacet
  facet normal  1.775542e-01  9.841111e-01  -0.000000e+00
    outer loop
      vertex  7.361361e+01  5.661150e+01  0.000000e+00
      vertex  7.361361e+01  5.661150e+01 -1.000000e+00
      vertex  7.241935e+01  5.682697e+01  0.000000e+00
    endloop
  endfacet
  facet normal  1.775542e-01  9.841111e-01  0.000000e+00
    outer loop
      vertex  7.241935e+01  5.682697e+01  0.000000e+00
      vertex  7.361361e+01  5.661150e+01 -1.000000e+00
      vertex  7.241935e+01  5.682697e+01 -1.000000e+00
    endloop
  endfacet
  facet normal  1.068934e-01  9.942704e-01  -0.000000e+00
    outer loop
      vertex  7.241935e+01  5.682697e+01  0.000000e+00
      vertex  7.241935e+01  5.682697e+01 -1.000000e+00
      vertex  7.121277e+01  5.695668e+01  0.000000e+00
    endloop
  endfacet
  facet normal  1.068934e-01  9.942704e-01  0.000000e+00
    outer loop
      vertex  7.121277e+01  5.695668e+01  0.000000e+00
      vertex  7.241935e+01  5.682697e+01 -1.000000e+00
      vertex  7.121277e+01  5.695668e+01 -1.000000e+00
    endloop
  endfacet
  facet normal  3.569377e-02  9.993628e-01  -0.000000e+00
    outer loop
      vertex  7.121277e+01  5.695668e+01  0.000000e+00
      vertex  7.121277e+01  5.695668e+01 -1.000000e+00
      vertex  7.000000e+01  5.700000e+01  0.000000e+00
    endloop
  endfacet
  facet normal  3.569377e-02  9.993628e-01  0.000000e+00
    outer loop
      vertex  7.000000e+01  5.700000e+01  0.000000e+00
      vertex  7.121277e+01  5.695668e+01 -1.000000e+00
      vertex  7.000000e+01  5.700000e+01 -1.000000e+00
    endloop
  endfacet
  facet normal  0.000000e+00  1.000000e+00  0.000000e+00
    outer loop
      vertex  7.000000e+01  5.700000e+01 -1.000000e+00
      vertex -7.000000e+01  5.700000e+01 -1.000000e+00
      vertex  7.000000e+01  5.700000e+01  0.000000e+00
    endloop
  endfacet
  facet normal  0.000000e+00  1.000000e+00  0.000000e+00
    outer loop
      vertex  7.000000e+01  5.700000e+01  0.000000e+00
      vertex -7.000000e+01  5.700000e+01 -1.000000e+00
      vertex -7.000000e+01  5.700000e+01  0.000000e+00
    endloop
  endfacet
  facet normal  3.569377e-02 -9.993628e-01  0.000000e+00
    outer loop
      vertex  7.000000e+01 -5.700000e+01  0.000000e+00
      vertex  7.000000e+01 -5.700000e+01 -1.000000e+00
      vertex  7.121277e+01 -5.695668e+01  0.000000e+00
    endloop
  endfacet
  facet normal  3.569377e-02 -9.993628e-01  0.000000e+00
    outer loop
      vertex  7.121277e+01 -5.695668e+01  0.000000e+00
      vertex  7.000000e+01 -5.700000e+01 -1.000000e+00
      vertex  7.121277e+01 -5.695668e+01 -1.000000e+00
    endloop
  endfacet
  facet normal  1.068934e-01 -9.942704e-01  0.000000e+00
    outer loop
      vertex  7.121277e+01 -5.695668e+01  0.000000e+00
      vertex  7.121277e+01 -5.695668e+01 -1.000000e+00
      vertex  7.241935e+01 -5.682697e+01  0.000000e+00
    endloop
  endfacet
  facet normal  1.068934e-01 -9.942704e-01  0.000000e+00
    outer loop
      vertex  7.241935e+01 -5.682697e+01  0.000000e+00
      vertex  7.121277e+01 -5.695668e+01 -1.000000e+00
      vertex  7.241935e+01 -5.682697e+01 -1.000000e+00
    endloop
  endfacet
  facet normal  1.775542e-01 -9.841111e-01  0.000000e+00
    outer loop
      vertex  7.241935e+01 -5.682697e+01  0.000000e+00
      vertex  7.241935e+01 -5.682697e+01 -1.000000e+00
      vertex  7.361361e+01 -5.661150e+01  0.000000e+00
    endloop
  endfacet
  facet normal  1.775542e-01 -9.841111e-01  0.000000e+00
    outer loop
      vertex  7.361361e+01 -5.661150e+01  0.000000e+00
      vertex  7.241935e+01 -5.682697e+01 -1.000000e+00
      vertex  7.361361e+01 -5.661150e+01 -1.000000e+00
    endloop
  endfacet
  facet normal  2.473048e-01 -9.689378e-01  0.000000e+00
    outer loop
      vertex  7.361361e+01 -5.661150e+01  0.000000e+00
      vertex  7.361361e+01 -5.661150e+01 -1.000000e+00
      vertex  7.478945e+01 -5.631138e+01  0.000000e+00
    endloop
  endfacet
  facet normal  2.473048e-01 -9.689378e-01  0.000000e+00
    outer loop
      vertex  7.478945e+01 -5.631138e+01  0.000000e+00
      vertex  7.361361e+01 -5.661150e+01 -1.000000e+00
      vertex  7.478945e+01 -5.631138e+01 -1.000000e+00
    endloop
  endfacet
  facet normal  3.158005e-01 -9.488256e-01  0.000000e+00
    outer loop
      vertex  7.478945e+01 -5.631138e+01  0.000000e+00
      vertex  7.478945e+01 -5.631138e+01 -1.000000e+00
      vertex  7.594089e+01 -5.592815e+01  0.000000e+00
    endloop
  endfacet
  facet normal  3.158005e-01 -9.488256e-01  0.000000e+00
    outer loop
      vertex  7.594089e+01 -5.592815e+01  0.000000e+00
      vertex  7.478945e+01 -5.631138e+01 -1.000000e+00
      vertex  7.594089e+01 -5.592815e+01 -1.000000e+00
    endloop
  endfacet
  facet normal  3.826816e-01 -9.238803e-01  0.000000e+00
    outer loop
      vertex  7.594089e+01 -5.592815e+01  0.000000e+00
      vertex  7.594089e+01 -5.592815e+01 -1.000000e+00
      vertex  7.706206e+01 -5.546375e+01  0.000000e+00
    endloop
  endfacet
  facet normal  3.826816e-01 -9.238803e-01  0.000000e+00
    outer loop
      vertex  7.706206e+01 -5.546375e+01  0.000000e+00
      vertex  7.594089e+01 -5.592815e+01 -1.000000e+00
      vertex  7.706206e+01 -5.546375e+01 -1.000000e+00
    endloop
  endfacet
  facet normal  4.476184e-01 -8.942246e-01  0.000000e+00
    outer loop
      vertex  7.706206e+01 -5.546375e+01  0.000000e+00
      vertex  7.706206e+01 -5.546375e+01 -1.000000e+00
      vertex  7.814723e+01 -5.492054e+01  0.000000e+00
    endloop
  endfacet
  facet normal  4.476184e-01 -8.942246e-01  0.000000e+00
    outer loop
      vertex  7.814723e+01 -5.492054e+01  0.000000e+00
      vertex  7.706206e+01 -5.546375e+01 -1.000000e+00
      vertex  7.814723e+01 -5.492054e+01 -1.000000e+00
    endloop
  endfacet
  facet normal  5.102690e-01 -8.600149e-01  0.000000e+00
    outer loop
      vertex  7.814723e+01 -5.492054e+01  0.000000e+00
      vertex  7.814723e+01 -5.492054e+01 -1.000000e+00
      vertex  7.919090e+01 -5.430131e+01  0.000000e+00
    endloop
  endfacet
  facet normal  5.102690e-01 -8.600149e-01  0.000000e+00
    outer loop
      vertex  7.919090e+01 -5.430131e+01  0.000000e+00
      vertex  7.814723e+01 -5.492054e+01 -1.000000e+00
      vertex  7.919090e+01 -5.430131e+01 -1.000000e+00
    endloop
  endfacet
  facet normal  5.703244e-01 -8.214195e-01  0.000000e+00
    outer loop
      vertex  7.919090e+01 -5.430131e+01  0.000000e+00
      vertex  7.919090e+01 -5.430131e+01 -1.000000e+00
      vertex  8.018772e+01 -5.360920e+01  0.000000e+00
    endloop
  endfacet
  facet normal  5.703244e-01 -8.214195e-01  0.000000e+00
    outer loop
      vertex  8.018772e+01 -5.360920e+01  0.000000e+00
      vertex  7.919090e+01 -5.430131e+01 -1.000000e+00
      vertex  8.018772e+01 -5.360920e+01 -1.000000e+00
    endloop
  endfacet
  facet normal  6.274692e-01 -7.786413e-01  0.000000e+00
    outer loop
      vertex  8.018772e+01 -5.360920e+01  0.000000e+00
      vertex  8.018772e+01 -5.360920e+01 -1.000000e+00
      vertex  8.113263e+01 -5.284774e+01  0.000000e+00
    endloop
  endfacet
  facet normal  6.274692e-01 -7.786413e-01  0.000000e+00
    outer loop
      vertex  8.113263e+01 -5.284774e+01  0.000000e+00
      vertex  8.018772e+01 -5.360920e+01 -1.000000e+00
      vertex  8.113263e+01 -5.284774e+01 -1.000000e+00
    endloop
  endfacet
  facet normal  6.814175e-01 -7.318950e-01  0.000000e+00
    outer loop
      vertex  8.113263e+01 -5.284774e+01  0.000000e+00
      vertex  8.113263e+01 -5.284774e+01 -1.000000e+00
      vertex  8.202081e+01 -5.202082e+01  0.000000e+00
    endloop
  endfacet
  facet normal  6.814175e-01 -7.318950e-01  0.000000e+00
    outer loop
      vertex  8.202081e+01 -5.202082e+01  0.000000e+00
      vertex  8.113263e+01 -5.284774e+01 -1.000000e+00
      vertex  8.202081e+01 -5.202082e+01 -1.000000e+00
    endloop
  endfacet
  facet normal  7.318950e-01 -6.814175e-01  0.000000e+00
    outer loop
      vertex  8.202081e+01 -5.202082e+01  0.000000e+00
      vertex  8.202081e+01 -5.202082e+01 -1.000000e+00
      vertex  8.284774e+01 -5.113263e+01  0.000000e+00
    endloop
  endfacet
  facet normal  7.318950e-01 -6.814175e-01  0.000000e+00
    outer loop
      vertex  8.284774e+01 -5.113263e+01  0.000000e+00
      vertex  8.202081e+01 -5.202082e+01 -1.000000e+00
      vertex  8.284774e+01 -5.113263e+01 -1.000000e+00
    endloop
  endfacet
  facet normal  7.786411e-01 -6.274696e-01  0.000000e+00
    outer loop
      vertex  8.284774e+01 -5.113263e+01  0.000000e+00
      vertex  8.284774e+01 -5.113263e+01 -1.000000e+00
      vertex  8.360920e+01 -5.018772e+01  0.000000e+00
    endloop
  endfacet
  facet normal  7.786411e-01 -6.274696e-01  0.000000e+00
    outer loop
      vertex  8.360920e+01 -5.018772e+01  0.000000e+00
      vertex  8.284774e+01 -5.113263e+01 -1.000000e+00
      vertex  8.360920e+01 -5.018772e+01 -1.000000e+00
    endloop
  endfacet
  facet normal  8.214210e-01 -5.703223e-01  0.000000e+00
    outer loop
      vertex  8.360920e+01 -5.018772e+01  0.000000e+00
      vertex  8.360920e+01 -5.018772e+01 -1.000000e+00
      vertex  8.430131e+01 -4.919090e+01  0.000000e+00
    endloop
  endfacet
  facet normal  8.214210e-01 -5.703223e-01  0.000000e+00
    outer loop
      vertex  8.430131e+01 -4.919090e+01  0.000000e+00
      vertex  8.360920e+01 -5.018772e+01 -1.000000e+00
      vertex  8.430131e+01 -4.919090e+01 -1.000000e+00
    endloop
  endfacet
  facet normal  8.600149e-01 -5.102690e-01  0.000000e+00
    outer loop
      vertex  8.430131e+01 -4.919090e+01  0.000000e+00
      vertex  8.430131e+01 -4.919090e+01 -1.000000e+00
      vertex  8.492054e+01 -4.814723e+01  0.000000e+00
    endloop
  endfacet
  facet normal  8.600149e-01 -5.102690e-01  0.000000e+00
    outer loop
      vertex  8.492054e+01 -4.814723e+01  0.000000e+00
      vertex  8.430131e+01 -4.919090e+01 -1.000000e+00
      vertex  8.492054e+01 -4.814723e+01 -1.000000e+00
    endloop
  endfacet
  facet normal  8.942240e-01 -4.476196e-01  0.000000e+00
    outer loop
      vertex  8.492054e+01 -4.814723e+01  0.000000e+00
      vertex  8.492054e+01 -4.814723e+01 -1.000000e+00
      vertex  8.546375e+01 -4.706205e+01  0.000000e+00
    endloop
  endfacet
  facet normal  8.942240e-01 -4.476196e-01  0.000000e+00
    outer loop
      vertex  8.546375e+01 -4.706205e+01  0.000000e+00
      vertex  8.492054e+01 -4.814723e+01 -1.000000e+00
      vertex  8.546375e+01 -4.706205e+01 -1.000000e+00
    endloop
  endfacet
  facet normal  9.238793e-01 -3.826838e-01  0.000000e+00
    outer loop
      vertex  8.546375e+01 -4.706205e+01  0.000000e+00
      vertex  8.546375e+01 -4.706205e+01 -1.000000e+00
      vertex  8.592815e+01 -4.594089e+01  0.000000e+00
    endloop
  endfacet
  facet normal  9.238793e-01 -3.826838e-01  0.000000e+00
    outer loop
      vertex  8.592815e+01 -4.594089e+01  0.000000e+00
      vertex  8.546375e+01 -4.706205e+01 -1.000000e+00
      vertex  8.592815e+01 -4.594089e+01 -1.000000e+00
    endloop
  endfacet
  facet normal  9.488268e-01 -3.157968e-01  0.000000e+00
    outer loop
      vertex  8.592815e+01 -4.594089e+01  0.000000e+00
      vertex  8.592815e+01 -4.594089e+01 -1.000000e+00
      vertex  8.631138e+01 -4.478945e+01  0.000000e+00
    endloop
  endfacet
  facet normal  9.488268e-01 -3.157968e-01  0.000000e+00
    outer loop
      vertex  8.631138e+01 -4.478945e+01  0.000000e+00
      vertex  8.592815e+01 -4.594089e+01 -1.000000e+00
      vertex  8.631138e+01 -4.478945e+01 -1.000000e+00
    endloop
  endfacet
  facet normal  9.689370e-01 -2.473078e-01  0.000000e+00
    outer loop
      vertex  8.631138e+01 -4.478945e+01  0.000000e+00
      vertex  8.631138e+01 -4.478945e+01 -1.000000e+00
      vertex  8.661150e+01 -4.361361e+01  0.000000e+00
    endloop
  endfacet
  facet normal  9.689370e-01 -2.473078e-01  0.000000e+00
    outer loop
      vertex  8.661150e+01 -4.361361e+01  0.000000e+00
      vertex  8.631138e+01 -4.478945e+01 -1.000000e+00
      vertex  8.661150e+01 -4.361361e+01 -1.000000e+00
    endloop
  endfacet
  facet normal  9.841110e-01 -1.775547e-01  0.000000e+00
    outer loop
      vertex  8.661150e+01 -4.361361e+01  0.000000e+00
      vertex  8.661150e+01 -4.361361e+01 -1.000000e+00
      vertex  8.682697e+01 -4.241935e+01  0.000000e+00
    endloop
  endfacet
  facet normal  9.841110e-01 -1.775547e-01  0.000000e+00
    outer loop
      vertex  8.682697e+01 -4.241935e+01  0.000000e+00
      vertex  8.661150e+01 -4.361361e+01 -1.000000e+00
      vertex  8.682697e+01 -4.241935e+01 -1.000000e+00
    endloop
  endfacet
  facet normal  9.942702e-01 -1.068958e-01  0.000000e+00
    outer loop
      vertex  8.682697e+01 -4.241935e+01  0.000000e+00
      vertex  8.682697e+01 -4.241935e+01 -1.000000e+00
      vertex  8.695669e+01 -4.121276e+01  0.000000e+00
    endloop
  endfacet
  facet normal  9.942702e-01 -1.068958e-01  0.000000e+00
    outer loop
      vertex  8.695669e+01 -4.121276e+01  0.000000e+00
      vertex  8.682697e+01 -4.241935e+01 -1.000000e+00
      vertex  8.695669e+01 -4.121276e+01 -1.000000e+00
    endloop
  endfacet
  facet normal  9.993629e-01 -3.569075e-02  0.000000e+00
    outer loop
      vertex  8.695669e+01 -4.121276e+01  0.000000e+00
      vertex  8.695669e+01 -4.121276e+01 -1.000000e+00
      vertex  8.700000e+01 -4.000000e+01  0.000000e+00
    endloop
  endfacet
  facet normal  9.993629e-01 -3.569075e-02  0.000000e+00
    outer loop
      vertex  8.700000e+01 -4.000000e+01  0.000000e+00
      vertex  8.695669e+01 -4.121276e+01 -1.000000e+00
      vertex  8.700000e+01 -4.000000e+01 -1.000000e+00
    endloop
  endfacet
  facet normal  0.000000e+00 -1.000000e+00  0.000000e+00
    outer loop
      vertex -7.000000e+01 -5.700000e+01 -1.000000e+00
      vertex  7.000000e+01 -5.700000e+01 -1.000000e+00
      vertex -7.000000e+01 -5.700000e+01  0.000000e+00
    endloop
  endfacet
  facet normal  0.000000e+00 -1.000000e+00  0.000000e+00
    outer loop
      vertex -7.000000e+01 -5.700000e+01  0.000000e+00
      vertex  7.000000e+01 -5.700000e+01 -1.000000e+00
      vertex  7.000000e+01 -5.700000e+01  0.000000e+00
    endloop
  endfacet
  facet normal -3.569377e-02  9.993628e-01  0.000000e+00
    outer loop
      vertex -7.000000e+01  5.700000e+01  0.000000e+00
      vertex -7.000000e+01  5.700000e+01 -1.000000e+00
      vertex -7.121277e+01  5.695668e+01  0.000000e+00
    endloop
  endfacet
  facet normal -3.569377e-02  9.993628e-01  0.000000e+00
    outer loop
      vertex -7.121277e+01  5.695668e+01  0.000000e+00
      vertex -7.000000e+01  5.700000e+01 -1.000000e+00
      vertex -7.121277e+01  5.695668e+01 -1.000000e+00
    endloop
  endfacet
  facet normal -1.068934e-01  9.942704e-01  0.000000e+00
    outer loop
      vertex -7.121277e+01  5.695668e+01  0.000000e+00
      vertex -7.121277e+01  5.695668e+01 -1.000000e+00
      vertex -7.241935e+01  5.682697e+01  0.000000e+00
    endloop
  endfacet
  facet normal -1.068934e-01  9.942704e-01  0.000000e+00
    outer loop
      vertex -7.241935e+01  5.682697e+01  0.000000e+00
      vertex -7.121277e+01  5.695668e+01 -1.000000e+00
      vertex -7.241935e+01  5.682697e+01 -1.000000e+00
    endloop
  endfacet
  facet normal -1.775542e-01  9.841111e-01  0.000000e+00
    outer loop
      vertex -7.241935e+01  5.682697e+01  0.000000e+00
      vertex -7.241935e+01  5.682697e+01 -1.000000e+00
      vertex -7.361361e+01  5.661150e+01  0.000000e+00
    endloop
  endfacet
  facet normal -1.775542e-01  9.841111e-01  0.000000e+00
    outer loop
      vertex -7.361361e+01  5.661150e+01  0.000000e+00
      vertex -7.241935e+01  5.682697e+01 -1.000000e+00
      vertex -7.361361e+01  5.661150e+01 -1.000000e+00
    endloop
  endfacet
  facet normal -2.473048e-01  9.689378e-01  0.000000e+00
    outer loop
      vertex -7.361361e+01  5.661150e+01  0.000000e+00
      vertex -7.361361e+01  5.661150e+01 -1.000000e+00
      vertex -7.478945e+01  5.631138e+01  0.000000e+00
    endloop
  endfacet
  facet normal -2.473048e-01  9.689378e-01  0.000000e+00
    outer loop
      vertex -7.478945e+01  5.631138e+01  0.000000e+00
      vertex -7.361361e+01  5.661150e+01 -1.000000e+00
      vertex -7.478945e+01  5.631138e+01 -1.000000e+00
    endloop
  endfacet
  facet normal -3.158005e-01  9.488256e-01  0.000000e+00
    outer loop
      vertex -7.478945e+01  5.631138e+01  0.000000e+00
      vertex -7.478945e+01  5.631138e+01 -1.000000e+00
      vertex -7.594089e+01  5.592815e+01  0.000000e+00
    endloop
  endfacet
  facet normal -3.158005e-01  9.488256e-01  0.000000e+00
    outer loop
      vertex -7.594089e+01  5.592815e+01  0.000000e+00
      vertex -7.478945e+01  5.631138e+01 -1.000000e+00
      vertex -7.594089e+01  5.592815e+01 -1.000000e+00
    endloop
  endfacet
  facet normal -3.826816e-01  9.238803e-01  0.000000e+00
    outer loop
      vertex -7.594089e+01  5.592815e+01  0.000000e+00
      vertex -7.594089e+01  5.592815e+01 -1.000000e+00
      vertex -7.706206e+01  5.546375e+01  0.000000e+00
    endloop
  endfacet
  facet normal -3.826816e-01  9.238803e-01  0.000000e+00
    outer loop
      vertex -7.706206e+01  5.546375e+01  0.000000e+00
      vertex -7.594089e+01  5.592815e+01 -1.000000e+00
      vertex -7.706206e+01  5.546375e+01 -1.000000e+00
    endloop
  endfacet
  facet normal -4.476184e-01  8.942246e-01  0.000000e+00
    outer loop
      vertex -7.706206e+01  5.546375e+01  0.000000e+00
      vertex -7.706206e+01  5.546375e+01 -1.000000e+00
      vertex -7.814723e+01  5.492054e+01  0.000000e+00
    endloop
  endfacet
  facet normal -4.476184e-01  8.942246e-01  0.000000e+00
    outer loop
      vertex -7.814723e+01  5.492054e+01  0.000000e+00
      vertex -7.706206e+01  5.546375e+01 -1.000000e+00
      vertex -7.814723e+01  5.492054e+01 -1.000000e+00
    endloop
  endfacet
  facet normal -5.102690e-01  8.600149e-01  0.000000e+00
    outer loop
      vertex -7.814723e+01  5.492054e+01  0.000000e+00
      vertex -7.814723e+01  5.492054e+01 -1.000000e+00
      vertex -7.919090e+01  5.430131e+01  0.000000e+00
    endloop
  endfacet
  facet normal -5.102690e-01  8.600149e-01  0.000000e+00
    outer loop
      vertex -7.919090e+01  5.430131e+01  0.000000e+00
      vertex -7.814723e+01  5.492054e+01 -1.000000e+00
      vertex -7.919090e+01  5.430131e+01 -1.000000e+00
    endloop
  endfacet
  facet normal -5.703244e-01  8.214195e-01  0.000000e+00
    outer loop
      vertex -7.919090e+01  5.430131e+01  0.000000e+00
      vertex -7.919090e+01  5.430131e+01 -1.000000e+00
      vertex -8.018772e+01  5.360920e+01  0.000000e+00
    endloop
  endfacet
  facet normal -5.703244e-01  8.214195e-01  0.000000e+00
    outer loop
      vertex -8.018772e+01  5.360920e+01  0.000000e+00
      vertex -7.919090e+01  5.430131e+01 -1.000000e+00
      vertex -8.018772e+01  5.360920e+01 -1.000000e+00
    endloop
  endfacet
  facet normal -6.274692e-01  7.786413e-01  0.000000e+00
    outer loop
      vertex -8.018772e+01  5.360920e+01  0.000000e+00
      vertex -8.018772e+01  5.360920e+01 -1.000000e+00
      vertex -8.113263e+01  5.284774e+01  0.000000e+00
    endloop
  endfacet
  facet normal -6.274692e-01  7.786413e-01  0.000000e+00
    outer loop
      vertex -8.113263e+01  5.284774e+01  0.000000e+00
      vertex -8.018772e+01  5.360920e+01 -1.000000e+00
      vertex -8.113263e+01  5.284774e+01 -1.000000e+00
    endloop
  endfacet
  facet normal -6.814175e-01  7.318950e-01  0.000000e+00
    outer loop
      vertex -8.113263e+01  5.284774e+01  0.000000e+00
      vertex -8.113263e+01  5.284774e+01 -1.000000e+00
      vertex -8.202081e+01  5.202082e+01  0.000000e+00
    endloop
  endfacet
  facet normal -6.814175e-01  7.318950e-01  0.000000e+00
    outer loop
      vertex -8.202081e+01  5.202082e+01  0.000000e+00
      vertex -8.113263e+01  5.284774e+01 -1.000000e+00
      vertex -8.202081e+01  5.202082e+01 -1.000000e+00
    endloop
  endfacet
  facet normal -7.318950e-01  6.814175e-01  0.000000e+00
    outer loop
      vertex -8.202081e+01  5.202082e+01  0.000000e+00
      vertex -8.202081e+01  5.202082e+01 -1.000000e+00
      vertex -8.284774e+01  5.113263e+01  0.000000e+00
    endloop
  endfacet
  facet normal -7.318950e-01  6.814175e-01  0.000000e+00
    outer loop
      vertex -8.284774e+01  5.113263e+01  0.000000e+00
      vertex -8.202081e+01  5.202082e+01 -1.000000e+00
      vertex -8.284774e+01  5.113263e+01 -1.000000e+00
    endloop
  endfacet
  facet normal -7.786411e-01  6.274696e-01  0.000000e+00
    outer loop
      vertex -8.284774e+01  5.113263e+01  0.000000e+00
      vertex -8.284774e+01  5.113263e+01 -1.000000e+00
      vertex -8.360920e+01  5.018772e+01  0.000000e+00
    endloop
  endfacet
  facet normal -7.786411e-01  6.274696e-01  0.000000e+00
    outer loop
      vertex -8.360920e+01  5.018772e+01  0.000000e+00
      vertex -8.284774e+01  5.113263e+01 -1.000000e+00
      vertex -8.360920e+01  5.018772e+01 -1.000000e+00
    endloop
  endfacet
  facet normal -8.214210e-01  5.703223e-01  0.000000e+00
    outer loop
      vertex -8.360920e+01  5.018772e+01  0.000000e+00
      vertex -8.360920e+01  5.018772e+01 -1.000000e+00
      vertex -8.430131e+01  4.919090e+01  0.000000e+00
    endloop
  endfacet
  facet normal -8.214210e-01  5.703223e-01  0.000000e+00
    outer loop
      vertex -8.430131e+01  4.919090e+01  0.000000e+00
      vertex -8.360920e+01  5.018772e+01 -1.000000e+00
      vertex -8.430131e+01  4.919090e+01 -1.000000e+00
    endloop
  endfacet
  facet normal -8.600149e-01  5.102690e-01  0.000000e+00
    outer loop
      vertex -8.430131e+01  4.919090e+01  0.000000e+00
      vertex -8.430131e+01  4.919090e+01 -1.000000e+00
      vertex -8.492054e+01  4.814723e+01  0.000000e+00
    endloop
  endfacet
  facet normal -8.600149e-01  5.102690e-01  0.000000e+00
    outer loop
      vertex -8.492054e+01  4.814723e+01  0.000000e+00
      vertex -8.430131e+01  4.919090e+01 -1.000000e+00
      vertex -8.492054e+01  4.814723e+01 -1.000000e+00
    endloop
  endfacet
  facet normal -8.942240e-01  4.476196e-01  0.000000e+00
    outer loop
      vertex -8.492054e+01  4.814723e+01  0.000000e+00
      vertex -8.492054e+01  4.814723e+01 -1.000000e+00
      vertex -8.546375e+01  4.706205e+01  0.000000e+00
    endloop
  endfacet
  facet normal -8.942240e-01  4.476196e-01  0.000000e+00
    outer loop
      vertex -8.546375e+01  4.706205e+01  0.000000e+00
      vertex -8.492054e+01  4.814723e+01 -1.000000e+00
      vertex -8.546375e+01  4.706205e+01 -1.000000e+00
    endloop
  endfacet
  facet normal -9.238793e-01  3.826838e-01  0.000000e+00
    outer loop
      vertex -8.546375e+01  4.706205e+01  0.000000e+00
      vertex -8.546375e+01  4.706205e+01 -1.000000e+00
      vertex -8.592815e+01  4.594089e+01  0.000000e+00
    endloop
  endfacet
  facet normal -9.238793e-01  3.826838e-01  0.000000e+00
    outer loop
      vertex -8.592815e+01  4.594089e+01  0.000000e+00
      vertex -8.546375e+01  4.706205e+01 -1.000000e+00
      vertex -8.592815e+01  4.594089e+01 -1.000000e+00
    endloop
  endfacet
  facet normal -9.488268e-01  3.157968e-01  0.000000e+00
    outer loop
      vertex -8.592815e+01  4.594089e+01  0.000000e+00
      vertex -8.592815e+01  4.594089e+01 -1.000000e+00
      vertex -8.631138e+01  4.478945e+01  0.000000e+00
    endloop
  endfacet
  facet normal -9.488268e-01  3.157968e-01  0.000000e+00
    outer loop
      vertex -8.631138e+01  4.478945e+01  0.000000e+00
      vertex -8.592815e+01  4.594089e+01 -1.000000e+00
      vertex -8.631138e+01  4.478945e+01 -1.000000e+00
    endloop
  endfacet
  facet normal -9.689370e-01  2.473078e-01  0.000000e+00
    outer loop
      vertex -8.631138e+01  4.478945e+01  0.000000e+00
      vertex -8.631138e+01  4.478945e+01 -1.000000e+00
      vertex -8.661150e+01  4.361361e+01  0.000000e+00
    endloop
  endfacet
  facet normal -9.689370e-01  2.473078e-01  0.000000e+00
    outer loop
      vertex -8.661150e+01  4.361361e+01  0.000000e+00
      vertex -8.631138e+01  4.478945e+01 -1.000000e+00
      vertex -8.661150e+01  4.361361e+01 -1.000000e+00
    endloop
  endfacet
  facet normal -9.841110e-01  1.775547e-01  0.000000e+00
    outer loop
      vertex -8.661150e+01  4.361361e+01  0.000000e+00
      vertex -8.661150e+01  4.361361e+01 -1.000000e+00
      vertex -8.682697e+01  4.241935e+01  0.000000e+00
    endloop
  endfacet
  facet normal -9.841110e-01  1.775547e-01  0.000000e+00
    outer loop
      vertex -8.682697e+01  4.241935e+01  0.000000e+00
      vertex -8.661150e+01  4.361361e+01 -1.000000e+00
      vertex -8.682697e+01  4.241935e+01 -1.000000e+00
    endloop
  endfacet
  facet normal -9.942702e-01  1.068958e-01  0.000000e+00
    outer loop
      vertex -8.682697e+01  4.241935e+01  0.000000e+00
      vertex -8.682697e+01  4.241935e+01 -1.000000e+00
      vertex -8.695669e+01  4.121276e+01  0.000000e+00
    endloop
  endfacet
  facet normal -9.942702e-01  1.068958e-01  0.000000e+00
    outer loop
      vertex -8.695669e+01  4.121276e+01  0.000000e+00
      vertex -8.682697e+01  4.241935e+01 -1.000000e+00
      vertex -8.695669e+01  4.121276e+01 -1.000000e+00
    endloop
  endfacet
  facet normal -9.993629e-01  3.569075e-02  0.000000e+00
    outer loop
      vertex -8.695669e+01  4.121276e+01  0.000000e+00
      vertex -8.695669e+01  4.121276e+01 -1.000000e+00
      vertex -8.700000e+01  4.000000e+01  0.000000e+00
    endloop
  endfacet
  facet normal -9.993629e-01  3.569075e-02  0.000000e+00
    outer loop
      vertex -8.700000e+01  4.000000e+01  0.000000e+00
      vertex -8.695669e+01  4.121276e+01 -1.000000e+00
      vertex -8.700000e+01  4.000000e+01 -1.000000e+00
    endloop
  endfacet
  facet normal -9.993629e-01 -3.569075e-02  0.000000e+00
    outer loop
      vertex -8.700000e+01 -4.000000e+01  0.000000e+00
      vertex -8.700000e+01 -4.000000e+01 -1.000000e+00
      vertex -8.695669e+01 -4.121276e+01  0.000000e+00
    endloop
  endfacet
  facet normal -9.993629e-01 -3.569075e-02  -0.000000e+00
    outer loop
      vertex -8.695669e+01 -4.121276e+01  0.000000e+00
      vertex -8.700000e+01 -4.000000e+01 -1.000000e+00
      vertex -8.695669e+01 -4.121276e+01 -1.000000e+00
    endloop
  endfacet
  facet normal -9.942702e-01 -1.068958e-01  0.000000e+00
    outer loop
      vertex -8.695669e+01 -4.121276e+01  0.000000e+00
      vertex -8.695669e+01 -4.121276e+01 -1.000000e+00
      vertex -8.682697e+01 -4.241935e+01  0.000000e+00
    endloop
  endfacet
  facet normal -9.942702e-01 -1.068958e-01  -0.000000e+00
    outer loop
      vertex -8.682697e+01 -4.241935e+01  0.000000e+00
      vertex -8.695669e+01 -4.121276e+01 -1.000000e+00
      vertex -8.682697e+01 -4.241935e+01 -1.000000e+00
    endloop
  endfacet
  facet normal -9.841110e-01 -1.775547e-01  0.000000e+00
    outer loop
      vertex -8.682697e+01 -4.241935e+01  0.000000e+00
      vertex -8.682697e+01 -4.241935e+01 -1.000000e+00
      vertex -8.661150e+01 -4.361361e+01  0.000000e+00
    endloop
  endfacet
  facet normal -9.841110e-01 -1.775547e-01  -0.000000e+00
    outer loop
      vertex -8.661150e+01 -4.361361e+01  0.000000e+00
      vertex -8.682697e+01 -4.241935e+01 -1.000000e+00
      vertex -8.661150e+01 -4.361361e+01 -1.000000e+00
    endloop
  endfacet
  facet normal -9.689370e-01 -2.473078e-01  0.000000e+00
    outer loop
      vertex -8.661150e+01 -4.361361e+01  0.000000e+00
      vertex -8.661150e+01 -4.361361e+01 -1.000000e+00
      vertex -8.631138e+01 -4.478945e+01  0.000000e+00
    endloop
  endfacet
  facet normal -9.689370e-01 -2.473078e-01  -0.000000e+00
    outer loop
      vertex -8.631138e+01 -4.478945e+01  0.000000e+00
      vertex -8.661150e+01 -4.361361e+01 -1.000000e+00
      vertex -8.631138e+01 -4.478945e+01 -1.000000e+00
    endloop
  endfacet
  facet normal -9.488268e-01 -3.157968e-01  0.000000e+00
    outer loop
      vertex -8.631138e+01 -4.478945e+01  0.000000e+00
      vertex -8.631138e+01 -4.478945e+01 -1.000000e+00
      vertex -8.592815e+01 -4.594089e+01  0.000000e+00
    endloop
  endfacet
  facet normal -9.488268e-01 -3.157968e-01  -0.000000e+00
    outer loop
      vertex -8.592815e+01 -4.594089e+01  0.000000e+00
      vertex -8.631138e+01 -4.478945e+01 -1.000000e+00
      vertex -8.592815e+01 -4.594089e+01 -1.000000e+00
    endloop
  endfacet
  facet normal -9.238793e-01 -3.826838e-01  0.000000e+00
    outer loop
      vertex -8.592815e+01 -4.594089e+01  0.000000e+00
      vertex -8.592815e+01 -4.594089e+01 -1.000000e+00
      vertex -8.546375e+01 -4.706205e+01  0.000000e+00
    endloop
  endfacet
  facet normal -9.238793e-01 -3.826838e-01  -0.000000e+00
    outer loop
      vertex -8.546375e+01 -4.706205e+01  0.000000e+00
      vertex -8.592815e+01 -4.594089e+01 -1.000000e+00
      vertex -8.546375e+01 -4.706205e+01 -1.000000e+00
    endloop
  endfacet
  facet normal -8.942240e-01 -4.476196e-01  0.000000e+00
    outer loop
      vertex -8.546375e+01 -4.706205e+01  0.000000e+00
      vertex -8.546375e+01 -4.706205e+01 -1.000000e+00
      vertex -8.492054e+01 -4.814723e+01  0.000000e+00
    endloop
  endfacet
  facet normal -8.942240e-01 -4.476196e-01  -0.000000e+00
    outer loop
      vertex -8.492054e+01 -4.814723e+01  0.000000e+00
      vertex -8.546375e+01 -4.706205e+01 -1.000000e+00
      vertex -8.492054e+01 -4.814723e+01 -1.000000e+00
    endloop
  endfacet
  facet normal -8.600149e-01 -5.102690e-01  0.000000e+00
    outer loop
      vertex -8.492054e+01 -4.814723e+01  0.000000e+00
      vertex -8.492054e+01 -4.814723e+01 -1.000000e+00
      vertex -8.430131e+01 -4.919090e+01  0.000000e+00
    endloop
  endfacet
  facet normal -8.600149e-01 -5.102690e-01  -0.000000e+00
    outer loop
      vertex -8.430131e+01 -4.919090e+01  0.000000e+00
      vertex -8.492054e+01 -4.814723e+01 -1.000000e+00
      vertex -8.430131e+01 -4.919090e+01 -1.000000e+00
    endloop
  endfacet
  facet normal -8.214210e-01 -5.703223e-01  0.000000e+00
    outer loop
      vertex -8.430131e+01 -4.919090e+01  0.000000e+00
      vertex -8.430131e+01 -4.919090e+01 -1.000000e+00
      vertex -8.360920e+01 -5.018772e+01  0.000000e+00
    endloop
  endfacet
  facet normal -8.214210e-01 -5.703223e-01  -0.000000e+00
    outer loop
      vertex -8.360920e+01 -5.018772e+01  0.000000e+00
      vertex -8.430131e+01 -4.919090e+01 -1.000000e+00
      vertex -8.360920e+01 -5.018772e+01 -1.000000e+00
    endloop
  endfacet
  facet normal -7.786411e-01 -6.274696e-01  0.000000e+00
    outer loop
      vertex -8.360920e+01 -5.018772e+01  0.000000e+00
      vertex -8.360920e+01 -5.018772e+01 -1.000000e+00
      vertex -8.284774e+01 -5.113263e+01  0.000000e+00
    endloop
  endfacet
  facet normal -7.786411e-01 -6.274696e-01  -0.000000e+00
    outer loop
      vertex -8.284774e+01 -5.113263e+01  0.000000e+00
      vertex -8.360920e+01 -5.018772e+01 -1.000000e+00
      vertex -8.284774e+01 -5.113263e+01 -1.000000e+00
    endloop
  endfacet
  facet normal -7.318950e-01 -6.814175e-01  0.000000e+00
    outer loop
      vertex -8.284774e+01 -5.113263e+01  0.000000e+00
      vertex -8.284774e+01 -5.113263e+01 -1.000000e+00
      vertex -8.202081e+01 -5.202082e+01  0.000000e+00
    endloop
  endfacet
  facet normal -7.318950e-01 -6.814175e-01  -0.000000e+00
    outer loop
      vertex -8.202081e+01 -5.202082e+01  0.000000e+00
      vertex -8.284774e+01 -5.113263e+01 -1.000000e+00
      vertex -8.202081e+01 -5.202082e+01 -1.000000e+00
    endloop
  endfacet
  facet normal -6.814175e-01 -7.318950e-01  0.000000e+00
    outer loop
      vertex -8.202081e+01 -5.202082e+01  0.000000e+00
      vertex -8.202081e+01 -5.202082e+01 -1.000000e+00
      vertex -8.113263e+01 -5.284774e+01  0.000000e+00
    endloop
  endfacet
  facet normal -6.814175e-01 -7.318950e-01  -0.000000e+00
    outer loop
      vertex -8.113263e+01 -5.284774e+01  0.000000e+00
      vertex -8.202081e+01 -5.202082e+01 -1.000000e+00
      vertex -8.113263e+01 -5.284774e+01 -1.000000e+00
    endloop
  endfacet
  facet normal -6.274692e-01 -7.786413e-01  0.000000e+00
    outer loop
      vertex -8.113263e+01 -5.284774e+01  0.000000e+00
      vertex -8.113263e+01 -5.284774e+01 -1.000000e+00
      vertex -8.018772e+01 -5.360920e+01  0.000000e+00
    endloop
  endfacet
  facet normal -6.274692e-01 -7.786413e-01  -0.000000e+00
    outer loop
      vertex -8.018772e+01 -5.360920e+01  0.000000e+00
      vertex -8.113263e+01 -5.284774e+01 -1.000000e+00
      vertex -8.018772e+01 -5.360920e+01 -1.000000e+00
    endloop
  endfacet
  facet normal -5.703244e-01 -8.214195e-01  0.000000e+00
    outer loop
      vertex -8.018772e+01 -5.360920e+01  0.000000e+00
      vertex -8.018772e+01 -5.360920e+01 -1.000000e+00
      vertex -7.919090e+01 -5.430131e+01  0.000000e+00
    endloop
  endfacet
  facet normal -5.703244e-01 -8.214195e-01  -0.000000e+00
    outer loop
      vertex -7.919090e+01 -5.430131e+01  0.000000e+00
      vertex -8.018772e+01 -5.360920e+01 -1.000000e+00
      vertex -7.919090e+01 -5.430131e+01 -1.000000e+00
    endloop
  endfacet
  facet normal -5.102690e-01 -8.600149e-01  0.000000e+00
    outer loop
      vertex -7.919090e+01 -5.430131e+01  0.000000e+00
      vertex -7.919090e+01 -5.430131e+01 -1.000000e+00
      vertex -7.814723e+01 -5.492054e+01  0.000000e+00
    endloop
  endfacet
  facet normal -5.102690e-01 -8.600149e-01  -0.000000e+00
    outer loop
      vertex -7.814723e+01 -5.492054e+01  0.000000e+00
      vertex -7.919090e+01 -5.430131e+01 -1.000000e+00
      vertex -7.814723e+01 -5.492054e+01 -1.000000e+00
    endloop
  endfacet
  facet normal -4.476184e-01 -8.942246e-01  0.000000e+00
    outer loop
      vertex -7.814723e+01 -5.492054e+01  0.000000e+00
      vertex -7.814723e+01 -5.492054e+01 -1.000000e+00
      vertex -7.706206e+01 -5.546375e+01  0.000000e+00
    endloop
  endfacet
  facet normal -4.476184e-01 -8.942246e-01  -0.000000e+00
    outer loop
      vertex -7.706206e+01 -5.546375e+01  0.000000e+00
      vertex -7.814723e+01 -5.492054e+01 -1.000000e+00
      vertex -7.706206e+01 -5.546375e+01 -1.000000e+00
    endloop
  endfacet
  facet normal -3.826816e-01 -9.238803e-01  0.000000e+00
    outer loop
      vertex -7.706206e+01 -5.546375e+01  0.000000e+00
      vertex -7.706206e+01 -5.546375e+01 -1.000000e+00
      vertex -7.594089e+01 -5.592815e+01  0.000000e+00
    endloop
  endfacet
  facet normal -3.826816e-01 -9.238803e-01  -0.000000e+00
    outer loop
      vertex -7.594089e+01 -5.592815e+01  0.000000e+00
      vertex -7.706206e+01 -5.546375e+01 -1.000000e+00
      vertex -7.594089e+01 -5.592815e+01 -1.000000e+00
    endloop
  endfacet
  facet normal -3.158005e-01 -9.488256e-01  0.000000e+00
    outer loop
      vertex -7.594089e+01 -5.592815e+01  0.000000e+00
      vertex -7.594089e+01 -5.592815e+01 -1.000000e+00
      vertex -7.478945e+01 -5.631138e+01  0.000000e+00
    endloop
  endfacet
  facet normal -3.158005e-01 -9.488256e-01  -0.000000e+00
    outer loop
      vertex -7.478945e+01 -5.631138e+01  0.000000e+00
      vertex -7.594089e+01 -5.592815e+01 -1.000000e+00
      vertex -7.478945e+01 -5.631138e+01 -1.000000e+00
    endloop
  endfacet
  facet normal -2.473048e-01 -9.689378e-01  0.000000e+00
    outer loop
      vertex -7.478945e+01 -5.631138e+01  0.000000e+00
      vertex -7.478945e+01 -5.631138e+01 -1.000000e+00
      vertex -7.361361e+01 -5.661150e+01  0.000000e+00
    endloop
  endfacet
  facet normal -2.473048e-01 -9.689378e-01  -0.000000e+00
    outer loop
      vertex -7.361361e+01 -5.661150e+01  0.000000e+00
      vertex -7.478945e+01 -5.631138e+01 -1.000000e+00
      vertex -7.361361e+01 -5.661150e+01 -1.000000e+00
    endloop
  endfacet
  facet normal -1.775542e-01 -9.841111e-01  0.000000e+00
    outer loop
      vertex -7.361361e+01 -5.661150e+01  0.000000e+00
      vertex -7.361361e+01 -5.661150e+01 -1.000000e+00
      vertex -7.241935e+01 -5.682697e+01  0.000000e+00
    endloop
  endfacet
  facet normal -1.775542e-01 -9.841111e-01  -0.000000e+00
    outer loop
      vertex -7.241935e+01 -5.682697e+01  0.000000e+00
      vertex -7.361361e+01 -5.661150e+01 -1.000000e+00
      vertex -7.241935e+01 -5.682697e+01 -1.000000e+00
    endloop
  endfacet
  facet normal -1.068934e-01 -9.942704e-01  0.000000e+00
    outer loop
      vertex -7.241935e+01 -5.682697e+01  0.000000e+00
      vertex -7.241935e+01 -5.682697e+01 -1.000000e+00
      vertex -7.121277e+01 -5.695668e+01  0.000000e+00
    endloop
  endfacet
  facet normal -1.068934e-01 -9.942704e-01  -0.000000e+00
    outer loop
      vertex -7.121277e+01 -5.695668e+01  0.000000e+00
      vertex -7.241935e+01 -5.682697e+01 -1.000000e+00
      vertex -7.121277e+01 -5.695668e+01 -1.000000e+00
    endloop
  endfacet
  facet normal -3.569377e-02 -9.993628e-01  0.000000e+00
    outer loop
      vertex -7.121277e+01 -5.695668e+01  0.000000e+00
      vertex -7.121277e+01 -5.695668e+01 -1.000000e+00
      vertex -7.000000e+01 -5.700000e+01  0.000000e+00
    endloop
  endfacet
  facet normal -3.569377e-02 -9.993628e-01  -0.000000e+00
    outer loop
      vertex -7.000000e+01 -5.700000e+01  0.000000e+00
      vertex -7.121277e+01 -5.695668e+01 -1.000000e+00
      vertex -7.000000e+01 -5.700000e+01 -1.000000e+00
    endloop
  endfacet
  facet normal -1.000000e+00  0.000000e+00  0.000000e+00
    outer loop
      vertex -8.700000e+01 -4.000000e+01 -1.000000e+00
      vertex -8.700000e+01 -4.000000e+01  0.000000e+00
      vertex -8.700000e+01  4.000000e+01 -1.000000e+00
    endloop
  endfacet
  facet normal -1.000000e+00  0.000000e+00  0.000000e+00
    outer loop
      vertex -8.700000e+01  4.000000e+01 -1.000000e+00
      vertex -8.700000e+01 -4.000000e+01  0.000000e+00
      vertex -8.700000e+01  4.000000e+01  0.000000e+00
    endloop
  endfacet
  facet normal -5.176935e-01  4.819891e-01 -7.068803e-01
    outer loop
      vertex -8.202081e+01  5.202082e+01 -1.000000e+00
      vertex -8.209200e+01  5.047777e+01 -2.000000e+00
      vertex -8.284774e+01  5.113263e+01 -1.000000e+00
    endloop
  endfacet
  facet normal -5.507586e-01  4.438302e-01 -7.068803e-01
    outer loop
      vertex -8.284774e+01  5.113263e+01 -1.000000e+00
      vertex -8.209200e+01  5.047777e+01 -2.000000e+00
      vertex -8.280866e+01  4.958844e+01 -2.000000e+00
    endloop
  endfacet
  facet normal -5.507588e-01  4.438301e-01 -7.068803e-01
    outer loop
      vertex -8.284774e+01  5.113263e+01 -1.000000e+00
      vertex -8.280866e+01  4.958844e+01 -2.000000e+00
      vertex -8.360920e+01  5.018772e+01 -1.000000e+00
    endloop
  endfacet
  facet normal -5.810181e-01  4.034083e-01 -7.068802e-01
    outer loop
      vertex -8.360920e+01  5.018772e+01 -1.000000e+00
      vertex -8.280866e+01  4.958844e+01 -2.000000e+00
      vertex -8.346006e+01  4.865025e+01 -2.000000e+00
    endloop
  endfacet
  facet normal -5.810187e-01  4.034081e-01 -7.068798e-01
    outer loop
      vertex -8.360920e+01  5.018772e+01 -1.000000e+00
      vertex -8.346006e+01  4.865025e+01 -2.000000e+00
      vertex -8.430131e+01  4.919090e+01 -1.000000e+00
    endloop
  endfacet
  facet normal -6.083186e-01  3.609287e-01 -7.068797e-01
    outer loop
      vertex -8.430131e+01  4.919090e+01 -1.000000e+00
      vertex -8.346006e+01  4.865025e+01 -2.000000e+00
      vertex -8.404286e+01  4.766798e+01 -2.000000e+00
    endloop
  endfacet
  facet normal -6.083165e-01  3.609299e-01 -7.068809e-01
    outer loop
      vertex -8.430131e+01  4.919090e+01 -1.000000e+00
      vertex -8.404286e+01  4.766798e+01 -2.000000e+00
      vertex -8.492054e+01  4.814723e+01 -1.000000e+00
    endloop
  endfacet
  facet normal -6.325133e-01  3.166169e-01 -7.068810e-01
    outer loop
      vertex -8.492054e+01  4.814723e+01 -1.000000e+00
      vertex -8.404286e+01  4.766798e+01 -2.000000e+00
      vertex -8.455412e+01  4.664664e+01 -2.000000e+00
    endloop
  endfacet
  facet normal -6.325143e-01  3.166162e-01 -7.068803e-01
    outer loop
      vertex -8.492054e+01  4.814723e+01 -1.000000e+00
      vertex -8.455412e+01  4.664664e+01 -2.000000e+00
      vertex -8.546375e+01  4.706205e+01 -1.000000e+00
    endloop
  endfacet
  facet normal -6.534914e-01  2.706828e-01 -7.068803e-01
    outer loop
      vertex -8.546375e+01  4.706205e+01 -1.000000e+00
      vertex -8.455412e+01  4.664664e+01 -2.000000e+00
      vertex -8.499120e+01  4.559143e+01 -2.000000e+00
    endloop
  endfacet
  facet normal -6.534892e-01  2.706844e-01 -7.068817e-01
    outer loop
      vertex -8.546375e+01  4.706205e+01 -1.000000e+00
      vertex -8.499120e+01  4.559143e+01 -2.000000e+00
      vertex -8.592815e+01  4.594089e+01 -1.000000e+00
    endloop
  endfacet
  facet normal -6.711341e-01  2.233767e-01 -7.068818e-01
    outer loop
      vertex -8.592815e+01  4.594089e+01 -1.000000e+00
      vertex -8.499120e+01  4.559143e+01 -2.000000e+00
      vertex -8.535189e+01  4.450772e+01 -2.000000e+00
    endloop
  endfacet
  facet normal -6.711375e-01  2.233738e-01 -7.068795e-01
    outer loop
      vertex -8.592815e+01  4.594089e+01 -1.000000e+00
      vertex -8.535189e+01  4.450772e+01 -2.000000e+00
      vertex -8.631138e+01  4.478945e+01 -1.000000e+00
    endloop
  endfacet
  facet normal -6.853623e-01  1.749285e-01 -7.068795e-01
    outer loop
      vertex -8.631138e+01  4.478945e+01 -1.000000e+00
      vertex -8.535189e+01  4.450772e+01 -2.000000e+00
      vertex -8.563435e+01  4.340104e+01 -2.000000e+00
    endloop
  endfacet
  facet normal -6.853617e-01  1.749291e-01 -7.068800e-01
    outer loop
      vertex -8.631138e+01  4.478945e+01 -1.000000e+00
      vertex -8.563435e+01  4.340104e+01 -2.000000e+00
      vertex -8.661150e+01  4.361361e+01 -1.000000e+00
    endloop
  endfacet
  facet normal -6.960953e-01  1.255873e-01 -7.068799e-01
    outer loop
      vertex -8.661150e+01  4.361361e+01 -1.000000e+00
      vertex -8.563435e+01  4.340104e+01 -2.000000e+00
      vertex -8.583714e+01  4.227704e+01 -2.000000e+00
    endloop
  endfacet
  facet normal -6.960929e-01  1.255901e-01 -7.068817e-01
    outer loop
      vertex -8.661150e+01  4.361361e+01 -1.000000e+00
      vertex -8.583714e+01  4.227704e+01 -2.000000e+00
      vertex -8.682697e+01  4.241935e+01 -1.000000e+00
    endloop
  endfacet
  facet normal -7.032788e-01  7.561167e-02 -7.068818e-01
    outer loop
      vertex -8.682697e+01  4.241935e+01 -1.000000e+00
      vertex -8.583714e+01  4.227704e+01 -2.000000e+00
      vertex -8.595924e+01  4.114143e+01 -2.000000e+00
    endloop
  endfacet
  facet normal -7.032794e-01  7.561087e-02 -7.068812e-01
    outer loop
      vertex -8.682697e+01  4.241935e+01 -1.000000e+00
      vertex -8.595924e+01  4.114143e+01 -2.000000e+00
      vertex -8.695669e+01  4.121276e+01 -1.000000e+00
    endloop
  endfacet
  facet normal -7.068816e-01  2.524493e-02 -7.068813e-01
    outer loop
      vertex -8.695669e+01  4.121276e+01 -1.000000e+00
      vertex -8.595924e+01  4.114143e+01 -2.000000e+00
      vertex -8.600000e+01  4.000000e+01 -2.000000e+00
    endloop
  endfacet
  facet normal -7.068813e-01  2.524521e-02 -7.068813e-01
    outer loop
      vertex -8.695669e+01  4.121276e+01 -1.000000e+00
      vertex -8.600000e+01  4.000000e+01 -2.000000e+00
      vertex -8.700000e+01  4.000000e+01 -1.000000e+00
    endloop
  endfacet
  facet normal -5.176908e-01  4.819899e-01 -7.068818e-01
    outer loop
      vertex -8.209200e+01  5.047777e+01 -2.000000e+00
      vertex -8.202081e+01  5.202082e+01 -1.000000e+00
      vertex -8.131371e+01  5.131371e+01 -2.000000e+00
    endloop
  endfacet
  facet normal -4.819882e-01  5.176925e-01 -7.068818e-01
    outer loop
      vertex -8.131371e+01  5.131371e+01 -2.000000e+00
      vertex -8.202081e+01  5.202082e+01 -1.000000e+00
      vertex -8.113263e+01  5.284774e+01 -1.000000e+00
    endloop
  endfacet
  facet normal -4.819870e-01  5.176927e-01 -7.068824e-01
    outer loop
      vertex -8.131371e+01  5.131371e+01 -2.000000e+00
      vertex -8.113263e+01  5.284774e+01 -1.000000e+00
      vertex -8.047777e+01  5.209199e+01 -2.000000e+00
    endloop
  endfacet
  facet normal -4.438285e-01  5.507573e-01 -7.068824e-01
    outer loop
      vertex -8.047777e+01  5.209199e+01 -2.000000e+00
      vertex -8.113263e+01  5.284774e+01 -1.000000e+00
      vertex -8.018772e+01  5.360920e+01 -1.000000e+00
    endloop
  endfacet
  facet normal -4.438290e-01  5.507572e-01 -7.068821e-01
    outer loop
      vertex -8.047777e+01  5.209199e+01 -2.000000e+00
      vertex -8.018772e+01  5.360920e+01 -1.000000e+00
      vertex -7.958844e+01  5.280866e+01 -2.000000e+00
    endloop
  endfacet
  facet normal -4.034084e-01  5.810159e-01 -7.068821e-01
    outer loop
      vertex -7.958844e+01  5.280866e+01 -2.000000e+00
      vertex -8.018772e+01  5.360920e+01 -1.000000e+00
      vertex -7.919090e+01  5.430131e+01 -1.000000e+00
    endloop
  endfacet
  facet normal -4.034084e-01  5.810159e-01 -7.068821e-01
    outer loop
      vertex -7.958844e+01  5.280866e+01 -2.000000e+00
      vertex -7.919090e+01  5.430131e+01 -1.000000e+00
      vertex -7.865025e+01  5.346006e+01 -2.000000e+00
    endloop
  endfacet
  facet normal -3.609293e-01  6.083155e-01 -7.068821e-01
    outer loop
      vertex -7.865025e+01  5.346006e+01 -2.000000e+00
      vertex -7.919090e+01  5.430131e+01 -1.000000e+00
      vertex -7.814723e+01  5.492054e+01 -1.000000e+00
    endloop
  endfacet
  facet normal -3.609293e-01  6.083156e-01 -7.068821e-01
    outer loop
      vertex -7.865025e+01  5.346006e+01 -2.000000e+00
      vertex -7.814723e+01  5.492054e+01 -1.000000e+00
      vertex -7.766798e+01  5.404286e+01 -2.000000e+00
    endloop
  endfacet
  facet normal -3.166146e-01  6.325132e-01 -7.068822e-01
    outer loop
      vertex -7.766798e+01  5.404286e+01 -2.000000e+00
      vertex -7.814723e+01  5.492054e+01 -1.000000e+00
      vertex -7.706206e+01  5.546375e+01 -1.000000e+00
    endloop
  endfacet
  facet normal -3.166133e-01  6.325131e-01 -7.068828e-01
    outer loop
      vertex -7.766798e+01  5.404286e+01 -2.000000e+00
      vertex -7.706206e+01  5.546375e+01 -1.000000e+00
      vertex -7.664664e+01  5.455411e+01 -2.000000e+00
    endloop
  endfacet
  facet normal -2.706825e-01  6.534890e-01 -7.068827e-01
    outer loop
      vertex -7.664664e+01  5.455411e+01 -2.000000e+00
      vertex -7.706206e+01  5.546375e+01 -1.000000e+00
      vertex -7.594089e+01  5.592815e+01 -1.000000e+00
    endloop
  endfacet
  facet normal -2.706864e-01  6.534895e-01 -7.068806e-01
    outer loop
      vertex -7.664664e+01  5.455411e+01 -2.000000e+00
      vertex -7.594089e+01  5.592815e+01 -1.000000e+00
      vertex -7.559143e+01  5.499120e+01 -2.000000e+00
    endloop
  endfacet
  facet normal -2.233760e-01  6.711352e-01 -7.068809e-01
    outer loop
      vertex -7.559143e+01  5.499120e+01 -2.000000e+00
      vertex -7.594089e+01  5.592815e+01 -1.000000e+00
      vertex -7.478945e+01  5.631138e+01 -1.000000e+00
    endloop
  endfacet
  facet normal -2.233738e-01  6.711348e-01 -7.068821e-01
    outer loop
      vertex -7.559143e+01  5.499120e+01 -2.000000e+00
      vertex -7.478945e+01  5.631138e+01 -1.000000e+00
      vertex -7.450772e+01  5.535189e+01 -2.000000e+00
    endloop
  endfacet
  facet normal -1.749265e-01  6.853601e-01 -7.068821e-01
    outer loop
      vertex -7.450772e+01  5.535189e+01 -2.000000e+00
      vertex -7.478945e+01  5.631138e+01 -1.000000e+00
      vertex -7.361361e+01  5.661150e+01 -1.000000e+00
    endloop
  endfacet
  facet normal -1.749287e-01  6.853608e-01 -7.068809e-01
    outer loop
      vertex -7.450772e+01  5.535189e+01 -2.000000e+00
      vertex -7.361361e+01  5.661150e+01 -1.000000e+00
      vertex -7.340105e+01  5.563435e+01 -2.000000e+00
    endloop
  endfacet
  facet normal -1.255898e-01  6.960937e-01 -7.068810e-01
    outer loop
      vertex -7.340105e+01  5.563435e+01 -2.000000e+00
      vertex -7.361361e+01  5.661150e+01 -1.000000e+00
      vertex -7.241935e+01  5.682697e+01 -1.000000e+00
    endloop
  endfacet
  facet normal -1.255889e-01  6.960934e-01 -7.068815e-01
    outer loop
      vertex -7.340105e+01  5.563435e+01 -2.000000e+00
      vertex -7.241935e+01  5.682697e+01 -1.000000e+00
      vertex -7.227704e+01  5.583714e+01 -2.000000e+00
    endloop
  endfacet
  facet normal -7.560911e-02  7.032792e-01 -7.068815e-01
    outer loop
      vertex -7.227704e+01  5.583714e+01 -2.000000e+00
      vertex -7.241935e+01  5.682697e+01 -1.000000e+00
      vertex -7.121277e+01  5.695668e+01 -1.000000e+00
    endloop
  endfacet
  facet normal -7.560937e-02  7.032793e-01 -7.068813e-01
    outer loop
      vertex -7.227704e+01  5.583714e+01 -2.000000e+00
      vertex -7.121277e+01  5.695668e+01 -1.000000e+00
      vertex -7.114143e+01  5.595923e+01 -2.000000e+00
    endloop
  endfacet
  facet normal -2.524735e-02  7.068814e-01 -7.068813e-01
    outer loop
      vertex -7.114143e+01  5.595923e+01 -2.000000e+00
      vertex -7.121277e+01  5.695668e+01 -1.000000e+00
      vertex -7.000000e+01  5.700000e+01 -1.000000e+00
    endloop
  endfacet
  facet normal -2.524729e-02  7.068815e-01 -7.068815e-01
    outer loop
      vertex -7.114143e+01  5.595923e+01 -2.000000e+00
      vertex -7.000000e+01  5.700000e+01 -1.000000e+00
      vertex -7.000000e+01  5.600000e+01 -2.000000e+00
    endloop
  endfacet
  facet normal -7.071068e-01  -0.000000e+00 -7.071068e-01
    outer loop
      vertex -8.700000e+01 -4.000000e+01 -1.000000e+00
      vertex -8.700000e+01  4.000000e+01 -1.000000e+00
      vertex -8.600000e+01 -4.000000e+01 -2.000000e+00
    endloop
  endfacet
  facet normal -7.071068e-01  0.000000e+00 -7.071068e-01
    outer loop
      vertex -8.600000e+01 -4.000000e+01 -2.000000e+00
      vertex -8.700000e+01  4.000000e+01 -1.000000e+00
      vertex -8.600000e+01  4.000000e+01 -2.000000e+00
    endloop
  endfacet
  facet normal -4.819878e-01 -5.176921e-01 -7.068824e-01
    outer loop
      vertex -8.202081e+01 -5.202082e+01 -1.000000e+00
      vertex -8.047777e+01 -5.209199e+01 -2.000000e+00
      vertex -8.113263e+01 -5.284774e+01 -1.000000e+00
    endloop
  endfacet
  facet normal -4.438289e-01 -5.507570e-01 -7.068824e-01
    outer loop
      vertex -8.113263e+01 -5.284774e+01 -1.000000e+00
      vertex -8.047777e+01 -5.209199e+01 -2.000000e+00
      vertex -7.958844e+01 -5.280866e+01 -2.000000e+00
    endloop
  endfacet
  facet normal -4.438287e-01 -5.507575e-01 -7.068821e-01
    outer loop
      vertex -8.113263e+01 -5.284774e+01 -1.000000e+00
      vertex -7.958844e+01 -5.280866e+01 -2.000000e+00
      vertex -8.018772e+01 -5.360920e+01 -1.000000e+00
    endloop
  endfacet
  facet normal -4.034084e-01 -5.810158e-01 -7.068821e-01
    outer loop
      vertex -8.018772e+01 -5.360920e+01 -1.000000e+00
      vertex -7.958844e+01 -5.280866e+01 -2.000000e+00
      vertex -7.865025e+01 -5.346006e+01 -2.000000e+00
    endloop
  endfacet
  facet normal -4.034084e-01 -5.810159e-01 -7.068821e-01
    outer loop
      vertex -8.018772e+01 -5.360920e+01 -1.000000e+00
      vertex -7.865025e+01 -5.346006e+01 -2.000000e+00
      vertex -7.919090e+01 -5.430131e+01 -1.000000e+00
    endloop
  endfacet
  facet normal -3.609293e-01 -6.083156e-01 -7.068821e-01
    outer loop
      vertex -7.919090e+01 -5.430131e+01 -1.000000e+00
      vertex -7.865025e+01 -5.346006e+01 -2.000000e+00
      vertex -7.766798e+01 -5.404286e+01 -2.000000e+00
    endloop
  endfacet
  facet normal -3.609293e-01 -6.083155e-01 -7.068821e-01
    outer loop
      vertex -7.919090e+01 -5.430131e+01 -1.000000e+00
      vertex -7.766798e+01 -5.404286e+01 -2.000000e+00
      vertex -7.814723e+01 -5.492054e+01 -1.000000e+00
    endloop
  endfacet
  facet normal -3.166136e-01 -6.325136e-01 -7.068821e-01
    outer loop
      vertex -7.814723e+01 -5.492054e+01 -1.000000e+00
      vertex -7.766798e+01 -5.404286e+01 -2.000000e+00
      vertex -7.664664e+01 -5.455411e+01 -2.000000e+00
    endloop
  endfacet
  facet normal -3.166143e-01 -6.325126e-01 -7.068828e-01
    outer loop
      vertex -7.814723e+01 -5.492054e+01 -1.000000e+00
      vertex -7.664664e+01 -5.455411e+01 -2.000000e+00
      vertex -7.706206e+01 -5.546375e+01 -1.000000e+00
    endloop
  endfacet
  facet normal -2.706856e-01 -6.534877e-01 -7.068828e-01
    outer loop
      vertex -7.706206e+01 -5.546375e+01 -1.000000e+00
      vertex -7.664664e+01 -5.455411e+01 -2.000000e+00
      vertex -7.559143e+01 -5.499120e+01 -2.000000e+00
    endloop
  endfacet
  facet normal -2.706832e-01 -6.534908e-01 -7.068807e-01
    outer loop
      vertex -7.706206e+01 -5.546375e+01 -1.000000e+00
      vertex -7.559143e+01 -5.499120e+01 -2.000000e+00
      vertex -7.594089e+01 -5.592815e+01 -1.000000e+00
    endloop
  endfacet
  facet normal -2.233742e-01 -6.711360e-01 -7.068809e-01
    outer loop
      vertex -7.594089e+01 -5.592815e+01 -1.000000e+00
      vertex -7.559143e+01 -5.499120e+01 -2.000000e+00
      vertex -7.450772e+01 -5.535189e+01 -2.000000e+00
    endloop
  endfacet
  facet normal -2.233757e-01 -6.711342e-01 -7.068821e-01
    outer loop
      vertex -7.594089e+01 -5.592815e+01 -1.000000e+00
      vertex -7.450772e+01 -5.535189e+01 -2.000000e+00
      vertex -7.478945e+01 -5.631138e+01 -1.000000e+00
    endloop
  endfacet
  facet normal -1.749284e-01 -6.853596e-01 -7.068821e-01
    outer loop
      vertex -7.478945e+01 -5.631138e+01 -1.000000e+00
      vertex -7.450772e+01 -5.535189e+01 -2.000000e+00
      vertex -7.340105e+01 -5.563435e+01 -2.000000e+00
    endloop
  endfacet
  facet normal -1.749267e-01 -6.853611e-01 -7.068809e-01
    outer loop
      vertex -7.478945e+01 -5.631138e+01 -1.000000e+00
      vertex -7.340105e+01 -5.563435e+01 -2.000000e+00
      vertex -7.361361e+01 -5.661150e+01 -1.000000e+00
    endloop
  endfacet
  facet normal -1.255890e-01 -6.960939e-01 -7.068810e-01
    outer loop
      vertex -7.361361e+01 -5.661150e+01 -1.000000e+00
      vertex -7.340105e+01 -5.563435e+01 -2.000000e+00
      vertex -7.227704e+01 -5.583714e+01 -2.000000e+00
    endloop
  endfacet
  facet normal -1.255897e-01 -6.960932e-01 -7.068815e-01
    outer loop
      vertex -7.361361e+01 -5.661150e+01 -1.000000e+00
      vertex -7.227704e+01 -5.583714e+01 -2.000000e+00
      vertex -7.241935e+01 -5.682697e+01 -1.000000e+00
    endloop
  endfacet
  facet normal -7.560936e-02 -7.032793e-01 -7.068816e-01
    outer loop
      vertex -7.241935e+01 -5.682697e+01 -1.000000e+00
      vertex -7.227704e+01 -5.583714e+01 -2.000000e+00
      vertex -7.114143e+01 -5.595923e+01 -2.000000e+00
    endloop
  endfacet
  facet normal -7.560913e-02 -7.032794e-01 -7.068815e-01
    outer loop
      vertex -7.241935e+01 -5.682697e+01 -1.000000e+00
      vertex -7.114143e+01 -5.595923e+01 -2.000000e+00
      vertex -7.121277e+01 -5.695668e+01 -1.000000e+00
    endloop
  endfacet
  facet normal -2.524729e-02 -7.068815e-01 -7.068813e-01
    outer loop
      vertex -7.121277e+01 -5.695668e+01 -1.000000e+00
      vertex -7.114143e+01 -5.595923e+01 -2.000000e+00
      vertex -7.000000e+01 -5.600000e+01 -2.000000e+00
    endloop
  endfacet
  facet normal -2.524735e-02 -7.068813e-01 -7.068813e-01
    outer loop
      vertex -7.121277e+01 -5.695668e+01 -1.000000e+00
      vertex -7.000000e+01 -5.600000e+01 -2.000000e+00
      vertex -7.000000e+01 -5.700000e+01 -1.000000e+00
    endloop
  endfacet
  facet normal -4.819874e-01 -5.176932e-01 -7.068818e-01
    outer loop
      vertex -8.047777e+01 -5.209199e+01 -2.000000e+00
      vertex -8.202081e+01 -5.202082e+01 -1.000000e+00
      vertex -8.131371e+01 -5.131371e+01 -2.000000e+00
    endloop
  endfacet
  facet normal -5.176925e-01 -4.819882e-01 -7.068818e-01
    outer loop
      vertex -8.131371e+01 -5.131371e+01 -2.000000e+00
      vertex -8.202081e+01 -5.202082e+01 -1.000000e+00
      vertex -8.284774e+01 -5.113263e+01 -1.000000e+00
    endloop
  endfacet
  facet normal -5.176919e-01 -4.819909e-01 -7.068803e-01
    outer loop
      vertex -8.131371e+01 -5.131371e+01 -2.000000e+00
      vertex -8.284774e+01 -5.113263e+01 -1.000000e+00
      vertex -8.209200e+01 -5.047777e+01 -2.000000e+00
    endloop
  endfacet
  facet normal -5.507587e-01 -4.438300e-01 -7.068803e-01
    outer loop
      vertex -8.209200e+01 -5.047777e+01 -2.000000e+00
      vertex -8.284774e+01 -5.113263e+01 -1.000000e+00
      vertex -8.360920e+01 -5.018772e+01 -1.000000e+00
    endloop
  endfacet
  facet normal -5.507587e-01 -4.438302e-01 -7.068802e-01
    outer loop
      vertex -8.209200e+01 -5.047777e+01 -2.000000e+00
      vertex -8.360920e+01 -5.018772e+01 -1.000000e+00
      vertex -8.280866e+01 -4.958844e+01 -2.000000e+00
    endloop
  endfacet
  facet normal -5.810184e-01 -4.034080e-01 -7.068802e-01
    outer loop
      vertex -8.280866e+01 -4.958844e+01 -2.000000e+00
      vertex -8.360920e+01 -5.018772e+01 -1.000000e+00
      vertex -8.430131e+01 -4.919090e+01 -1.000000e+00
    endloop
  endfacet
  facet normal -5.810184e-01 -4.034086e-01 -7.068798e-01
    outer loop
      vertex -8.280866e+01 -4.958844e+01 -2.000000e+00
      vertex -8.430131e+01 -4.919090e+01 -1.000000e+00
      vertex -8.346006e+01 -4.865025e+01 -2.000000e+00
    endloop
  endfacet
  facet normal -6.083176e-01 -3.609305e-01 -7.068798e-01
    outer loop
      vertex -8.346006e+01 -4.865025e+01 -2.000000e+00
      vertex -8.430131e+01 -4.919090e+01 -1.000000e+00
      vertex -8.492054e+01 -4.814723e+01 -1.000000e+00
    endloop
  endfacet
  facet normal -6.083176e-01 -3.609281e-01 -7.068809e-01
    outer loop
      vertex -8.346006e+01 -4.865025e+01 -2.000000e+00
      vertex -8.492054e+01 -4.814723e+01 -1.000000e+00
      vertex -8.404286e+01 -4.766798e+01 -2.000000e+00
    endloop
  endfacet
  facet normal -6.325138e-01 -3.166160e-01 -7.068809e-01
    outer loop
      vertex -8.404286e+01 -4.766798e+01 -2.000000e+00
      vertex -8.492054e+01 -4.814723e+01 -1.000000e+00
      vertex -8.546375e+01 -4.706205e+01 -1.000000e+00
    endloop
  endfacet
  facet normal -6.325139e-01 -3.166172e-01 -7.068804e-01
    outer loop
      vertex -8.404286e+01 -4.766798e+01 -2.000000e+00
      vertex -8.546375e+01 -4.706205e+01 -1.000000e+00
      vertex -8.455412e+01 -4.664664e+01 -2.000000e+00
    endloop
  endfacet
  facet normal -6.534905e-01 -2.706850e-01 -7.068805e-01
    outer loop
      vertex -8.455412e+01 -4.664664e+01 -2.000000e+00
      vertex -8.546375e+01 -4.706205e+01 -1.000000e+00
      vertex -8.592815e+01 -4.594089e+01 -1.000000e+00
    endloop
  endfacet
  facet normal -6.534901e-01 -2.706823e-01 -7.068819e-01
    outer loop
      vertex -8.455412e+01 -4.664664e+01 -2.000000e+00
      vertex -8.592815e+01 -4.594089e+01 -1.000000e+00
      vertex -8.499120e+01 -4.559143e+01 -2.000000e+00
    endloop
  endfacet
  facet normal -6.711354e-01 -2.233731e-01 -7.068817e-01
    outer loop
      vertex -8.499120e+01 -4.559143e+01 -2.000000e+00
      vertex -8.592815e+01 -4.594089e+01 -1.000000e+00
      vertex -8.631138e+01 -4.478945e+01 -1.000000e+00
    endloop
  endfacet
  facet normal -6.711363e-01 -2.233774e-01 -7.068794e-01
    outer loop
      vertex -8.499120e+01 -4.559143e+01 -2.000000e+00
      vertex -8.631138e+01 -4.478945e+01 -1.000000e+00
      vertex -8.535189e+01 -4.450772e+01 -2.000000e+00
    endloop
  endfacet
  facet normal -6.853620e-01 -1.749292e-01 -7.068795e-01
    outer loop
      vertex -8.535189e+01 -4.450772e+01 -2.000000e+00
      vertex -8.631138e+01 -4.478945e+01 -1.000000e+00
      vertex -8.661150e+01 -4.361361e+01 -1.000000e+00
    endloop
  endfacet
  facet normal -6.853619e-01 -1.749284e-01 -7.068800e-01
    outer loop
      vertex -8.535189e+01 -4.450772e+01 -2.000000e+00
      vertex -8.661150e+01 -4.361361e+01 -1.000000e+00
      vertex -8.563435e+01 -4.340104e+01 -2.000000e+00
    endloop
  endfacet
  facet normal -6.960947e-01 -1.255904e-01 -7.068799e-01
    outer loop
      vertex -8.563435e+01 -4.340104e+01 -2.000000e+00
      vertex -8.661150e+01 -4.361361e+01 -1.000000e+00
      vertex -8.682697e+01 -4.241935e+01 -1.000000e+00
    endloop
  endfacet
  facet normal -6.960934e-01 -1.255870e-01 -7.068818e-01
    outer loop
      vertex -8.563435e+01 -4.340104e+01 -2.000000e+00
      vertex -8.682697e+01 -4.241935e+01 -1.000000e+00
      vertex -8.583714e+01 -4.227704e+01 -2.000000e+00
    endloop
  endfacet
  facet normal -7.032788e-01 -7.561082e-02 -7.068818e-01
    outer loop
      vertex -8.583714e+01 -4.227704e+01 -2.000000e+00
      vertex -8.682697e+01 -4.241935e+01 -1.000000e+00
      vertex -8.695669e+01 -4.121276e+01 -1.000000e+00
    endloop
  endfacet
  facet normal -7.032793e-01 -7.561173e-02 -7.068812e-01
    outer loop
      vertex -8.583714e+01 -4.227704e+01 -2.000000e+00
      vertex -8.695669e+01 -4.121276e+01 -1.000000e+00
      vertex -8.595924e+01 -4.114143e+01 -2.000000e+00
    endloop
  endfacet
  facet normal -7.068816e-01 -2.524522e-02 -7.068812e-01
    outer loop
      vertex -8.595924e+01 -4.114143e+01 -2.000000e+00
      vertex -8.695669e+01 -4.121276e+01 -1.000000e+00
      vertex -8.700000e+01 -4.000000e+01 -1.000000e+00
    endloop
  endfacet
  facet normal -7.068815e-01 -2.524492e-02 -7.068815e-01
    outer loop
      vertex -8.595924e+01 -4.114143e+01 -2.000000e+00
      vertex -8.700000e+01 -4.000000e+01 -1.000000e+00
      vertex -8.600000e+01 -4.000000e+01 -2.000000e+00
    endloop
  endfacet
  facet normal  0.000000e+00 -7.071068e-01 -7.071068e-01
    outer loop
      vertex -7.000000e+01 -5.700000e+01 -1.000000e+00
      vertex -7.000000e+01 -5.600000e+01 -2.000000e+00
      vertex  7.000000e+01 -5.700000e+01 -1.000000e+00
    endloop
  endfacet
  facet normal  0.000000e+00 -7.071068e-01 -7.071068e-01
    outer loop
      vertex  7.000000e+01 -5.700000e+01 -1.000000e+00
      vertex -7.000000e+01 -5.600000e+01 -2.000000e+00
      vertex  7.000000e+01 -5.600000e+01 -2.000000e+00
    endloop
  endfacet
  facet normal  5.176935e-01 -4.819891e-01 -7.068803e-01
    outer loop
      vertex  8.202081e+01 -5.202082e+01 -1.000000e+00
      vertex  8.209200e+01 -5.047777e+01 -2.000000e+00
      vertex  8.284774e+01 -5.113263e+01 -1.000000e+00
    endloop
  endfacet
  facet normal  5.507586e-01 -4.438302e-01 -7.068803e-01
    outer loop
      vertex  8.284774e+01 -5.113263e+01 -1.000000e+00
      vertex  8.209200e+01 -5.047777e+01 -2.000000e+00
      vertex  8.280866e+01 -4.958844e+01 -2.000000e+00
    endloop
  endfacet
  facet normal  5.507588e-01 -4.438301e-01 -7.068803e-01
    outer loop
      vertex  8.284774e+01 -5.113263e+01 -1.000000e+00
      vertex  8.280866e+01 -4.958844e+01 -2.000000e+00
      vertex  8.360920e+01 -5.018772e+01 -1.000000e+00
    endloop
  endfacet
  facet normal  5.810181e-01 -4.034083e-01 -7.068802e-01
    outer loop
      vertex  8.360920e+01 -5.018772e+01 -1.000000e+00
      vertex  8.280866e+01 -4.958844e+01 -2.000000e+00
      vertex  8.346006e+01 -4.865025e+01 -2.000000e+00
    endloop
  endfacet
  facet normal  5.810187e-01 -4.034081e-01 -7.068798e-01
    outer loop
      vertex  8.360920e+01 -5.018772e+01 -1.000000e+00
      vertex  8.346006e+01 -4.865025e+01 -2.000000e+00
      vertex  8.430131e+01 -4.919090e+01 -1.000000e+00
    endloop
  endfacet
  facet normal  6.083186e-01 -3.609287e-01 -7.068797e-01
    outer loop
      vertex  8.430131e+01 -4.919090e+01 -1.000000e+00
      vertex  8.346006e+01 -4.865025e+01 -2.000000e+00
      vertex  8.404286e+01 -4.766798e+01 -2.000000e+00
    endloop
  endfacet
  facet normal  6.083165e-01 -3.609299e-01 -7.068809e-01
    outer loop
      vertex  8.430131e+01 -4.919090e+01 -1.000000e+00
      vertex  8.404286e+01 -4.766798e+01 -2.000000e+00
      vertex  8.492054e+01 -4.814723e+01 -1.000000e+00
    endloop
  endfacet
  facet normal  6.325133e-01 -3.166169e-01 -7.068810e-01
    outer loop
      vertex  8.492054e+01 -4.814723e+01 -1.000000e+00
      vertex  8.404286e+01 -4.766798e+01 -2.000000e+00
      vertex  8.455412e+01 -4.664664e+01 -2.000000e+00
    endloop
  endfacet
  facet normal  6.325143e-01 -3.166162e-01 -7.068803e-01
    outer loop
      vertex  8.492054e+01 -4.814723e+01 -1.000000e+00
      vertex  8.455412e+01 -4.664664e+01 -2.000000e+00
      vertex  8.546375e+01 -4.706205e+01 -1.000000e+00
    endloop
  endfacet
  facet normal  6.534914e-01 -2.706828e-01 -7.068803e-01
    outer loop
      vertex  8.546375e+01 -4.706205e+01 -1.000000e+00
      vertex  8.455412e+01 -4.664664e+01 -2.000000e+00
      vertex  8.499120e+01 -4.559143e+01 -2.000000e+00
    endloop
  endfacet
  facet normal  6.534892e-01 -2.706844e-01 -7.068817e-01
    outer loop
      vertex  8.546375e+01 -4.706205e+01 -1.000000e+00
      vertex  8.499120e+01 -4.559143e+01 -2.000000e+00
      vertex  8.592815e+01 -4.594089e+01 -1.000000e+00
    endloop
  endfacet
  facet normal  6.711341e-01 -2.233767e-01 -7.068818e-01
    outer loop
      vertex  8.592815e+01 -4.594089e+01 -1.000000e+00
      vertex  8.499120e+01 -4.559143e+01 -2.000000e+00
      vertex  8.535189e+01 -4.450772e+01 -2.000000e+00
    endloop
  endfacet
  facet normal  6.711375e-01 -2.233738e-01 -7.068795e-01
    outer loop
      vertex  8.592815e+01 -4.594089e+01 -1.000000e+00
      vertex  8.535189e+01 -4.450772e+01 -2.000000e+00
      vertex  8.631138e+01 -4.478945e+01 -1.000000e+00
    endloop
  endfacet
  facet normal  6.853623e-01 -1.749285e-01 -7.068795e-01
    outer loop
      vertex  8.631138e+01 -4.478945e+01 -1.000000e+00
      vertex  8.535189e+01 -4.450772e+01 -2.000000e+00
      vertex  8.563435e+01 -4.340104e+01 -2.000000e+00
    endloop
  endfacet
  facet normal  6.853617e-01 -1.749291e-01 -7.068800e-01
    outer loop
      vertex  8.631138e+01 -4.478945e+01 -1.000000e+00
      vertex  8.563435e+01 -4.340104e+01 -2.000000e+00
      vertex  8.661150e+01 -4.361361e+01 -1.000000e+00
    endloop
  endfacet
  facet normal  6.960953e-01 -1.255873e-01 -7.068799e-01
    outer loop
      vertex  8.661150e+01 -4.361361e+01 -1.000000e+00
      vertex  8.563435e+01 -4.340104e+01 -2.000000e+00
      vertex  8.583714e+01 -4.227704e+01 -2.000000e+00
    endloop
  endfacet
  facet normal  6.960929e-01 -1.255901e-01 -7.068817e-01
    outer loop
      vertex  8.661150e+01 -4.361361e+01 -1.000000e+00
      vertex  8.583714e+01 -4.227704e+01 -2.000000e+00
      vertex  8.682697e+01 -4.241935e+01 -1.000000e+00
    endloop
  endfacet
  facet normal  7.032788e-01 -7.561167e-02 -7.068818e-01
    outer loop
      vertex  8.682697e+01 -4.241935e+01 -1.000000e+00
      vertex  8.583714e+01 -4.227704e+01 -2.000000e+00
      vertex  8.595924e+01 -4.114143e+01 -2.000000e+00
    endloop
  endfacet
  facet normal  7.032794e-01 -7.561087e-02 -7.068812e-01
    outer loop
      vertex  8.682697e+01 -4.241935e+01 -1.000000e+00
      vertex  8.595924e+01 -4.114143e+01 -2.000000e+00
      vertex  8.695669e+01 -4.121276e+01 -1.000000e+00
    endloop
  endfacet
  facet normal  7.068816e-01 -2.524493e-02 -7.068813e-01
    outer loop
      vertex  8.695669e+01 -4.121276e+01 -1.000000e+00
      vertex  8.595924e+01 -4.114143e+01 -2.000000e+00
      vertex  8.600000e+01 -4.000000e+01 -2.000000e+00
    endloop
  endfacet
  facet normal  7.068813e-01 -2.524521e-02 -7.068813e-01
    outer loop
      vertex  8.695669e+01 -4.121276e+01 -1.000000e+00
      vertex  8.600000e+01 -4.000000e+01 -2.000000e+00
      vertex  8.700000e+01 -4.000000e+01 -1.000000e+00
    endloop
  endfacet
  facet normal  5.176908e-01 -4.819899e-01 -7.068818e-01
    outer loop
      vertex  8.209200e+01 -5.047777e+01 -2.000000e+00
      vertex  8.202081e+01 -5.202082e+01 -1.000000e+00
      vertex  8.131371e+01 -5.131371e+01 -2.000000e+00
    endloop
  endfacet
  facet normal  4.819882e-01 -5.176925e-01 -7.068818e-01
    outer loop
      vertex  8.131371e+01 -5.131371e+01 -2.000000e+00
      vertex  8.202081e+01 -5.202082e+01 -1.000000e+00
      vertex  8.113263e+01 -5.284774e+01 -1.000000e+00
    endloop
  endfacet
  facet normal  4.819870e-01 -5.176927e-01 -7.068824e-01
    outer loop
      vertex  8.131371e+01 -5.131371e+01 -2.000000e+00
      vertex  8.113263e+01 -5.284774e+01 -1.000000e+00
      vertex  8.047777e+01 -5.209199e+01 -2.000000e+00
    endloop
  endfacet
  facet normal  4.438285e-01 -5.507573e-01 -7.068824e-01
    outer loop
      vertex  8.047777e+01 -5.209199e+01 -2.000000e+00
      vertex  8.113263e+01 -5.284774e+01 -1.000000e+00
      vertex  8.018772e+01 -5.360920e+01 -1.000000e+00
    endloop
  endfacet
  facet normal  4.438290e-01 -5.507572e-01 -7.068821e-01
    outer loop
      vertex  8.047777e+01 -5.209199e+01 -2.000000e+00
      vertex  8.018772e+01 -5.360920e+01 -1.000000e+00
      vertex  7.958844e+01 -5.280866e+01 -2.000000e+00
    endloop
  endfacet
  facet normal  4.034084e-01 -5.810159e-01 -7.068821e-01
    outer loop
      vertex  7.958844e+01 -5.280866e+01 -2.000000e+00
      vertex  8.018772e+01 -5.360920e+01 -1.000000e+00
      vertex  7.919090e+01 -5.430131e+01 -1.000000e+00
    endloop
  endfacet
  facet normal  4.034084e-01 -5.810159e-01 -7.068821e-01
    outer loop
      vertex  7.958844e+01 -5.280866e+01 -2.000000e+00
      vertex  7.919090e+01 -5.430131e+01 -1.000000e+00
      vertex  7.865025e+01 -5.346006e+01 -2.000000e+00
    endloop
  endfacet
  facet normal  3.609293e-01 -6.083155e-01 -7.068821e-01
    outer loop
      vertex  7.865025e+01 -5.346006e+01 -2.000000e+00
      vertex  7.919090e+01 -5.430131e+01 -1.000000e+00
      vertex  7.814723e+01 -5.492054e+01 -1.000000e+00
    endloop
  endfacet
  facet normal  3.609293e-01 -6.083156e-01 -7.068821e-01
    outer loop
      vertex  7.865025e+01 -5.346006e+01 -2.000000e+00
      vertex  7.814723e+01 -5.492054e+01 -1.000000e+00
      vertex  7.766798e+01 -5.404286e+01 -2.000000e+00
    endloop
  endfacet
  facet normal  3.166146e-01 -6.325132e-01 -7.068822e-01
    outer loop
      vertex  7.766798e+01 -5.404286e+01 -2.000000e+00
      vertex  7.814723e+01 -5.492054e+01 -1.000000e+00
      vertex  7.706206e+01 -5.546375e+01 -1.000000e+00
    endloop
  endfacet
  facet normal  3.166133e-01 -6.325131e-01 -7.068828e-01
    outer loop
      vertex  7.766798e+01 -5.404286e+01 -2.000000e+00
      vertex  7.706206e+01 -5.546375e+01 -1.000000e+00
      vertex  7.664664e+01 -5.455411e+01 -2.000000e+00
    endloop
  endfacet
  facet normal  2.706825e-01 -6.534890e-01 -7.068827e-01
    outer loop
      vertex  7.664664e+01 -5.455411e+01 -2.000000e+00
      vertex  7.706206e+01 -5.546375e+01 -1.000000e+00
      vertex  7.594089e+01 -5.592815e+01 -1.000000e+00
    endloop
  endfacet
  facet normal  2.706864e-01 -6.534895e-01 -7.068806e-01
    outer loop
      vertex  7.664664e+01 -5.455411e+01 -2.000000e+00
      vertex  7.594089e+01 -5.592815e+01 -1.000000e+00
      vertex  7.559143e+01 -5.499120e+01 -2.000000e+00
    endloop
  endfacet
  facet normal  2.233760e-01 -6.711352e-01 -7.068809e-01
    outer loop
      vertex  7.559143e+01 -5.499120e+01 -2.000000e+00
      vertex  7.594089e+01 -5.592815e+01 -1.000000e+00
      vertex  7.478945e+01 -5.631138e+01 -1.000000e+00
    endloop
  endfacet
  facet normal  2.233738e-01 -6.711348e-01 -7.068821e-01
    outer loop
      vertex  7.559143e+01 -5.499120e+01 -2.000000e+00
      vertex  7.478945e+01 -5.631138e+01 -1.000000e+00
      vertex  7.450772e+01 -5.535189e+01 -2.000000e+00
    endloop
  endfacet
  facet normal  1.749265e-01 -6.853601e-01 -7.068821e-01
    outer loop
      vertex  7.450772e+01 -5.535189e+01 -2.000000e+00
      vertex  7.478945e+01 -5.631138e+01 -1.000000e+00
      vertex  7.361361e+01 -5.661150e+01 -1.000000e+00
    endloop
  endfacet
  facet normal  1.749287e-01 -6.853608e-01 -7.068809e-01
    outer loop
      vertex  7.450772e+01 -5.535189e+01 -2.000000e+00
      vertex  7.361361e+01 -5.661150e+01 -1.000000e+00
      vertex  7.340105e+01 -5.563435e+01 -2.000000e+00
    endloop
  endfacet
  facet normal  1.255898e-01 -6.960937e-01 -7.068810e-01
    outer loop
      vertex  7.340105e+01 -5.563435e+01 -2.000000e+00
      vertex  7.361361e+01 -5.661150e+01 -1.000000e+00
      vertex  7.241935e+01 -5.682697e+01 -1.000000e+00
    endloop
  endfacet
  facet normal  1.255889e-01 -6.960934e-01 -7.068815e-01
    outer loop
      vertex  7.340105e+01 -5.563435e+01 -2.000000e+00
      vertex  7.241935e+01 -5.682697e+01 -1.000000e+00
      vertex  7.227704e+01 -5.583714e+01 -2.000000e+00
    endloop
  endfacet
  facet normal  7.560911e-02 -7.032792e-01 -7.068815e-01
    outer loop
      vertex  7.227704e+01 -5.583714e+01 -2.000000e+00
      vertex  7.241935e+01 -5.682697e+01 -1.000000e+00
      vertex  7.121277e+01 -5.695668e+01 -1.000000e+00
    endloop
  endfacet
  facet normal  7.560937e-02 -7.032793e-01 -7.068813e-01
    outer loop
      vertex  7.227704e+01 -5.583714e+01 -2.000000e+00
      vertex  7.121277e+01 -5.695668e+01 -1.000000e+00
      vertex  7.114143e+01 -5.595923e+01 -2.000000e+00
    endloop
  endfacet
  facet normal  2.524735e-02 -7.068814e-01 -7.068813e-01
    outer loop
      vertex  7.114143e+01 -5.595923e+01 -2.000000e+00
      vertex  7.121277e+01 -5.695668e+01 -1.000000e+00
      vertex  7.000000e+01 -5.700000e+01 -1.000000e+00
    endloop
  endfacet
  facet normal  2.524729e-02 -7.068815e-01 -7.068815e-01
    outer loop
      vertex  7.114143e+01 -5.595923e+01 -2.000000e+00
      vertex  7.000000e+01 -5.700000e+01 -1.000000e+00
      vertex  7.000000e+01 -5.600000e+01 -2.000000e+00
    endloop
  endfacet
  facet normal  7.071068e-01  0.000000e+00 -7.071068e-01
    outer loop
      vertex  8.700000e+01  4.000000e+01 -1.000000e+00
      vertex  8.700000e+01 -4.000000e+01 -1.000000e+00
      vertex  8.600000e+01  4.000000e+01 -2.000000e+00
    endloop
  endfacet
  facet normal  7.071068e-01  0.000000e+00 -7.071068e-01
    outer loop
      vertex  8.600000e+01  4.000000e+01 -2.000000e+00
      vertex  8.700000e+01 -4.000000e+01 -1.000000e+00
      vertex  8.600000e+01 -4.000000e+01 -2.000000e+00
    endloop
  endfacet
  facet normal  4.819878e-01  5.176921e-01 -7.068824e-01
    outer loop
      vertex  8.202081e+01  5.202082e+01 -1.000000e+00
      vertex  8.047777e+01  5.209199e+01 -2.000000e+00
      vertex  8.113263e+01  5.284774e+01 -1.000000e+00
    endloop
  endfacet
  facet normal  4.438289e-01  5.507570e-01 -7.068824e-01
    outer loop
      vertex  8.113263e+01  5.284774e+01 -1.000000e+00
      vertex  8.047777e+01  5.209199e+01 -2.000000e+00
      vertex  7.958844e+01  5.280866e+01 -2.000000e+00
    endloop
  endfacet
  facet normal  4.438287e-01  5.507575e-01 -7.068821e-01
    outer loop
      vertex  8.113263e+01  5.284774e+01 -1.000000e+00
      vertex  7.958844e+01  5.280866e+01 -2.000000e+00
      vertex  8.018772e+01  5.360920e+01 -1.000000e+00
    endloop
  endfacet
  facet normal  4.034084e-01  5.810158e-01 -7.068821e-01
    outer loop
      vertex  8.018772e+01  5.360920e+01 -1.000000e+00
      vertex  7.958844e+01  5.280866e+01 -2.000000e+00
      vertex  7.865025e+01  5.346006e+01 -2.000000e+00
    endloop
  endfacet
  facet normal  4.034084e-01  5.810159e-01 -7.068821e-01
    outer loop
      vertex  8.018772e+01  5.360920e+01 -1.000000e+00
      vertex  7.865025e+01  5.346006e+01 -2.000000e+00
      vertex  7.919090e+01  5.430131e+01 -1.000000e+00
    endloop
  endfacet
  facet normal  3.609293e-01  6.083156e-01 -7.068821e-01
    outer loop
      vertex  7.919090e+01  5.430131e+01 -1.000000e+00
      vertex  7.865025e+01  5.346006e+01 -2.000000e+00
      vertex  7.766798e+01  5.404286e+01 -2.000000e+00
    endloop
  endfacet
  facet normal  3.609293e-01  6.083155e-01 -7.068821e-01
    outer loop
      vertex  7.919090e+01  5.430131e+01 -1.000000e+00
      vertex  7.766798e+01  5.404286e+01 -2.000000e+00
      vertex  7.814723e+01  5.492054e+01 -1.000000e+00
    endloop
  endfacet
  facet normal  3.166136e-01  6.325136e-01 -7.068821e-01
    outer loop
      vertex  7.814723e+01  5.492054e+01 -1.000000e+00
      vertex  7.766798e+01  5.404286e+01 -2.000000e+00
      vertex  7.664664e+01  5.455411e+01 -2.000000e+00
    endloop
  endfacet
  facet normal  3.166143e-01  6.325126e-01 -7.068828e-01
    outer loop
      vertex  7.814723e+01  5.492054e+01 -1.000000e+00
      vertex  7.664664e+01  5.455411e+01 -2.000000e+00
      vertex  7.706206e+01  5.546375e+01 -1.000000e+00
    endloop
  endfacet
  facet normal  2.706856e-01  6.534877e-01 -7.068828e-01
    outer loop
      vertex  7.706206e+01  5.546375e+01 -1.000000e+00
      vertex  7.664664e+01  5.455411e+01 -2.000000e+00
      vertex  7.559143e+01  5.499120e+01 -2.000000e+00
    endloop
  endfacet
  facet normal  2.706832e-01  6.534908e-01 -7.068807e-01
    outer loop
      vertex  7.706206e+01  5.546375e+01 -1.000000e+00
      vertex  7.559143e+01  5.499120e+01 -2.000000e+00
      vertex  7.594089e+01  5.592815e+01 -1.000000e+00
    endloop
  endfacet
  facet normal  2.233742e-01  6.711360e-01 -7.068809e-01
    outer loop
      vertex  7.594089e+01  5.592815e+01 -1.000000e+00
      vertex  7.559143e+01  5.499120e+01 -2.000000e+00
      vertex  7.450772e+01  5.535189e+01 -2.000000e+00
    endloop
  endfacet
  facet normal  2.233757e-01  6.711342e-01 -7.068821e-01
    outer loop
      vertex  7.594089e+01  5.592815e+01 -1.000000e+00
      vertex  7.450772e+01  5.535189e+01 -2.000000e+00
      vertex  7.478945e+01  5.631138e+01 -1.000000e+00
    endloop
  endfacet
  facet normal  1.749284e-01  6.853596e-01 -7.068821e-01
    outer loop
      vertex  7.478945e+01  5.631138e+01 -1.000000e+00
      vertex  7.450772e+01  5.535189e+01 -2.000000e+00
      vertex  7.340105e+01  5.563435e+01 -2.000000e+00
    endloop
  endfacet
  facet normal  1.749267e-01  6.853611e-01 -7.068809e-01
    outer loop
      vertex  7.478945e+01  5.631138e+01 -1.000000e+00
      vertex  7.340105e+01  5.563435e+01 -2.000000e+00
      vertex  7.361361e+01  5.661150e+01 -1.000000e+00
    endloop
  endfacet
  facet normal  1.255890e-01  6.960939e-01 -7.068810e-01
    outer loop
      vertex  7.361361e+01  5.661150e+01 -1.000000e+00
      vertex  7.340105e+01  5.563435e+01 -2.000000e+00
      vertex  7.227704e+01  5.583714e+01 -2.000000e+00
    endloop
  endfacet
  facet normal  1.255897e-01  6.960932e-01 -7.068815e-01
    outer loop
      vertex  7.361361e+01  5.661150e+01 -1.000000e+00
      vertex  7.227704e+01  5.583714e+01 -2.000000e+00
      vertex  7.241935e+01  5.682697e+01 -1.000000e+00
    endloop
  endfacet
  facet normal  7.560936e-02  7.032793e-01 -7.068816e-01
    outer loop
      vertex  7.241935e+01  5.682697e+01 -1.000000e+00
      vertex  7.227704e+01  5.583714e+01 -2.000000e+00
      vertex  7.114143e+01  5.595923e+01 -2.000000e+00
    endloop
  endfacet
  facet normal  7.560913e-02  7.032794e-01 -7.068815e-01
    outer loop
      vertex  7.241935e+01  5.682697e+01 -1.000000e+00
      vertex  7.114143e+01  5.595923e+01 -2.000000e+00
      vertex  7.121277e+01  5.695668e+01 -1.000000e+00
    endloop
  endfacet
  facet normal  2.524729e-02  7.068815e-01 -7.068813e-01
    outer loop
      vertex  7.121277e+01  5.695668e+01 -1.000000e+00
      vertex  7.114143e+01  5.595923e+01 -2.000000e+00
      vertex  7.000000e+01  5.600000e+01 -2.000000e+00
    endloop
  endfacet
  facet normal  2.524735e-02  7.068813e-01 -7.068813e-01
    outer loop
      vertex  7.121277e+01  5.695668e+01 -1.000000e+00
      vertex  7.000000e+01  5.600000e+01 -2.000000e+00
      vertex  7.000000e+01  5.700000e+01 -1.000000e+00
    endloop
  endfacet
  facet normal  4.819874e-01  5.176932e-01 -7.068818e-01
    outer loop
      vertex  8.047777e+01  5.209199e+01 -2.000000e+00
      vertex  8.202081e+01  5.202082e+01 -1.000000e+00
      vertex  8.131371e+01  5.131371e+01 -2.000000e+00
    endloop
  endfacet
  facet normal  5.176925e-01  4.819882e-01 -7.068818e-01
    outer loop
      vertex  8.131371e+01  5.131371e+01 -2.000000e+00
      vertex  8.202081e+01  5.202082e+01 -1.000000e+00
      vertex  8.284774e+01  5.113263e+01 -1.000000e+00
    endloop
  endfacet
  facet normal  5.176919e-01  4.819909e-01 -7.068803e-01
    outer loop
      vertex  8.131371e+01  5.131371e+01 -2.000000e+00
      vertex  8.284774e+01  5.113263e+01 -1.000000e+00
      vertex  8.209200e+01  5.047777e+01 -2.000000e+00
    endloop
  endfacet
  facet normal  5.507587e-01  4.438300e-01 -7.068803e-01
    outer loop
      vertex  8.209200e+01  5.047777e+01 -2.000000e+00
      vertex  8.284774e+01  5.113263e+01 -1.000000e+00
      vertex  8.360920e+01  5.018772e+01 -1.000000e+00
    endloop
  endfacet
  facet normal  5.507587e-01  4.438302e-01 -7.068802e-01
    outer loop
      vertex  8.209200e+01  5.047777e+01 -2.000000e+00
      vertex  8.360920e+01  5.018772e+01 -1.000000e+00
      vertex  8.280866e+01  4.958844e+01 -2.000000e+00
    endloop
  endfacet
  facet normal  5.810184e-01  4.034080e-01 -7.068802e-01
    outer loop
      vertex  8.280866e+01  4.958844e+01 -2.000000e+00
      vertex  8.360920e+01  5.018772e+01 -1.000000e+00
      vertex  8.430131e+01  4.919090e+01 -1.000000e+00
    endloop
  endfacet
  facet normal  5.810184e-01  4.034086e-01 -7.068798e-01
    outer loop
      vertex  8.280866e+01  4.958844e+01 -2.000000e+00
      vertex  8.430131e+01  4.919090e+01 -1.000000e+00
      vertex  8.346006e+01  4.865025e+01 -2.000000e+00
    endloop
  endfacet
  facet normal  6.083176e-01  3.609305e-01 -7.068798e-01
    outer loop
      vertex  8.346006e+01  4.865025e+01 -2.000000e+00
      vertex  8.430131e+01  4.919090e+01 -1.000000e+00
      vertex  8.492054e+01  4.814723e+01 -1.000000e+00
    endloop
  endfacet
  facet normal  6.083176e-01  3.609281e-01 -7.068809e-01
    outer loop
      vertex  8.346006e+01  4.865025e+01 -2.000000e+00
      vertex  8.492054e+01  4.814723e+01 -1.000000e+00
      vertex  8.404286e+01  4.766798e+01 -2.000000e+00
    endloop
  endfacet
  facet normal  6.325138e-01  3.166160e-01 -7.068809e-01
    outer loop
      vertex  8.404286e+01  4.766798e+01 -2.000000e+00
      vertex  8.492054e+01  4.814723e+01 -1.000000e+00
      vertex  8.546375e+01  4.706205e+01 -1.000000e+00
    endloop
  endfacet
  facet normal  6.325139e-01  3.166172e-01 -7.068804e-01
    outer loop
      vertex  8.404286e+01  4.766798e+01 -2.000000e+00
      vertex  8.546375e+01  4.706205e+01 -1.000000e+00
      vertex  8.455412e+01  4.664664e+01 -2.000000e+00
    endloop
  endfacet
  facet normal  6.534905e-01  2.706850e-01 -7.068805e-01
    outer loop
      vertex  8.455412e+01  4.664664e+01 -2.000000e+00
      vertex  8.546375e+01  4.706205e+01 -1.000000e+00
      vertex  8.592815e+01  4.594089e+01 -1.000000e+00
    endloop
  endfacet
  facet normal  6.534901e-01  2.706823e-01 -7.068819e-01
    outer loop
      vertex  8.455412e+01  4.664664e+01 -2.000000e+00
      vertex  8.592815e+01  4.594089e+01 -1.000000e+00
      vertex  8.499120e+01  4.559143e+01 -2.000000e+00
    endloop
  endfacet
  facet normal  6.711354e-01  2.233731e-01 -7.068817e-01
    outer loop
      vertex  8.499120e+01  4.559143e+01 -2.000000e+00
      vertex  8.592815e+01  4.594089e+01 -1.000000e+00
      vertex  8.631138e+01  4.478945e+01 -1.000000e+00
    endloop
  endfacet
  facet normal  6.711363e-01  2.233774e-01 -7.068794e-01
    outer loop
      vertex  8.499120e+01  4.559143e+01 -2.000000e+00
      vertex  8.631138e+01  4.478945e+01 -1.000000e+00
      vertex  8.535189e+01  4.450772e+01 -2.000000e+00
    endloop
  endfacet
  facet normal  6.853620e-01  1.749292e-01 -7.068795e-01
    outer loop
      vertex  8.535189e+01  4.450772e+01 -2.000000e+00
      vertex  8.631138e+01  4.478945e+01 -1.000000e+00
      vertex  8.661150e+01  4.361361e+01 -1.000000e+00
    endloop
  endfacet
  facet normal  6.853619e-01  1.749284e-01 -7.068800e-01
    outer loop
      vertex  8.535189e+01  4.450772e+01 -2.000000e+00
      vertex  8.661150e+01  4.361361e+01 -1.000000e+00
      vertex  8.563435e+01  4.340104e+01 -2.000000e+00
    endloop
  endfacet
  facet normal  6.960947e-01  1.255904e-01 -7.068799e-01
    outer loop
      vertex  8.563435e+01  4.340104e+01 -2.000000e+00
      vertex  8.661150e+01  4.361361e+01 -1.000000e+00
      vertex  8.682697e+01  4.241935e+01 -1.000000e+00
    endloop
  endfacet
  facet normal  6.960934e-01  1.255870e-01 -7.068818e-01
    outer loop
      vertex  8.563435e+01  4.340104e+01 -2.000000e+00
      vertex  8.682697e+01  4.241935e+01 -1.000000e+00
      vertex  8.583714e+01  4.227704e+01 -2.000000e+00
    endloop
  endfacet
  facet normal  7.032788e-01  7.561082e-02 -7.068818e-01
    outer loop
      vertex  8.583714e+01  4.227704e+01 -2.000000e+00
      vertex  8.682697e+01  4.241935e+01 -1.000000e+00
      vertex  8.695669e+01  4.121276e+01 -1.000000e+00
    endloop
  endfacet
  facet normal  7.032793e-01  7.561173e-02 -7.068812e-01
    outer loop
      vertex  8.583714e+01  4.227704e+01 -2.000000e+00
      vertex  8.695669e+01  4.121276e+01 -1.000000e+00
      vertex  8.595924e+01  4.114143e+01 -2.000000e+00
    endloop
  endfacet
  facet normal  7.068816e-01  2.524522e-02 -7.068812e-01
    outer loop
      vertex  8.595924e+01  4.114143e+01 -2.000000e+00
      vertex  8.695669e+01  4.121276e+01 -1.000000e+00
      vertex  8.700000e+01  4.000000e+01 -1.000000e+00
    endloop
  endfacet
  facet normal  7.068815e-01  2.524492e-02 -7.068815e-01
    outer loop
      vertex  8.595924e+01  4.114143e+01 -2.000000e+00
      vertex  8.700000e+01  4.000000e+01 -1.000000e+00
      vertex  8.600000e+01  4.000000e+01 -2.000000e+00
    endloop
  endfacet
  facet normal  0.000000e+00  7.071068e-01 -7.071068e-01
    outer loop
      vertex  7.000000e+01  5.700000e+01 -1.000000e+00
      vertex  7.000000e+01  5.600000e+01 -2.000000e+00
      vertex -7.000000e+01  5.700000e+01 -1.000000e+00
    endloop
  endfacet
  facet normal  0.000000e+00  7.071068e-01 -7.071068e-01
    outer loop
      vertex -7.000000e+01  5.700000e+01 -1.000000e+00
      vertex  7.000000e+01  5.600000e+01 -2.000000e+00
      vertex -7.000000e+01  5.600000e+01 -2.000000e+00
    endloop
  endfacet
  facet normal  0.000000e+00  1.000000e+00  0.000000e+00
    outer loop
      vertex -8.250000e+01  6.250000e+01  3.000000e+00
      vertex  8.250000e+01  6.250000e+01  3.000000e+00
      vertex -8.250000e+01  6.250000e+01  0.000000e+00
    endloop
  endfacet
  facet normal  0.000000e+00  1.000000e+00  0.000000e+00
    outer loop
      vertex -8.250000e+01  6.250000e+01  0.000000e+00
      vertex  8.250000e+01  6.250000e+01  3.000000e+00
      vertex  8.250000e+01  6.250000e+01  0.000000e+00
    endloop
  endfacet
  facet normal  1.000000e+00  0.000000e+00  0.000000e+00
    outer loop
      vertex  9.250000e+01 -5.250000e+01  3.000000e+00
      vertex  9.250000e+01 -5.250000e+01  0.000000e+00
      vertex  9.250000e+01  5.250000e+01  3.000000e+00
    endloop
  endfacet
  facet normal  1.000000e+00  0.000000e+00  0.000000e+00
    outer loop
      vertex  9.250000e+01  5.250000e+01  3.000000e+00
      vertex  9.250000e+01 -5.250000e+01  0.000000e+00
      vertex  9.250000e+01  5.250000e+01  0.000000e+00
    endloop
  endfacet
  facet normal  4.618510e-02  9.989330e-01  0.000000e+00
    outer loop
      vertex  8.250000e+01  6.250000e+01  0.000000e+00
      vertex  8.250000e+01  6.250000e+01  3.000000e+00
      vertex  8.342268e+01  6.245734e+01  0.000000e+00
    endloop
  endfacet
  facet normal  4.618510e-02  9.989330e-01  -0.000000e+00
    outer loop
      vertex  8.342268e+01  6.245734e+01  0.000000e+00
      vertex  8.250000e+01  6.250000e+01  3.000000e+00
      vertex  8.342268e+01  6.245734e+01  3.000000e+00
    endloop
  endfacet
  facet normal  1.381550e-01  9.904106e-01  0.000000e+00
    outer loop
      vertex  8.342268e+01  6.245734e+01  0.000000e+00
      vertex  8.342268e+01  6.245734e+01  3.000000e+00
      vertex  8.433749e+01  6.232973e+01  0.000000e+00
    endloop
  endfacet
  facet normal  1.381550e-01  9.904106e-01  -0.000000e+00
    outer loop
      vertex  8.433749e+01  6.232973e+01  0.000000e+00
      vertex  8.342268e+01  6.245734e+01  3.000000e+00
      vertex  8.433749e+01  6.232973e+01  3.000000e+00
    endloop
  endfacet
  facet normal  2.289502e-01  9.734381e-01  0.000000e+00
    outer loop
      vertex  8.433749e+01  6.232973e+01  0.000000e+00
      vertex  8.433749e+01  6.232973e+01  3.000000e+00
      vertex  8.523663e+01  6.211826e+01  0.000000e+00
    endloop
  endfacet
  facet normal  2.289502e-01  9.734381e-01  -0.000000e+00
    outer loop
      vertex  8.523663e+01  6.211826e+01  0.000000e+00
      vertex  8.433749e+01  6.232973e+01  3.000000e+00
      vertex  8.523663e+01  6.211826e+01  3.000000e+00
    endloop
  endfacet
  facet normal  3.177909e-01  9.481607e-01  0.000000e+00
    outer loop
      vertex  8.523663e+01  6.211826e+01  0.000000e+00
      vertex  8.523663e+01  6.211826e+01  3.000000e+00
      vertex  8.611242e+01  6.182472e+01  0.000000e+00
    endloop
  endfacet
  facet normal  3.177909e-01  9.481607e-01  -0.000000e+00
    outer loop
      vertex  8.611242e+01  6.182472e+01  0.000000e+00
      vertex  8.523663e+01  6.211826e+01  3.000000e+00
      vertex  8.611242e+01  6.182472e+01  3.000000e+00
    endloop
  endfacet
  facet normal  4.039221e-01  9.147934e-01  0.000000e+00
    outer loop
      vertex  8.611242e+01  6.182472e+01  0.000000e+00
      vertex  8.611242e+01  6.182472e+01  3.000000e+00
      vertex  8.695738e+01  6.145163e+01  0.000000e+00
    endloop
  endfacet
  facet normal  4.039221e-01  9.147934e-01  -0.000000e+00
    outer loop
      vertex  8.695738e+01  6.145163e+01  0.000000e+00
      vertex  8.611242e+01  6.182472e+01  3.000000e+00
      vertex  8.695738e+01  6.145163e+01  3.000000e+00
    endloop
  endfacet
  facet normal  4.866056e-01  8.736219e-01  0.000000e+00
    outer loop
      vertex  8.695738e+01  6.145163e+01  0.000000e+00
      vertex  8.695738e+01  6.145163e+01  3.000000e+00
      vertex  8.776432e+01  6.100217e+01  0.000000e+00
    endloop
  endfacet
  facet normal  4.866056e-01  8.736219e-01  -0.000000e+00
    outer loop
      vertex  8.776432e+01  6.100217e+01  0.000000e+00
      vertex  8.695738e+01  6.145163e+01  3.000000e+00
      vertex  8.776432e+01  6.100217e+01  3.000000e+00
    endloop
  endfacet
  facet normal  5.651370e-01  8.249970e-01  0.000000e+00
    outer loop
      vertex  8.776432e+01  6.100217e+01  0.000000e+00
      vertex  8.776432e+01  6.100217e+01  3.000000e+00
      vertex  8.852634e+01  6.048017e+01  0.000000e+00
    endloop
  endfacet
  facet normal  5.651370e-01  8.249970e-01  -0.000000e+00
    outer loop
      vertex  8.852634e+01  6.048017e+01  0.000000e+00
      vertex  8.776432e+01  6.100217e+01  3.000000e+00
      vertex  8.852634e+01  6.048017e+01  3.000000e+00
    endloop
  endfacet
  facet normal  6.388453e-01  7.693352e-01  0.000000e+00
    outer loop
      vertex  8.852634e+01  6.048017e+01  0.000000e+00
      vertex  8.852634e+01  6.048017e+01  3.000000e+00
      vertex  8.923695e+01  5.989009e+01  0.000000e+00
    endloop
  endfacet
  facet normal  6.388453e-01  7.693352e-01  -0.000000e+00
    outer loop
      vertex  8.923695e+01  5.989009e+01  0.000000e+00
      vertex  8.852634e+01  6.048017e+01  3.000000e+00
      vertex  8.923695e+01  5.989009e+01  3.000000e+00
    endloop
  endfacet
  facet normal  7.071047e-01  7.071088e-01  0.000000e+00
    outer loop
      vertex  8.923695e+01  5.989009e+01  0.000000e+00
      vertex  8.923695e+01  5.989009e+01  3.000000e+00
      vertex  8.989009e+01  5.923696e+01  0.000000e+00
    endloop
  endfacet
  facet normal  7.071047e-01  7.071088e-01  -0.000000e+00
    outer loop
      vertex  8.989009e+01  5.923696e+01  0.000000e+00
      vertex  8.923695e+01  5.989009e+01  3.000000e+00
      vertex  8.989009e+01  5.923696e+01  3.000000e+00
    endloop
  endfacet
  facet normal  7.693352e-01  6.388453e-01  0.000000e+00
    outer loop
      vertex  8.989009e+01  5.923696e+01  0.000000e+00
      vertex  8.989009e+01  5.923696e+01  3.000000e+00
      vertex  9.048017e+01  5.852635e+01  0.000000e+00
    endloop
  endfacet
  facet normal  7.693352e-01  6.388453e-01  -0.000000e+00
    outer loop
      vertex  9.048017e+01  5.852635e+01  0.000000e+00
      vertex  8.989009e+01  5.923696e+01  3.000000e+00
      vertex  9.048017e+01  5.852635e+01  3.000000e+00
    endloop
  endfacet
  facet normal  8.249964e-01  5.651379e-01  0.000000e+00
    outer loop
      vertex  9.048017e+01  5.852635e+01  0.000000e+00
      vertex  9.048017e+01  5.852635e+01  3.000000e+00
      vertex  9.100217e+01  5.776432e+01  0.000000e+00
    endloop
  endfacet
  facet normal  8.249964e-01  5.651379e-01  -0.000000e+00
    outer loop
      vertex  9.100217e+01  5.776432e+01  0.000000e+00
      vertex  9.048017e+01  5.852635e+01  3.000000e+00
      vertex  9.100217e+01  5.776432e+01  3.000000e+00
    endloop
  endfacet
  facet normal  8.736252e-01  4.865992e-01  0.000000e+00
    outer loop
      vertex  9.100217e+01  5.776432e+01  0.000000e+00
      vertex  9.100217e+01  5.776432e+01  3.000000e+00
      vertex  9.145163e+01  5.695738e+01  0.000000e+00
    endloop
  endfacet
  facet normal  8.736252e-01  4.865992e-01  -0.000000e+00
    outer loop
      vertex  9.145163e+01  5.695738e+01  0.000000e+00
      vertex  9.100217e+01  5.776432e+01  3.000000e+00
      vertex  9.145163e+01  5.695738e+01  3.000000e+00
    endloop
  endfacet
  facet normal  9.147926e-01  4.039240e-01  0.000000e+00
    outer loop
      vertex  9.145163e+01  5.695738e+01  0.000000e+00
      vertex  9.145163e+01  5.695738e+01  3.000000e+00
      vertex  9.182472e+01  5.611242e+01  0.000000e+00
    endloop
  endfacet
  facet normal  9.147926e-01  4.039240e-01  -0.000000e+00
    outer loop
      vertex  9.182472e+01  5.611242e+01  0.000000e+00
      vertex  9.145163e+01  5.695738e+01  3.000000e+00
      vertex  9.182472e+01  5.611242e+01  3.000000e+00
    endloop
  endfacet
  facet normal  9.481607e-01  3.177909e-01  0.000000e+00
    outer loop
      vertex  9.182472e+01  5.611242e+01  0.000000e+00
      vertex  9.182472e+01  5.611242e+01  3.000000e+00
      vertex  9.211826e+01  5.523663e+01  0.000000e+00
    endloop
  endfacet
  facet normal  9.481607e-01  3.177909e-01  -0.000000e+00
    outer loop
      vertex  9.211826e+01  5.523663e+01  0.000000e+00
      vertex  9.182472e+01  5.611242e+01  3.000000e+00
      vertex  9.211826e+01  5.523663e+01  3.000000e+00
    endloop
  endfacet
  facet normal  9.734370e-01  2.289551e-01  0.000000e+00
    outer loop
      vertex  9.211826e+01  5.523663e+01  0.000000e+00
      vertex  9.211826e+01  5.523663e+01  3.000000e+00
      vertex  9.232973e+01  5.433749e+01  0.000000e+00
    endloop
  endfacet
  facet normal  9.734370e-01  2.289551e-01  -0.000000e+00
    outer loop
      vertex  9.232973e+01  5.433749e+01  0.000000e+00
      vertex  9.211826e+01  5.523663e+01  3.000000e+00
      vertex  9.232973e+01  5.433749e+01  3.000000e+00
    endloop
  endfacet
  facet normal  9.904106e-01  1.381550e-01  0.000000e+00
    outer loop
      vertex  9.232973e+01  5.433749e+01  0.000000e+00
      vertex  9.232973e+01  5.433749e+01  3.000000e+00
      vertex  9.245734e+01  5.342268e+01  0.000000e+00
    endloop
  endfacet
  facet normal  9.904106e-01  1.381550e-01  -0.000000e+00
    outer loop
      vertex  9.245734e+01  5.342268e+01  0.000000e+00
      vertex  9.232973e+01  5.433749e+01  3.000000e+00
      vertex  9.245734e+01  5.342268e+01  3.000000e+00
    endloop
  endfacet
  facet normal  9.989331e-01  4.618098e-02  0.000000e+00
    outer loop
      vertex  9.245734e+01  5.342268e+01  0.000000e+00
      vertex  9.245734e+01  5.342268e+01  3.000000e+00
      vertex  9.250000e+01  5.250000e+01  0.000000e+00
    endloop
  endfacet
  facet normal  9.989331e-01  4.618098e-02  -0.000000e+00
    outer loop
      vertex  9.250000e+01  5.250000e+01  0.000000e+00
      vertex  9.245734e+01  5.342268e+01  3.000000e+00
      vertex  9.250000e+01  5.250000e+01  3.000000e+00
    endloop
  endfacet
  facet normal -1.000000e+00  0.000000e+00  0.000000e+00
    outer loop
      vertex -9.250000e+01  5.250000e+01  3.000000e+00
      vertex -9.250000e+01  5.250000e+01  0.000000e+00
      vertex -9.250000e+01 -5.250000e+01  3.000000e+00
    endloop
  endfacet
  facet normal -1.000000e+00  0.000000e+00  0.000000e+00
    outer loop
      vertex -9.250000e+01 -5.250000e+01  3.000000e+00
      vertex -9.250000e+01  5.250000e+01  0.000000e+00
      vertex -9.250000e+01 -5.250000e+01  0.000000e+00
    endloop
  endfacet
  facet normal -9.989331e-01  4.618098e-02  0.000000e+00
    outer loop
      vertex -9.250000e+01  5.250000e+01  0.000000e+00
      vertex -9.250000e+01  5.250000e+01  3.000000e+00
      vertex -9.245734e+01  5.342268e+01  0.000000e+00
    endloop
  endfacet
  facet normal -9.989331e-01  4.618098e-02  0.000000e+00
    outer loop
      vertex -9.245734e+01  5.342268e+01  0.000000e+00
      vertex -9.250000e+01  5.250000e+01  3.000000e+00
      vertex -9.245734e+01  5.342268e+01  3.000000e+00
    endloop
  endfacet
  facet normal -9.904106e-01  1.381550e-01  0.000000e+00
    outer loop
      vertex -9.245734e+01  5.342268e+01  0.000000e+00
      vertex -9.245734e+01  5.342268e+01  3.000000e+00
      vertex -9.232973e+01  5.433749e+01  0.000000e+00
    endloop
  endfacet
  facet normal -9.904106e-01  1.381550e-01  0.000000e+00
    outer loop
      vertex -9.232973e+01  5.433749e+01  0.000000e+00
      vertex -9.245734e+01  5.342268e+01  3.000000e+00
      vertex -9.232973e+01  5.433749e+01  3.000000e+00
    endloop
  endfacet
  facet normal -9.734370e-01  2.289551e-01  0.000000e+00
    outer loop
      vertex -9.232973e+01  5.433749e+01  0.000000e+00
      vertex -9.232973e+01  5.433749e+01  3.000000e+00
      vertex -9.211826e+01  5.523663e+01  0.000000e+00
    endloop
  endfacet
  facet normal -9.734370e-01  2.289551e-01  0.000000e+00
    outer loop
      vertex -9.211826e+01  5.523663e+01  0.000000e+00
      vertex -9.232973e+01  5.433749e+01  3.000000e+00
      vertex -9.211826e+01  5.523663e+01  3.000000e+00
    endloop
  endfacet
  facet normal -9.481607e-01  3.177909e-01  0.000000e+00
    outer loop
      vertex -9.211826e+01  5.523663e+01  0.000000e+00
      vertex -9.211826e+01  5.523663e+01  3.000000e+00
      vertex -9.182472e+01  5.611242e+01  0.000000e+00
    endloop
  endfacet
  facet normal -9.481607e-01  3.177909e-01  0.000000e+00
    outer loop
      vertex -9.182472e+01  5.611242e+01  0.000000e+00
      vertex -9.211826e+01  5.523663e+01  3.000000e+00
      vertex -9.182472e+01  5.611242e+01  3.000000e+00
    endloop
  endfacet
  facet normal -9.147926e-01  4.039240e-01  0.000000e+00
    outer loop
      vertex -9.182472e+01  5.611242e+01  0.000000e+00
      vertex -9.182472e+01  5.611242e+01  3.000000e+00
      vertex -9.145163e+01  5.695738e+01  0.000000e+00
    endloop
  endfacet
  facet normal -9.147926e-01  4.039240e-01  0.000000e+00
    outer loop
      vertex -9.145163e+01  5.695738e+01  0.000000e+00
      vertex -9.182472e+01  5.611242e+01  3.000000e+00
      vertex -9.145163e+01  5.695738e+01  3.000000e+00
    endloop
  endfacet
  facet normal -8.736252e-01  4.865992e-01  0.000000e+00
    outer loop
      vertex -9.145163e+01  5.695738e+01  0.000000e+00
      vertex -9.145163e+01  5.695738e+01  3.000000e+00
      vertex -9.100217e+01  5.776432e+01  0.000000e+00
    endloop
  endfacet
  facet normal -8.736252e-01  4.865992e-01  0.000000e+00
    outer loop
      vertex -9.100217e+01  5.776432e+01  0.000000e+00
      vertex -9.145163e+01  5.695738e+01  3.000000e+00
      vertex -9.100217e+01  5.776432e+01  3.000000e+00
    endloop
  endfacet
  facet normal -8.249964e-01  5.651379e-01  0.000000e+00
    outer loop
      vertex -9.100217e+01  5.776432e+01  0.000000e+00
      vertex -9.100217e+01  5.776432e+01  3.000000e+00
      vertex -9.048017e+01  5.852635e+01  0.000000e+00
    endloop
  endfacet
  facet normal -8.249964e-01  5.651379e-01  0.000000e+00
    outer loop
      vertex -9.048017e+01  5.852635e+01  0.000000e+00
      vertex -9.100217e+01  5.776432e+01  3.000000e+00
      vertex -9.048017e+01  5.852635e+01  3.000000e+00
    endloop
  endfacet
  facet normal -7.693352e-01  6.388453e-01  0.000000e+00
    outer loop
      vertex -9.048017e+01  5.852635e+01  0.000000e+00
      vertex -9.048017e+01  5.852635e+01  3.000000e+00
      vertex -8.989009e+01  5.923696e+01  0.000000e+00
    endloop
  endfacet
  facet normal -7.693352e-01  6.388453e-01  0.000000e+00
    outer loop
      vertex -8.989009e+01  5.923696e+01  0.000000e+00
      vertex -9.048017e+01  5.852635e+01  3.000000e+00
      vertex -8.989009e+01  5.923696e+01  3.000000e+00
    endloop
  endfacet
  facet normal -7.071047e-01  7.071088e-01  0.000000e+00
    outer loop
      vertex -8.989009e+01  5.923696e+01  0.000000e+00
      vertex -8.989009e+01  5.923696e+01  3.000000e+00
      vertex -8.923695e+01  5.989009e+01  0.000000e+00
    endloop
  endfacet
  facet normal -7.071047e-01  7.071088e-01  0.000000e+00
    outer loop
      vertex -8.923695e+01  5.989009e+01  0.000000e+00
      vertex -8.989009e+01  5.923696e+01  3.000000e+00
      vertex -8.923695e+01  5.989009e+01  3.000000e+00
    endloop
  endfacet
  facet normal -6.388453e-01  7.693352e-01  0.000000e+00
    outer loop
      vertex -8.923695e+01  5.989009e+01  0.000000e+00
      vertex -8.923695e+01  5.989009e+01  3.000000e+00
      vertex -8.852634e+01  6.048017e+01  0.000000e+00
    endloop
  endfacet
  facet normal -6.388453e-01  7.693352e-01  0.000000e+00
    outer loop
      vertex -8.852634e+01  6.048017e+01  0.000000e+00
      vertex -8.923695e+01  5.989009e+01  3.000000e+00
      vertex -8.852634e+01  6.048017e+01  3.000000e+00
    endloop
  endfacet
  facet normal -5.651370e-01  8.249970e-01  0.000000e+00
    outer loop
      vertex -8.852634e+01  6.048017e+01  0.000000e+00
      vertex -8.852634e+01  6.048017e+01  3.000000e+00
      vertex -8.776432e+01  6.100217e+01  0.000000e+00
    endloop
  endfacet
  facet normal -5.651370e-01  8.249970e-01  0.000000e+00
    outer loop
      vertex -8.776432e+01  6.100217e+01  0.000000e+00
      vertex -8.852634e+01  6.048017e+01  3.000000e+00
      vertex -8.776432e+01  6.100217e+01  3.000000e+00
    endloop
  endfacet
  facet normal -4.866056e-01  8.736219e-01  0.000000e+00
    outer loop
      vertex -8.776432e+01  6.100217e+01  0.000000e+00
      vertex -8.776432e+01  6.100217e+01  3.000000e+00
      vertex -8.695738e+01  6.145163e+01  0.000000e+00
    endloop
  endfacet
  facet normal -4.866056e-01  8.736219e-01  0.000000e+00
    outer loop
      vertex -8.695738e+01  6.145163e+01  0.000000e+00
      vertex -8.776432e+01  6.100217e+01  3.000000e+00
      vertex -8.695738e+01  6.145163e+01  3.000000e+00
    endloop
  endfacet
  facet normal -4.039221e-01  9.147934e-01  0.000000e+00
    outer loop
      vertex -8.695738e+01  6.145163e+01  0.000000e+00
      vertex -8.695738e+01  6.145163e+01  3.000000e+00
      vertex -8.611242e+01  6.182472e+01  0.000000e+00
    endloop
  endfacet
  facet normal -4.039221e-01  9.147934e-01  0.000000e+00
    outer loop
      vertex -8.611242e+01  6.182472e+01  0.000000e+00
      vertex -8.695738e+01  6.145163e+01  3.000000e+00
      vertex -8.611242e+01  6.182472e+01  3.000000e+00
    endloop
  endfacet
  facet normal -3.177909e-01  9.481607e-01  0.000000e+00
    outer loop
      vertex -8.611242e+01  6.182472e+01  0.000000e+00
      vertex -8.611242e+01  6.182472e+01  3.000000e+00
      vertex -8.523663e+01  6.211826e+01  0.000000e+00
    endloop
  endfacet
  facet normal -3.177909e-01  9.481607e-01  0.000000e+00
    outer loop
      vertex -8.523663e+01  6.211826e+01  0.000000e+00
      vertex -8.611242e+01  6.182472e+01  3.000000e+00
      vertex -8.523663e+01  6.211826e+01  3.000000e+00
    endloop
  endfacet
  facet normal -2.289502e-01  9.734381e-01  0.000000e+00
    outer loop
      vertex -8.523663e+01  6.211826e+01  0.000000e+00
      vertex -8.523663e+01  6.211826e+01  3.000000e+00
      vertex -8.433749e+01  6.232973e+01  0.000000e+00
    endloop
  endfacet
  facet normal -2.289502e-01  9.734381e-01  0.000000e+00
    outer loop
      vertex -8.433749e+01  6.232973e+01  0.000000e+00
      vertex -8.523663e+01  6.211826e+01  3.000000e+00
      vertex -8.433749e+01  6.232973e+01  3.000000e+00
    endloop
  endfacet
  facet normal -1.381550e-01  9.904106e-01  0.000000e+00
    outer loop
      vertex -8.433749e+01  6.232973e+01  0.000000e+00
      vertex -8.433749e+01  6.232973e+01  3.000000e+00
      vertex -8.342268e+01  6.245734e+01  0.000000e+00
    endloop
  endfacet
  facet normal -1.381550e-01  9.904106e-01  0.000000e+00
    outer loop
      vertex -8.342268e+01  6.245734e+01  0.000000e+00
      vertex -8.433749e+01  6.232973e+01  3.000000e+00
      vertex -8.342268e+01  6.245734e+01  3.000000e+00
    endloop
  endfacet
  facet normal -4.618510e-02  9.989330e-01  0.000000e+00
    outer loop
      vertex -8.342268e+01  6.245734e+01  0.000000e+00
      vertex -8.342268e+01  6.245734e+01  3.000000e+00
      vertex -8.250000e+01  6.250000e+01  0.000000e+00
    endloop
  endfacet
  facet normal -4.618510e-02  9.989330e-01  0.000000e+00
    outer loop
      vertex -8.250000e+01  6.250000e+01  0.000000e+00
      vertex -8.342268e+01  6.245734e+01  3.000000e+00
      vertex -8.250000e+01  6.250000e+01  3.000000e+00
    endloop
  endfacet
  facet normal  0.000000e+00 -1.000000e+00  0.000000e+00
    outer loop
      vertex  8.250000e+01 -6.250000e+01  3.000000e+00
      vertex -8.250000e+01 -6.250000e+01  3.000000e+00
      vertex  8.250000e+01 -6.250000e+01  0.000000e+00
    endloop
  endfacet
  facet normal  0.000000e+00 -1.000000e+00  0.000000e+00
    outer loop
      vertex  8.250000e+01 -6.250000e+01  0.000000e+00
      vertex -8.250000e+01 -6.250000e+01  3.000000e+00
      vertex -8.250000e+01 -6.250000e+01  0.000000e+00
    endloop
  endfacet
  facet normal -4.618510e-02 -9.989330e-01  -0.000000e+00
    outer loop
      vertex -8.250000e+01 -6.250000e+01  0.000000e+00
      vertex -8.250000e+01 -6.250000e+01  3.000000e+00
      vertex -8.342268e+01 -6.245734e+01  0.000000e+00
    endloop
  endfacet
  facet normal -4.618510e-02 -9.989330e-01  0.000000e+00
    outer loop
      vertex -8.342268e+01 -6.245734e+01  0.000000e+00
      vertex -8.250000e+01 -6.250000e+01  3.000000e+00
      vertex -8.342268e+01 -6.245734e+01  3.000000e+00
    endloop
  endfacet
  facet normal -1.381550e-01 -9.904106e-01  -0.000000e+00
    outer loop
      vertex -8.342268e+01 -6.245734e+01  0.000000e+00
      vertex -8.342268e+01 -6.245734e+01  3.000000e+00
      vertex -8.433749e+01 -6.232973e+01  0.000000e+00
    endloop
  endfacet
  facet normal -1.381550e-01 -9.904106e-01  0.000000e+00
    outer loop
      vertex -8.433749e+01 -6.232973e+01  0.000000e+00
      vertex -8.342268e+01 -6.245734e+01  3.000000e+00
      vertex -8.433749e+01 -6.232973e+01  3.000000e+00
    endloop
  endfacet
  facet normal -2.289502e-01 -9.734381e-01  -0.000000e+00
    outer loop
      vertex -8.433749e+01 -6.232973e+01  0.000000e+00
      vertex -8.433749e+01 -6.232973e+01  3.000000e+00
      vertex -8.523663e+01 -6.211826e+01  0.000000e+00
    endloop
  endfacet
  facet normal -2.289502e-01 -9.734381e-01  0.000000e+00
    outer loop
      vertex -8.523663e+01 -6.211826e+01  0.000000e+00
      vertex -8.433749e+01 -6.232973e+01  3.000000e+00
      vertex -8.523663e+01 -6.211826e+01  3.000000e+00
    endloop
  endfacet
  facet normal -3.177909e-01 -9.481607e-01  -0.000000e+00
    outer loop
      vertex -8.523663e+01 -6.211826e+01  0.000000e+00
      vertex -8.523663e+01 -6.211826e+01  3.000000e+00
      vertex -8.611242e+01 -6.182472e+01  0.000000e+00
    endloop
  endfacet
  facet normal -3.177909e-01 -9.481607e-01  0.000000e+00
    outer loop
      vertex -8.611242e+01 -6.182472e+01  0.000000e+00
      vertex -8.523663e+01 -6.211826e+01  3.000000e+00
      vertex -8.611242e+01 -6.182472e+01  3.000000e+00
    endloop
  endfacet
  facet normal -4.039221e-01 -9.147934e-01  -0.000000e+00
    outer loop
      vertex -8.611242e+01 -6.182472e+01  0.000000e+00
      vertex -8.611242e+01 -6.182472e+01  3.000000e+00
      vertex -8.695738e+01 -6.145163e+01  0.000000e+00
    endloop
  endfacet
  facet normal -4.039221e-01 -9.147934e-01  0.000000e+00
    outer loop
      vertex -8.695738e+01 -6.145163e+01  0.000000e+00
      vertex -8.611242e+01 -6.182472e+01  3.000000e+00
      vertex -8.695738e+01 -6.145163e+01  3.000000e+00
    endloop
  endfacet
  facet normal -4.866056e-01 -8.736219e-01  -0.000000e+00
    outer loop
      vertex -8.695738e+01 -6.145163e+01  0.000000e+00
      vertex -8.695738e+01 -6.145163e+01  3.000000e+00
      vertex -8.776432e+01 -6.100217e+01  0.000000e+00
    endloop
  endfacet
  facet normal -4.866056e-01 -8.736219e-01  0.000000e+00
    outer loop
      vertex -8.776432e+01 -6.100217e+01  0.000000e+00
      vertex -8.695738e+01 -6.145163e+01  3.000000e+00
      vertex -8.776432e+01 -6.100217e+01  3.000000e+00
    endloop
  endfacet
  facet normal -5.651370e-01 -8.249970e-01  -0.000000e+00
    outer loop
      vertex -8.776432e+01 -6.100217e+01  0.000000e+00
      vertex -8.776432e+01 -6.100217e+01  3.000000e+00
      vertex -8.852634e+01 -6.048017e+01  0.000000e+00
    endloop
  endfacet
  facet normal -5.651370e-01 -8.249970e-01  0.000000e+00
    outer loop
      vertex -8.852634e+01 -6.048017e+01  0.000000e+00
      vertex -8.776432e+01 -6.100217e+01  3.000000e+00
      vertex -8.852634e+01 -6.048017e+01  3.000000e+00
    endloop
  endfacet
  facet normal -6.388453e-01 -7.693352e-01  -0.000000e+00
    outer loop
      vertex -8.852634e+01 -6.048017e+01  0.000000e+00
      vertex -8.852634e+01 -6.048017e+01  3.000000e+00
      vertex -8.923695e+01 -5.989009e+01  0.000000e+00
    endloop
  endfacet
  facet normal -6.388453e-01 -7.693352e-01  0.000000e+00
    outer loop
      vertex -8.923695e+01 -5.989009e+01  0.000000e+00
      vertex -8.852634e+01 -6.048017e+01  3.000000e+00
      vertex -8.923695e+01 -5.989009e+01  3.000000e+00
    endloop
  endfacet
  facet normal -7.071047e-01 -7.071088e-01  -0.000000e+00
    outer loop
      vertex -8.923695e+01 -5.989009e+01  0.000000e+00
      vertex -8.923695e+01 -5.989009e+01  3.000000e+00
      vertex -8.989009e+01 -5.923696e+01  0.000000e+00
    endloop
  endfacet
  facet normal -7.071047e-01 -7.071088e-01  0.000000e+00
    outer loop
      vertex -8.989009e+01 -5.923696e+01  0.000000e+00
      vertex -8.923695e+01 -5.989009e+01  3.000000e+00
      vertex -8.989009e+01 -5.923696e+01  3.000000e+00
    endloop
  endfacet
  facet normal -7.693352e-01 -6.388453e-01  -0.000000e+00
    outer loop
      vertex -8.989009e+01 -5.923696e+01  0.000000e+00
      vertex -8.989009e+01 -5.923696e+01  3.000000e+00
      vertex -9.048017e+01 -5.852635e+01  0.000000e+00
    endloop
  endfacet
  facet normal -7.693352e-01 -6.388453e-01  0.000000e+00
    outer loop
      vertex -9.048017e+01 -5.852635e+01  0.000000e+00
      vertex -8.989009e+01 -5.923696e+01  3.000000e+00
      vertex -9.048017e+01 -5.852635e+01  3.000000e+00
    endloop
  endfacet
  facet normal -8.249964e-01 -5.651379e-01  -0.000000e+00
    outer loop
      vertex -9.048017e+01 -5.852635e+01  0.000000e+00
      vertex -9.048017e+01 -5.852635e+01  3.000000e+00
      vertex -9.100217e+01 -5.776432e+01  0.000000e+00
    endloop
  endfacet
  facet normal -8.249964e-01 -5.651379e-01  0.000000e+00
    outer loop
      vertex -9.100217e+01 -5.776432e+01  0.000000e+00
      vertex -9.048017e+01 -5.852635e+01  3.000000e+00
      vertex -9.100217e+01 -5.776432e+01  3.000000e+00
    endloop
  endfacet
  facet normal -8.736252e-01 -4.865992e-01  -0.000000e+00
    outer loop
      vertex -9.100217e+01 -5.776432e+01  0.000000e+00
      vertex -9.100217e+01 -5.776432e+01  3.000000e+00
      vertex -9.145163e+01 -5.695738e+01  0.000000e+00
    endloop
  endfacet
  facet normal -8.736252e-01 -4.865992e-01  0.000000e+00
    outer loop
      vertex -9.145163e+01 -5.695738e+01  0.000000e+00
      vertex -9.100217e+01 -5.776432e+01  3.000000e+00
      vertex -9.145163e+01 -5.695738e+01  3.000000e+00
    endloop
  endfacet
  facet normal -9.147926e-01 -4.039240e-01  -0.000000e+00
    outer loop
      vertex -9.145163e+01 -5.695738e+01  0.000000e+00
      vertex -9.145163e+01 -5.695738e+01  3.000000e+00
      vertex -9.182472e+01 -5.611242e+01  0.000000e+00
    endloop
  endfacet
  facet normal -9.147926e-01 -4.039240e-01  0.000000e+00
    outer loop
      vertex -9.182472e+01 -5.611242e+01  0.000000e+00
      vertex -9.145163e+01 -5.695738e+01  3.000000e+00
      vertex -9.182472e+01 -5.611242e+01  3.000000e+00
    endloop
  endfacet
  facet normal -9.481607e-01 -3.177909e-01  -0.000000e+00
    outer loop
      vertex -9.182472e+01 -5.611242e+01  0.000000e+00
      vertex -9.182472e+01 -5.611242e+01  3.000000e+00
      vertex -9.211826e+01 -5.523663e+01  0.000000e+00
    endloop
  endfacet
  facet normal -9.481607e-01 -3.177909e-01  0.000000e+00
    outer loop
      vertex -9.211826e+01 -5.523663e+01  0.000000e+00
      vertex -9.182472e+01 -5.611242e+01  3.000000e+00
      vertex -9.211826e+01 -5.523663e+01  3.000000e+00
    endloop
  endfacet
  facet normal -9.734370e-01 -2.289551e-01  -0.000000e+00
    outer loop
      vertex -9.211826e+01 -5.523663e+01  0.000000e+00
      vertex -9.211826e+01 -5.523663e+01  3.000000e+00
      vertex -9.232973e+01 -5.433749e+01  0.000000e+00
    endloop
  endfacet
  facet normal -9.734370e-01 -2.289551e-01  0.000000e+00
    outer loop
      vertex -9.232973e+01 -5.433749e+01  0.000000e+00
      vertex -9.211826e+01 -5.523663e+01  3.000000e+00
      vertex -9.232973e+01 -5.433749e+01  3.000000e+00
    endloop
  endfacet
  facet normal -9.904106e-01 -1.381550e-01  -0.000000e+00
    outer loop
      vertex -9.232973e+01 -5.433749e+01  0.000000e+00
      vertex -9.232973e+01 -5.433749e+01  3.000000e+00
      vertex -9.245734e+01 -5.342268e+01  0.000000e+00
    endloop
  endfacet
  facet normal -9.904106e-01 -1.381550e-01  0.000000e+00
    outer loop
      vertex -9.245734e+01 -5.342268e+01  0.000000e+00
      vertex -9.232973e+01 -5.433749e+01  3.000000e+00
      vertex -9.245734e+01 -5.342268e+01  3.000000e+00
    endloop
  endfacet
  facet normal -9.989331e-01 -4.618098e-02  -0.000000e+00
    outer loop
      vertex -9.245734e+01 -5.342268e+01  0.000000e+00
      vertex -9.245734e+01 -5.342268e+01  3.000000e+00
      vertex -9.250000e+01 -5.250000e+01  0.000000e+00
    endloop
  endfacet
  facet normal -9.989331e-01 -4.618098e-02  0.000000e+00
    outer loop
      vertex -9.250000e+01 -5.250000e+01  0.000000e+00
      vertex -9.245734e+01 -5.342268e+01  3.000000e+00
      vertex -9.250000e+01 -5.250000e+01  3.000000e+00
    endloop
  endfacet
  facet normal  9.989331e-01 -4.618098e-02  0.000000e+00
    outer loop
      vertex  9.250000e+01 -5.250000e+01  0.000000e+00
      vertex  9.250000e+01 -5.250000e+01  3.000000e+00
      vertex  9.245734e+01 -5.342268e+01  0.000000e+00
    endloop
  endfacet
  facet normal  9.989331e-01 -4.618098e-02  0.000000e+00
    outer loop
      vertex  9.245734e+01 -5.342268e+01  0.000000e+00
      vertex  9.250000e+01 -5.250000e+01  3.000000e+00
      vertex  9.245734e+01 -5.342268e+01  3.000000e+00
    endloop
  endfacet
  facet normal  9.904106e-01 -1.381550e-01  0.000000e+00
    outer loop
      vertex  9.245734e+01 -5.342268e+01  0.000000e+00
      vertex  9.245734e+01 -5.342268e+01  3.000000e+00
      vertex  9.232973e+01 -5.433749e+01  0.000000e+00
    endloop
  endfacet
  facet normal  9.904106e-01 -1.381550e-01  0.000000e+00
    outer loop
      vertex  9.232973e+01 -5.433749e+01  0.000000e+00
      vertex  9.245734e+01 -5.342268e+01  3.000000e+00
      vertex  9.232973e+01 -5.433749e+01  3.000000e+00
    endloop
  endfacet
  facet normal  9.734370e-01 -2.289551e-01  0.000000e+00
    outer loop
      vertex  9.232973e+01 -5.433749e+01  0.000000e+00
      vertex  9.232973e+01 -5.433749e+01  3.000000e+00
      vertex  9.211826e+01 -5.523663e+01  0.000000e+00
    endloop
  endfacet
  facet normal  9.734370e-01 -2.289551e-01  0.000000e+00
    outer loop
      vertex  9.211826e+01 -5.523663e+01  0.000000e+00
      vertex  9.232973e+01 -5.433749e+01  3.000000e+00
      vertex  9.211826e+01 -5.523663e+01  3.000000e+00
    endloop
  endfacet
  facet normal  9.481607e-01 -3.177909e-01  0.000000e+00
    outer loop
      vertex  9.211826e+01 -5.523663e+01  0.000000e+00
      vertex  9.211826e+01 -5.523663e+01  3.000000e+00
      vertex  9.182472e+01 -5.611242e+01  0.000000e+00
    endloop
  endfacet
  facet normal  9.481607e-01 -3.177909e-01  0.000000e+00
    outer loop
      vertex  9.182472e+01 -5.611242e+01  0.000000e+00
      vertex  9.211826e+01 -5.523663e+01  3.000000e+00
      vertex  9.182472e+01 -5.611242e+01  3.000000e+00
    endloop
  endfacet
  facet normal  9.147926e-01 -4.039240e-01  0.000000e+00
    outer loop
      vertex  9.182472e+01 -5.611242e+01  0.000000e+00
      vertex  9.182472e+01 -5.611242e+01  3.000000e+00
      vertex  9.145163e+01 -5.695738e+01  0.000000e+00
    endloop
  endfacet
  facet normal  9.147926e-01 -4.039240e-01  0.000000e+00
    outer loop
      vertex  9.145163e+01 -5.695738e+01  0.000000e+00
      vertex  9.182472e+01 -5.611242e+01  3.000000e+00
      vertex  9.145163e+01 -5.695738e+01  3.000000e+00
    endloop
  endfacet
  facet normal  8.736252e-01 -4.865992e-01  0.000000e+00
    outer loop
      vertex  9.145163e+01 -5.695738e+01  0.000000e+00
      vertex  9.145163e+01 -5.695738e+01  3.000000e+00
      vertex  9.100217e+01 -5.776432e+01  0.000000e+00
    endloop
  endfacet
  facet normal  8.736252e-01 -4.865992e-01  0.000000e+00
    outer loop
      vertex  9.100217e+01 -5.776432e+01  0.000000e+00
      vertex  9.145163e+01 -5.695738e+01  3.000000e+00
      vertex  9.100217e+01 -5.776432e+01  3.000000e+00
    endloop
  endfacet
  facet normal  8.249964e-01 -5.651379e-01  0.000000e+00
    outer loop
      vertex  9.100217e+01 -5.776432e+01  0.000000e+00
      vertex  9.100217e+01 -5.776432e+01  3.000000e+00
      vertex  9.048017e+01 -5.852635e+01  0.000000e+00
    endloop
  endfacet
  facet normal  8.249964e-01 -5.651379e-01  0.000000e+00
    outer loop
      vertex  9.048017e+01 -5.852635e+01  0.000000e+00
      vertex  9.100217e+01 -5.776432e+01  3.000000e+00
      vertex  9.048017e+01 -5.852635e+01  3.000000e+00
    endloop
  endfacet
  facet normal  7.693352e-01 -6.388453e-01  0.000000e+00
    outer loop
      vertex  9.048017e+01 -5.852635e+01  0.000000e+00
      vertex  9.048017e+01 -5.852635e+01  3.000000e+00
      vertex  8.989009e+01 -5.923696e+01  0.000000e+00
    endloop
  endfacet
  facet normal  7.693352e-01 -6.388453e-01  0.000000e+00
    outer loop
      vertex  8.989009e+01 -5.923696e+01  0.000000e+00
      vertex  9.048017e+01 -5.852635e+01  3.000000e+00
      vertex  8.989009e+01 -5.923696e+01  3.000000e+00
    endloop
  endfacet
  facet normal  7.071047e-01 -7.071088e-01  0.000000e+00
    outer loop
      vertex  8.989009e+01 -5.923696e+01  0.000000e+00
      vertex  8.989009e+01 -5.923696e+01  3.000000e+00
      vertex  8.923695e+01 -5.989009e+01  0.000000e+00
    endloop
  endfacet
  facet normal  7.071047e-01 -7.071088e-01  0.000000e+00
    outer loop
      vertex  8.923695e+01 -5.989009e+01  0.000000e+00
      vertex  8.989009e+01 -5.923696e+01  3.000000e+00
      vertex  8.923695e+01 -5.989009e+01  3.000000e+00
    endloop
  endfacet
  facet normal  6.388453e-01 -7.693352e-01  0.000000e+00
    outer loop
      vertex  8.923695e+01 -5.989009e+01  0.000000e+00
      vertex  8.923695e+01 -5.989009e+01  3.000000e+00
      vertex  8.852634e+01 -6.048017e+01  0.000000e+00
    endloop
  endfacet
  facet normal  6.388453e-01 -7.693352e-01  0.000000e+00
    outer loop
      vertex  8.852634e+01 -6.048017e+01  0.000000e+00
      vertex  8.923695e+01 -5.989009e+01  3.000000e+00
      vertex  8.852634e+01 -6.048017e+01  3.000000e+00
    endloop
  endfacet
  facet normal  5.651370e-01 -8.249970e-01  0.000000e+00
    outer loop
      vertex  8.852634e+01 -6.048017e+01  0.000000e+00
      vertex  8.852634e+01 -6.048017e+01  3.000000e+00
      vertex  8.776432e+01 -6.100217e+01  0.000000e+00
    endloop
  endfacet
  facet normal  5.651370e-01 -8.249970e-01  0.000000e+00
    outer loop
      vertex  8.776432e+01 -6.100217e+01  0.000000e+00
      vertex  8.852634e+01 -6.048017e+01  3.000000e+00
      vertex  8.776432e+01 -6.100217e+01  3.000000e+00
    endloop
  endfacet
  facet normal  4.866056e-01 -8.736219e-01  0.000000e+00
    outer loop
      vertex  8.776432e+01 -6.100217e+01  0.000000e+00
      vertex  8.776432e+01 -6.100217e+01  3.000000e+00
      vertex  8.695738e+01 -6.145163e+01  0.000000e+00
    endloop
  endfacet
  facet normal  4.866056e-01 -8.736219e-01  0.000000e+00
    outer loop
      vertex  8.695738e+01 -6.145163e+01  0.000000e+00
      vertex  8.776432e+01 -6.100217e+01  3.000000e+00
      vertex  8.695738e+01 -6.145163e+01  3.000000e+00
    endloop
  endfacet
  facet normal  4.039221e-01 -9.147934e-01  0.000000e+00
    outer loop
      vertex  8.695738e+01 -6.145163e+01  0.000000e+00
      vertex  8.695738e+01 -6.145163e+01  3.000000e+00
      vertex  8.611242e+01 -6.182472e+01  0.000000e+00
    endloop
  endfacet
  facet normal  4.039221e-01 -9.147934e-01  0.000000e+00
    outer loop
      vertex  8.611242e+01 -6.182472e+01  0.000000e+00
      vertex  8.695738e+01 -6.145163e+01  3.000000e+00
      vertex  8.611242e+01 -6.182472e+01  3.000000e+00
    endloop
  endfacet
  facet normal  3.177909e-01 -9.481607e-01  0.000000e+00
    outer loop
      vertex  8.611242e+01 -6.182472e+01  0.000000e+00
      vertex  8.611242e+01 -6.182472e+01  3.000000e+00
      vertex  8.523663e+01 -6.211826e+01  0.000000e+00
    endloop
  endfacet
  facet normal  3.177909e-01 -9.481607e-01  0.000000e+00
    outer loop
      vertex  8.523663e+01 -6.211826e+01  0.000000e+00
      vertex  8.611242e+01 -6.182472e+01  3.000000e+00
      vertex  8.523663e+01 -6.211826e+01  3.000000e+00
    endloop
  endfacet
  facet normal  2.289502e-01 -9.734381e-01  0.000000e+00
    outer loop
      vertex  8.523663e+01 -6.211826e+01  0.000000e+00
      vertex  8.523663e+01 -6.211826e+01  3.000000e+00
      vertex  8.433749e+01 -6.232973e+01  0.000000e+00
    endloop
  endfacet
  facet normal  2.289502e-01 -9.734381e-01  0.000000e+00
    outer loop
      vertex  8.433749e+01 -6.232973e+01  0.000000e+00
      vertex  8.523663e+01 -6.211826e+01  3.000000e+00
      vertex  8.433749e+01 -6.232973e+01  3.000000e+00
    endloop
  endfacet
  facet normal  1.381550e-01 -9.904106e-01  0.000000e+00
    outer loop
      vertex  8.433749e+01 -6.232973e+01  0.000000e+00
      vertex  8.433749e+01 -6.232973e+01  3.000000e+00
      vertex  8.342268e+01 -6.245734e+01  0.000000e+00
    endloop
  endfacet
  facet normal  1.381550e-01 -9.904106e-01  0.000000e+00
    outer loop
      vertex  8.342268e+01 -6.245734e+01  0.000000e+00
      vertex  8.433749e+01 -6.232973e+01  3.000000e+00
      vertex  8.342268e+01 -6.245734e+01  3.000000e+00
    endloop
  endfacet
  facet normal  4.618510e-02 -9.989330e-01  0.000000e+00
    outer loop
      vertex  8.342268e+01 -6.245734e+01  0.000000e+00
      vertex  8.342268e+01 -6.245734e+01  3.000000e+00
      vertex  8.250000e+01 -6.250000e+01  0.000000e+00
    endloop
  endfacet
  facet normal  4.618510e-02 -9.989330e-01  0.000000e+00
    outer loop
      vertex  8.250000e+01 -6.250000e+01  0.000000e+00
      vertex  8.342268e+01 -6.245734e+01  3.000000e+00
      vertex  8.250000e+01 -6.250000e+01  3.000000e+00
    endloop
  endfacet
endsolid CATIA STL
