solid CATIA STL
  facet normal  7.060144e-01  5.556471e-02 -7.060144e-01
    outer loop
      vertex -3.000000e+00 -1.298425e-15  0.000000e+00
      vertex -2.000000e+00  2.449294e-16  1.000000e+00
      vertex -2.963065e+00 -4.693034e-01  0.000000e+00
    endloop
  endfacet
  facet normal  7.060144e-01 -5.556471e-02 -7.060144e-01
    outer loop
      vertex -3.000000e+00 -1.298425e-15  0.000000e+00
      vertex -2.963065e+00  4.693034e-01  0.000000e+00
      vertex -2.000000e+00  2.449294e-16  1.000000e+00
    endloop
  endfacet
  facet normal  5.556471e-02 -7.060144e-01 -7.060144e-01
    outer loop
      vertex  0.000000e+00  2.000000e+00  1.000000e+00
      vertex -4.693034e-01  2.963065e+00  0.000000e+00
      vertex  0.000000e+00  3.000000e+00  0.000000e+00
    endloop
  endfacet
  facet normal  6.915543e-02 -7.021458e-01 -7.086669e-01
    outer loop
      vertex  0.000000e+00  2.000000e+00  1.000000e+00
      vertex -3.901806e-01  1.961571e+00  1.000000e+00
      vertex -4.693034e-01  2.963065e+00  0.000000e+00
    endloop
  endfacet
  facet normal  6.915542e-02  7.021458e-01 -7.086669e-01
    outer loop
      vertex  0.000000e+00 -2.000000e+00  1.000000e+00
      vertex -4.693034e-01 -2.963065e+00  0.000000e+00
      vertex -3.901806e-01 -1.961571e+00  1.000000e+00
    endloop
  endfacet
  facet normal  5.556471e-02  7.060144e-01 -7.060144e-01
    outer loop
      vertex  0.000000e+00 -2.000000e+00  1.000000e+00
      vertex  0.000000e+00 -3.000000e+00  0.000000e+00
      vertex -4.693034e-01 -2.963065e+00  0.000000e+00
    endloop
  endfacet
  facet normal  1.657080e-01 -6.902237e-01 -7.043664e-01
    outer loop
      vertex -3.901806e-01  1.961571e+00  1.000000e+00
      vertex -9.270510e-01  2.853169e+00  0.000000e+00
      vertex -4.693034e-01  2.963065e+00  0.000000e+00
    endloop
  endfacet
  facet normal  2.718520e-01 -6.563093e-01 -7.038143e-01
    outer loop
      vertex -7.653669e-01  1.847759e+00  1.000000e+00
      vertex -1.361971e+00  2.673020e+00  0.000000e+00
      vertex -9.270510e-01  2.853169e+00  0.000000e+00
    endloop
  endfacet
  facet normal  2.043353e-01 -6.736033e-01 -7.102856e-01
    outer loop
      vertex -7.653669e-01  1.847759e+00  1.000000e+00
      vertex -9.270510e-01  2.853169e+00  0.000000e+00
      vertex -3.901806e-01  1.961571e+00  1.000000e+00
    endloop
  endfacet
  facet normal  3.708885e-01 -6.052351e-01 -7.043664e-01
    outer loop
      vertex -1.111140e+00  1.662939e+00  1.000000e+00
      vertex -1.763356e+00  2.427051e+00  0.000000e+00
      vertex -1.361971e+00  2.673020e+00  0.000000e+00
    endloop
  endfacet
  facet normal  3.318225e-01 -6.207964e-01 -7.102857e-01
    outer loop
      vertex -1.111140e+00  1.662939e+00  1.000000e+00
      vertex -1.361971e+00  2.673020e+00  0.000000e+00
      vertex -7.653669e-01  1.847759e+00  1.000000e+00
    endloop
  endfacet
  facet normal  4.599377e-01 -5.385175e-01 -7.060144e-01
    outer loop
      vertex -1.414214e+00  1.414214e+00  1.000000e+00
      vertex -2.121320e+00  2.121320e+00  0.000000e+00
      vertex -1.763356e+00  2.427051e+00  0.000000e+00
    endloop
  endfacet
  facet normal  4.475919e-01 -5.453922e-01 -7.086669e-01
    outer loop
      vertex -1.414214e+00  1.414214e+00  1.000000e+00
      vertex -1.763356e+00  2.427051e+00  0.000000e+00
      vertex -1.111140e+00  1.662939e+00  1.000000e+00
    endloop
  endfacet
  facet normal  6.052351e-01 -3.708885e-01 -7.043665e-01
    outer loop
      vertex -1.662939e+00  1.111140e+00  1.000000e+00
      vertex -2.673020e+00  1.361971e+00  0.000000e+00
      vertex -2.427051e+00  1.763356e+00  0.000000e+00
    endloop
  endfacet
  facet normal  5.453922e-01 -4.475919e-01 -7.086669e-01
    outer loop
      vertex -1.662939e+00  1.111140e+00  1.000000e+00
      vertex -2.427051e+00  1.763356e+00  0.000000e+00
      vertex -1.414214e+00  1.414214e+00  1.000000e+00
    endloop
  endfacet
  facet normal  6.563093e-01 -2.718520e-01 -7.038143e-01
    outer loop
      vertex -1.847759e+00  7.653669e-01  1.000000e+00
      vertex -2.853169e+00  9.270510e-01  0.000000e+00
      vertex -2.673020e+00  1.361971e+00  0.000000e+00
    endloop
  endfacet
  facet normal  6.207964e-01 -3.318225e-01 -7.102857e-01
    outer loop
      vertex -1.847759e+00  7.653669e-01  1.000000e+00
      vertex -2.673020e+00  1.361971e+00  0.000000e+00
      vertex -1.662939e+00  1.111140e+00  1.000000e+00
    endloop
  endfacet
  facet normal  6.902237e-01 -1.657080e-01 -7.043664e-01
    outer loop
      vertex -1.961571e+00  3.901806e-01  1.000000e+00
      vertex -2.963065e+00  4.693034e-01  0.000000e+00
      vertex -2.853169e+00  9.270510e-01  0.000000e+00
    endloop
  endfacet
  facet normal  6.736033e-01 -2.043353e-01 -7.102856e-01
    outer loop
      vertex -1.961571e+00  3.901806e-01  1.000000e+00
      vertex -2.853169e+00  9.270510e-01  0.000000e+00
      vertex -1.847759e+00  7.653669e-01  1.000000e+00
    endloop
  endfacet
  facet normal  7.021458e-01 -6.915542e-02 -7.086669e-01
    outer loop
      vertex -2.000000e+00  2.449294e-16  1.000000e+00
      vertex -2.963065e+00  4.693034e-01  0.000000e+00
      vertex -1.961571e+00  3.901806e-01  1.000000e+00
    endloop
  endfacet
  facet normal  6.902237e-01  1.657080e-01 -7.043664e-01
    outer loop
      vertex -1.961571e+00 -3.901806e-01  1.000000e+00
      vertex -2.853169e+00 -9.270510e-01  0.000000e+00
      vertex -2.963065e+00 -4.693034e-01  0.000000e+00
    endloop
  endfacet
  facet normal  7.021458e-01  6.915543e-02 -7.086669e-01
    outer loop
      vertex -2.000000e+00  2.449294e-16  1.000000e+00
      vertex -1.961571e+00 -3.901806e-01  1.000000e+00
      vertex -2.963065e+00 -4.693034e-01  0.000000e+00
    endloop
  endfacet
  facet normal  6.563093e-01  2.718520e-01 -7.038143e-01
    outer loop
      vertex -1.847759e+00 -7.653669e-01  1.000000e+00
      vertex -2.673020e+00 -1.361971e+00  0.000000e+00
      vertex -2.853169e+00 -9.270510e-01  0.000000e+00
    endloop
  endfacet
  facet normal  6.736033e-01  2.043353e-01 -7.102856e-01
    outer loop
      vertex -1.847759e+00 -7.653669e-01  1.000000e+00
      vertex -2.853169e+00 -9.270510e-01  0.000000e+00
      vertex -1.961571e+00 -3.901806e-01  1.000000e+00
    endloop
  endfacet
  facet normal  6.052351e-01  3.708885e-01 -7.043664e-01
    outer loop
      vertex -1.662939e+00 -1.111140e+00  1.000000e+00
      vertex -2.427051e+00 -1.763356e+00  0.000000e+00
      vertex -2.673020e+00 -1.361971e+00  0.000000e+00
    endloop
  endfacet
  facet normal  6.207964e-01  3.318225e-01 -7.102857e-01
    outer loop
      vertex -1.662939e+00 -1.111140e+00  1.000000e+00
      vertex -2.673020e+00 -1.361971e+00  0.000000e+00
      vertex -1.847759e+00 -7.653669e-01  1.000000e+00
    endloop
  endfacet
  facet normal  5.385175e-01  4.599377e-01 -7.060144e-01
    outer loop
      vertex -1.414214e+00 -1.414214e+00  1.000000e+00
      vertex -2.121320e+00 -2.121320e+00  0.000000e+00
      vertex -2.427051e+00 -1.763356e+00  0.000000e+00
    endloop
  endfacet
  facet normal  5.453922e-01  4.475919e-01 -7.086669e-01
    outer loop
      vertex -1.414214e+00 -1.414214e+00  1.000000e+00
      vertex -2.427051e+00 -1.763356e+00  0.000000e+00
      vertex -1.662939e+00 -1.111140e+00  1.000000e+00
    endloop
  endfacet
  facet normal  3.708885e-01  6.052351e-01 -7.043665e-01
    outer loop
      vertex -1.111140e+00 -1.662939e+00  1.000000e+00
      vertex -1.361971e+00 -2.673020e+00  0.000000e+00
      vertex -1.763356e+00 -2.427051e+00  0.000000e+00
    endloop
  endfacet
  facet normal  4.475919e-01  5.453922e-01 -7.086669e-01
    outer loop
      vertex -1.111140e+00 -1.662939e+00  1.000000e+00
      vertex -1.763356e+00 -2.427051e+00  0.000000e+00
      vertex -1.414214e+00 -1.414214e+00  1.000000e+00
    endloop
  endfacet
  facet normal  2.718520e-01  6.563093e-01 -7.038143e-01
    outer loop
      vertex -7.653669e-01 -1.847759e+00  1.000000e+00
      vertex -9.270510e-01 -2.853169e+00  0.000000e+00
      vertex -1.361971e+00 -2.673020e+00  0.000000e+00
    endloop
  endfacet
  facet normal  3.318225e-01  6.207964e-01 -7.102857e-01
    outer loop
      vertex -7.653669e-01 -1.847759e+00  1.000000e+00
      vertex -1.361971e+00 -2.673020e+00  0.000000e+00
      vertex -1.111140e+00 -1.662939e+00  1.000000e+00
    endloop
  endfacet
  facet normal  1.657080e-01  6.902237e-01 -7.043664e-01
    outer loop
      vertex -3.901806e-01 -1.961571e+00  1.000000e+00
      vertex -4.693034e-01 -2.963065e+00  0.000000e+00
      vertex -9.270510e-01 -2.853169e+00  0.000000e+00
    endloop
  endfacet
  facet normal  2.043353e-01  6.736033e-01 -7.102856e-01
    outer loop
      vertex -3.901806e-01 -1.961571e+00  1.000000e+00
      vertex -9.270510e-01 -2.853169e+00  0.000000e+00
      vertex -7.653669e-01 -1.847759e+00  1.000000e+00
    endloop
  endfacet
  facet normal  5.385175e-01 -4.599377e-01 -7.060144e-01
    outer loop
      vertex -1.414214e+00  1.414214e+00  1.000000e+00
      vertex -2.427051e+00  1.763356e+00  0.000000e+00
      vertex -2.121320e+00  2.121320e+00  0.000000e+00
    endloop
  endfacet
  facet normal  4.599377e-01  5.385175e-01 -7.060144e-01
    outer loop
      vertex -1.414214e+00 -1.414214e+00  1.000000e+00
      vertex -1.763356e+00 -2.427051e+00  0.000000e+00
      vertex -2.121320e+00 -2.121320e+00  0.000000e+00
    endloop
  endfacet
  facet normal  1.000000e+00  0.000000e+00  -0.000000e+00
    outer loop
      vertex  0.000000e+00 -3.000000e+00  0.000000e+00
      vertex  0.000000e+00 -2.000000e+00  1.000000e+00
      vertex  0.000000e+00 -2.000000e+00  7.000000e+00
    endloop
  endfacet
  facet normal  9.999999e-01  0.000000e+00  0.000000e+00
    outer loop
      vertex  0.000000e+00 -3.000000e+00  0.000000e+00
      vertex  0.000000e+00 -2.000000e+00  7.000000e+00
      vertex  0.000000e+00 -1.075000e+01  7.000000e+00
    endloop
  endfacet
  facet normal  1.000000e+00 -3.567278e-16 -3.949486e-16
    outer loop
      vertex  0.000000e+00 -3.000000e+00  0.000000e+00
      vertex  0.000000e+00 -1.075000e+01  7.000000e+00
      vertex -1.974743e-15 -1.075000e+01  2.000000e+00
    endloop
  endfacet
  facet normal  1.000000e+00  1.579794e-15  7.109075e-15
    outer loop
      vertex  0.000000e+00 -3.000000e+00  0.000000e+00
      vertex -1.974743e-15 -1.075000e+01  2.000000e+00
      vertex  0.000000e+00 -1.200000e+01  2.000000e+00
    endloop
  endfacet
  facet normal  1.000000e+00  0.000000e+00  0.000000e+00
    outer loop
      vertex  0.000000e+00 -3.000000e+00  0.000000e+00
      vertex  0.000000e+00 -1.200000e+01  2.000000e+00
      vertex  0.000000e+00 -1.250000e+01  1.500000e+00
    endloop
  endfacet
  facet normal  1.000000e+00 -2.417066e-16 -1.530808e-15
    outer loop
      vertex  0.000000e+00 -3.000000e+00  0.000000e+00
      vertex  0.000000e+00 -1.250000e+01  1.500000e+00
      vertex -2.296213e-15 -1.250000e+01  0.000000e+00
    endloop
  endfacet
  facet normal  1.000000e+00  0.000000e+00  0.000000e+00
    outer loop
      vertex  0.000000e+00  2.000000e+00  7.000000e+00
      vertex  0.000000e+00  2.000000e+00  1.000000e+00
      vertex  0.000000e+00  1.075000e+01  7.000000e+00
    endloop
  endfacet
  facet normal  1.000000e+00  0.000000e+00  0.000000e+00
    outer loop
      vertex  0.000000e+00  1.075000e+01  7.000000e+00
      vertex  0.000000e+00  2.000000e+00  1.000000e+00
      vertex  0.000000e+00  3.000000e+00  0.000000e+00
    endloop
  endfacet
  facet normal  1.000000e+00 -1.189093e-16  1.316495e-16
    outer loop
      vertex  0.000000e+00  1.075000e+01  7.000000e+00
      vertex  0.000000e+00  3.000000e+00  0.000000e+00
      vertex  6.582477e-16  1.075000e+01  2.000000e+00
    endloop
  endfacet
  facet normal  1.000000e+00  5.265982e-16 -2.369692e-15
    outer loop
      vertex  6.582477e-16  1.075000e+01  2.000000e+00
      vertex  0.000000e+00  3.000000e+00  0.000000e+00
      vertex  0.000000e+00  1.200000e+01  2.000000e+00
    endloop
  endfacet
  facet normal  1.000000e+00 -8.056887e-17  3.625599e-16
    outer loop
      vertex  0.000000e+00  1.200000e+01  2.000000e+00
      vertex  0.000000e+00  3.000000e+00  0.000000e+00
      vertex  7.654042e-16  1.250000e+01  0.000000e+00
    endloop
  endfacet
  facet normal  1.000000e+00  5.102695e-16  5.102695e-16
    outer loop
      vertex  0.000000e+00  1.200000e+01  2.000000e+00
      vertex  7.654042e-16  1.250000e+01  0.000000e+00
      vertex  0.000000e+00  1.250000e+01  1.500000e+00
    endloop
  endfacet
  facet normal  0.000000e+00  0.000000e+00 -1.000000e+00
    outer loop
      vertex -2.673020e+00  1.361971e+00  0.000000e+00
      vertex -1.246147e+01  9.807387e-01  0.000000e+00
      vertex -2.427051e+00  1.763356e+00  0.000000e+00
    endloop
  endfacet
  facet normal  0.000000e+00  0.000000e+00 -1.000000e+00
    outer loop
      vertex -1.250000e+01  1.530808e-15  0.000000e+00
      vertex -2.963065e+00  4.693034e-01  0.000000e+00
      vertex -3.000000e+00 -1.298425e-15  0.000000e+00
    endloop
  endfacet
  facet normal  0.000000e+00  0.000000e+00 -1.000000e+00
    outer loop
      vertex -2.427051e+00 -1.763356e+00  0.000000e+00
      vertex -1.234610e+01 -1.955431e+00  0.000000e+00
      vertex -2.673020e+00 -1.361971e+00  0.000000e+00
    endloop
  endfacet
  facet normal  0.000000e+00  0.000000e+00 -1.000000e+00
    outer loop
      vertex -2.121320e+00 -2.121320e+00  0.000000e+00
      vertex -1.234610e+01 -1.955431e+00  0.000000e+00
      vertex -2.427051e+00 -1.763356e+00  0.000000e+00
    endloop
  endfacet
  facet normal  -0.000000e+00  0.000000e+00 -1.000000e+00
    outer loop
      vertex  0.000000e+00  3.000000e+00  0.000000e+00
      vertex -4.693034e-01  2.963065e+00  0.000000e+00
      vertex -1.215462e+01  2.918067e+00  0.000000e+00
    endloop
  endfacet
  facet normal  0.000000e+00  0.000000e+00 -1.000000e+00
    outer loop
      vertex  0.000000e+00  3.000000e+00  0.000000e+00
      vertex -1.215462e+01  2.918067e+00  0.000000e+00
      vertex -1.188821e+01  3.862712e+00  0.000000e+00
    endloop
  endfacet
  facet normal  0.000000e+00  0.000000e+00 -1.000000e+00
    outer loop
      vertex  0.000000e+00  3.000000e+00  0.000000e+00
      vertex -1.188821e+01  3.862712e+00  0.000000e+00
      vertex -1.154849e+01  4.783543e+00  0.000000e+00
    endloop
  endfacet
  facet normal  0.000000e+00  0.000000e+00 -1.000000e+00
    outer loop
      vertex  0.000000e+00  3.000000e+00  0.000000e+00
      vertex -1.154849e+01  4.783543e+00  0.000000e+00
      vertex -1.113758e+01  5.674881e+00  0.000000e+00
    endloop
  endfacet
  facet normal  0.000000e+00  0.000000e+00 -1.000000e+00
    outer loop
      vertex  0.000000e+00  3.000000e+00  0.000000e+00
      vertex -1.113758e+01  5.674881e+00  0.000000e+00
      vertex -1.065800e+01  6.531232e+00  0.000000e+00
    endloop
  endfacet
  facet normal  0.000000e+00  0.000000e+00 -9.999999e-01
    outer loop
      vertex  0.000000e+00  3.000000e+00  0.000000e+00
      vertex -1.065800e+01  6.531232e+00  0.000000e+00
      vertex -1.011271e+01  7.347316e+00  0.000000e+00
    endloop
  endfacet
  facet normal  0.000000e+00  0.000000e+00 -1.000000e+00
    outer loop
      vertex  0.000000e+00  3.000000e+00  0.000000e+00
      vertex -1.011271e+01  7.347316e+00  0.000000e+00
      vertex -9.505075e+00  8.118100e+00  0.000000e+00
    endloop
  endfacet
  facet normal  0.000000e+00  0.000000e+00 -1.000000e+00
    outer loop
      vertex  0.000000e+00  3.000000e+00  0.000000e+00
      vertex -9.505075e+00  8.118100e+00  0.000000e+00
      vertex -8.838835e+00  8.838835e+00  0.000000e+00
    endloop
  endfacet
  facet normal  0.000000e+00  0.000000e+00 -9.999999e-01
    outer loop
      vertex  0.000000e+00  3.000000e+00  0.000000e+00
      vertex -8.838835e+00  8.838835e+00  0.000000e+00
      vertex -8.118100e+00  9.505075e+00  0.000000e+00
    endloop
  endfacet
  facet normal  0.000000e+00  0.000000e+00 -1.000000e+00
    outer loop
      vertex  0.000000e+00  3.000000e+00  0.000000e+00
      vertex -8.118100e+00  9.505075e+00  0.000000e+00
      vertex -7.347316e+00  1.011271e+01  0.000000e+00
    endloop
  endfacet
  facet normal  0.000000e+00  0.000000e+00 -1.000000e+00
    outer loop
      vertex  0.000000e+00  3.000000e+00  0.000000e+00
      vertex -7.347316e+00  1.011271e+01  0.000000e+00
      vertex -6.531232e+00  1.065800e+01  0.000000e+00
    endloop
  endfacet
  facet normal  0.000000e+00  0.000000e+00 -1.000000e+00
    outer loop
      vertex  0.000000e+00  3.000000e+00  0.000000e+00
      vertex -6.531232e+00  1.065800e+01  0.000000e+00
      vertex -5.674881e+00  1.113758e+01  0.000000e+00
    endloop
  endfacet
  facet normal  0.000000e+00  0.000000e+00 -1.000000e+00
    outer loop
      vertex  0.000000e+00  3.000000e+00  0.000000e+00
      vertex -5.674881e+00  1.113758e+01  0.000000e+00
      vertex -4.783543e+00  1.154849e+01  0.000000e+00
    endloop
  endfacet
  facet normal  0.000000e+00  0.000000e+00 -1.000000e+00
    outer loop
      vertex  0.000000e+00  3.000000e+00  0.000000e+00
      vertex -4.783543e+00  1.154849e+01  0.000000e+00
      vertex -3.862712e+00  1.188821e+01  0.000000e+00
    endloop
  endfacet
  facet normal  0.000000e+00  0.000000e+00 -1.000000e+00
    outer loop
      vertex  0.000000e+00  3.000000e+00  0.000000e+00
      vertex -3.862712e+00  1.188821e+01  0.000000e+00
      vertex -2.918067e+00  1.215462e+01  0.000000e+00
    endloop
  endfacet
  facet normal  0.000000e+00  0.000000e+00 -1.000000e+00
    outer loop
      vertex  0.000000e+00  3.000000e+00  0.000000e+00
      vertex -2.918067e+00  1.215462e+01  0.000000e+00
      vertex -1.955431e+00  1.234610e+01  0.000000e+00
    endloop
  endfacet
  facet normal  0.000000e+00  0.000000e+00 -9.999999e-01
    outer loop
      vertex  0.000000e+00  3.000000e+00  0.000000e+00
      vertex -1.955431e+00  1.234610e+01  0.000000e+00
      vertex -9.807387e-01  1.246147e+01  0.000000e+00
    endloop
  endfacet
  facet normal  0.000000e+00  0.000000e+00 -1.000000e+00
    outer loop
      vertex  0.000000e+00  3.000000e+00  0.000000e+00
      vertex -9.807387e-01  1.246147e+01  0.000000e+00
      vertex  7.654042e-16  1.250000e+01  0.000000e+00
    endloop
  endfacet
  facet normal  0.000000e+00  -0.000000e+00 -1.000000e+00
    outer loop
      vertex -1.234610e+01  1.955431e+00  0.000000e+00
      vertex -1.215462e+01  2.918067e+00  0.000000e+00
      vertex -4.693034e-01  2.963065e+00  0.000000e+00
    endloop
  endfacet
  facet normal  0.000000e+00  0.000000e+00 -1.000000e+00
    outer loop
      vertex -1.234610e+01  1.955431e+00  0.000000e+00
      vertex -4.693034e-01  2.963065e+00  0.000000e+00
      vertex -9.270510e-01  2.853169e+00  0.000000e+00
    endloop
  endfacet
  facet normal  0.000000e+00  0.000000e+00 -1.000000e+00
    outer loop
      vertex -1.234610e+01  1.955431e+00  0.000000e+00
      vertex -9.270510e-01  2.853169e+00  0.000000e+00
      vertex -1.361971e+00  2.673020e+00  0.000000e+00
    endloop
  endfacet
  facet normal  0.000000e+00  0.000000e+00 -1.000000e+00
    outer loop
      vertex -1.234610e+01  1.955431e+00  0.000000e+00
      vertex -1.361971e+00  2.673020e+00  0.000000e+00
      vertex -1.763356e+00  2.427051e+00  0.000000e+00
    endloop
  endfacet
  facet normal  0.000000e+00  0.000000e+00 -1.000000e+00
    outer loop
      vertex -1.234610e+01  1.955431e+00  0.000000e+00
      vertex -1.763356e+00  2.427051e+00  0.000000e+00
      vertex -2.121320e+00  2.121320e+00  0.000000e+00
    endloop
  endfacet
  facet normal  0.000000e+00  0.000000e+00 -1.000000e+00
    outer loop
      vertex -1.234610e+01  1.955431e+00  0.000000e+00
      vertex -2.121320e+00  2.121320e+00  0.000000e+00
      vertex -2.427051e+00  1.763356e+00  0.000000e+00
    endloop
  endfacet
  facet normal  -0.000000e+00  0.000000e+00 -1.000000e+00
    outer loop
      vertex -1.234610e+01  1.955431e+00  0.000000e+00
      vertex -2.427051e+00  1.763356e+00  0.000000e+00
      vertex -1.246147e+01  9.807387e-01  0.000000e+00
    endloop
  endfacet
  facet normal  0.000000e+00  0.000000e+00 -1.000000e+00
    outer loop
      vertex -1.246147e+01 -9.807387e-01  0.000000e+00
      vertex -1.250000e+01  1.530808e-15  0.000000e+00
      vertex -3.000000e+00 -1.298425e-15  0.000000e+00
    endloop
  endfacet
  facet normal  0.000000e+00  -0.000000e+00 -1.000000e+00
    outer loop
      vertex -1.246147e+01 -9.807387e-01  0.000000e+00
      vertex -3.000000e+00 -1.298425e-15  0.000000e+00
      vertex -2.963065e+00 -4.693034e-01  0.000000e+00
    endloop
  endfacet
  facet normal  0.000000e+00  -0.000000e+00 -1.000000e+00
    outer loop
      vertex -1.246147e+01 -9.807387e-01  0.000000e+00
      vertex -2.963065e+00 -4.693034e-01  0.000000e+00
      vertex -2.853169e+00 -9.270510e-01  0.000000e+00
    endloop
  endfacet
  facet normal  0.000000e+00  -0.000000e+00 -1.000000e+00
    outer loop
      vertex -1.246147e+01 -9.807387e-01  0.000000e+00
      vertex -2.853169e+00 -9.270510e-01  0.000000e+00
      vertex -2.673020e+00 -1.361971e+00  0.000000e+00
    endloop
  endfacet
  facet normal  -0.000000e+00  0.000000e+00 -1.000000e+00
    outer loop
      vertex -1.246147e+01 -9.807387e-01  0.000000e+00
      vertex -2.673020e+00 -1.361971e+00  0.000000e+00
      vertex -1.234610e+01 -1.955431e+00  0.000000e+00
    endloop
  endfacet
  facet normal  0.000000e+00  0.000000e+00 -1.000000e+00
    outer loop
      vertex -1.215462e+01 -2.918067e+00  0.000000e+00
      vertex -1.234610e+01 -1.955431e+00  0.000000e+00
      vertex -2.121320e+00 -2.121320e+00  0.000000e+00
    endloop
  endfacet
  facet normal  0.000000e+00  -0.000000e+00 -1.000000e+00
    outer loop
      vertex -1.215462e+01 -2.918067e+00  0.000000e+00
      vertex -2.121320e+00 -2.121320e+00  0.000000e+00
      vertex -1.763356e+00 -2.427051e+00  0.000000e+00
    endloop
  endfacet
  facet normal  0.000000e+00  -0.000000e+00 -1.000000e+00
    outer loop
      vertex -1.215462e+01 -2.918067e+00  0.000000e+00
      vertex -1.763356e+00 -2.427051e+00  0.000000e+00
      vertex -1.361971e+00 -2.673020e+00  0.000000e+00
    endloop
  endfacet
  facet normal  0.000000e+00  -0.000000e+00 -1.000000e+00
    outer loop
      vertex -1.215462e+01 -2.918067e+00  0.000000e+00
      vertex -1.361971e+00 -2.673020e+00  0.000000e+00
      vertex -9.270510e-01 -2.853169e+00  0.000000e+00
    endloop
  endfacet
  facet normal  0.000000e+00  -0.000000e+00 -9.999999e-01
    outer loop
      vertex -1.215462e+01 -2.918067e+00  0.000000e+00
      vertex -9.270510e-01 -2.853169e+00  0.000000e+00
      vertex -4.693034e-01 -2.963065e+00  0.000000e+00
    endloop
  endfacet
  facet normal  -0.000000e+00  -0.000000e+00 -1.000000e+00
    outer loop
      vertex -1.215462e+01 -2.918067e+00  0.000000e+00
      vertex -4.693034e-01 -2.963065e+00  0.000000e+00
      vertex  0.000000e+00 -3.000000e+00  0.000000e+00
    endloop
  endfacet
  facet normal  -0.000000e+00  0.000000e+00 -1.000000e+00
    outer loop
      vertex -1.215462e+01 -2.918067e+00  0.000000e+00
      vertex  0.000000e+00 -3.000000e+00  0.000000e+00
      vertex -1.188821e+01 -3.862712e+00  0.000000e+00
    endloop
  endfacet
  facet normal  0.000000e+00  0.000000e+00 -1.000000e+00
    outer loop
      vertex -2.296213e-15 -1.250000e+01  0.000000e+00
      vertex -9.807387e-01 -1.246147e+01  0.000000e+00
      vertex -1.955431e+00 -1.234610e+01  0.000000e+00
    endloop
  endfacet
  facet normal  0.000000e+00  0.000000e+00 -1.000000e+00
    outer loop
      vertex -2.296213e-15 -1.250000e+01  0.000000e+00
      vertex -1.955431e+00 -1.234610e+01  0.000000e+00
      vertex -2.918067e+00 -1.215462e+01  0.000000e+00
    endloop
  endfacet
  facet normal  0.000000e+00  0.000000e+00 -1.000000e+00
    outer loop
      vertex -2.296213e-15 -1.250000e+01  0.000000e+00
      vertex -2.918067e+00 -1.215462e+01  0.000000e+00
      vertex -3.862712e+00 -1.188821e+01  0.000000e+00
    endloop
  endfacet
  facet normal  0.000000e+00  0.000000e+00 -1.000000e+00
    outer loop
      vertex -2.296213e-15 -1.250000e+01  0.000000e+00
      vertex -3.862712e+00 -1.188821e+01  0.000000e+00
      vertex -4.783543e+00 -1.154849e+01  0.000000e+00
    endloop
  endfacet
  facet normal  0.000000e+00  0.000000e+00 -1.000000e+00
    outer loop
      vertex -2.296213e-15 -1.250000e+01  0.000000e+00
      vertex -4.783543e+00 -1.154849e+01  0.000000e+00
      vertex -5.674881e+00 -1.113758e+01  0.000000e+00
    endloop
  endfacet
  facet normal  0.000000e+00  0.000000e+00 -1.000000e+00
    outer loop
      vertex -2.296213e-15 -1.250000e+01  0.000000e+00
      vertex -5.674881e+00 -1.113758e+01  0.000000e+00
      vertex -6.531232e+00 -1.065800e+01  0.000000e+00
    endloop
  endfacet
  facet normal  0.000000e+00  0.000000e+00 -1.000000e+00
    outer loop
      vertex -2.296213e-15 -1.250000e+01  0.000000e+00
      vertex -6.531232e+00 -1.065800e+01  0.000000e+00
      vertex -7.347316e+00 -1.011271e+01  0.000000e+00
    endloop
  endfacet
  facet normal  0.000000e+00  0.000000e+00 -1.000000e+00
    outer loop
      vertex -2.296213e-15 -1.250000e+01  0.000000e+00
      vertex -7.347316e+00 -1.011271e+01  0.000000e+00
      vertex -8.118100e+00 -9.505075e+00  0.000000e+00
    endloop
  endfacet
  facet normal  0.000000e+00  0.000000e+00 -1.000000e+00
    outer loop
      vertex -2.296213e-15 -1.250000e+01  0.000000e+00
      vertex -8.118100e+00 -9.505075e+00  0.000000e+00
      vertex -8.838835e+00 -8.838835e+00  0.000000e+00
    endloop
  endfacet
  facet normal  0.000000e+00  0.000000e+00 -1.000000e+00
    outer loop
      vertex -2.296213e-15 -1.250000e+01  0.000000e+00
      vertex -8.838835e+00 -8.838835e+00  0.000000e+00
      vertex -9.505075e+00 -8.118100e+00  0.000000e+00
    endloop
  endfacet
  facet normal  0.000000e+00  0.000000e+00 -1.000000e+00
    outer loop
      vertex -2.296213e-15 -1.250000e+01  0.000000e+00
      vertex -9.505075e+00 -8.118100e+00  0.000000e+00
      vertex -1.011271e+01 -7.347316e+00  0.000000e+00
    endloop
  endfacet
  facet normal  0.000000e+00  0.000000e+00 -1.000000e+00
    outer loop
      vertex -2.296213e-15 -1.250000e+01  0.000000e+00
      vertex -1.011271e+01 -7.347316e+00  0.000000e+00
      vertex -1.065800e+01 -6.531232e+00  0.000000e+00
    endloop
  endfacet
  facet normal  0.000000e+00  0.000000e+00 -9.999999e-01
    outer loop
      vertex -2.296213e-15 -1.250000e+01  0.000000e+00
      vertex -1.065800e+01 -6.531232e+00  0.000000e+00
      vertex -1.113758e+01 -5.674881e+00  0.000000e+00
    endloop
  endfacet
  facet normal  0.000000e+00  0.000000e+00 -1.000000e+00
    outer loop
      vertex -2.296213e-15 -1.250000e+01  0.000000e+00
      vertex -1.113758e+01 -5.674881e+00  0.000000e+00
      vertex -1.154849e+01 -4.783543e+00  0.000000e+00
    endloop
  endfacet
  facet normal  0.000000e+00  0.000000e+00 -1.000000e+00
    outer loop
      vertex -2.296213e-15 -1.250000e+01  0.000000e+00
      vertex -1.154849e+01 -4.783543e+00  0.000000e+00
      vertex -1.188821e+01 -3.862712e+00  0.000000e+00
    endloop
  endfacet
  facet normal  0.000000e+00  0.000000e+00 -1.000000e+00
    outer loop
      vertex -2.296213e-15 -1.250000e+01  0.000000e+00
      vertex -1.188821e+01 -3.862712e+00  0.000000e+00
      vertex  0.000000e+00 -3.000000e+00  0.000000e+00
    endloop
  endfacet
  facet normal  0.000000e+00  0.000000e+00 -1.000000e+00
    outer loop
      vertex -2.673020e+00  1.361971e+00  0.000000e+00
      vertex -2.853169e+00  9.270510e-01  0.000000e+00
      vertex -1.246147e+01  9.807387e-01  0.000000e+00
    endloop
  endfacet
  facet normal  0.000000e+00  0.000000e+00 -1.000000e+00
    outer loop
      vertex -1.246147e+01  9.807387e-01  0.000000e+00
      vertex -2.853169e+00  9.270510e-01  0.000000e+00
      vertex -2.963065e+00  4.693034e-01  0.000000e+00
    endloop
  endfacet
  facet normal  -0.000000e+00  0.000000e+00 -1.000000e+00
    outer loop
      vertex -1.246147e+01  9.807387e-01  0.000000e+00
      vertex -2.963065e+00  4.693034e-01  0.000000e+00
      vertex -1.250000e+01  1.530808e-15  0.000000e+00
    endloop
  endfacet
  facet normal  6.343933e-01  7.730104e-01  0.000000e+00
    outer loop
      vertex -1.414214e+00 -1.414214e+00  1.000000e+00
      vertex -1.111140e+00 -1.662939e+00  7.000000e+00
      vertex -1.111140e+00 -1.662939e+00  1.000000e+00
    endloop
  endfacet
  facet normal  4.713967e-01  8.819214e-01  -0.000000e+00
    outer loop
      vertex -1.111140e+00 -1.662939e+00  1.000000e+00
      vertex -1.111140e+00 -1.662939e+00  7.000000e+00
      vertex -7.653669e-01 -1.847759e+00  7.000000e+00
    endloop
  endfacet
  facet normal  4.713967e-01  8.819214e-01  0.000000e+00
    outer loop
      vertex -1.111140e+00 -1.662939e+00  1.000000e+00
      vertex -7.653669e-01 -1.847759e+00  7.000000e+00
      vertex -7.653669e-01 -1.847759e+00  1.000000e+00
    endloop
  endfacet
  facet normal  2.902847e-01  9.569404e-01  -0.000000e+00
    outer loop
      vertex -7.653669e-01 -1.847759e+00  1.000000e+00
      vertex -7.653669e-01 -1.847759e+00  7.000000e+00
      vertex -3.901806e-01 -1.961571e+00  7.000000e+00
    endloop
  endfacet
  facet normal  2.902847e-01  9.569404e-01  0.000000e+00
    outer loop
      vertex -7.653669e-01 -1.847759e+00  1.000000e+00
      vertex -3.901806e-01 -1.961571e+00  7.000000e+00
      vertex -3.901806e-01 -1.961571e+00  1.000000e+00
    endloop
  endfacet
  facet normal  9.801729e-02  9.951848e-01  -0.000000e+00
    outer loop
      vertex -3.901806e-01 -1.961571e+00  1.000000e+00
      vertex -3.901806e-01 -1.961571e+00  7.000000e+00
      vertex  0.000000e+00 -2.000000e+00  7.000000e+00
    endloop
  endfacet
  facet normal  9.801729e-02  9.951848e-01  0.000000e+00
    outer loop
      vertex -3.901806e-01 -1.961571e+00  1.000000e+00
      vertex  0.000000e+00 -2.000000e+00  7.000000e+00
      vertex  0.000000e+00 -2.000000e+00  1.000000e+00
    endloop
  endfacet
  facet normal  6.343933e-01  7.730104e-01  -0.000000e+00
    outer loop
      vertex -1.111140e+00 -1.662939e+00  7.000000e+00
      vertex -1.414214e+00 -1.414214e+00  1.000000e+00
      vertex -1.414214e+00 -1.414214e+00  7.000000e+00
    endloop
  endfacet
  facet normal  7.730104e-01  6.343933e-01  0.000000e+00
    outer loop
      vertex -1.414214e+00 -1.414214e+00  7.000000e+00
      vertex -1.414214e+00 -1.414214e+00  1.000000e+00
      vertex -1.662939e+00 -1.111140e+00  1.000000e+00
    endloop
  endfacet
  facet normal  7.730104e-01  6.343933e-01  -0.000000e+00
    outer loop
      vertex -1.414214e+00 -1.414214e+00  7.000000e+00
      vertex -1.662939e+00 -1.111140e+00  1.000000e+00
      vertex -1.662939e+00 -1.111140e+00  7.000000e+00
    endloop
  endfacet
  facet normal  8.819214e-01  4.713967e-01  0.000000e+00
    outer loop
      vertex -1.662939e+00 -1.111140e+00  7.000000e+00
      vertex -1.662939e+00 -1.111140e+00  1.000000e+00
      vertex -1.847759e+00 -7.653669e-01  1.000000e+00
    endloop
  endfacet
  facet normal  8.819214e-01  4.713967e-01  -0.000000e+00
    outer loop
      vertex -1.662939e+00 -1.111140e+00  7.000000e+00
      vertex -1.847759e+00 -7.653669e-01  1.000000e+00
      vertex -1.847759e+00 -7.653669e-01  7.000000e+00
    endloop
  endfacet
  facet normal  9.569404e-01  2.902847e-01  0.000000e+00
    outer loop
      vertex -1.847759e+00 -7.653669e-01  7.000000e+00
      vertex -1.847759e+00 -7.653669e-01  1.000000e+00
      vertex -1.961571e+00 -3.901806e-01  1.000000e+00
    endloop
  endfacet
  facet normal  9.569404e-01  2.902847e-01  -0.000000e+00
    outer loop
      vertex -1.847759e+00 -7.653669e-01  7.000000e+00
      vertex -1.961571e+00 -3.901806e-01  1.000000e+00
      vertex -1.961571e+00 -3.901806e-01  7.000000e+00
    endloop
  endfacet
  facet normal  9.951848e-01  9.801729e-02  0.000000e+00
    outer loop
      vertex -1.961571e+00 -3.901806e-01  7.000000e+00
      vertex -1.961571e+00 -3.901806e-01  1.000000e+00
      vertex -2.000000e+00  2.449294e-16  1.000000e+00
    endloop
  endfacet
  facet normal  9.951848e-01  9.801729e-02  -0.000000e+00
    outer loop
      vertex -1.961571e+00 -3.901806e-01  7.000000e+00
      vertex -2.000000e+00  2.449294e-16  1.000000e+00
      vertex -2.000000e+00  2.449294e-16  7.000000e+00
    endloop
  endfacet
  facet normal  7.730104e-01 -6.343933e-01  0.000000e+00
    outer loop
      vertex -1.414214e+00  1.414214e+00  1.000000e+00
      vertex -1.662939e+00  1.111140e+00  7.000000e+00
      vertex -1.662939e+00  1.111140e+00  1.000000e+00
    endloop
  endfacet
  facet normal  8.819214e-01 -4.713967e-01  0.000000e+00
    outer loop
      vertex -1.662939e+00  1.111140e+00  1.000000e+00
      vertex -1.662939e+00  1.111140e+00  7.000000e+00
      vertex -1.847759e+00  7.653669e-01  7.000000e+00
    endloop
  endfacet
  facet normal  8.819214e-01 -4.713967e-01  0.000000e+00
    outer loop
      vertex -1.662939e+00  1.111140e+00  1.000000e+00
      vertex -1.847759e+00  7.653669e-01  7.000000e+00
      vertex -1.847759e+00  7.653669e-01  1.000000e+00
    endloop
  endfacet
  facet normal  9.569404e-01 -2.902847e-01  0.000000e+00
    outer loop
      vertex -1.847759e+00  7.653669e-01  1.000000e+00
      vertex -1.847759e+00  7.653669e-01  7.000000e+00
      vertex -1.961571e+00  3.901806e-01  7.000000e+00
    endloop
  endfacet
  facet normal  9.569404e-01 -2.902847e-01  0.000000e+00
    outer loop
      vertex -1.847759e+00  7.653669e-01  1.000000e+00
      vertex -1.961571e+00  3.901806e-01  7.000000e+00
      vertex -1.961571e+00  3.901806e-01  1.000000e+00
    endloop
  endfacet
  facet normal  9.951848e-01 -9.801729e-02  0.000000e+00
    outer loop
      vertex -1.961571e+00  3.901806e-01  1.000000e+00
      vertex -1.961571e+00  3.901806e-01  7.000000e+00
      vertex -2.000000e+00  2.449294e-16  7.000000e+00
    endloop
  endfacet
  facet normal  9.951848e-01 -9.801729e-02  0.000000e+00
    outer loop
      vertex -1.961571e+00  3.901806e-01  1.000000e+00
      vertex -2.000000e+00  2.449294e-16  7.000000e+00
      vertex -2.000000e+00  2.449294e-16  1.000000e+00
    endloop
  endfacet
  facet normal  7.730104e-01 -6.343933e-01  0.000000e+00
    outer loop
      vertex -1.662939e+00  1.111140e+00  7.000000e+00
      vertex -1.414214e+00  1.414214e+00  1.000000e+00
      vertex -1.414214e+00  1.414214e+00  7.000000e+00
    endloop
  endfacet
  facet normal  6.343933e-01 -7.730104e-01  0.000000e+00
    outer loop
      vertex -1.414214e+00  1.414214e+00  7.000000e+00
      vertex -1.414214e+00  1.414214e+00  1.000000e+00
      vertex -1.111140e+00  1.662939e+00  1.000000e+00
    endloop
  endfacet
  facet normal  6.343933e-01 -7.730104e-01  0.000000e+00
    outer loop
      vertex -1.414214e+00  1.414214e+00  7.000000e+00
      vertex -1.111140e+00  1.662939e+00  1.000000e+00
      vertex -1.111140e+00  1.662939e+00  7.000000e+00
    endloop
  endfacet
  facet normal  4.713967e-01 -8.819214e-01  0.000000e+00
    outer loop
      vertex -1.111140e+00  1.662939e+00  7.000000e+00
      vertex -1.111140e+00  1.662939e+00  1.000000e+00
      vertex -7.653669e-01  1.847759e+00  1.000000e+00
    endloop
  endfacet
  facet normal  4.713967e-01 -8.819214e-01  0.000000e+00
    outer loop
      vertex -1.111140e+00  1.662939e+00  7.000000e+00
      vertex -7.653669e-01  1.847759e+00  1.000000e+00
      vertex -7.653669e-01  1.847759e+00  7.000000e+00
    endloop
  endfacet
  facet normal  2.902847e-01 -9.569404e-01  0.000000e+00
    outer loop
      vertex -7.653669e-01  1.847759e+00  7.000000e+00
      vertex -7.653669e-01  1.847759e+00  1.000000e+00
      vertex -3.901806e-01  1.961571e+00  1.000000e+00
    endloop
  endfacet
  facet normal  2.902847e-01 -9.569404e-01  0.000000e+00
    outer loop
      vertex -7.653669e-01  1.847759e+00  7.000000e+00
      vertex -3.901806e-01  1.961571e+00  1.000000e+00
      vertex -3.901806e-01  1.961571e+00  7.000000e+00
    endloop
  endfacet
  facet normal  9.801729e-02 -9.951848e-01  0.000000e+00
    outer loop
      vertex -3.901806e-01  1.961571e+00  7.000000e+00
      vertex -3.901806e-01  1.961571e+00  1.000000e+00
      vertex  0.000000e+00  2.000000e+00  1.000000e+00
    endloop
  endfacet
  facet normal  9.801729e-02 -9.951848e-01  0.000000e+00
    outer loop
      vertex -3.901806e-01  1.961571e+00  7.000000e+00
      vertex  0.000000e+00  2.000000e+00  1.000000e+00
      vertex  0.000000e+00  2.000000e+00  7.000000e+00
    endloop
  endfacet
  facet normal -7.068340e-01  2.777150e-02  7.068343e-01
    outer loop
      vertex -1.250000e+01  1.530808e-15  1.500000e+00
      vertex -1.196301e+01  9.415091e-01  2.000000e+00
      vertex -1.246147e+01  9.807387e-01  1.500000e+00
    endloop
  endfacet
  facet normal -7.024760e-01  8.314379e-02  7.068341e-01
    outer loop
      vertex -1.246147e+01  9.807387e-01  1.500000e+00
      vertex -1.196301e+01  9.415091e-01  2.000000e+00
      vertex -1.185226e+01  1.877214e+00  2.000000e+00
    endloop
  endfacet
  facet normal -7.024756e-01  8.314329e-02  7.068346e-01
    outer loop
      vertex -1.246147e+01  9.807387e-01  1.500000e+00
      vertex -1.185226e+01  1.877214e+00  2.000000e+00
      vertex -1.234610e+01  1.955431e+00  1.500000e+00
    endloop
  endfacet
  facet normal -6.937868e-01  1.380025e-01  7.068346e-01
    outer loop
      vertex -1.234610e+01  1.955431e+00  1.500000e+00
      vertex -1.185226e+01  1.877214e+00  2.000000e+00
      vertex -1.166844e+01  2.801344e+00  2.000000e+00
    endloop
  endfacet
  facet normal -6.937872e-01  1.380031e-01  7.068341e-01
    outer loop
      vertex -1.234610e+01  1.955431e+00  1.500000e+00
      vertex -1.166844e+01  2.801344e+00  2.000000e+00
      vertex -1.215462e+01  2.918067e+00  1.500000e+00
    endloop
  endfacet
  facet normal -6.808209e-01  1.920116e-01  7.068341e-01
    outer loop
      vertex -1.215462e+01  2.918067e+00  1.500000e+00
      vertex -1.166844e+01  2.801344e+00  2.000000e+00
      vertex -1.141268e+01  3.708204e+00  2.000000e+00
    endloop
  endfacet
  facet normal -6.808208e-01  1.920113e-01  7.068344e-01
    outer loop
      vertex -1.215462e+01  2.918067e+00  1.500000e+00
      vertex -1.141268e+01  3.708204e+00  2.000000e+00
      vertex -1.188821e+01  3.862712e+00  1.500000e+00
    endloop
  endfacet
  facet normal -6.636571e-01  2.448356e-01  7.068343e-01
    outer loop
      vertex -1.188821e+01  3.862712e+00  1.500000e+00
      vertex -1.141268e+01  3.708204e+00  2.000000e+00
      vertex -1.108655e+01  4.592201e+00  2.000000e+00
    endloop
  endfacet
  facet normal -6.636572e-01  2.448359e-01  7.068341e-01
    outer loop
      vertex -1.188821e+01  3.862712e+00  1.500000e+00
      vertex -1.108655e+01  4.592201e+00  2.000000e+00
      vertex -1.154849e+01  4.783543e+00  1.500000e+00
    endloop
  endfacet
  facet normal -6.424017e-01  2.961511e-01  7.068341e-01
    outer loop
      vertex -1.154849e+01  4.783543e+00  1.500000e+00
      vertex -1.108655e+01  4.592201e+00  2.000000e+00
      vertex -1.069208e+01  5.447886e+00  2.000000e+00
    endloop
  endfacet
  facet normal -6.424018e-01  2.961512e-01  7.068341e-01
    outer loop
      vertex -1.154849e+01  4.783543e+00  1.500000e+00
      vertex -1.069208e+01  5.447886e+00  2.000000e+00
      vertex -1.113758e+01  5.674881e+00  1.500000e+00
    endloop
  endfacet
  facet normal -6.171856e-01  3.456408e-01  7.068341e-01
    outer loop
      vertex -1.113758e+01  5.674881e+00  1.500000e+00
      vertex -1.069208e+01  5.447886e+00  2.000000e+00
      vertex -1.023168e+01  6.269983e+00  2.000000e+00
    endloop
  endfacet
  facet normal -6.171855e-01  3.456410e-01  7.068340e-01
    outer loop
      vertex -1.113758e+01  5.674881e+00  1.500000e+00
      vertex -1.023168e+01  6.269983e+00  2.000000e+00
      vertex -1.065800e+01  6.531232e+00  1.500000e+00
    endloop
  endfacet
  facet normal -5.881647e-01  3.929988e-01  7.068340e-01
    outer loop
      vertex -1.065800e+01  6.531232e+00  1.500000e+00
      vertex -1.023168e+01  6.269983e+00  2.000000e+00
      vertex -9.708204e+00  7.053423e+00  2.000000e+00
    endloop
  endfacet
  facet normal -5.881647e-01  3.929985e-01  7.068343e-01
    outer loop
      vertex -1.065800e+01  6.531232e+00  1.500000e+00
      vertex -9.708204e+00  7.053423e+00  2.000000e+00
      vertex -1.011271e+01  7.347316e+00  1.500000e+00
    endloop
  endfacet
  facet normal -5.555167e-01  4.379345e-01  7.068343e-01
    outer loop
      vertex -1.011271e+01  7.347316e+00  1.500000e+00
      vertex -9.708204e+00  7.053423e+00  2.000000e+00
      vertex -9.124871e+00  7.793376e+00  2.000000e+00
    endloop
  endfacet
  facet normal -5.555167e-01  4.379347e-01  7.068341e-01
    outer loop
      vertex -1.011271e+01  7.347316e+00  1.500000e+00
      vertex -9.124871e+00  7.793376e+00  2.000000e+00
      vertex -9.505075e+00  8.118100e+00  1.500000e+00
    endloop
  endfacet
  facet normal -5.194445e-01  4.801698e-01  7.068340e-01
    outer loop
      vertex -9.505075e+00  8.118100e+00  1.500000e+00
      vertex -9.124871e+00  7.793376e+00  2.000000e+00
      vertex -8.485281e+00  8.485281e+00  2.000000e+00
    endloop
  endfacet
  facet normal -5.194445e-01  4.801692e-01  7.068344e-01
    outer loop
      vertex -9.505075e+00  8.118100e+00  1.500000e+00
      vertex -8.485281e+00  8.485281e+00  2.000000e+00
      vertex -8.838835e+00  8.838835e+00  1.500000e+00
    endloop
  endfacet
  facet normal -4.801696e-01  5.194443e-01  7.068344e-01
    outer loop
      vertex -8.838835e+00  8.838835e+00  1.500000e+00
      vertex -8.485281e+00  8.485281e+00  2.000000e+00
      vertex -7.793376e+00  9.124871e+00  2.000000e+00
    endloop
  endfacet
  facet normal -4.801695e-01  5.194448e-01  7.068341e-01
    outer loop
      vertex -8.838835e+00  8.838835e+00  1.500000e+00
      vertex -7.793376e+00  9.124871e+00  2.000000e+00
      vertex -8.118100e+00  9.505075e+00  1.500000e+00
    endloop
  endfacet
  facet normal -4.379346e-01  5.555168e-01  7.068341e-01
    outer loop
      vertex -8.118100e+00  9.505075e+00  1.500000e+00
      vertex -7.793376e+00  9.124871e+00  2.000000e+00
      vertex -7.053423e+00  9.708204e+00  2.000000e+00
    endloop
  endfacet
  facet normal -4.379346e-01  5.555166e-01  7.068343e-01
    outer loop
      vertex -8.118100e+00  9.505075e+00  1.500000e+00
      vertex -7.053423e+00  9.708204e+00  2.000000e+00
      vertex -7.347316e+00  1.011271e+01  1.500000e+00
    endloop
  endfacet
  facet normal -3.929987e-01  5.881645e-01  7.068341e-01
    outer loop
      vertex -7.347316e+00  1.011271e+01  1.500000e+00
      vertex -7.053423e+00  9.708204e+00  2.000000e+00
      vertex -6.269983e+00  1.023168e+01  2.000000e+00
    endloop
  endfacet
  facet normal -3.929986e-01  5.881648e-01  7.068340e-01
    outer loop
      vertex -7.347316e+00  1.011271e+01  1.500000e+00
      vertex -6.269983e+00  1.023168e+01  2.000000e+00
      vertex -6.531232e+00  1.065800e+01  1.500000e+00
    endloop
  endfacet
  facet normal -3.456409e-01  6.171857e-01  7.068340e-01
    outer loop
      vertex -6.531232e+00  1.065800e+01  1.500000e+00
      vertex -6.269983e+00  1.023168e+01  2.000000e+00
      vertex -5.447886e+00  1.069208e+01  2.000000e+00
    endloop
  endfacet
  facet normal -3.456409e-01  6.171855e-01  7.068341e-01
    outer loop
      vertex -6.531232e+00  1.065800e+01  1.500000e+00
      vertex -5.447886e+00  1.069208e+01  2.000000e+00
      vertex -5.674881e+00  1.113758e+01  1.500000e+00
    endloop
  endfacet
  facet normal -2.961512e-01  6.424018e-01  7.068341e-01
    outer loop
      vertex -5.674881e+00  1.113758e+01  1.500000e+00
      vertex -5.447886e+00  1.069208e+01  2.000000e+00
      vertex -4.592201e+00  1.108655e+01  2.000000e+00
    endloop
  endfacet
  facet normal -2.961512e-01  6.424018e-01  7.068341e-01
    outer loop
      vertex -5.674881e+00  1.113758e+01  1.500000e+00
      vertex -4.592201e+00  1.108655e+01  2.000000e+00
      vertex -4.783543e+00  1.154849e+01  1.500000e+00
    endloop
  endfacet
  facet normal -2.448357e-01  6.636573e-01  7.068341e-01
    outer loop
      vertex -4.783543e+00  1.154849e+01  1.500000e+00
      vertex -4.592201e+00  1.108655e+01  2.000000e+00
      vertex -3.708204e+00  1.141268e+01  2.000000e+00
    endloop
  endfacet
  facet normal -2.448358e-01  6.636571e-01  7.068344e-01
    outer loop
      vertex -4.783543e+00  1.154849e+01  1.500000e+00
      vertex -3.708204e+00  1.141268e+01  2.000000e+00
      vertex -3.862712e+00  1.188821e+01  1.500000e+00
    endloop
  endfacet
  facet normal -1.920115e-01  6.808206e-01  7.068343e-01
    outer loop
      vertex -3.862712e+00  1.188821e+01  1.500000e+00
      vertex -3.708204e+00  1.141268e+01  2.000000e+00
      vertex -2.801344e+00  1.166844e+01  2.000000e+00
    endloop
  endfacet
  facet normal -1.920113e-01  6.808210e-01  7.068341e-01
    outer loop
      vertex -3.862712e+00  1.188821e+01  1.500000e+00
      vertex -2.801344e+00  1.166844e+01  2.000000e+00
      vertex -2.918067e+00  1.215462e+01  1.500000e+00
    endloop
  endfacet
  facet normal -1.380026e-01  6.937873e-01  7.068341e-01
    outer loop
      vertex -2.918067e+00  1.215462e+01  1.500000e+00
      vertex -2.801344e+00  1.166844e+01  2.000000e+00
      vertex -1.877214e+00  1.185226e+01  2.000000e+00
    endloop
  endfacet
  facet normal -1.380031e-01  6.937867e-01  7.068346e-01
    outer loop
      vertex -2.918067e+00  1.215462e+01  1.500000e+00
      vertex -1.877214e+00  1.185226e+01  2.000000e+00
      vertex -1.955431e+00  1.234610e+01  1.500000e+00
    endloop
  endfacet
  facet normal -8.314375e-02  7.024756e-01  7.068347e-01
    outer loop
      vertex -1.955431e+00  1.234610e+01  1.500000e+00
      vertex -1.877214e+00  1.185226e+01  2.000000e+00
      vertex -9.415091e-01  1.196301e+01  2.000000e+00
    endloop
  endfacet
  facet normal -8.314334e-02  7.024761e-01  7.068342e-01
    outer loop
      vertex -1.955431e+00  1.234610e+01  1.500000e+00
      vertex -9.415091e-01  1.196301e+01  2.000000e+00
      vertex -9.807387e-01  1.246147e+01  1.500000e+00
    endloop
  endfacet
  facet normal -2.777164e-02  7.068340e-01  7.068342e-01
    outer loop
      vertex -9.807387e-01  1.246147e+01  1.500000e+00
      vertex -9.415091e-01  1.196301e+01  2.000000e+00
      vertex  0.000000e+00  1.200000e+01  2.000000e+00
    endloop
  endfacet
  facet normal -2.777150e-02  7.068341e-01  7.068341e-01
    outer loop
      vertex -9.807387e-01  1.246147e+01  1.500000e+00
      vertex  0.000000e+00  1.200000e+01  2.000000e+00
      vertex  0.000000e+00  1.250000e+01  1.500000e+00
    endloop
  endfacet
  facet normal -7.068341e-01  2.777164e-02  7.068341e-01
    outer loop
      vertex -1.196301e+01  9.415091e-01  2.000000e+00
      vertex -1.250000e+01  1.530808e-15  1.500000e+00
      vertex -1.200000e+01 -5.193698e-15  2.000000e+00
    endloop
  endfacet
  facet normal -7.068341e-01 -2.777150e-02  7.068341e-01
    outer loop
      vertex -1.200000e+01 -5.193698e-15  2.000000e+00
      vertex -1.250000e+01  1.530808e-15  1.500000e+00
      vertex -1.246147e+01 -9.807387e-01  1.500000e+00
    endloop
  endfacet
  facet normal -7.068340e-01 -2.777164e-02  7.068342e-01
    outer loop
      vertex -1.200000e+01 -5.193698e-15  2.000000e+00
      vertex -1.246147e+01 -9.807387e-01  1.500000e+00
      vertex -1.196301e+01 -9.415091e-01  2.000000e+00
    endloop
  endfacet
  facet normal -7.024761e-01 -8.314334e-02  7.068342e-01
    outer loop
      vertex -1.196301e+01 -9.415091e-01  2.000000e+00
      vertex -1.246147e+01 -9.807387e-01  1.500000e+00
      vertex -1.234610e+01 -1.955431e+00  1.500000e+00
    endloop
  endfacet
  facet normal -7.024756e-01 -8.314375e-02  7.068347e-01
    outer loop
      vertex -1.196301e+01 -9.415091e-01  2.000000e+00
      vertex -1.234610e+01 -1.955431e+00  1.500000e+00
      vertex -1.185226e+01 -1.877214e+00  2.000000e+00
    endloop
  endfacet
  facet normal -6.937867e-01 -1.380031e-01  7.068346e-01
    outer loop
      vertex -1.185226e+01 -1.877214e+00  2.000000e+00
      vertex -1.234610e+01 -1.955431e+00  1.500000e+00
      vertex -1.215462e+01 -2.918067e+00  1.500000e+00
    endloop
  endfacet
  facet normal -6.937873e-01 -1.380026e-01  7.068341e-01
    outer loop
      vertex -1.185226e+01 -1.877214e+00  2.000000e+00
      vertex -1.215462e+01 -2.918067e+00  1.500000e+00
      vertex -1.166844e+01 -2.801344e+00  2.000000e+00
    endloop
  endfacet
  facet normal -6.808210e-01 -1.920113e-01  7.068341e-01
    outer loop
      vertex -1.166844e+01 -2.801344e+00  2.000000e+00
      vertex -1.215462e+01 -2.918067e+00  1.500000e+00
      vertex -1.188821e+01 -3.862712e+00  1.500000e+00
    endloop
  endfacet
  facet normal -6.808206e-01 -1.920115e-01  7.068343e-01
    outer loop
      vertex -1.166844e+01 -2.801344e+00  2.000000e+00
      vertex -1.188821e+01 -3.862712e+00  1.500000e+00
      vertex -1.141268e+01 -3.708204e+00  2.000000e+00
    endloop
  endfacet
  facet normal -6.636571e-01 -2.448358e-01  7.068344e-01
    outer loop
      vertex -1.141268e+01 -3.708204e+00  2.000000e+00
      vertex -1.188821e+01 -3.862712e+00  1.500000e+00
      vertex -1.154849e+01 -4.783543e+00  1.500000e+00
    endloop
  endfacet
  facet normal -6.636573e-01 -2.448357e-01  7.068341e-01
    outer loop
      vertex -1.141268e+01 -3.708204e+00  2.000000e+00
      vertex -1.154849e+01 -4.783543e+00  1.500000e+00
      vertex -1.108655e+01 -4.592201e+00  2.000000e+00
    endloop
  endfacet
  facet normal -6.424018e-01 -2.961512e-01  7.068341e-01
    outer loop
      vertex -1.108655e+01 -4.592201e+00  2.000000e+00
      vertex -1.154849e+01 -4.783543e+00  1.500000e+00
      vertex -1.113758e+01 -5.674881e+00  1.500000e+00
    endloop
  endfacet
  facet normal -6.424018e-01 -2.961512e-01  7.068341e-01
    outer loop
      vertex -1.108655e+01 -4.592201e+00  2.000000e+00
      vertex -1.113758e+01 -5.674881e+00  1.500000e+00
      vertex -1.069208e+01 -5.447886e+00  2.000000e+00
    endloop
  endfacet
  facet normal -6.171855e-01 -3.456409e-01  7.068341e-01
    outer loop
      vertex -1.069208e+01 -5.447886e+00  2.000000e+00
      vertex -1.113758e+01 -5.674881e+00  1.500000e+00
      vertex -1.065800e+01 -6.531232e+00  1.500000e+00
    endloop
  endfacet
  facet normal -6.171857e-01 -3.456409e-01  7.068340e-01
    outer loop
      vertex -1.069208e+01 -5.447886e+00  2.000000e+00
      vertex -1.065800e+01 -6.531232e+00  1.500000e+00
      vertex -1.023168e+01 -6.269983e+00  2.000000e+00
    endloop
  endfacet
  facet normal -5.881648e-01 -3.929986e-01  7.068340e-01
    outer loop
      vertex -1.023168e+01 -6.269983e+00  2.000000e+00
      vertex -1.065800e+01 -6.531232e+00  1.500000e+00
      vertex -1.011271e+01 -7.347316e+00  1.500000e+00
    endloop
  endfacet
  facet normal -5.881645e-01 -3.929987e-01  7.068341e-01
    outer loop
      vertex -1.023168e+01 -6.269983e+00  2.000000e+00
      vertex -1.011271e+01 -7.347316e+00  1.500000e+00
      vertex -9.708204e+00 -7.053423e+00  2.000000e+00
    endloop
  endfacet
  facet normal -5.555166e-01 -4.379346e-01  7.068343e-01
    outer loop
      vertex -9.708204e+00 -7.053423e+00  2.000000e+00
      vertex -1.011271e+01 -7.347316e+00  1.500000e+00
      vertex -9.505075e+00 -8.118100e+00  1.500000e+00
    endloop
  endfacet
  facet normal -5.555168e-01 -4.379346e-01  7.068341e-01
    outer loop
      vertex -9.708204e+00 -7.053423e+00  2.000000e+00
      vertex -9.505075e+00 -8.118100e+00  1.500000e+00
      vertex -9.124871e+00 -7.793376e+00  2.000000e+00
    endloop
  endfacet
  facet normal -5.194448e-01 -4.801695e-01  7.068341e-01
    outer loop
      vertex -9.124871e+00 -7.793376e+00  2.000000e+00
      vertex -9.505075e+00 -8.118100e+00  1.500000e+00
      vertex -8.838835e+00 -8.838835e+00  1.500000e+00
    endloop
  endfacet
  facet normal -5.194443e-01 -4.801696e-01  7.068344e-01
    outer loop
      vertex -9.124871e+00 -7.793376e+00  2.000000e+00
      vertex -8.838835e+00 -8.838835e+00  1.500000e+00
      vertex -8.485281e+00 -8.485281e+00  2.000000e+00
    endloop
  endfacet
  facet normal -4.801692e-01 -5.194445e-01  7.068344e-01
    outer loop
      vertex -8.485281e+00 -8.485281e+00  2.000000e+00
      vertex -8.838835e+00 -8.838835e+00  1.500000e+00
      vertex -8.118100e+00 -9.505075e+00  1.500000e+00
    endloop
  endfacet
  facet normal -4.801698e-01 -5.194445e-01  7.068340e-01
    outer loop
      vertex -8.485281e+00 -8.485281e+00  2.000000e+00
      vertex -8.118100e+00 -9.505075e+00  1.500000e+00
      vertex -7.793376e+00 -9.124871e+00  2.000000e+00
    endloop
  endfacet
  facet normal -4.379347e-01 -5.555167e-01  7.068341e-01
    outer loop
      vertex -7.793376e+00 -9.124871e+00  2.000000e+00
      vertex -8.118100e+00 -9.505075e+00  1.500000e+00
      vertex -7.347316e+00 -1.011271e+01  1.500000e+00
    endloop
  endfacet
  facet normal -4.379345e-01 -5.555167e-01  7.068343e-01
    outer loop
      vertex -7.793376e+00 -9.124871e+00  2.000000e+00
      vertex -7.347316e+00 -1.011271e+01  1.500000e+00
      vertex -7.053423e+00 -9.708204e+00  2.000000e+00
    endloop
  endfacet
  facet normal -3.929985e-01 -5.881647e-01  7.068343e-01
    outer loop
      vertex -7.053423e+00 -9.708204e+00  2.000000e+00
      vertex -7.347316e+00 -1.011271e+01  1.500000e+00
      vertex -6.531232e+00 -1.065800e+01  1.500000e+00
    endloop
  endfacet
  facet normal -3.929988e-01 -5.881647e-01  7.068340e-01
    outer loop
      vertex -7.053423e+00 -9.708204e+00  2.000000e+00
      vertex -6.531232e+00 -1.065800e+01  1.500000e+00
      vertex -6.269983e+00 -1.023168e+01  2.000000e+00
    endloop
  endfacet
  facet normal -3.456410e-01 -6.171855e-01  7.068340e-01
    outer loop
      vertex -6.269983e+00 -1.023168e+01  2.000000e+00
      vertex -6.531232e+00 -1.065800e+01  1.500000e+00
      vertex -5.674881e+00 -1.113758e+01  1.500000e+00
    endloop
  endfacet
  facet normal -3.456408e-01 -6.171856e-01  7.068341e-01
    outer loop
      vertex -6.269983e+00 -1.023168e+01  2.000000e+00
      vertex -5.674881e+00 -1.113758e+01  1.500000e+00
      vertex -5.447886e+00 -1.069208e+01  2.000000e+00
    endloop
  endfacet
  facet normal -2.961512e-01 -6.424018e-01  7.068341e-01
    outer loop
      vertex -5.447886e+00 -1.069208e+01  2.000000e+00
      vertex -5.674881e+00 -1.113758e+01  1.500000e+00
      vertex -4.783543e+00 -1.154849e+01  1.500000e+00
    endloop
  endfacet
  facet normal -2.961511e-01 -6.424017e-01  7.068341e-01
    outer loop
      vertex -5.447886e+00 -1.069208e+01  2.000000e+00
      vertex -4.783543e+00 -1.154849e+01  1.500000e+00
      vertex -4.592201e+00 -1.108655e+01  2.000000e+00
    endloop
  endfacet
  facet normal -2.448359e-01 -6.636572e-01  7.068341e-01
    outer loop
      vertex -4.592201e+00 -1.108655e+01  2.000000e+00
      vertex -4.783543e+00 -1.154849e+01  1.500000e+00
      vertex -3.862712e+00 -1.188821e+01  1.500000e+00
    endloop
  endfacet
  facet normal -2.448356e-01 -6.636571e-01  7.068343e-01
    outer loop
      vertex -4.592201e+00 -1.108655e+01  2.000000e+00
      vertex -3.862712e+00 -1.188821e+01  1.500000e+00
      vertex -3.708204e+00 -1.141268e+01  2.000000e+00
    endloop
  endfacet
  facet normal -1.920113e-01 -6.808208e-01  7.068344e-01
    outer loop
      vertex -3.708204e+00 -1.141268e+01  2.000000e+00
      vertex -3.862712e+00 -1.188821e+01  1.500000e+00
      vertex -2.918067e+00 -1.215462e+01  1.500000e+00
    endloop
  endfacet
  facet normal -1.920116e-01 -6.808209e-01  7.068341e-01
    outer loop
      vertex -3.708204e+00 -1.141268e+01  2.000000e+00
      vertex -2.918067e+00 -1.215462e+01  1.500000e+00
      vertex -2.801344e+00 -1.166844e+01  2.000000e+00
    endloop
  endfacet
  facet normal -1.380031e-01 -6.937872e-01  7.068341e-01
    outer loop
      vertex -2.801344e+00 -1.166844e+01  2.000000e+00
      vertex -2.918067e+00 -1.215462e+01  1.500000e+00
      vertex -1.955431e+00 -1.234610e+01  1.500000e+00
    endloop
  endfacet
  facet normal -1.380025e-01 -6.937868e-01  7.068346e-01
    outer loop
      vertex -2.801344e+00 -1.166844e+01  2.000000e+00
      vertex -1.955431e+00 -1.234610e+01  1.500000e+00
      vertex -1.877214e+00 -1.185226e+01  2.000000e+00
    endloop
  endfacet
  facet normal -8.314329e-02 -7.024756e-01  7.068346e-01
    outer loop
      vertex -1.877214e+00 -1.185226e+01  2.000000e+00
      vertex -1.955431e+00 -1.234610e+01  1.500000e+00
      vertex -9.807387e-01 -1.246147e+01  1.500000e+00
    endloop
  endfacet
  facet normal -8.314379e-02 -7.024760e-01  7.068341e-01
    outer loop
      vertex -1.877214e+00 -1.185226e+01  2.000000e+00
      vertex -9.807387e-01 -1.246147e+01  1.500000e+00
      vertex -9.415091e-01 -1.196301e+01  2.000000e+00
    endloop
  endfacet
  facet normal -2.777150e-02 -7.068340e-01  7.068343e-01
    outer loop
      vertex -9.415091e-01 -1.196301e+01  2.000000e+00
      vertex -9.807387e-01 -1.246147e+01  1.500000e+00
      vertex  0.000000e+00 -1.250000e+01  1.500000e+00
    endloop
  endfacet
  facet normal -2.777164e-02 -7.068341e-01  7.068341e-01
    outer loop
      vertex -9.415091e-01 -1.196301e+01  2.000000e+00
      vertex  0.000000e+00 -1.250000e+01  1.500000e+00
      vertex  0.000000e+00 -1.200000e+01  2.000000e+00
    endloop
  endfacet
  facet normal -3.925969e-02 -9.992290e-01  6.009907e-17
    outer loop
      vertex -2.296213e-15 -1.250000e+01  0.000000e+00
      vertex  0.000000e+00 -1.250000e+01  1.500000e+00
      vertex -9.807387e-01 -1.246147e+01  0.000000e+00
    endloop
  endfacet
  facet normal -3.925969e-02 -9.992290e-01  0.000000e+00
    outer loop
      vertex -9.807387e-01 -1.246147e+01  0.000000e+00
      vertex  0.000000e+00 -1.250000e+01  1.500000e+00
      vertex -9.807387e-01 -1.246147e+01  1.500000e+00
    endloop
  endfacet
  facet normal -1.175371e-01 -9.930685e-01  -0.000000e+00
    outer loop
      vertex -9.807387e-01 -1.246147e+01  0.000000e+00
      vertex -9.807387e-01 -1.246147e+01  1.500000e+00
      vertex -1.955431e+00 -1.234610e+01  0.000000e+00
    endloop
  endfacet
  facet normal -1.175371e-01 -9.930685e-01  0.000000e+00
    outer loop
      vertex -1.955431e+00 -1.234610e+01  0.000000e+00
      vertex -9.807387e-01 -1.246147e+01  1.500000e+00
      vertex -1.955431e+00 -1.234610e+01  1.500000e+00
    endloop
  endfacet
  facet normal -1.950907e-01 -9.807852e-01  -0.000000e+00
    outer loop
      vertex -1.955431e+00 -1.234610e+01  0.000000e+00
      vertex -1.955431e+00 -1.234610e+01  1.500000e+00
      vertex -2.918067e+00 -1.215462e+01  0.000000e+00
    endloop
  endfacet
  facet normal -1.950907e-01 -9.807852e-01  0.000000e+00
    outer loop
      vertex -2.918067e+00 -1.215462e+01  0.000000e+00
      vertex -1.955431e+00 -1.234610e+01  1.500000e+00
      vertex -2.918067e+00 -1.215462e+01  1.500000e+00
    endloop
  endfacet
  facet normal -2.714404e-01 -9.624552e-01  -0.000000e+00
    outer loop
      vertex -2.918067e+00 -1.215462e+01  0.000000e+00
      vertex -2.918067e+00 -1.215462e+01  1.500000e+00
      vertex -3.862712e+00 -1.188821e+01  0.000000e+00
    endloop
  endfacet
  facet normal -2.714404e-01 -9.624552e-01  0.000000e+00
    outer loop
      vertex -3.862712e+00 -1.188821e+01  0.000000e+00
      vertex -2.918067e+00 -1.215462e+01  1.500000e+00
      vertex -3.862712e+00 -1.188821e+01  1.500000e+00
    endloop
  endfacet
  facet normal -3.461169e-01 -9.381915e-01  -0.000000e+00
    outer loop
      vertex -3.862712e+00 -1.188821e+01  0.000000e+00
      vertex -3.862712e+00 -1.188821e+01  1.500000e+00
      vertex -4.783543e+00 -1.154849e+01  0.000000e+00
    endloop
  endfacet
  facet normal -3.461169e-01 -9.381915e-01  0.000000e+00
    outer loop
      vertex -4.783543e+00 -1.154849e+01  0.000000e+00
      vertex -3.862712e+00 -1.188821e+01  1.500000e+00
      vertex -4.783543e+00 -1.154849e+01  1.500000e+00
    endloop
  endfacet
  facet normal -4.186596e-01 -9.081432e-01  -0.000000e+00
    outer loop
      vertex -4.783543e+00 -1.154849e+01  0.000000e+00
      vertex -4.783543e+00 -1.154849e+01  1.500000e+00
      vertex -5.674881e+00 -1.113758e+01  0.000000e+00
    endloop
  endfacet
  facet normal -4.186596e-01 -9.081432e-01  0.000000e+00
    outer loop
      vertex -5.674881e+00 -1.113758e+01  0.000000e+00
      vertex -4.783543e+00 -1.154849e+01  1.500000e+00
      vertex -5.674881e+00 -1.113758e+01  1.500000e+00
    endloop
  endfacet
  facet normal -4.886217e-01 -8.724957e-01  -0.000000e+00
    outer loop
      vertex -5.674881e+00 -1.113758e+01  0.000000e+00
      vertex -5.674881e+00 -1.113758e+01  1.500000e+00
      vertex -6.531232e+00 -1.065800e+01  0.000000e+00
    endloop
  endfacet
  facet normal -4.886217e-01 -8.724957e-01  0.000000e+00
    outer loop
      vertex -6.531232e+00 -1.065800e+01  0.000000e+00
      vertex -5.674881e+00 -1.113758e+01  1.500000e+00
      vertex -6.531232e+00 -1.065800e+01  1.500000e+00
    endloop
  endfacet
  facet normal -5.555696e-01 -8.314699e-01  -0.000000e+00
    outer loop
      vertex -6.531232e+00 -1.065800e+01  0.000000e+00
      vertex -6.531232e+00 -1.065800e+01  1.500000e+00
      vertex -7.347316e+00 -1.011271e+01  0.000000e+00
    endloop
  endfacet
  facet normal -5.555696e-01 -8.314699e-01  0.000000e+00
    outer loop
      vertex -7.347316e+00 -1.011271e+01  0.000000e+00
      vertex -6.531232e+00 -1.065800e+01  1.500000e+00
      vertex -7.347316e+00 -1.011271e+01  1.500000e+00
    endloop
  endfacet
  facet normal -6.190946e-01 -7.853165e-01  -0.000000e+00
    outer loop
      vertex -7.347316e+00 -1.011271e+01  0.000000e+00
      vertex -7.347316e+00 -1.011271e+01  1.500000e+00
      vertex -8.118100e+00 -9.505075e+00  0.000000e+00
    endloop
  endfacet
  facet normal -6.190946e-01 -7.853165e-01  0.000000e+00
    outer loop
      vertex -8.118100e+00 -9.505075e+00  0.000000e+00
      vertex -7.347316e+00 -1.011271e+01  1.500000e+00
      vertex -8.118100e+00 -9.505075e+00  1.500000e+00
    endloop
  endfacet
  facet normal -6.788005e-01 -7.343227e-01  -0.000000e+00
    outer loop
      vertex -8.118100e+00 -9.505075e+00  0.000000e+00
      vertex -8.118100e+00 -9.505075e+00  1.500000e+00
      vertex -8.838835e+00 -8.838835e+00  0.000000e+00
    endloop
  endfacet
  facet normal -6.788005e-01 -7.343227e-01  0.000000e+00
    outer loop
      vertex -8.838835e+00 -8.838835e+00  0.000000e+00
      vertex -8.118100e+00 -9.505075e+00  1.500000e+00
      vertex -8.838835e+00 -8.838835e+00  1.500000e+00
    endloop
  endfacet
  facet normal -7.343227e-01 -6.788005e-01  -0.000000e+00
    outer loop
      vertex -8.838835e+00 -8.838835e+00  0.000000e+00
      vertex -8.838835e+00 -8.838835e+00  1.500000e+00
      vertex -9.505075e+00 -8.118100e+00  0.000000e+00
    endloop
  endfacet
  facet normal -7.343227e-01 -6.788005e-01  0.000000e+00
    outer loop
      vertex -9.505075e+00 -8.118100e+00  0.000000e+00
      vertex -8.838835e+00 -8.838835e+00  1.500000e+00
      vertex -9.505075e+00 -8.118100e+00  1.500000e+00
    endloop
  endfacet
  facet normal -7.853165e-01 -6.190946e-01  -0.000000e+00
    outer loop
      vertex -9.505075e+00 -8.118100e+00  0.000000e+00
      vertex -9.505075e+00 -8.118100e+00  1.500000e+00
      vertex -1.011271e+01 -7.347316e+00  0.000000e+00
    endloop
  endfacet
  facet normal -7.853165e-01 -6.190946e-01  0.000000e+00
    outer loop
      vertex -1.011271e+01 -7.347316e+00  0.000000e+00
      vertex -9.505075e+00 -8.118100e+00  1.500000e+00
      vertex -1.011271e+01 -7.347316e+00  1.500000e+00
    endloop
  endfacet
  facet normal -8.314699e-01 -5.555696e-01  -0.000000e+00
    outer loop
      vertex -1.011271e+01 -7.347316e+00  0.000000e+00
      vertex -1.011271e+01 -7.347316e+00  1.500000e+00
      vertex -1.065800e+01 -6.531232e+00  0.000000e+00
    endloop
  endfacet
  facet normal -8.314699e-01 -5.555696e-01  0.000000e+00
    outer loop
      vertex -1.065800e+01 -6.531232e+00  0.000000e+00
      vertex -1.011271e+01 -7.347316e+00  1.500000e+00
      vertex -1.065800e+01 -6.531232e+00  1.500000e+00
    endloop
  endfacet
  facet normal -8.724957e-01 -4.886217e-01  -0.000000e+00
    outer loop
      vertex -1.065800e+01 -6.531232e+00  0.000000e+00
      vertex -1.065800e+01 -6.531232e+00  1.500000e+00
      vertex -1.113758e+01 -5.674881e+00  0.000000e+00
    endloop
  endfacet
  facet normal -8.724957e-01 -4.886217e-01  0.000000e+00
    outer loop
      vertex -1.113758e+01 -5.674881e+00  0.000000e+00
      vertex -1.065800e+01 -6.531232e+00  1.500000e+00
      vertex -1.113758e+01 -5.674881e+00  1.500000e+00
    endloop
  endfacet
  facet normal -9.081432e-01 -4.186596e-01  -0.000000e+00
    outer loop
      vertex -1.113758e+01 -5.674881e+00  0.000000e+00
      vertex -1.113758e+01 -5.674881e+00  1.500000e+00
      vertex -1.154849e+01 -4.783543e+00  0.000000e+00
    endloop
  endfacet
  facet normal -9.081432e-01 -4.186596e-01  0.000000e+00
    outer loop
      vertex -1.154849e+01 -4.783543e+00  0.000000e+00
      vertex -1.113758e+01 -5.674881e+00  1.500000e+00
      vertex -1.154849e+01 -4.783543e+00  1.500000e+00
    endloop
  endfacet
  facet normal -9.381915e-01 -3.461169e-01  -0.000000e+00
    outer loop
      vertex -1.154849e+01 -4.783543e+00  0.000000e+00
      vertex -1.154849e+01 -4.783543e+00  1.500000e+00
      vertex -1.188821e+01 -3.862712e+00  0.000000e+00
    endloop
  endfacet
  facet normal -9.381915e-01 -3.461169e-01  0.000000e+00
    outer loop
      vertex -1.188821e+01 -3.862712e+00  0.000000e+00
      vertex -1.154849e+01 -4.783543e+00  1.500000e+00
      vertex -1.188821e+01 -3.862712e+00  1.500000e+00
    endloop
  endfacet
  facet normal -9.624552e-01 -2.714404e-01  -0.000000e+00
    outer loop
      vertex -1.188821e+01 -3.862712e+00  0.000000e+00
      vertex -1.188821e+01 -3.862712e+00  1.500000e+00
      vertex -1.215462e+01 -2.918067e+00  0.000000e+00
    endloop
  endfacet
  facet normal -9.624552e-01 -2.714404e-01  0.000000e+00
    outer loop
      vertex -1.215462e+01 -2.918067e+00  0.000000e+00
      vertex -1.188821e+01 -3.862712e+00  1.500000e+00
      vertex -1.215462e+01 -2.918067e+00  1.500000e+00
    endloop
  endfacet
  facet normal -9.807852e-01 -1.950907e-01  -0.000000e+00
    outer loop
      vertex -1.215462e+01 -2.918067e+00  0.000000e+00
      vertex -1.215462e+01 -2.918067e+00  1.500000e+00
      vertex -1.234610e+01 -1.955431e+00  0.000000e+00
    endloop
  endfacet
  facet normal -9.807852e-01 -1.950907e-01  0.000000e+00
    outer loop
      vertex -1.234610e+01 -1.955431e+00  0.000000e+00
      vertex -1.215462e+01 -2.918067e+00  1.500000e+00
      vertex -1.234610e+01 -1.955431e+00  1.500000e+00
    endloop
  endfacet
  facet normal -9.930685e-01 -1.175371e-01  -0.000000e+00
    outer loop
      vertex -1.234610e+01 -1.955431e+00  0.000000e+00
      vertex -1.234610e+01 -1.955431e+00  1.500000e+00
      vertex -1.246147e+01 -9.807387e-01  0.000000e+00
    endloop
  endfacet
  facet normal -9.930685e-01 -1.175371e-01  0.000000e+00
    outer loop
      vertex -1.246147e+01 -9.807387e-01  0.000000e+00
      vertex -1.234610e+01 -1.955431e+00  1.500000e+00
      vertex -1.246147e+01 -9.807387e-01  1.500000e+00
    endloop
  endfacet
  facet normal -9.992290e-01 -3.925969e-02  -0.000000e+00
    outer loop
      vertex -1.246147e+01 -9.807387e-01  0.000000e+00
      vertex -1.246147e+01 -9.807387e-01  1.500000e+00
      vertex -1.250000e+01  1.530808e-15  0.000000e+00
    endloop
  endfacet
  facet normal -9.992290e-01 -3.925969e-02  0.000000e+00
    outer loop
      vertex -1.250000e+01  1.530808e-15  0.000000e+00
      vertex -1.246147e+01 -9.807387e-01  1.500000e+00
      vertex -1.250000e+01  1.530808e-15  1.500000e+00
    endloop
  endfacet
  facet normal  -0.000000e+00  0.000000e+00  9.999999e-01
    outer loop
      vertex -2.638969e+00  1.042105e+01  2.000000e+00
      vertex -6.269983e+00  1.023168e+01  2.000000e+00
      vertex -3.490519e+00  1.016754e+01  2.000000e+00
    endloop
  endfacet
  facet normal  0.000000e+00  0.000000e+00  1.000000e+00
    outer loop
      vertex  6.582477e-16  1.075000e+01  2.000000e+00
      vertex  0.000000e+00  1.200000e+01  2.000000e+00
      vertex -9.415091e-01  1.196301e+01  2.000000e+00
    endloop
  endfacet
  facet normal  0.000000e+00  0.000000e+00  1.000000e+00
    outer loop
      vertex  6.582477e-16  1.075000e+01  2.000000e+00
      vertex -9.415091e-01  1.196301e+01  2.000000e+00
      vertex -1.877214e+00  1.185226e+01  2.000000e+00
    endloop
  endfacet
  facet normal  0.000000e+00  0.000000e+00  1.000000e+00
    outer loop
      vertex  6.582477e-16  1.075000e+01  2.000000e+00
      vertex -1.877214e+00  1.185226e+01  2.000000e+00
      vertex -2.801344e+00  1.166844e+01  2.000000e+00
    endloop
  endfacet
  facet normal  0.000000e+00  0.000000e+00  1.000000e+00
    outer loop
      vertex  6.582477e-16  1.075000e+01  2.000000e+00
      vertex -2.801344e+00  1.166844e+01  2.000000e+00
      vertex -3.708204e+00  1.141268e+01  2.000000e+00
    endloop
  endfacet
  facet normal  0.000000e+00  0.000000e+00  1.000000e+00
    outer loop
      vertex  6.582477e-16  1.075000e+01  2.000000e+00
      vertex -3.708204e+00  1.141268e+01  2.000000e+00
      vertex -4.592201e+00  1.108655e+01  2.000000e+00
    endloop
  endfacet
  facet normal  0.000000e+00  0.000000e+00  1.000000e+00
    outer loop
      vertex  6.582477e-16  1.075000e+01  2.000000e+00
      vertex -4.592201e+00  1.108655e+01  2.000000e+00
      vertex -5.447886e+00  1.069208e+01  2.000000e+00
    endloop
  endfacet
  facet normal  0.000000e+00  0.000000e+00  1.000000e+00
    outer loop
      vertex  6.582477e-16  1.075000e+01  2.000000e+00
      vertex -5.447886e+00  1.069208e+01  2.000000e+00
      vertex -8.877280e-01  1.071328e+01  2.000000e+00
    endloop
  endfacet
  facet normal  0.000000e+00  0.000000e+00  9.999999e-01
    outer loop
      vertex  0.000000e+00 -1.200000e+01  2.000000e+00
      vertex -1.974743e-15 -1.075000e+01  2.000000e+00
      vertex -4.592201e+00 -1.108655e+01  2.000000e+00
    endloop
  endfacet
  facet normal  0.000000e+00  0.000000e+00  1.000000e+00
    outer loop
      vertex  0.000000e+00 -1.200000e+01  2.000000e+00
      vertex -4.592201e+00 -1.108655e+01  2.000000e+00
      vertex -3.708204e+00 -1.141268e+01  2.000000e+00
    endloop
  endfacet
  facet normal  0.000000e+00  0.000000e+00  1.000000e+00
    outer loop
      vertex  0.000000e+00 -1.200000e+01  2.000000e+00
      vertex -3.708204e+00 -1.141268e+01  2.000000e+00
      vertex -2.801344e+00 -1.166844e+01  2.000000e+00
    endloop
  endfacet
  facet normal  0.000000e+00  0.000000e+00  1.000000e+00
    outer loop
      vertex  0.000000e+00 -1.200000e+01  2.000000e+00
      vertex -2.801344e+00 -1.166844e+01  2.000000e+00
      vertex -1.877214e+00 -1.185226e+01  2.000000e+00
    endloop
  endfacet
  facet normal  0.000000e+00  0.000000e+00  1.000000e+00
    outer loop
      vertex  0.000000e+00 -1.200000e+01  2.000000e+00
      vertex -1.877214e+00 -1.185226e+01  2.000000e+00
      vertex -9.415091e-01 -1.196301e+01  2.000000e+00
    endloop
  endfacet
  facet normal  -0.000000e+00  0.000000e+00  1.000000e+00
    outer loop
      vertex -8.877280e-01  1.071328e+01  2.000000e+00
      vertex -5.447886e+00  1.069208e+01  2.000000e+00
      vertex -1.769392e+00  1.060338e+01  2.000000e+00
    endloop
  endfacet
  facet normal  0.000000e+00  0.000000e+00  1.000000e+00
    outer loop
      vertex -1.769392e+00  1.060338e+01  2.000000e+00
      vertex -5.447886e+00  1.069208e+01  2.000000e+00
      vertex -6.269983e+00  1.023168e+01  2.000000e+00
    endloop
  endfacet
  facet normal  0.000000e+00  0.000000e+00  1.000000e+00
    outer loop
      vertex -1.769392e+00  1.060338e+01  2.000000e+00
      vertex -6.269983e+00  1.023168e+01  2.000000e+00
      vertex -2.638969e+00  1.042105e+01  2.000000e+00
    endloop
  endfacet
  facet normal  0.000000e+00  0.000000e+00  9.999999e-01
    outer loop
      vertex -3.490519e+00  1.016754e+01  2.000000e+00
      vertex -6.269983e+00  1.023168e+01  2.000000e+00
      vertex -4.318226e+00  9.844563e+00  2.000000e+00
    endloop
  endfacet
  facet normal  0.000000e+00  0.000000e+00  1.000000e+00
    outer loop
      vertex -4.318226e+00  9.844563e+00  2.000000e+00
      vertex -6.269983e+00  1.023168e+01  2.000000e+00
      vertex -7.053423e+00  9.708204e+00  2.000000e+00
    endloop
  endfacet
  facet normal  -0.000000e+00  0.000000e+00  1.000000e+00
    outer loop
      vertex -4.318226e+00  9.844563e+00  2.000000e+00
      vertex -7.053423e+00  9.708204e+00  2.000000e+00
      vertex -5.116435e+00  9.454343e+00  2.000000e+00
    endloop
  endfacet
  facet normal  0.000000e+00  0.000000e+00  1.000000e+00
    outer loop
      vertex -5.116435e+00  9.454343e+00  2.000000e+00
      vertex -7.053423e+00  9.708204e+00  2.000000e+00
      vertex -7.793376e+00  9.124871e+00  2.000000e+00
    endloop
  endfacet
  facet normal  -0.000000e+00  0.000000e+00  1.000000e+00
    outer loop
      vertex -5.116435e+00  9.454343e+00  2.000000e+00
      vertex -7.793376e+00  9.124871e+00  2.000000e+00
      vertex -5.879693e+00  8.999539e+00  2.000000e+00
    endloop
  endfacet
  facet normal  0.000000e+00  0.000000e+00  1.000000e+00
    outer loop
      vertex -5.879693e+00  8.999539e+00  2.000000e+00
      vertex -7.793376e+00  9.124871e+00  2.000000e+00
      vertex -6.602787e+00  8.483260e+00  2.000000e+00
    endloop
  endfacet
  facet normal  0.000000e+00  0.000000e+00  1.000000e+00
    outer loop
      vertex -6.602787e+00  8.483260e+00  2.000000e+00
      vertex -7.793376e+00  9.124871e+00  2.000000e+00
      vertex -8.485281e+00  8.485281e+00  2.000000e+00
    endloop
  endfacet
  facet normal  0.000000e+00  0.000000e+00  1.000000e+00
    outer loop
      vertex -6.602787e+00  8.483260e+00  2.000000e+00
      vertex -8.485281e+00  8.485281e+00  2.000000e+00
      vertex -7.280777e+00  7.909032e+00  2.000000e+00
    endloop
  endfacet
  facet normal  0.000000e+00  0.000000e+00  1.000000e+00
    outer loop
      vertex -7.280777e+00  7.909032e+00  2.000000e+00
      vertex -8.485281e+00  8.485281e+00  2.000000e+00
      vertex -9.124871e+00  7.793376e+00  2.000000e+00
    endloop
  endfacet
  facet normal  -0.000000e+00  0.000000e+00  1.000000e+00
    outer loop
      vertex -7.280777e+00  7.909032e+00  2.000000e+00
      vertex -9.124871e+00  7.793376e+00  2.000000e+00
      vertex -7.909032e+00  7.280777e+00  2.000000e+00
    endloop
  endfacet
  facet normal  0.000000e+00  0.000000e+00  1.000000e+00
    outer loop
      vertex -7.909032e+00  7.280777e+00  2.000000e+00
      vertex -9.124871e+00  7.793376e+00  2.000000e+00
      vertex -9.708204e+00  7.053423e+00  2.000000e+00
    endloop
  endfacet
  facet normal  -0.000000e+00  0.000000e+00  1.000000e+00
    outer loop
      vertex -7.909032e+00  7.280777e+00  2.000000e+00
      vertex -9.708204e+00  7.053423e+00  2.000000e+00
      vertex -8.483260e+00  6.602787e+00  2.000000e+00
    endloop
  endfacet
  facet normal  0.000000e+00  0.000000e+00  1.000000e+00
    outer loop
      vertex -8.483260e+00  6.602787e+00  2.000000e+00
      vertex -9.708204e+00  7.053423e+00  2.000000e+00
      vertex -1.023168e+01  6.269983e+00  2.000000e+00
    endloop
  endfacet
  facet normal  -0.000000e+00  0.000000e+00  1.000000e+00
    outer loop
      vertex -8.483260e+00  6.602787e+00  2.000000e+00
      vertex -1.023168e+01  6.269983e+00  2.000000e+00
      vertex -8.999539e+00  5.879693e+00  2.000000e+00
    endloop
  endfacet
  facet normal  0.000000e+00  0.000000e+00  1.000000e+00
    outer loop
      vertex -8.999539e+00  5.879693e+00  2.000000e+00
      vertex -1.023168e+01  6.269983e+00  2.000000e+00
      vertex -1.069208e+01  5.447886e+00  2.000000e+00
    endloop
  endfacet
  facet normal  -0.000000e+00  0.000000e+00  1.000000e+00
    outer loop
      vertex -8.999539e+00  5.879693e+00  2.000000e+00
      vertex -1.069208e+01  5.447886e+00  2.000000e+00
      vertex -9.454343e+00  5.116435e+00  2.000000e+00
    endloop
  endfacet
  facet normal  0.000000e+00  0.000000e+00  1.000000e+00
    outer loop
      vertex -9.454343e+00  5.116435e+00  2.000000e+00
      vertex -1.069208e+01  5.447886e+00  2.000000e+00
      vertex -9.844563e+00  4.318226e+00  2.000000e+00
    endloop
  endfacet
  facet normal  0.000000e+00  0.000000e+00  1.000000e+00
    outer loop
      vertex -9.844563e+00  4.318226e+00  2.000000e+00
      vertex -1.069208e+01  5.447886e+00  2.000000e+00
      vertex -1.108655e+01  4.592201e+00  2.000000e+00
    endloop
  endfacet
  facet normal  0.000000e+00  0.000000e+00  1.000000e+00
    outer loop
      vertex -9.844563e+00  4.318226e+00  2.000000e+00
      vertex -1.108655e+01  4.592201e+00  2.000000e+00
      vertex -1.016754e+01  3.490519e+00  2.000000e+00
    endloop
  endfacet
  facet normal  0.000000e+00  0.000000e+00  1.000000e+00
    outer loop
      vertex -1.016754e+01  3.490519e+00  2.000000e+00
      vertex -1.108655e+01  4.592201e+00  2.000000e+00
      vertex -1.141268e+01  3.708204e+00  2.000000e+00
    endloop
  endfacet
  facet normal  0.000000e+00  0.000000e+00  1.000000e+00
    outer loop
      vertex -1.016754e+01  3.490519e+00  2.000000e+00
      vertex -1.141268e+01  3.708204e+00  2.000000e+00
      vertex -1.042105e+01  2.638969e+00  2.000000e+00
    endloop
  endfacet
  facet normal  0.000000e+00  0.000000e+00  1.000000e+00
    outer loop
      vertex -1.042105e+01  2.638969e+00  2.000000e+00
      vertex -1.141268e+01  3.708204e+00  2.000000e+00
      vertex -1.166844e+01  2.801344e+00  2.000000e+00
    endloop
  endfacet
  facet normal  0.000000e+00  0.000000e+00  1.000000e+00
    outer loop
      vertex -1.042105e+01  2.638969e+00  2.000000e+00
      vertex -1.166844e+01  2.801344e+00  2.000000e+00
      vertex -1.060338e+01  1.769392e+00  2.000000e+00
    endloop
  endfacet
  facet normal  0.000000e+00  0.000000e+00  1.000000e+00
    outer loop
      vertex -1.060338e+01  1.769392e+00  2.000000e+00
      vertex -1.166844e+01  2.801344e+00  2.000000e+00
      vertex -1.185226e+01  1.877214e+00  2.000000e+00
    endloop
  endfacet
  facet normal  0.000000e+00  0.000000e+00  1.000000e+00
    outer loop
      vertex -1.060338e+01  1.769392e+00  2.000000e+00
      vertex -1.185226e+01  1.877214e+00  2.000000e+00
      vertex -1.071328e+01  8.877280e-01  2.000000e+00
    endloop
  endfacet
  facet normal  0.000000e+00  0.000000e+00  1.000000e+00
    outer loop
      vertex -1.071328e+01  8.877280e-01  2.000000e+00
      vertex -1.185226e+01  1.877214e+00  2.000000e+00
      vertex -1.196301e+01  9.415091e-01  2.000000e+00
    endloop
  endfacet
  facet normal  0.000000e+00  0.000000e+00  9.999999e-01
    outer loop
      vertex -1.071328e+01  8.877280e-01  2.000000e+00
      vertex -1.196301e+01  9.415091e-01  2.000000e+00
      vertex -1.075000e+01  1.316495e-15  2.000000e+00
    endloop
  endfacet
  facet normal  0.000000e+00  0.000000e+00  1.000000e+00
    outer loop
      vertex -1.075000e+01  1.316495e-15  2.000000e+00
      vertex -1.196301e+01  9.415091e-01  2.000000e+00
      vertex -1.200000e+01 -5.193698e-15  2.000000e+00
    endloop
  endfacet
  facet normal  -0.000000e+00  0.000000e+00  1.000000e+00
    outer loop
      vertex -1.075000e+01  1.316495e-15  2.000000e+00
      vertex -1.200000e+01 -5.193698e-15  2.000000e+00
      vertex -1.071328e+01 -8.877280e-01  2.000000e+00
    endloop
  endfacet
  facet normal  0.000000e+00  0.000000e+00  1.000000e+00
    outer loop
      vertex -1.071328e+01 -8.877280e-01  2.000000e+00
      vertex -1.200000e+01 -5.193698e-15  2.000000e+00
      vertex -1.196301e+01 -9.415091e-01  2.000000e+00
    endloop
  endfacet
  facet normal  -0.000000e+00  0.000000e+00  1.000000e+00
    outer loop
      vertex -1.071328e+01 -8.877280e-01  2.000000e+00
      vertex -1.196301e+01 -9.415091e-01  2.000000e+00
      vertex -1.060338e+01 -1.769392e+00  2.000000e+00
    endloop
  endfacet
  facet normal  0.000000e+00  0.000000e+00  1.000000e+00
    outer loop
      vertex -1.060338e+01 -1.769392e+00  2.000000e+00
      vertex -1.196301e+01 -9.415091e-01  2.000000e+00
      vertex -1.185226e+01 -1.877214e+00  2.000000e+00
    endloop
  endfacet
  facet normal  -0.000000e+00  0.000000e+00  1.000000e+00
    outer loop
      vertex -1.060338e+01 -1.769392e+00  2.000000e+00
      vertex -1.185226e+01 -1.877214e+00  2.000000e+00
      vertex -1.042105e+01 -2.638969e+00  2.000000e+00
    endloop
  endfacet
  facet normal  0.000000e+00  0.000000e+00  1.000000e+00
    outer loop
      vertex -1.042105e+01 -2.638969e+00  2.000000e+00
      vertex -1.185226e+01 -1.877214e+00  2.000000e+00
      vertex -1.166844e+01 -2.801344e+00  2.000000e+00
    endloop
  endfacet
  facet normal  -0.000000e+00  0.000000e+00  1.000000e+00
    outer loop
      vertex -1.042105e+01 -2.638969e+00  2.000000e+00
      vertex -1.166844e+01 -2.801344e+00  2.000000e+00
      vertex -1.016754e+01 -3.490519e+00  2.000000e+00
    endloop
  endfacet
  facet normal  0.000000e+00  0.000000e+00  1.000000e+00
    outer loop
      vertex -1.016754e+01 -3.490519e+00  2.000000e+00
      vertex -1.166844e+01 -2.801344e+00  2.000000e+00
      vertex -1.141268e+01 -3.708204e+00  2.000000e+00
    endloop
  endfacet
  facet normal  -0.000000e+00  0.000000e+00  1.000000e+00
    outer loop
      vertex -1.016754e+01 -3.490519e+00  2.000000e+00
      vertex -1.141268e+01 -3.708204e+00  2.000000e+00
      vertex -9.844563e+00 -4.318226e+00  2.000000e+00
    endloop
  endfacet
  facet normal  0.000000e+00  0.000000e+00  1.000000e+00
    outer loop
      vertex -9.844563e+00 -4.318226e+00  2.000000e+00
      vertex -1.141268e+01 -3.708204e+00  2.000000e+00
      vertex -1.108655e+01 -4.592201e+00  2.000000e+00
    endloop
  endfacet
  facet normal  -0.000000e+00  0.000000e+00  1.000000e+00
    outer loop
      vertex -9.844563e+00 -4.318226e+00  2.000000e+00
      vertex -1.108655e+01 -4.592201e+00  2.000000e+00
      vertex -9.454343e+00 -5.116435e+00  2.000000e+00
    endloop
  endfacet
  facet normal  0.000000e+00  0.000000e+00  1.000000e+00
    outer loop
      vertex -9.454343e+00 -5.116435e+00  2.000000e+00
      vertex -1.108655e+01 -4.592201e+00  2.000000e+00
      vertex -1.069208e+01 -5.447886e+00  2.000000e+00
    endloop
  endfacet
  facet normal  -0.000000e+00  0.000000e+00  1.000000e+00
    outer loop
      vertex -9.454343e+00 -5.116435e+00  2.000000e+00
      vertex -1.069208e+01 -5.447886e+00  2.000000e+00
      vertex -8.999539e+00 -5.879693e+00  2.000000e+00
    endloop
  endfacet
  facet normal  0.000000e+00  0.000000e+00  1.000000e+00
    outer loop
      vertex -8.999539e+00 -5.879693e+00  2.000000e+00
      vertex -1.069208e+01 -5.447886e+00  2.000000e+00
      vertex -1.023168e+01 -6.269983e+00  2.000000e+00
    endloop
  endfacet
  facet normal  -0.000000e+00  0.000000e+00  1.000000e+00
    outer loop
      vertex -8.999539e+00 -5.879693e+00  2.000000e+00
      vertex -1.023168e+01 -6.269983e+00  2.000000e+00
      vertex -8.483260e+00 -6.602787e+00  2.000000e+00
    endloop
  endfacet
  facet normal  0.000000e+00  0.000000e+00  9.999999e-01
    outer loop
      vertex -8.483260e+00 -6.602787e+00  2.000000e+00
      vertex -1.023168e+01 -6.269983e+00  2.000000e+00
      vertex -7.909032e+00 -7.280777e+00  2.000000e+00
    endloop
  endfacet
  facet normal  0.000000e+00  0.000000e+00  1.000000e+00
    outer loop
      vertex -7.909032e+00 -7.280777e+00  2.000000e+00
      vertex -1.023168e+01 -6.269983e+00  2.000000e+00
      vertex -9.708204e+00 -7.053423e+00  2.000000e+00
    endloop
  endfacet
  facet normal  0.000000e+00  0.000000e+00  9.999999e-01
    outer loop
      vertex -7.909032e+00 -7.280777e+00  2.000000e+00
      vertex -9.708204e+00 -7.053423e+00  2.000000e+00
      vertex -7.280777e+00 -7.909032e+00  2.000000e+00
    endloop
  endfacet
  facet normal  0.000000e+00  0.000000e+00  1.000000e+00
    outer loop
      vertex -7.280777e+00 -7.909032e+00  2.000000e+00
      vertex -9.708204e+00 -7.053423e+00  2.000000e+00
      vertex -9.124871e+00 -7.793376e+00  2.000000e+00
    endloop
  endfacet
  facet normal  0.000000e+00  0.000000e+00  1.000000e+00
    outer loop
      vertex -7.280777e+00 -7.909032e+00  2.000000e+00
      vertex -9.124871e+00 -7.793376e+00  2.000000e+00
      vertex -6.602787e+00 -8.483260e+00  2.000000e+00
    endloop
  endfacet
  facet normal  0.000000e+00  0.000000e+00  1.000000e+00
    outer loop
      vertex -6.602787e+00 -8.483260e+00  2.000000e+00
      vertex -9.124871e+00 -7.793376e+00  2.000000e+00
      vertex -8.485281e+00 -8.485281e+00  2.000000e+00
    endloop
  endfacet
  facet normal  -0.000000e+00  0.000000e+00  1.000000e+00
    outer loop
      vertex -6.602787e+00 -8.483260e+00  2.000000e+00
      vertex -8.485281e+00 -8.485281e+00  2.000000e+00
      vertex -5.879693e+00 -8.999539e+00  2.000000e+00
    endloop
  endfacet
  facet normal  0.000000e+00  0.000000e+00  1.000000e+00
    outer loop
      vertex -5.879693e+00 -8.999539e+00  2.000000e+00
      vertex -8.485281e+00 -8.485281e+00  2.000000e+00
      vertex -7.793376e+00 -9.124871e+00  2.000000e+00
    endloop
  endfacet
  facet normal  -0.000000e+00  0.000000e+00  1.000000e+00
    outer loop
      vertex -5.879693e+00 -8.999539e+00  2.000000e+00
      vertex -7.793376e+00 -9.124871e+00  2.000000e+00
      vertex -5.116435e+00 -9.454343e+00  2.000000e+00
    endloop
  endfacet
  facet normal  0.000000e+00  0.000000e+00  1.000000e+00
    outer loop
      vertex -5.116435e+00 -9.454343e+00  2.000000e+00
      vertex -7.793376e+00 -9.124871e+00  2.000000e+00
      vertex -7.053423e+00 -9.708204e+00  2.000000e+00
    endloop
  endfacet
  facet normal  -0.000000e+00  0.000000e+00  1.000000e+00
    outer loop
      vertex -5.116435e+00 -9.454343e+00  2.000000e+00
      vertex -7.053423e+00 -9.708204e+00  2.000000e+00
      vertex -4.318226e+00 -9.844563e+00  2.000000e+00
    endloop
  endfacet
  facet normal  0.000000e+00  0.000000e+00  1.000000e+00
    outer loop
      vertex -4.318226e+00 -9.844563e+00  2.000000e+00
      vertex -7.053423e+00 -9.708204e+00  2.000000e+00
      vertex -3.490519e+00 -1.016754e+01  2.000000e+00
    endloop
  endfacet
  facet normal  0.000000e+00  0.000000e+00  1.000000e+00
    outer loop
      vertex -3.490519e+00 -1.016754e+01  2.000000e+00
      vertex -7.053423e+00 -9.708204e+00  2.000000e+00
      vertex -6.269983e+00 -1.023168e+01  2.000000e+00
    endloop
  endfacet
  facet normal  -0.000000e+00  0.000000e+00  9.999999e-01
    outer loop
      vertex -3.490519e+00 -1.016754e+01  2.000000e+00
      vertex -6.269983e+00 -1.023168e+01  2.000000e+00
      vertex -2.638969e+00 -1.042105e+01  2.000000e+00
    endloop
  endfacet
  facet normal  0.000000e+00  0.000000e+00  1.000000e+00
    outer loop
      vertex -2.638969e+00 -1.042105e+01  2.000000e+00
      vertex -6.269983e+00 -1.023168e+01  2.000000e+00
      vertex -5.447886e+00 -1.069208e+01  2.000000e+00
    endloop
  endfacet
  facet normal  0.000000e+00  0.000000e+00  1.000000e+00
    outer loop
      vertex -2.638969e+00 -1.042105e+01  2.000000e+00
      vertex -5.447886e+00 -1.069208e+01  2.000000e+00
      vertex -1.769392e+00 -1.060338e+01  2.000000e+00
    endloop
  endfacet
  facet normal  0.000000e+00  0.000000e+00  1.000000e+00
    outer loop
      vertex -4.592201e+00 -1.108655e+01  2.000000e+00
      vertex -1.974743e-15 -1.075000e+01  2.000000e+00
      vertex -5.447886e+00 -1.069208e+01  2.000000e+00
    endloop
  endfacet
  facet normal  0.000000e+00  0.000000e+00  1.000000e+00
    outer loop
      vertex -5.447886e+00 -1.069208e+01  2.000000e+00
      vertex -1.974743e-15 -1.075000e+01  2.000000e+00
      vertex -8.877280e-01 -1.071328e+01  2.000000e+00
    endloop
  endfacet
  facet normal  0.000000e+00  0.000000e+00  1.000000e+00
    outer loop
      vertex -5.447886e+00 -1.069208e+01  2.000000e+00
      vertex -8.877280e-01 -1.071328e+01  2.000000e+00
      vertex -1.769392e+00 -1.060338e+01  2.000000e+00
    endloop
  endfacet
  facet normal -9.992290e-01  3.925969e-02  0.000000e+00
    outer loop
      vertex -1.250000e+01  1.530808e-15  0.000000e+00
      vertex -1.250000e+01  1.530808e-15  1.500000e+00
      vertex -1.246147e+01  9.807387e-01  0.000000e+00
    endloop
  endfacet
  facet normal -9.992290e-01  3.925969e-02  0.000000e+00
    outer loop
      vertex -1.246147e+01  9.807387e-01  0.000000e+00
      vertex -1.250000e+01  1.530808e-15  1.500000e+00
      vertex -1.246147e+01  9.807387e-01  1.500000e+00
    endloop
  endfacet
  facet normal -9.930685e-01  1.175371e-01  0.000000e+00
    outer loop
      vertex -1.246147e+01  9.807387e-01  0.000000e+00
      vertex -1.246147e+01  9.807387e-01  1.500000e+00
      vertex -1.234610e+01  1.955431e+00  0.000000e+00
    endloop
  endfacet
  facet normal -9.930685e-01  1.175371e-01  0.000000e+00
    outer loop
      vertex -1.234610e+01  1.955431e+00  0.000000e+00
      vertex -1.246147e+01  9.807387e-01  1.500000e+00
      vertex -1.234610e+01  1.955431e+00  1.500000e+00
    endloop
  endfacet
  facet normal -9.807852e-01  1.950907e-01  0.000000e+00
    outer loop
      vertex -1.234610e+01  1.955431e+00  0.000000e+00
      vertex -1.234610e+01  1.955431e+00  1.500000e+00
      vertex -1.215462e+01  2.918067e+00  0.000000e+00
    endloop
  endfacet
  facet normal -9.807852e-01  1.950907e-01  0.000000e+00
    outer loop
      vertex -1.215462e+01  2.918067e+00  0.000000e+00
      vertex -1.234610e+01  1.955431e+00  1.500000e+00
      vertex -1.215462e+01  2.918067e+00  1.500000e+00
    endloop
  endfacet
  facet normal -9.624552e-01  2.714404e-01  0.000000e+00
    outer loop
      vertex -1.215462e+01  2.918067e+00  0.000000e+00
      vertex -1.215462e+01  2.918067e+00  1.500000e+00
      vertex -1.188821e+01  3.862712e+00  0.000000e+00
    endloop
  endfacet
  facet normal -9.624552e-01  2.714404e-01  0.000000e+00
    outer loop
      vertex -1.188821e+01  3.862712e+00  0.000000e+00
      vertex -1.215462e+01  2.918067e+00  1.500000e+00
      vertex -1.188821e+01  3.862712e+00  1.500000e+00
    endloop
  endfacet
  facet normal -9.381915e-01  3.461169e-01  0.000000e+00
    outer loop
      vertex -1.188821e+01  3.862712e+00  0.000000e+00
      vertex -1.188821e+01  3.862712e+00  1.500000e+00
      vertex -1.154849e+01  4.783543e+00  0.000000e+00
    endloop
  endfacet
  facet normal -9.381915e-01  3.461169e-01  0.000000e+00
    outer loop
      vertex -1.154849e+01  4.783543e+00  0.000000e+00
      vertex -1.188821e+01  3.862712e+00  1.500000e+00
      vertex -1.154849e+01  4.783543e+00  1.500000e+00
    endloop
  endfacet
  facet normal -9.081432e-01  4.186596e-01  0.000000e+00
    outer loop
      vertex -1.154849e+01  4.783543e+00  0.000000e+00
      vertex -1.154849e+01  4.783543e+00  1.500000e+00
      vertex -1.113758e+01  5.674881e+00  0.000000e+00
    endloop
  endfacet
  facet normal -9.081432e-01  4.186596e-01  0.000000e+00
    outer loop
      vertex -1.113758e+01  5.674881e+00  0.000000e+00
      vertex -1.154849e+01  4.783543e+00  1.500000e+00
      vertex -1.113758e+01  5.674881e+00  1.500000e+00
    endloop
  endfacet
  facet normal -8.724957e-01  4.886217e-01  0.000000e+00
    outer loop
      vertex -1.113758e+01  5.674881e+00  0.000000e+00
      vertex -1.113758e+01  5.674881e+00  1.500000e+00
      vertex -1.065800e+01  6.531232e+00  0.000000e+00
    endloop
  endfacet
  facet normal -8.724957e-01  4.886217e-01  0.000000e+00
    outer loop
      vertex -1.065800e+01  6.531232e+00  0.000000e+00
      vertex -1.113758e+01  5.674881e+00  1.500000e+00
      vertex -1.065800e+01  6.531232e+00  1.500000e+00
    endloop
  endfacet
  facet normal -8.314699e-01  5.555696e-01  0.000000e+00
    outer loop
      vertex -1.065800e+01  6.531232e+00  0.000000e+00
      vertex -1.065800e+01  6.531232e+00  1.500000e+00
      vertex -1.011271e+01  7.347316e+00  0.000000e+00
    endloop
  endfacet
  facet normal -8.314699e-01  5.555696e-01  0.000000e+00
    outer loop
      vertex -1.011271e+01  7.347316e+00  0.000000e+00
      vertex -1.065800e+01  6.531232e+00  1.500000e+00
      vertex -1.011271e+01  7.347316e+00  1.500000e+00
    endloop
  endfacet
  facet normal -7.853165e-01  6.190946e-01  0.000000e+00
    outer loop
      vertex -1.011271e+01  7.347316e+00  0.000000e+00
      vertex -1.011271e+01  7.347316e+00  1.500000e+00
      vertex -9.505075e+00  8.118100e+00  0.000000e+00
    endloop
  endfacet
  facet normal -7.853165e-01  6.190946e-01  0.000000e+00
    outer loop
      vertex -9.505075e+00  8.118100e+00  0.000000e+00
      vertex -1.011271e+01  7.347316e+00  1.500000e+00
      vertex -9.505075e+00  8.118100e+00  1.500000e+00
    endloop
  endfacet
  facet normal -7.343227e-01  6.788005e-01  0.000000e+00
    outer loop
      vertex -9.505075e+00  8.118100e+00  0.000000e+00
      vertex -9.505075e+00  8.118100e+00  1.500000e+00
      vertex -8.838835e+00  8.838835e+00  0.000000e+00
    endloop
  endfacet
  facet normal -7.343227e-01  6.788005e-01  0.000000e+00
    outer loop
      vertex -8.838835e+00  8.838835e+00  0.000000e+00
      vertex -9.505075e+00  8.118100e+00  1.500000e+00
      vertex -8.838835e+00  8.838835e+00  1.500000e+00
    endloop
  endfacet
  facet normal -6.788005e-01  7.343227e-01  0.000000e+00
    outer loop
      vertex -8.838835e+00  8.838835e+00  0.000000e+00
      vertex -8.838835e+00  8.838835e+00  1.500000e+00
      vertex -8.118100e+00  9.505075e+00  0.000000e+00
    endloop
  endfacet
  facet normal -6.788005e-01  7.343227e-01  0.000000e+00
    outer loop
      vertex -8.118100e+00  9.505075e+00  0.000000e+00
      vertex -8.838835e+00  8.838835e+00  1.500000e+00
      vertex -8.118100e+00  9.505075e+00  1.500000e+00
    endloop
  endfacet
  facet normal -6.190946e-01  7.853165e-01  0.000000e+00
    outer loop
      vertex -8.118100e+00  9.505075e+00  0.000000e+00
      vertex -8.118100e+00  9.505075e+00  1.500000e+00
      vertex -7.347316e+00  1.011271e+01  0.000000e+00
    endloop
  endfacet
  facet normal -6.190946e-01  7.853165e-01  0.000000e+00
    outer loop
      vertex -7.347316e+00  1.011271e+01  0.000000e+00
      vertex -8.118100e+00  9.505075e+00  1.500000e+00
      vertex -7.347316e+00  1.011271e+01  1.500000e+00
    endloop
  endfacet
  facet normal -5.555696e-01  8.314699e-01  0.000000e+00
    outer loop
      vertex -7.347316e+00  1.011271e+01  0.000000e+00
      vertex -7.347316e+00  1.011271e+01  1.500000e+00
      vertex -6.531232e+00  1.065800e+01  0.000000e+00
    endloop
  endfacet
  facet normal -5.555696e-01  8.314699e-01  0.000000e+00
    outer loop
      vertex -6.531232e+00  1.065800e+01  0.000000e+00
      vertex -7.347316e+00  1.011271e+01  1.500000e+00
      vertex -6.531232e+00  1.065800e+01  1.500000e+00
    endloop
  endfacet
  facet normal -4.886217e-01  8.724957e-01  0.000000e+00
    outer loop
      vertex -6.531232e+00  1.065800e+01  0.000000e+00
      vertex -6.531232e+00  1.065800e+01  1.500000e+00
      vertex -5.674881e+00  1.113758e+01  0.000000e+00
    endloop
  endfacet
  facet normal -4.886217e-01  8.724957e-01  0.000000e+00
    outer loop
      vertex -5.674881e+00  1.113758e+01  0.000000e+00
      vertex -6.531232e+00  1.065800e+01  1.500000e+00
      vertex -5.674881e+00  1.113758e+01  1.500000e+00
    endloop
  endfacet
  facet normal -4.186596e-01  9.081432e-01  0.000000e+00
    outer loop
      vertex -5.674881e+00  1.113758e+01  0.000000e+00
      vertex -5.674881e+00  1.113758e+01  1.500000e+00
      vertex -4.783543e+00  1.154849e+01  0.000000e+00
    endloop
  endfacet
  facet normal -4.186596e-01  9.081432e-01  0.000000e+00
    outer loop
      vertex -4.783543e+00  1.154849e+01  0.000000e+00
      vertex -5.674881e+00  1.113758e+01  1.500000e+00
      vertex -4.783543e+00  1.154849e+01  1.500000e+00
    endloop
  endfacet
  facet normal -3.461169e-01  9.381915e-01  0.000000e+00
    outer loop
      vertex -4.783543e+00  1.154849e+01  0.000000e+00
      vertex -4.783543e+00  1.154849e+01  1.500000e+00
      vertex -3.862712e+00  1.188821e+01  0.000000e+00
    endloop
  endfacet
  facet normal -3.461169e-01  9.381915e-01  0.000000e+00
    outer loop
      vertex -3.862712e+00  1.188821e+01  0.000000e+00
      vertex -4.783543e+00  1.154849e+01  1.500000e+00
      vertex -3.862712e+00  1.188821e+01  1.500000e+00
    endloop
  endfacet
  facet normal -2.714404e-01  9.624552e-01  0.000000e+00
    outer loop
      vertex -3.862712e+00  1.188821e+01  0.000000e+00
      vertex -3.862712e+00  1.188821e+01  1.500000e+00
      vertex -2.918067e+00  1.215462e+01  0.000000e+00
    endloop
  endfacet
  facet normal -2.714404e-01  9.624552e-01  0.000000e+00
    outer loop
      vertex -2.918067e+00  1.215462e+01  0.000000e+00
      vertex -3.862712e+00  1.188821e+01  1.500000e+00
      vertex -2.918067e+00  1.215462e+01  1.500000e+00
    endloop
  endfacet
  facet normal -1.950907e-01  9.807852e-01  0.000000e+00
    outer loop
      vertex -2.918067e+00  1.215462e+01  0.000000e+00
      vertex -2.918067e+00  1.215462e+01  1.500000e+00
      vertex -1.955431e+00  1.234610e+01  0.000000e+00
    endloop
  endfacet
  facet normal -1.950907e-01  9.807852e-01  0.000000e+00
    outer loop
      vertex -1.955431e+00  1.234610e+01  0.000000e+00
      vertex -2.918067e+00  1.215462e+01  1.500000e+00
      vertex -1.955431e+00  1.234610e+01  1.500000e+00
    endloop
  endfacet
  facet normal -1.175371e-01  9.930685e-01  0.000000e+00
    outer loop
      vertex -1.955431e+00  1.234610e+01  0.000000e+00
      vertex -1.955431e+00  1.234610e+01  1.500000e+00
      vertex -9.807387e-01  1.246147e+01  0.000000e+00
    endloop
  endfacet
  facet normal -1.175371e-01  9.930685e-01  0.000000e+00
    outer loop
      vertex -9.807387e-01  1.246147e+01  0.000000e+00
      vertex -1.955431e+00  1.234610e+01  1.500000e+00
      vertex -9.807387e-01  1.246147e+01  1.500000e+00
    endloop
  endfacet
  facet normal -3.925969e-02  9.992290e-01  0.000000e+00
    outer loop
      vertex -9.807387e-01  1.246147e+01  0.000000e+00
      vertex -9.807387e-01  1.246147e+01  1.500000e+00
      vertex  7.654042e-16  1.250000e+01  0.000000e+00
    endloop
  endfacet
  facet normal -3.925969e-02  9.992290e-01 -2.003302e-17
    outer loop
      vertex  7.654042e-16  1.250000e+01  0.000000e+00
      vertex -9.807387e-01  1.246147e+01  1.500000e+00
      vertex  0.000000e+00  1.250000e+01  1.500000e+00
    endloop
  endfacet
  facet normal  0.000000e+00  0.000000e+00  1.000000e+00
    outer loop
      vertex -1.111140e+00  1.662939e+00  7.000000e+00
      vertex -1.071328e+01  8.877280e-01  7.000000e+00
      vertex -1.414214e+00  1.414214e+00  7.000000e+00
    endloop
  endfacet
  facet normal  0.000000e+00  0.000000e+00  1.000000e+00
    outer loop
      vertex -1.662939e+00  1.111140e+00  7.000000e+00
      vertex -1.414214e+00  1.414214e+00  7.000000e+00
      vertex -1.071328e+01  8.877280e-01  7.000000e+00
    endloop
  endfacet
  facet normal  0.000000e+00  0.000000e+00  1.000000e+00
    outer loop
      vertex -2.000000e+00  2.449294e-16  7.000000e+00
      vertex -1.961571e+00  3.901806e-01  7.000000e+00
      vertex -1.075000e+01  1.316495e-15  7.000000e+00
    endloop
  endfacet
  facet normal  0.000000e+00  0.000000e+00  1.000000e+00
    outer loop
      vertex -1.662939e+00 -1.111140e+00  7.000000e+00
      vertex -1.060338e+01 -1.769392e+00  7.000000e+00
      vertex -1.414214e+00 -1.414214e+00  7.000000e+00
    endloop
  endfacet
  facet normal  0.000000e+00  0.000000e+00  1.000000e+00
    outer loop
      vertex -1.111140e+00 -1.662939e+00  7.000000e+00
      vertex -1.414214e+00 -1.414214e+00  7.000000e+00
      vertex -1.060338e+01 -1.769392e+00  7.000000e+00
    endloop
  endfacet
  facet normal  -0.000000e+00  0.000000e+00  1.000000e+00
    outer loop
      vertex -1.111140e+00 -1.662939e+00  7.000000e+00
      vertex -1.060338e+01 -1.769392e+00  7.000000e+00
      vertex -7.653669e-01 -1.847759e+00  7.000000e+00
    endloop
  endfacet
  facet normal  0.000000e+00  0.000000e+00  1.000000e+00
    outer loop
      vertex  0.000000e+00  2.000000e+00  7.000000e+00
      vertex  0.000000e+00  1.075000e+01  7.000000e+00
      vertex -8.877280e-01  1.071328e+01  7.000000e+00
    endloop
  endfacet
  facet normal  0.000000e+00  0.000000e+00  1.000000e+00
    outer loop
      vertex  0.000000e+00  2.000000e+00  7.000000e+00
      vertex -8.877280e-01  1.071328e+01  7.000000e+00
      vertex -1.769392e+00  1.060338e+01  7.000000e+00
    endloop
  endfacet
  facet normal  0.000000e+00  0.000000e+00  9.999999e-01
    outer loop
      vertex  0.000000e+00  2.000000e+00  7.000000e+00
      vertex -1.769392e+00  1.060338e+01  7.000000e+00
      vertex -2.638969e+00  1.042105e+01  7.000000e+00
    endloop
  endfacet
  facet normal  0.000000e+00  0.000000e+00  1.000000e+00
    outer loop
      vertex  0.000000e+00  2.000000e+00  7.000000e+00
      vertex -2.638969e+00  1.042105e+01  7.000000e+00
      vertex -3.490519e+00  1.016754e+01  7.000000e+00
    endloop
  endfacet
  facet normal  0.000000e+00  0.000000e+00  1.000000e+00
    outer loop
      vertex  0.000000e+00  2.000000e+00  7.000000e+00
      vertex -3.490519e+00  1.016754e+01  7.000000e+00
      vertex -4.318226e+00  9.844563e+00  7.000000e+00
    endloop
  endfacet
  facet normal  0.000000e+00  0.000000e+00  9.999999e-01
    outer loop
      vertex  0.000000e+00  2.000000e+00  7.000000e+00
      vertex -4.318226e+00  9.844563e+00  7.000000e+00
      vertex -5.116435e+00  9.454343e+00  7.000000e+00
    endloop
  endfacet
  facet normal  0.000000e+00  0.000000e+00  1.000000e+00
    outer loop
      vertex  0.000000e+00  2.000000e+00  7.000000e+00
      vertex -5.116435e+00  9.454343e+00  7.000000e+00
      vertex -5.879693e+00  8.999539e+00  7.000000e+00
    endloop
  endfacet
  facet normal  0.000000e+00  0.000000e+00  1.000000e+00
    outer loop
      vertex  0.000000e+00  2.000000e+00  7.000000e+00
      vertex -5.879693e+00  8.999539e+00  7.000000e+00
      vertex -6.602787e+00  8.483260e+00  7.000000e+00
    endloop
  endfacet
  facet normal  0.000000e+00  0.000000e+00  1.000000e+00
    outer loop
      vertex  0.000000e+00  2.000000e+00  7.000000e+00
      vertex -6.602787e+00  8.483260e+00  7.000000e+00
      vertex -7.280777e+00  7.909032e+00  7.000000e+00
    endloop
  endfacet
  facet normal  0.000000e+00  0.000000e+00  1.000000e+00
    outer loop
      vertex  0.000000e+00  2.000000e+00  7.000000e+00
      vertex -7.280777e+00  7.909032e+00  7.000000e+00
      vertex -7.909032e+00  7.280777e+00  7.000000e+00
    endloop
  endfacet
  facet normal  0.000000e+00  0.000000e+00  1.000000e+00
    outer loop
      vertex  0.000000e+00  2.000000e+00  7.000000e+00
      vertex -7.909032e+00  7.280777e+00  7.000000e+00
      vertex -8.483260e+00  6.602787e+00  7.000000e+00
    endloop
  endfacet
  facet normal  0.000000e+00  0.000000e+00  1.000000e+00
    outer loop
      vertex  0.000000e+00  2.000000e+00  7.000000e+00
      vertex -8.483260e+00  6.602787e+00  7.000000e+00
      vertex -8.999539e+00  5.879693e+00  7.000000e+00
    endloop
  endfacet
  facet normal  0.000000e+00  0.000000e+00  1.000000e+00
    outer loop
      vertex  0.000000e+00  2.000000e+00  7.000000e+00
      vertex -8.999539e+00  5.879693e+00  7.000000e+00
      vertex -9.454343e+00  5.116435e+00  7.000000e+00
    endloop
  endfacet
  facet normal  0.000000e+00  0.000000e+00  1.000000e+00
    outer loop
      vertex  0.000000e+00  2.000000e+00  7.000000e+00
      vertex -9.454343e+00  5.116435e+00  7.000000e+00
      vertex -9.844563e+00  4.318226e+00  7.000000e+00
    endloop
  endfacet
  facet normal  0.000000e+00  0.000000e+00  1.000000e+00
    outer loop
      vertex  0.000000e+00  2.000000e+00  7.000000e+00
      vertex -9.844563e+00  4.318226e+00  7.000000e+00
      vertex -1.016754e+01  3.490519e+00  7.000000e+00
    endloop
  endfacet
  facet normal  0.000000e+00  0.000000e+00  1.000000e+00
    outer loop
      vertex  0.000000e+00  2.000000e+00  7.000000e+00
      vertex -1.016754e+01  3.490519e+00  7.000000e+00
      vertex -1.042105e+01  2.638969e+00  7.000000e+00
    endloop
  endfacet
  facet normal  0.000000e+00  0.000000e+00  1.000000e+00
    outer loop
      vertex -1.060338e+01  1.769392e+00  7.000000e+00
      vertex -1.071328e+01  8.877280e-01  7.000000e+00
      vertex -1.111140e+00  1.662939e+00  7.000000e+00
    endloop
  endfacet
  facet normal  0.000000e+00  -0.000000e+00  1.000000e+00
    outer loop
      vertex -1.060338e+01  1.769392e+00  7.000000e+00
      vertex -1.111140e+00  1.662939e+00  7.000000e+00
      vertex -7.653669e-01  1.847759e+00  7.000000e+00
    endloop
  endfacet
  facet normal  0.000000e+00  -0.000000e+00  1.000000e+00
    outer loop
      vertex -1.060338e+01  1.769392e+00  7.000000e+00
      vertex -7.653669e-01  1.847759e+00  7.000000e+00
      vertex -3.901806e-01  1.961571e+00  7.000000e+00
    endloop
  endfacet
  facet normal  0.000000e+00  -0.000000e+00  1.000000e+00
    outer loop
      vertex -1.060338e+01  1.769392e+00  7.000000e+00
      vertex -3.901806e-01  1.961571e+00  7.000000e+00
      vertex  0.000000e+00  2.000000e+00  7.000000e+00
    endloop
  endfacet
  facet normal  0.000000e+00  0.000000e+00  1.000000e+00
    outer loop
      vertex -1.060338e+01  1.769392e+00  7.000000e+00
      vertex  0.000000e+00  2.000000e+00  7.000000e+00
      vertex -1.042105e+01  2.638969e+00  7.000000e+00
    endloop
  endfacet
  facet normal  0.000000e+00  -0.000000e+00  1.000000e+00
    outer loop
      vertex -1.071328e+01 -8.877280e-01  7.000000e+00
      vertex -1.060338e+01 -1.769392e+00  7.000000e+00
      vertex -1.662939e+00 -1.111140e+00  7.000000e+00
    endloop
  endfacet
  facet normal  0.000000e+00  0.000000e+00  1.000000e+00
    outer loop
      vertex -1.071328e+01 -8.877280e-01  7.000000e+00
      vertex -1.662939e+00 -1.111140e+00  7.000000e+00
      vertex -1.847759e+00 -7.653669e-01  7.000000e+00
    endloop
  endfacet
  facet normal  0.000000e+00  0.000000e+00  1.000000e+00
    outer loop
      vertex -1.071328e+01 -8.877280e-01  7.000000e+00
      vertex -1.847759e+00 -7.653669e-01  7.000000e+00
      vertex -1.961571e+00 -3.901806e-01  7.000000e+00
    endloop
  endfacet
  facet normal  0.000000e+00  0.000000e+00  1.000000e+00
    outer loop
      vertex -1.071328e+01 -8.877280e-01  7.000000e+00
      vertex -1.961571e+00 -3.901806e-01  7.000000e+00
      vertex -2.000000e+00  2.449294e-16  7.000000e+00
    endloop
  endfacet
  facet normal  0.000000e+00  0.000000e+00  1.000000e+00
    outer loop
      vertex -1.071328e+01 -8.877280e-01  7.000000e+00
      vertex -2.000000e+00  2.449294e-16  7.000000e+00
      vertex -1.075000e+01  1.316495e-15  7.000000e+00
    endloop
  endfacet
  facet normal  0.000000e+00  0.000000e+00  9.999999e-01
    outer loop
      vertex  0.000000e+00 -1.075000e+01  7.000000e+00
      vertex  0.000000e+00 -2.000000e+00  7.000000e+00
      vertex -1.042105e+01 -2.638969e+00  7.000000e+00
    endloop
  endfacet
  facet normal  0.000000e+00  0.000000e+00  1.000000e+00
    outer loop
      vertex  0.000000e+00 -1.075000e+01  7.000000e+00
      vertex -1.042105e+01 -2.638969e+00  7.000000e+00
      vertex -1.016754e+01 -3.490519e+00  7.000000e+00
    endloop
  endfacet
  facet normal  0.000000e+00  0.000000e+00  1.000000e+00
    outer loop
      vertex  0.000000e+00 -1.075000e+01  7.000000e+00
      vertex -1.016754e+01 -3.490519e+00  7.000000e+00
      vertex -9.844563e+00 -4.318226e+00  7.000000e+00
    endloop
  endfacet
  facet normal  0.000000e+00  0.000000e+00  1.000000e+00
    outer loop
      vertex  0.000000e+00 -1.075000e+01  7.000000e+00
      vertex -9.844563e+00 -4.318226e+00  7.000000e+00
      vertex -9.454343e+00 -5.116435e+00  7.000000e+00
    endloop
  endfacet
  facet normal  0.000000e+00  0.000000e+00  1.000000e+00
    outer loop
      vertex  0.000000e+00 -1.075000e+01  7.000000e+00
      vertex -9.454343e+00 -5.116435e+00  7.000000e+00
      vertex -8.999539e+00 -5.879693e+00  7.000000e+00
    endloop
  endfacet
  facet normal  0.000000e+00  0.000000e+00  1.000000e+00
    outer loop
      vertex  0.000000e+00 -1.075000e+01  7.000000e+00
      vertex -8.999539e+00 -5.879693e+00  7.000000e+00
      vertex -8.483260e+00 -6.602787e+00  7.000000e+00
    endloop
  endfacet
  facet normal  0.000000e+00  0.000000e+00  9.999999e-01
    outer loop
      vertex  0.000000e+00 -1.075000e+01  7.000000e+00
      vertex -8.483260e+00 -6.602787e+00  7.000000e+00
      vertex -7.909032e+00 -7.280777e+00  7.000000e+00
    endloop
  endfacet
  facet normal  0.000000e+00  0.000000e+00  1.000000e+00
    outer loop
      vertex  0.000000e+00 -1.075000e+01  7.000000e+00
      vertex -7.909032e+00 -7.280777e+00  7.000000e+00
      vertex -7.280777e+00 -7.909032e+00  7.000000e+00
    endloop
  endfacet
  facet normal  0.000000e+00  0.000000e+00  9.999999e-01
    outer loop
      vertex  0.000000e+00 -1.075000e+01  7.000000e+00
      vertex -7.280777e+00 -7.909032e+00  7.000000e+00
      vertex -6.602787e+00 -8.483260e+00  7.000000e+00
    endloop
  endfacet
  facet normal  0.000000e+00  0.000000e+00  1.000000e+00
    outer loop
      vertex  0.000000e+00 -1.075000e+01  7.000000e+00
      vertex -6.602787e+00 -8.483260e+00  7.000000e+00
      vertex -5.879693e+00 -8.999539e+00  7.000000e+00
    endloop
  endfacet
  facet normal  0.000000e+00  0.000000e+00  9.999999e-01
    outer loop
      vertex  0.000000e+00 -1.075000e+01  7.000000e+00
      vertex -5.879693e+00 -8.999539e+00  7.000000e+00
      vertex -5.116435e+00 -9.454343e+00  7.000000e+00
    endloop
  endfacet
  facet normal  0.000000e+00  0.000000e+00  1.000000e+00
    outer loop
      vertex  0.000000e+00 -1.075000e+01  7.000000e+00
      vertex -5.116435e+00 -9.454343e+00  7.000000e+00
      vertex -4.318226e+00 -9.844563e+00  7.000000e+00
    endloop
  endfacet
  facet normal  0.000000e+00  0.000000e+00  9.999999e-01
    outer loop
      vertex  0.000000e+00 -1.075000e+01  7.000000e+00
      vertex -4.318226e+00 -9.844563e+00  7.000000e+00
      vertex -3.490519e+00 -1.016754e+01  7.000000e+00
    endloop
  endfacet
  facet normal  0.000000e+00  0.000000e+00  1.000000e+00
    outer loop
      vertex  0.000000e+00 -1.075000e+01  7.000000e+00
      vertex -3.490519e+00 -1.016754e+01  7.000000e+00
      vertex -2.638969e+00 -1.042105e+01  7.000000e+00
    endloop
  endfacet
  facet normal  0.000000e+00  0.000000e+00  1.000000e+00
    outer loop
      vertex  0.000000e+00 -1.075000e+01  7.000000e+00
      vertex -2.638969e+00 -1.042105e+01  7.000000e+00
      vertex -1.769392e+00 -1.060338e+01  7.000000e+00
    endloop
  endfacet
  facet normal  0.000000e+00  0.000000e+00  1.000000e+00
    outer loop
      vertex  0.000000e+00 -1.075000e+01  7.000000e+00
      vertex -1.769392e+00 -1.060338e+01  7.000000e+00
      vertex -8.877280e-01 -1.071328e+01  7.000000e+00
    endloop
  endfacet
  facet normal  0.000000e+00  0.000000e+00  9.999999e-01
    outer loop
      vertex -1.042105e+01 -2.638969e+00  7.000000e+00
      vertex  0.000000e+00 -2.000000e+00  7.000000e+00
      vertex -3.901806e-01 -1.961571e+00  7.000000e+00
    endloop
  endfacet
  facet normal  0.000000e+00  0.000000e+00  1.000000e+00
    outer loop
      vertex -1.042105e+01 -2.638969e+00  7.000000e+00
      vertex -3.901806e-01 -1.961571e+00  7.000000e+00
      vertex -7.653669e-01 -1.847759e+00  7.000000e+00
    endloop
  endfacet
  facet normal  0.000000e+00  0.000000e+00  1.000000e+00
    outer loop
      vertex -1.042105e+01 -2.638969e+00  7.000000e+00
      vertex -7.653669e-01 -1.847759e+00  7.000000e+00
      vertex -1.060338e+01 -1.769392e+00  7.000000e+00
    endloop
  endfacet
  facet normal  0.000000e+00  0.000000e+00  1.000000e+00
    outer loop
      vertex -1.075000e+01  1.316495e-15  7.000000e+00
      vertex -1.961571e+00  3.901806e-01  7.000000e+00
      vertex -1.071328e+01  8.877280e-01  7.000000e+00
    endloop
  endfacet
  facet normal  0.000000e+00  0.000000e+00  1.000000e+00
    outer loop
      vertex -1.071328e+01  8.877280e-01  7.000000e+00
      vertex -1.961571e+00  3.901806e-01  7.000000e+00
      vertex -1.847759e+00  7.653669e-01  7.000000e+00
    endloop
  endfacet
  facet normal  0.000000e+00  -0.000000e+00  1.000000e+00
    outer loop
      vertex -1.071328e+01  8.877280e-01  7.000000e+00
      vertex -1.847759e+00  7.653669e-01  7.000000e+00
      vertex -1.662939e+00  1.111140e+00  7.000000e+00
    endloop
  endfacet
  facet normal -9.991458e-01  4.132471e-02  0.000000e+00
    outer loop
      vertex -1.075000e+01  1.316495e-15  2.000000e+00
      vertex -1.075000e+01  1.316495e-15  7.000000e+00
      vertex -1.071328e+01  8.877280e-01  2.000000e+00
    endloop
  endfacet
  facet normal -9.991458e-01  4.132471e-02  0.000000e+00
    outer loop
      vertex -1.071328e+01  8.877280e-01  2.000000e+00
      vertex -1.075000e+01  1.316495e-15  7.000000e+00
      vertex -1.071328e+01  8.877280e-01  7.000000e+00
    endloop
  endfacet
  facet normal -9.923204e-01  1.236929e-01  0.000000e+00
    outer loop
      vertex -1.071328e+01  8.877280e-01  2.000000e+00
      vertex -1.071328e+01  8.877280e-01  7.000000e+00
      vertex -1.060338e+01  1.769392e+00  2.000000e+00
    endloop
  endfacet
  facet normal -9.923204e-01  1.236929e-01  0.000000e+00
    outer loop
      vertex -1.060338e+01  1.769392e+00  2.000000e+00
      vertex -1.071328e+01  8.877280e-01  7.000000e+00
      vertex -1.060338e+01  1.769392e+00  7.000000e+00
    endloop
  endfacet
  facet normal -9.787169e-01  2.052153e-01  0.000000e+00
    outer loop
      vertex -1.060338e+01  1.769392e+00  2.000000e+00
      vertex -1.060338e+01  1.769392e+00  7.000000e+00
      vertex -1.042105e+01  2.638969e+00  2.000000e+00
    endloop
  endfacet
  facet normal -9.787169e-01  2.052153e-01  0.000000e+00
    outer loop
      vertex -1.042105e+01  2.638969e+00  2.000000e+00
      vertex -1.060338e+01  1.769392e+00  7.000000e+00
      vertex -1.042105e+01  2.638969e+00  7.000000e+00
    endloop
  endfacet
  facet normal -9.584275e-01  2.853358e-01  0.000000e+00
    outer loop
      vertex -1.042105e+01  2.638969e+00  2.000000e+00
      vertex -1.042105e+01  2.638969e+00  7.000000e+00
      vertex -1.016754e+01  3.490519e+00  2.000000e+00
    endloop
  endfacet
  facet normal -9.584275e-01  2.853358e-01  0.000000e+00
    outer loop
      vertex -1.016754e+01  3.490519e+00  2.000000e+00
      vertex -1.042105e+01  2.638969e+00  7.000000e+00
      vertex -1.016754e+01  3.490519e+00  7.000000e+00
    endloop
  endfacet
  facet normal -9.315910e-01  3.635082e-01  0.000000e+00
    outer loop
      vertex -1.016754e+01  3.490519e+00  2.000000e+00
      vertex -1.016754e+01  3.490519e+00  7.000000e+00
      vertex -9.844563e+00  4.318226e+00  2.000000e+00
    endloop
  endfacet
  facet normal -9.315910e-01  3.635082e-01  0.000000e+00
    outer loop
      vertex -9.844563e+00  4.318226e+00  2.000000e+00
      vertex -1.016754e+01  3.490519e+00  7.000000e+00
      vertex -9.844563e+00  4.318226e+00  7.000000e+00
    endloop
  endfacet
  facet normal -8.983908e-01  4.391967e-01  0.000000e+00
    outer loop
      vertex -9.844563e+00  4.318226e+00  2.000000e+00
      vertex -9.844563e+00  4.318226e+00  7.000000e+00
      vertex -9.454343e+00  5.116435e+00  2.000000e+00
    endloop
  endfacet
  facet normal -8.983908e-01  4.391967e-01  0.000000e+00
    outer loop
      vertex -9.454343e+00  5.116435e+00  2.000000e+00
      vertex -9.844563e+00  4.318226e+00  7.000000e+00
      vertex -9.454343e+00  5.116435e+00  7.000000e+00
    endloop
  endfacet
  facet normal -8.590538e-01  5.118854e-01  0.000000e+00
    outer loop
      vertex -9.454343e+00  5.116435e+00  2.000000e+00
      vertex -9.454343e+00  5.116435e+00  7.000000e+00
      vertex -8.999539e+00  5.879693e+00  2.000000e+00
    endloop
  endfacet
  facet normal -8.590538e-01  5.118854e-01  0.000000e+00
    outer loop
      vertex -8.999539e+00  5.879693e+00  2.000000e+00
      vertex -9.454343e+00  5.116435e+00  7.000000e+00
      vertex -8.999539e+00  5.879693e+00  7.000000e+00
    endloop
  endfacet
  facet normal -8.138486e-01  5.810768e-01  0.000000e+00
    outer loop
      vertex -8.999539e+00  5.879693e+00  2.000000e+00
      vertex -8.999539e+00  5.879693e+00  7.000000e+00
      vertex -8.483260e+00  6.602787e+00  2.000000e+00
    endloop
  endfacet
  facet normal -8.138486e-01  5.810768e-01  0.000000e+00
    outer loop
      vertex -8.483260e+00  6.602787e+00  2.000000e+00
      vertex -8.999539e+00  5.879693e+00  7.000000e+00
      vertex -8.483260e+00  6.602787e+00  7.000000e+00
    endloop
  endfacet
  facet normal -7.630842e-01  6.462989e-01  0.000000e+00
    outer loop
      vertex -8.483260e+00  6.602787e+00  2.000000e+00
      vertex -8.483260e+00  6.602787e+00  7.000000e+00
      vertex -7.909032e+00  7.280777e+00  2.000000e+00
    endloop
  endfacet
  facet normal -7.630842e-01  6.462989e-01  0.000000e+00
    outer loop
      vertex -7.909032e+00  7.280777e+00  2.000000e+00
      vertex -8.483260e+00  6.602787e+00  7.000000e+00
      vertex -7.909032e+00  7.280777e+00  7.000000e+00
    endloop
  endfacet
  facet normal -7.071068e-01  7.071068e-01  0.000000e+00
    outer loop
      vertex -7.909032e+00  7.280777e+00  2.000000e+00
      vertex -7.909032e+00  7.280777e+00  7.000000e+00
      vertex -7.280777e+00  7.909032e+00  2.000000e+00
    endloop
  endfacet
  facet normal -7.071068e-01  7.071068e-01  0.000000e+00
    outer loop
      vertex -7.280777e+00  7.909032e+00  2.000000e+00
      vertex -7.909032e+00  7.280777e+00  7.000000e+00
      vertex -7.280777e+00  7.909032e+00  7.000000e+00
    endloop
  endfacet
  facet normal -6.462989e-01  7.630842e-01  0.000000e+00
    outer loop
      vertex -7.280777e+00  7.909032e+00  2.000000e+00
      vertex -7.280777e+00  7.909032e+00  7.000000e+00
      vertex -6.602787e+00  8.483260e+00  2.000000e+00
    endloop
  endfacet
  facet normal -6.462989e-01  7.630842e-01  0.000000e+00
    outer loop
      vertex -6.602787e+00  8.483260e+00  2.000000e+00
      vertex -7.280777e+00  7.909032e+00  7.000000e+00
      vertex -6.602787e+00  8.483260e+00  7.000000e+00
    endloop
  endfacet
  facet normal -5.810768e-01  8.138486e-01  0.000000e+00
    outer loop
      vertex -6.602787e+00  8.483260e+00  2.000000e+00
      vertex -6.602787e+00  8.483260e+00  7.000000e+00
      vertex -5.879693e+00  8.999539e+00  2.000000e+00
    endloop
  endfacet
  facet normal -5.810768e-01  8.138486e-01  0.000000e+00
    outer loop
      vertex -5.879693e+00  8.999539e+00  2.000000e+00
      vertex -6.602787e+00  8.483260e+00  7.000000e+00
      vertex -5.879693e+00  8.999539e+00  7.000000e+00
    endloop
  endfacet
  facet normal -5.118854e-01  8.590538e-01  0.000000e+00
    outer loop
      vertex -5.879693e+00  8.999539e+00  2.000000e+00
      vertex -5.879693e+00  8.999539e+00  7.000000e+00
      vertex -5.116435e+00  9.454343e+00  2.000000e+00
    endloop
  endfacet
  facet normal -5.118854e-01  8.590538e-01  0.000000e+00
    outer loop
      vertex -5.116435e+00  9.454343e+00  2.000000e+00
      vertex -5.879693e+00  8.999539e+00  7.000000e+00
      vertex -5.116435e+00  9.454343e+00  7.000000e+00
    endloop
  endfacet
  facet normal -4.391967e-01  8.983908e-01  0.000000e+00
    outer loop
      vertex -5.116435e+00  9.454343e+00  2.000000e+00
      vertex -5.116435e+00  9.454343e+00  7.000000e+00
      vertex -4.318226e+00  9.844563e+00  2.000000e+00
    endloop
  endfacet
  facet normal -4.391967e-01  8.983908e-01  0.000000e+00
    outer loop
      vertex -4.318226e+00  9.844563e+00  2.000000e+00
      vertex -5.116435e+00  9.454343e+00  7.000000e+00
      vertex -4.318226e+00  9.844563e+00  7.000000e+00
    endloop
  endfacet
  facet normal -3.635082e-01  9.315910e-01  0.000000e+00
    outer loop
      vertex -4.318226e+00  9.844563e+00  2.000000e+00
      vertex -4.318226e+00  9.844563e+00  7.000000e+00
      vertex -3.490519e+00  1.016754e+01  2.000000e+00
    endloop
  endfacet
  facet normal -3.635082e-01  9.315910e-01  0.000000e+00
    outer loop
      vertex -3.490519e+00  1.016754e+01  2.000000e+00
      vertex -4.318226e+00  9.844563e+00  7.000000e+00
      vertex -3.490519e+00  1.016754e+01  7.000000e+00
    endloop
  endfacet
  facet normal -2.853358e-01  9.584275e-01  0.000000e+00
    outer loop
      vertex -3.490519e+00  1.016754e+01  2.000000e+00
      vertex -3.490519e+00  1.016754e+01  7.000000e+00
      vertex -2.638969e+00  1.042105e+01  2.000000e+00
    endloop
  endfacet
  facet normal -2.853358e-01  9.584275e-01  0.000000e+00
    outer loop
      vertex -2.638969e+00  1.042105e+01  2.000000e+00
      vertex -3.490519e+00  1.016754e+01  7.000000e+00
      vertex -2.638969e+00  1.042105e+01  7.000000e+00
    endloop
  endfacet
  facet normal -2.052153e-01  9.787169e-01  0.000000e+00
    outer loop
      vertex -2.638969e+00  1.042105e+01  2.000000e+00
      vertex -2.638969e+00  1.042105e+01  7.000000e+00
      vertex -1.769392e+00  1.060338e+01  2.000000e+00
    endloop
  endfacet
  facet normal -2.052153e-01  9.787169e-01  0.000000e+00
    outer loop
      vertex -1.769392e+00  1.060338e+01  2.000000e+00
      vertex -2.638969e+00  1.042105e+01  7.000000e+00
      vertex -1.769392e+00  1.060338e+01  7.000000e+00
    endloop
  endfacet
  facet normal -1.236929e-01  9.923204e-01  0.000000e+00
    outer loop
      vertex -1.769392e+00  1.060338e+01  2.000000e+00
      vertex -1.769392e+00  1.060338e+01  7.000000e+00
      vertex -8.877280e-01  1.071328e+01  2.000000e+00
    endloop
  endfacet
  facet normal -1.236929e-01  9.923204e-01  0.000000e+00
    outer loop
      vertex -8.877280e-01  1.071328e+01  2.000000e+00
      vertex -1.769392e+00  1.060338e+01  7.000000e+00
      vertex -8.877280e-01  1.071328e+01  7.000000e+00
    endloop
  endfacet
  facet normal -4.132471e-02  9.991458e-01  0.000000e+00
    outer loop
      vertex -8.877280e-01  1.071328e+01  2.000000e+00
      vertex -8.877280e-01  1.071328e+01  7.000000e+00
      vertex  6.582477e-16  1.075000e+01  2.000000e+00
    endloop
  endfacet
  facet normal -4.132471e-02  9.991458e-01 -5.440379e-18
    outer loop
      vertex  6.582477e-16  1.075000e+01  2.000000e+00
      vertex -8.877280e-01  1.071328e+01  7.000000e+00
      vertex  0.000000e+00  1.075000e+01  7.000000e+00
    endloop
  endfacet
  facet normal -4.132471e-02 -9.991458e-01  1.632114e-17
    outer loop
      vertex -1.974743e-15 -1.075000e+01  2.000000e+00
      vertex  0.000000e+00 -1.075000e+01  7.000000e+00
      vertex -8.877280e-01 -1.071328e+01  2.000000e+00
    endloop
  endfacet
  facet normal -4.132471e-02 -9.991458e-01  0.000000e+00
    outer loop
      vertex -8.877280e-01 -1.071328e+01  2.000000e+00
      vertex  0.000000e+00 -1.075000e+01  7.000000e+00
      vertex -8.877280e-01 -1.071328e+01  7.000000e+00
    endloop
  endfacet
  facet normal -1.236929e-01 -9.923204e-01  -0.000000e+00
    outer loop
      vertex -8.877280e-01 -1.071328e+01  2.000000e+00
      vertex -8.877280e-01 -1.071328e+01  7.000000e+00
      vertex -1.769392e+00 -1.060338e+01  2.000000e+00
    endloop
  endfacet
  facet normal -1.236929e-01 -9.923204e-01  0.000000e+00
    outer loop
      vertex -1.769392e+00 -1.060338e+01  2.000000e+00
      vertex -8.877280e-01 -1.071328e+01  7.000000e+00
      vertex -1.769392e+00 -1.060338e+01  7.000000e+00
    endloop
  endfacet
  facet normal -2.052153e-01 -9.787169e-01  -0.000000e+00
    outer loop
      vertex -1.769392e+00 -1.060338e+01  2.000000e+00
      vertex -1.769392e+00 -1.060338e+01  7.000000e+00
      vertex -2.638969e+00 -1.042105e+01  2.000000e+00
    endloop
  endfacet
  facet normal -2.052153e-01 -9.787169e-01  0.000000e+00
    outer loop
      vertex -2.638969e+00 -1.042105e+01  2.000000e+00
      vertex -1.769392e+00 -1.060338e+01  7.000000e+00
      vertex -2.638969e+00 -1.042105e+01  7.000000e+00
    endloop
  endfacet
  facet normal -2.853358e-01 -9.584275e-01  -0.000000e+00
    outer loop
      vertex -2.638969e+00 -1.042105e+01  2.000000e+00
      vertex -2.638969e+00 -1.042105e+01  7.000000e+00
      vertex -3.490519e+00 -1.016754e+01  2.000000e+00
    endloop
  endfacet
  facet normal -2.853358e-01 -9.584275e-01  0.000000e+00
    outer loop
      vertex -3.490519e+00 -1.016754e+01  2.000000e+00
      vertex -2.638969e+00 -1.042105e+01  7.000000e+00
      vertex -3.490519e+00 -1.016754e+01  7.000000e+00
    endloop
  endfacet
  facet normal -3.635082e-01 -9.315910e-01  -0.000000e+00
    outer loop
      vertex -3.490519e+00 -1.016754e+01  2.000000e+00
      vertex -3.490519e+00 -1.016754e+01  7.000000e+00
      vertex -4.318226e+00 -9.844563e+00  2.000000e+00
    endloop
  endfacet
  facet normal -3.635082e-01 -9.315910e-01  0.000000e+00
    outer loop
      vertex -4.318226e+00 -9.844563e+00  2.000000e+00
      vertex -3.490519e+00 -1.016754e+01  7.000000e+00
      vertex -4.318226e+00 -9.844563e+00  7.000000e+00
    endloop
  endfacet
  facet normal -4.391967e-01 -8.983908e-01  -0.000000e+00
    outer loop
      vertex -4.318226e+00 -9.844563e+00  2.000000e+00
      vertex -4.318226e+00 -9.844563e+00  7.000000e+00
      vertex -5.116435e+00 -9.454343e+00  2.000000e+00
    endloop
  endfacet
  facet normal -4.391967e-01 -8.983908e-01  0.000000e+00
    outer loop
      vertex -5.116435e+00 -9.454343e+00  2.000000e+00
      vertex -4.318226e+00 -9.844563e+00  7.000000e+00
      vertex -5.116435e+00 -9.454343e+00  7.000000e+00
    endloop
  endfacet
  facet normal -5.118854e-01 -8.590538e-01  -0.000000e+00
    outer loop
      vertex -5.116435e+00 -9.454343e+00  2.000000e+00
      vertex -5.116435e+00 -9.454343e+00  7.000000e+00
      vertex -5.879693e+00 -8.999539e+00  2.000000e+00
    endloop
  endfacet
  facet normal -5.118854e-01 -8.590538e-01  0.000000e+00
    outer loop
      vertex -5.879693e+00 -8.999539e+00  2.000000e+00
      vertex -5.116435e+00 -9.454343e+00  7.000000e+00
      vertex -5.879693e+00 -8.999539e+00  7.000000e+00
    endloop
  endfacet
  facet normal -5.810768e-01 -8.138486e-01  -0.000000e+00
    outer loop
      vertex -5.879693e+00 -8.999539e+00  2.000000e+00
      vertex -5.879693e+00 -8.999539e+00  7.000000e+00
      vertex -6.602787e+00 -8.483260e+00  2.000000e+00
    endloop
  endfacet
  facet normal -5.810768e-01 -8.138486e-01  0.000000e+00
    outer loop
      vertex -6.602787e+00 -8.483260e+00  2.000000e+00
      vertex -5.879693e+00 -8.999539e+00  7.000000e+00
      vertex -6.602787e+00 -8.483260e+00  7.000000e+00
    endloop
  endfacet
  facet normal -6.462989e-01 -7.630842e-01  -0.000000e+00
    outer loop
      vertex -6.602787e+00 -8.483260e+00  2.000000e+00
      vertex -6.602787e+00 -8.483260e+00  7.000000e+00
      vertex -7.280777e+00 -7.909032e+00  2.000000e+00
    endloop
  endfacet
  facet normal -6.462989e-01 -7.630842e-01  0.000000e+00
    outer loop
      vertex -7.280777e+00 -7.909032e+00  2.000000e+00
      vertex -6.602787e+00 -8.483260e+00  7.000000e+00
      vertex -7.280777e+00 -7.909032e+00  7.000000e+00
    endloop
  endfacet
  facet normal -7.071068e-01 -7.071068e-01  -0.000000e+00
    outer loop
      vertex -7.280777e+00 -7.909032e+00  2.000000e+00
      vertex -7.280777e+00 -7.909032e+00  7.000000e+00
      vertex -7.909032e+00 -7.280777e+00  2.000000e+00
    endloop
  endfacet
  facet normal -7.071068e-01 -7.071068e-01  0.000000e+00
    outer loop
      vertex -7.909032e+00 -7.280777e+00  2.000000e+00
      vertex -7.280777e+00 -7.909032e+00  7.000000e+00
      vertex -7.909032e+00 -7.280777e+00  7.000000e+00
    endloop
  endfacet
  facet normal -7.630842e-01 -6.462989e-01  -0.000000e+00
    outer loop
      vertex -7.909032e+00 -7.280777e+00  2.000000e+00
      vertex -7.909032e+00 -7.280777e+00  7.000000e+00
      vertex -8.483260e+00 -6.602787e+00  2.000000e+00
    endloop
  endfacet
  facet normal -7.630842e-01 -6.462989e-01  0.000000e+00
    outer loop
      vertex -8.483260e+00 -6.602787e+00  2.000000e+00
      vertex -7.909032e+00 -7.280777e+00  7.000000e+00
      vertex -8.483260e+00 -6.602787e+00  7.000000e+00
    endloop
  endfacet
  facet normal -8.138486e-01 -5.810768e-01  -0.000000e+00
    outer loop
      vertex -8.483260e+00 -6.602787e+00  2.000000e+00
      vertex -8.483260e+00 -6.602787e+00  7.000000e+00
      vertex -8.999539e+00 -5.879693e+00  2.000000e+00
    endloop
  endfacet
  facet normal -8.138486e-01 -5.810768e-01  0.000000e+00
    outer loop
      vertex -8.999539e+00 -5.879693e+00  2.000000e+00
      vertex -8.483260e+00 -6.602787e+00  7.000000e+00
      vertex -8.999539e+00 -5.879693e+00  7.000000e+00
    endloop
  endfacet
  facet normal -8.590538e-01 -5.118854e-01  -0.000000e+00
    outer loop
      vertex -8.999539e+00 -5.879693e+00  2.000000e+00
      vertex -8.999539e+00 -5.879693e+00  7.000000e+00
      vertex -9.454343e+00 -5.116435e+00  2.000000e+00
    endloop
  endfacet
  facet normal -8.590538e-01 -5.118854e-01  0.000000e+00
    outer loop
      vertex -9.454343e+00 -5.116435e+00  2.000000e+00
      vertex -8.999539e+00 -5.879693e+00  7.000000e+00
      vertex -9.454343e+00 -5.116435e+00  7.000000e+00
    endloop
  endfacet
  facet normal -8.983908e-01 -4.391967e-01  -0.000000e+00
    outer loop
      vertex -9.454343e+00 -5.116435e+00  2.000000e+00
      vertex -9.454343e+00 -5.116435e+00  7.000000e+00
      vertex -9.844563e+00 -4.318226e+00  2.000000e+00
    endloop
  endfacet
  facet normal -8.983908e-01 -4.391967e-01  0.000000e+00
    outer loop
      vertex -9.844563e+00 -4.318226e+00  2.000000e+00
      vertex -9.454343e+00 -5.116435e+00  7.000000e+00
      vertex -9.844563e+00 -4.318226e+00  7.000000e+00
    endloop
  endfacet
  facet normal -9.315910e-01 -3.635082e-01  -0.000000e+00
    outer loop
      vertex -9.844563e+00 -4.318226e+00  2.000000e+00
      vertex -9.844563e+00 -4.318226e+00  7.000000e+00
      vertex -1.016754e+01 -3.490519e+00  2.000000e+00
    endloop
  endfacet
  facet normal -9.315910e-01 -3.635082e-01  0.000000e+00
    outer loop
      vertex -1.016754e+01 -3.490519e+00  2.000000e+00
      vertex -9.844563e+00 -4.318226e+00  7.000000e+00
      vertex -1.016754e+01 -3.490519e+00  7.000000e+00
    endloop
  endfacet
  facet normal -9.584275e-01 -2.853358e-01  -0.000000e+00
    outer loop
      vertex -1.016754e+01 -3.490519e+00  2.000000e+00
      vertex -1.016754e+01 -3.490519e+00  7.000000e+00
      vertex -1.042105e+01 -2.638969e+00  2.000000e+00
    endloop
  endfacet
  facet normal -9.584275e-01 -2.853358e-01  0.000000e+00
    outer loop
      vertex -1.042105e+01 -2.638969e+00  2.000000e+00
      vertex -1.016754e+01 -3.490519e+00  7.000000e+00
      vertex -1.042105e+01 -2.638969e+00  7.000000e+00
    endloop
  endfacet
  facet normal -9.787169e-01 -2.052153e-01  -0.000000e+00
    outer loop
      vertex -1.042105e+01 -2.638969e+00  2.000000e+00
      vertex -1.042105e+01 -2.638969e+00  7.000000e+00
      vertex -1.060338e+01 -1.769392e+00  2.000000e+00
    endloop
  endfacet
  facet normal -9.787169e-01 -2.052153e-01  0.000000e+00
    outer loop
      vertex -1.060338e+01 -1.769392e+00  2.000000e+00
      vertex -1.042105e+01 -2.638969e+00  7.000000e+00
      vertex -1.060338e+01 -1.769392e+00  7.000000e+00
    endloop
  endfacet
  facet normal -9.923204e-01 -1.236929e-01  -0.000000e+00
    outer loop
      vertex -1.060338e+01 -1.769392e+00  2.000000e+00
      vertex -1.060338e+01 -1.769392e+00  7.000000e+00
      vertex -1.071328e+01 -8.877280e-01  2.000000e+00
    endloop
  endfacet
  facet normal -9.923204e-01 -1.236929e-01  0.000000e+00
    outer loop
      vertex -1.071328e+01 -8.877280e-01  2.000000e+00
      vertex -1.060338e+01 -1.769392e+00  7.000000e+00
      vertex -1.071328e+01 -8.877280e-01  7.000000e+00
    endloop
  endfacet
  facet normal -9.991458e-01 -4.132471e-02  -0.000000e+00
    outer loop
      vertex -1.071328e+01 -8.877280e-01  2.000000e+00
      vertex -1.071328e+01 -8.877280e-01  7.000000e+00
      vertex -1.075000e+01  1.316495e-15  2.000000e+00
    endloop
  endfacet
  facet normal -9.991458e-01 -4.132471e-02  0.000000e+00
    outer loop
      vertex -1.075000e+01  1.316495e-15  2.000000e+00
      vertex -1.071328e+01 -8.877280e-01  7.000000e+00
      vertex -1.075000e+01  1.316495e-15  7.000000e+00
    endloop
  endfacet
endsolid CATIA STL
